# Blender v3.1.2 OBJ File: ''
# www.blender.org
mtllib BlackStoneGround.mtl
o Floor_Modular
v -0.250438 0.094798 -0.367485
v -0.269438 -0.094798 -0.348485
v -0.250438 -0.094798 -0.367485
v -0.269438 0.094798 -0.348485
v -0.973276 -0.105557 0.603391
v -0.997333 -0.094797 0.551544
v -0.954421 -0.105557 0.551544
v -0.997333 -0.094797 0.603391
v -0.267402 -0.105558 0.160507
v -0.248402 -0.094798 0.160507
v -0.256483 -0.094798 0.574888
v -0.275483 -0.105558 0.574888
v -0.973276 -0.105557 0.671358
v -0.997333 -0.094797 0.603391
v -0.973276 -0.105557 0.603391
v -0.997333 -0.094797 0.671358
v -0.256483 -0.094798 0.574888
v -0.267402 -0.105558 0.603391
v -0.275483 -0.105558 0.574888
v -0.248402 -0.094798 0.603391
v -0.267402 -0.105558 0.603391
v -0.606414 -0.105558 0.671358
v -0.275483 -0.105558 0.574888
v -0.267402 -0.105558 0.671358
v -0.712411 -0.105557 0.160507
v -0.954421 -0.105557 0.551544
v -0.700618 -0.105557 0.654298
v -0.973276 -0.105557 0.603391
v -0.757232 -0.105557 0.160507
v -0.973276 -0.105557 0.160507
v -0.973276 -0.105557 0.671358
v -0.267402 -0.105558 0.160507
v -0.606414 -0.094798 0.690358
v -0.700618 -0.094798 0.690100
v -0.606414 -0.105558 0.671358
v -0.700618 -0.105557 0.654298
v -0.267402 -0.094798 0.141508
v -0.712411 -0.105557 0.160507
v -0.712411 -0.094798 0.141508
v -0.267402 -0.105558 0.160507
v -0.700618 -0.094798 0.690100
v -0.973276 -0.105557 0.671358
v -0.700618 -0.105557 0.654298
v -0.973276 -0.094797 0.690358
v -0.712411 -0.094798 0.141508
v -0.757232 -0.105557 0.160507
v -0.757232 -0.094797 0.141508
v -0.712411 -0.105557 0.160507
v -0.757232 -0.094797 0.141508
v -0.973276 -0.105557 0.160507
v -0.973276 -0.094797 0.141508
v -0.757232 -0.105557 0.160507
v -0.267402 -0.094798 0.690358
v -0.606414 -0.094798 0.690358
v -0.267402 -0.105558 0.671358
v -0.606414 -0.105558 0.671358
v -0.248402 -0.094798 0.671358
v -0.267402 -0.105558 0.603391
v -0.248402 -0.094798 0.603391
v -0.267402 -0.105558 0.671358
v -0.973276 -0.105557 0.160507
v -0.997333 -0.094797 0.551544
v -0.997333 -0.094797 0.160507
v -0.954421 -0.105557 0.551544
v -0.267402 -0.094798 0.141508
v -0.248402 -0.094798 0.160507
v -0.267402 -0.105558 0.160507
v -0.267402 -0.094798 0.690358
v -0.267402 -0.105558 0.671358
v -0.248402 -0.094798 0.671358
v -0.973276 -0.105557 0.160507
v -0.997333 -0.094797 0.160507
v -0.973276 -0.094797 0.141508
v -0.973276 -0.094797 0.690358
v -0.997333 -0.094797 0.671358
v -0.973276 -0.105557 0.671358
v 1.007484 -0.094799 -0.860723
v 0.974339 -0.105559 -0.912570
v 1.007484 -0.094799 -0.912570
v 0.955483 -0.105559 -0.860723
v 0.443365 -0.105558 -0.469687
v 0.432446 -0.094798 -0.884068
v 0.451446 -0.105558 -0.884068
v 0.424365 -0.094798 -0.469687
v 1.007484 -0.094799 -0.980537
v 0.974339 -0.105559 -0.912570
v 0.974339 -0.105559 -0.980537
v 1.007484 -0.094799 -0.912570
v 0.443365 -0.105558 -0.912570
v 0.432446 -0.094798 -0.884068
v 0.424365 -0.094798 -0.912570
v 0.451446 -0.105558 -0.884068
v 0.443365 -0.105558 -0.912570
v 0.782377 -0.105558 -0.980537
v 0.451446 -0.105558 -0.884068
v 0.888374 -0.105558 -0.469687
v 0.443365 -0.105558 -0.469687
v 0.974339 -0.105559 -0.912570
v 0.876581 -0.105558 -0.963478
v 0.974339 -0.105559 -0.980537
v 0.955483 -0.105559 -0.860723
v 0.974339 -0.105558 -0.469687
v 0.933195 -0.105558 -0.469687
v 0.443365 -0.105558 -0.980537
v 0.933195 -0.094799 -0.450687
v 0.888374 -0.094799 -0.450687
v 0.933195 -0.105558 -0.469687
v 0.888374 -0.105558 -0.469687
v 1.007484 -0.094799 -0.860723
v 0.974339 -0.105558 -0.469687
v 0.955483 -0.105559 -0.860723
v 1.007484 -0.094799 -0.469687
v 0.974339 -0.094799 -0.450687
v 0.933195 -0.094799 -0.450687
v 0.974339 -0.105558 -0.469687
v 0.933195 -0.105558 -0.469687
v 0.443365 -0.105558 -0.912570
v 0.424365 -0.094798 -0.980537
v 0.443365 -0.105558 -0.980537
v 0.424365 -0.094798 -0.912570
v 0.443365 -0.094798 -0.450687
v 0.424365 -0.094798 -0.469687
v 0.443365 -0.105558 -0.469687
v 0.974339 -0.094799 -0.999972
v 1.007484 -0.094799 -0.980537
v 0.974339 -0.105559 -0.980537
v 0.443365 -0.094798 -0.999972
v 0.443365 -0.105558 -0.980537
v 0.424365 -0.094798 -0.980537
v 0.876581 -0.094799 -0.999972
v 0.782377 -0.105558 -0.980537
v 0.782377 -0.094799 -0.999972
v 0.876581 -0.105558 -0.963478
v 0.974339 -0.105558 -0.469687
v 1.007484 -0.094799 -0.469687
v 0.974339 -0.094799 -0.450687
v 0.888374 -0.094799 -0.450687
v 0.443365 -0.094798 -0.450687
v 0.888374 -0.105558 -0.469687
v 0.443365 -0.105558 -0.469687
v 0.876581 -0.094799 -0.999972
v 0.974339 -0.105559 -0.980537
v 0.876581 -0.105558 -0.963478
v 0.974339 -0.094799 -0.999972
v 0.443365 -0.094798 -0.999972
v 0.782377 -0.105558 -0.980537
v 0.443365 -0.105558 -0.980537
v 0.782377 -0.094799 -0.999972
v 0.989307 -0.103085 0.051119
v 0.921674 -0.092325 0.068410
v 0.921674 -0.103085 0.051605
v 0.989307 -0.092325 0.070119
v 0.945850 -0.092325 -0.455471
v 0.909713 -0.103085 -0.435775
v 0.909713 -0.092325 -0.454775
v 0.945850 -0.103085 -0.423923
v 0.921674 -0.103085 0.051605
v 0.867489 -0.092325 0.067681
v 0.867489 -0.103085 0.029570
v 0.921674 -0.092325 0.068410
v 0.945850 -0.103085 -0.423923
v 0.989307 -0.103085 0.051119
v 0.867489 -0.103085 0.029570
v 0.989307 -0.103085 -0.435775
v 0.441797 -0.103084 -0.435775
v 0.831352 -0.103085 0.051119
v 0.441797 -0.103084 0.051119
v 0.921674 -0.103085 0.051605
v 0.909713 -0.103085 -0.435775
v 0.909713 -0.103085 -0.435775
v 0.441797 -0.092324 -0.454775
v 0.909713 -0.092325 -0.454775
v 0.441797 -0.103084 -0.435775
v 0.867489 -0.092325 0.067681
v 0.831352 -0.092325 0.070119
v 0.831352 -0.103085 0.051119
v 0.867489 -0.103085 0.029570
v 0.989307 -0.103085 0.051119
v 0.989307 -0.103085 -0.435775
v 1.007484 -0.092325 -0.435775
v 1.007484 -0.092325 0.051119
v 0.441797 -0.103084 -0.435775
v 0.422797 -0.092325 0.051119
v 0.422797 -0.092324 -0.435775
v 0.441797 -0.103084 0.051119
v 0.831352 -0.092325 0.070119
v 0.441797 -0.103084 0.051119
v 0.831352 -0.103085 0.051119
v 0.441797 -0.092325 0.070119
v 0.989307 -0.103085 -0.435775
v 0.945850 -0.092325 -0.455471
v 0.989307 -0.092325 -0.454775
v 0.945850 -0.103085 -0.423923
v 1.007484 -0.092325 0.051119
v 0.989307 -0.092325 0.070119
v 0.989307 -0.103085 0.051119
v 0.989307 -0.092325 -0.454775
v 1.007484 -0.092325 -0.435775
v 0.989307 -0.103085 -0.435775
v 0.441797 -0.092325 0.070119
v 0.422797 -0.092325 0.051119
v 0.441797 -0.103084 0.051119
v 0.441797 -0.103084 -0.435775
v 0.422797 -0.092324 -0.435775
v 0.441797 -0.092324 -0.454775
v -0.269986 -0.093604 0.984310
v -0.879558 -0.082844 1.000606
v -0.879558 -0.093603 0.984310
v -0.269986 -0.082844 1.000606
v -0.879558 -0.093603 0.984310
v -0.932583 -0.082843 1.000606
v -0.932583 -0.093603 0.966297
v -0.879558 -0.082844 1.000606
v -0.250986 -0.082844 0.984310
v -0.269986 -0.094485 0.709718
v -0.250986 -0.083725 0.709718
v -0.269986 -0.093604 0.984310
v -0.979466 -0.094484 0.709718
v -0.997333 -0.083724 0.831878
v -0.997333 -0.083724 0.709718
v -0.979466 -0.094484 0.831878
v -0.979466 -0.094484 0.831878
v -0.997333 -0.083724 0.940360
v -0.997333 -0.083724 0.831878
v -0.966393 -0.094484 0.940360
v -0.269986 -0.094485 0.709718
v -0.979466 -0.083724 0.690718
v -0.269986 -0.083725 0.690718
v -0.979466 -0.094484 0.709718
v -0.997333 -0.083724 0.940360
v -0.966393 -0.094484 0.940360
v -0.979466 -0.093603 0.984310
v -0.997333 -0.082843 0.984310
v -0.269986 -0.082844 1.000606
v -0.269986 -0.093604 0.984310
v -0.250986 -0.082844 0.984310
v -0.997333 -0.082843 0.984310
v -0.979466 -0.093603 0.984310
v -0.979466 -0.082843 1.000606
v -0.250986 -0.083725 0.709718
v -0.269986 -0.094485 0.709718
v -0.269986 -0.083725 0.690718
v -0.979466 -0.094484 0.709718
v -0.997333 -0.083724 0.709718
v -0.979466 -0.083724 0.690718
v -0.979466 -0.093603 0.984310
v -0.966393 -0.094484 0.940360
v -0.932583 -0.093603 0.966297
v -0.979466 -0.094484 0.831878
v -0.879558 -0.093603 0.984310
v -0.979466 -0.094484 0.709718
v -0.269986 -0.094485 0.709718
v -0.269986 -0.093604 0.984310
v -0.979466 -0.093603 0.984310
v -0.932583 -0.082843 1.000606
v -0.979466 -0.082843 1.000606
v -0.932583 -0.093603 0.966297
v 0.427122 -0.093774 0.317555
v 0.457756 -0.104534 0.317555
v 0.446122 -0.104534 0.365993
v 0.427122 -0.093774 0.365993
v 1.007484 -0.093775 0.451409
v 0.975401 -0.104534 0.584240
v 0.956716 -0.104534 0.451409
v 1.007484 -0.093775 0.584240
v 0.446122 -0.104534 0.365993
v 0.956716 -0.104534 0.451409
v 0.446122 -0.104534 0.584240
v 0.457756 -0.104534 0.317555
v 0.975401 -0.104534 0.402971
v 0.975401 -0.104534 0.083098
v 0.446122 -0.104534 0.083098
v 0.975401 -0.104534 0.584240
v 0.446122 -0.104534 0.083098
v 0.427122 -0.093774 0.317555
v 0.427122 -0.093774 0.083098
v 0.457756 -0.104534 0.317555
v 1.007484 -0.093775 0.451409
v 0.975401 -0.104534 0.402971
v 1.007484 -0.093775 0.402971
v 0.956716 -0.104534 0.451409
v -0.977805 -0.105557 -0.700137
v -0.997333 -0.094798 -0.617153
v -0.997333 -0.094798 -0.700137
v -0.967923 -0.105557 -0.617153
v -0.144647 -0.093125 0.416211
v 0.414881 -0.103885 0.435211
v -0.144647 -0.103885 0.435211
v 0.414881 -0.093125 0.416211
v -0.230611 -0.103885 0.435211
v -0.253627 -0.093125 0.435211
v -0.230611 -0.093125 0.416211
v -0.555721 -0.117477 -0.330690
v -0.753691 -0.106717 -0.351669
v -0.555721 -0.106717 -0.352015
v -0.753691 -0.117476 -0.314656
v -0.163392 -0.114404 -0.133322
v -0.163392 -0.125164 -0.165365
v -0.143434 -0.125164 -0.150400
v -0.143434 -0.114404 -0.131400
v 0.014121 -0.114404 -0.417134
v 0.407769 -0.125164 -0.402082
v 0.014121 -0.125164 -0.393610
v 0.407769 -0.114404 -0.421082
v -0.062354 -0.125164 -0.402082
v -0.005837 -0.114404 -0.417134
v -0.020014 -0.125164 -0.377765
v -0.062354 -0.114404 -0.421082
v -0.238775 -0.114404 -0.131400
v -0.238775 -0.125164 -0.150400
v -0.219909 -0.125164 -0.150400
v -0.219909 -0.114404 -0.131400
v -0.005837 -0.114404 -0.417134
v 0.014121 -0.125164 -0.393610
v -0.020014 -0.125164 -0.377765
v 0.014121 -0.114404 -0.417134
v -0.219909 -0.125164 -0.150400
v -0.163392 -0.114404 -0.133322
v -0.219909 -0.114404 -0.131400
v -0.163392 -0.125164 -0.165365
v -0.981930 -0.105557 -0.367485
v -0.997333 -0.094798 -0.617153
v -0.967923 -0.105557 -0.617153
v -0.997333 -0.094798 -0.367485
v -0.247827 -0.094798 -0.617153
v -0.269438 -0.105558 -0.981519
v -0.250438 -0.094798 -0.981519
v -0.277669 -0.105558 -0.617153
v -0.239843 -0.092830 -0.791744
v -0.249890 -0.082070 -0.705776
v -0.258843 -0.082070 -0.791744
v -0.230890 -0.092830 -0.705776
v -0.239843 -0.092830 -0.983083
v -0.258843 -0.082070 -0.791744
v -0.258843 -0.082070 -0.983083
v -0.239843 -0.092830 -0.791744
v 0.430820 -0.082070 -0.801231
v 0.415412 -0.092830 -0.887199
v 0.434412 -0.082070 -0.887199
v 0.411820 -0.092830 -0.801231
v 0.430820 -0.082070 -0.801231
v 0.415412 -0.092830 -0.436509
v 0.411820 -0.092830 -0.801231
v 0.434412 -0.082070 -0.436509
v 0.415412 -0.092830 -0.887199
v -0.042224 -0.091551 -0.967472
v 0.415412 -0.092830 -0.983083
v -0.109649 -0.092830 -0.436509
v -0.239843 -0.092830 -0.436509
v -0.230890 -0.092830 -0.705776
v -0.090686 -0.093342 -0.987118
v -0.239843 -0.092830 -0.791744
v -0.239843 -0.092830 -0.983083
v -0.019356 -0.090876 -0.455874
v 0.411820 -0.092830 -0.801231
v 0.415412 -0.092830 -0.436509
v -0.030496 -0.082070 -0.417509
v -0.109649 -0.092830 -0.436509
v -0.019356 -0.090876 -0.455874
v -0.109649 -0.082070 -0.417509
v -0.090686 -0.093342 -0.987118
v -0.239843 -0.082070 -0.999972
v -0.085099 -0.082070 -0.999972
v -0.239843 -0.092830 -0.983083
v -0.042224 -0.091551 -0.967472
v -0.090686 -0.093342 -0.987118
v -0.055581 -0.082070 -0.999972
v -0.085099 -0.082070 -0.999972
v -0.019356 -0.090876 -0.455874
v 0.417449 -0.082070 -0.417509
v -0.030496 -0.082070 -0.417509
v 0.415412 -0.092830 -0.436509
v 0.427784 -0.094798 0.007156
v 0.410244 -0.105558 -0.044691
v 0.429244 -0.094798 -0.044691
v 0.391389 -0.105558 0.007156
v -0.244270 -0.105558 0.398192
v -0.255189 -0.094798 -0.016188
v -0.236189 -0.105558 -0.016188
v -0.263270 -0.094798 0.398192
v 0.429244 -0.094798 -0.044691
v 0.410244 -0.105558 -0.112658
v 0.429244 -0.094798 -0.112658
v 0.410244 -0.105558 -0.044691
v -0.244270 -0.105558 -0.044691
v -0.255189 -0.094798 -0.016188
v -0.263270 -0.094798 -0.044691
v -0.236189 -0.105558 -0.016188
v -0.244270 -0.105558 -0.044691
v 0.094742 -0.105558 -0.112658
v -0.236189 -0.105558 -0.016188
v 0.410244 -0.105558 -0.044691
v 0.188946 -0.105558 -0.095598
v 0.410244 -0.105558 -0.112658
v 0.391389 -0.105558 0.007156
v 0.200739 -0.105558 0.398192
v 0.410244 -0.105558 0.398192
v 0.245560 -0.105558 0.398192
v -0.244270 -0.105558 0.398192
v -0.244270 -0.105558 -0.112658
v 0.188946 -0.094798 -0.131400
v 0.094742 -0.105558 -0.112658
v 0.094742 -0.094798 -0.131658
v 0.188946 -0.105558 -0.095598
v 0.200739 -0.094798 0.417192
v -0.244270 -0.094798 0.417192
v 0.200739 -0.105558 0.398192
v -0.244270 -0.105558 0.398192
v 0.188946 -0.094798 -0.131400
v 0.410244 -0.105558 -0.112658
v 0.188946 -0.105558 -0.095598
v 0.410244 -0.094798 -0.131658
v 0.245560 -0.094798 0.417192
v 0.200739 -0.094798 0.417192
v 0.245560 -0.105558 0.398192
v 0.200739 -0.105558 0.398192
v -0.980827 -0.117476 -0.127125
v -0.997333 -0.106716 -0.060614
v -0.997333 -0.106716 -0.127125
v -0.960624 -0.117476 -0.060071
v -0.277478 -0.117477 -0.244567
v -0.555721 -0.117477 -0.330690
v -0.277478 -0.117477 -0.333362
v -0.813468 -0.117476 -0.333362
v -0.980827 -0.117476 -0.127125
v -0.980827 -0.117476 -0.333362
v -0.753691 -0.117476 -0.314656
v -0.960624 -0.117476 -0.060071
v -0.753691 -0.117476 0.127072
v -0.813468 -0.117476 0.105429
v -0.980827 -0.117476 0.127072
v -0.294717 -0.117477 -0.077310
v -0.277478 -0.117477 0.127072
v -0.254936 -0.106717 -0.077310
v -0.277478 -0.117477 0.127072
v -0.294717 -0.117477 -0.077310
v -0.254936 -0.106717 0.127072
v -0.980827 -0.117476 -0.333362
v -0.997333 -0.106716 -0.127125
v -0.997333 -0.106716 -0.333362
v -0.980827 -0.117476 -0.127125
v -0.254936 -0.106717 -0.077310
v -0.277478 -0.117477 -0.244567
v -0.254936 -0.106717 -0.244567
v -0.294717 -0.117477 -0.077310
v -0.753691 -0.117476 -0.314656
v -0.813468 -0.117476 -0.333362
v -0.753691 -0.106717 -0.351669
v -0.813468 -0.106716 -0.352362
v -0.753691 -0.117476 0.127072
v -0.813468 -0.106716 0.135551
v -0.813468 -0.117476 0.105429
v -0.753691 -0.106716 0.146072
v -0.813468 -0.117476 -0.333362
v -0.980827 -0.117476 -0.333362
v -0.813468 -0.106716 -0.352362
v -0.980827 -0.106716 -0.352362
v -0.230611 -0.093125 1.000606
v -0.253628 -0.093125 0.980603
v -0.230611 -0.103885 0.980603
v -0.189467 -0.093125 0.416211
v -0.144647 -0.103885 0.435211
v -0.189467 -0.103885 0.435211
v -0.144647 -0.093125 0.416211
v 0.414881 -0.103885 0.878094
v -0.038649 -0.103885 0.980603
v 0.406800 -0.103885 0.849592
v 0.414881 -0.103885 0.980603
v -0.144647 -0.103885 0.435211
v -0.211756 -0.103885 0.826247
v -0.132853 -0.103885 0.963543
v -0.230611 -0.103885 0.435211
v -0.189467 -0.103885 0.435211
v -0.230611 -0.103885 0.878094
v -0.230611 -0.103885 0.980603
v 0.414881 -0.103885 0.435211
v 0.414881 -0.103885 0.435211
v 0.433881 -0.093125 0.435211
v 0.425800 -0.093125 0.849592
v 0.406800 -0.103885 0.849592
v -0.230611 -0.103885 0.980603
v -0.253628 -0.093125 0.878094
v -0.230611 -0.103885 0.878094
v -0.253628 -0.093125 0.980603
v 0.449473 -0.101773 0.832588
v 0.432658 -0.094798 0.766410
v 0.468845 -0.101774 0.764890
v 0.429063 -0.094798 0.831779
v 1.007484 -0.094799 0.809059
v 0.990922 -0.101774 0.743716
v 1.007484 -0.094799 0.745964
v 0.972325 -0.101774 0.809059
v 1.007484 -0.094799 0.809059
v 0.990922 -0.101774 0.836463
v 0.972325 -0.101774 0.809059
v 1.007484 -0.094799 0.835520
v 1.007484 -0.094799 0.619030
v 0.990922 -0.101774 0.743716
v 0.990922 -0.101774 0.612938
v 1.007484 -0.094799 0.745964
v 0.449473 -0.101774 0.737486
v 0.432658 -0.094798 0.766410
v 0.429063 -0.094798 0.739948
v 0.468845 -0.101774 0.764890
v 0.449473 -0.101773 0.832588
v 0.429063 -0.094798 0.980066
v 0.429063 -0.094798 0.831779
v 0.449473 -0.101773 0.986158
v 0.903989 -0.094799 0.600030
v 0.792118 -0.101774 0.624096
v 0.786383 -0.094798 0.601408
v 0.913914 -0.101774 0.612938
v 0.786383 -0.094798 1.000606
v 0.449473 -0.101773 0.986158
v 0.792118 -0.101774 0.986158
v 0.448063 -0.094798 1.000606
v 0.990922 -0.101774 0.836463
v 0.990922 -0.101774 0.986158
v 0.913914 -0.101774 0.963522
v 0.990922 -0.101774 0.743716
v 0.913914 -0.101774 0.612938
v 0.990922 -0.101774 0.612938
v 0.792118 -0.101774 0.624096
v 0.449473 -0.101774 0.612938
v 0.468845 -0.101774 0.764890
v 0.449473 -0.101774 0.737486
v 0.972325 -0.101774 0.809059
v 0.792118 -0.101774 0.986158
v 0.449473 -0.101773 0.832588
v 0.449473 -0.101773 0.986158
v 0.978348 -0.094799 0.600030
v 0.913914 -0.101774 0.612938
v 0.903989 -0.094799 0.600030
v 0.990922 -0.101774 0.612938
v 0.903989 -0.094799 1.000606
v 0.792118 -0.101774 0.986158
v 0.913914 -0.101774 0.963522
v 0.786383 -0.094798 1.000606
v -0.238775 -0.125164 -0.150400
v -0.257775 -0.114404 -0.402082
v -0.238775 -0.125164 -0.402082
v -0.257775 -0.114404 -0.150400
v 0.426769 -0.114404 -0.150400
v 0.407769 -0.125164 -0.402082
v 0.426769 -0.114404 -0.402082
v 0.407769 -0.125164 -0.150400
v 0.407769 -0.114404 -0.131400
v -0.143434 -0.125164 -0.150400
v 0.407769 -0.125164 -0.150400
v -0.143434 -0.114404 -0.131400
v -0.062354 -0.114404 -0.421082
v -0.238775 -0.125164 -0.402082
v -0.238775 -0.114404 -0.421082
v -0.062354 -0.125164 -0.402082
v -0.277478 -0.117477 -0.333362
v -0.555721 -0.106717 -0.352015
v -0.277478 -0.106717 -0.352362
v -0.555721 -0.117477 -0.330690
v -0.980827 -0.117476 0.127072
v -0.813468 -0.106716 0.135551
v -0.980827 -0.106716 0.146072
v -0.813468 -0.117476 0.105429
v -0.254936 -0.106717 -0.244567
v -0.277478 -0.117477 -0.333362
v -0.254936 -0.106717 -0.333362
v -0.277478 -0.117477 -0.244567
v -0.997333 -0.106716 -0.060614
v -0.960624 -0.117476 -0.060071
v -0.980827 -0.117476 0.127072
v -0.997333 -0.106716 0.127615
v 0.434412 -0.082070 -0.887199
v 0.415412 -0.092830 -0.983083
v 0.434412 -0.082070 -0.983083
v 0.415412 -0.092830 -0.887199
v -0.249890 -0.082070 -0.705776
v -0.230890 -0.092830 -0.705776
v -0.239843 -0.092830 -0.436509
v -0.258843 -0.082070 -0.436509
v -0.109649 -0.092830 -0.436509
v -0.239843 -0.082070 -0.417509
v -0.239843 -0.092830 -0.436509
v -0.109649 -0.082070 -0.417509
v 0.415412 -0.092830 -0.983083
v -0.042224 -0.091551 -0.967472
v 0.415412 -0.082070 -0.999972
v -0.055581 -0.082070 -0.999972
v -0.981930 -0.094798 -0.999972
v -0.269438 -0.105558 -0.981519
v -0.981930 -0.105557 -0.981519
v -0.269438 -0.094798 -0.999972
v -0.269438 -0.094798 -0.348485
v -0.981930 -0.094798 -0.348485
v -0.269438 -0.105558 -0.367485
v -0.981930 -0.105557 -0.367485
v -0.247827 -0.094798 -0.617153
v -0.269438 -0.105558 -0.367485
v -0.277669 -0.105558 -0.617153
v -0.250438 -0.094798 -0.367485
v -0.981930 -0.105557 -0.981519
v -0.997333 -0.094798 -0.700137
v -0.997333 -0.094798 -0.981519
v -0.977805 -0.105557 -0.700137
v 0.410244 -0.094798 0.417192
v 0.245560 -0.094798 0.417192
v 0.410244 -0.105558 0.398192
v 0.245560 -0.105558 0.398192
v -0.244270 -0.094798 -0.131658
v 0.094742 -0.105558 -0.112658
v -0.244270 -0.105558 -0.112658
v 0.094742 -0.094798 -0.131658
v -0.244270 -0.105558 -0.112658
v -0.263270 -0.094798 -0.044691
v -0.263270 -0.094798 -0.112658
v -0.244270 -0.105558 -0.044691
v 0.427784 -0.094798 0.007156
v 0.410244 -0.105558 0.398192
v 0.391389 -0.105558 0.007156
v 0.429244 -0.094798 0.398192
v 0.975401 -0.104534 0.584240
v 0.446122 -0.093774 0.603240
v 0.446122 -0.104534 0.584240
v 0.975401 -0.093775 0.603240
v 0.975401 -0.104534 0.083098
v 0.446122 -0.104534 0.083098
v 0.975401 -0.093774 0.064098
v 0.446122 -0.093774 0.064098
v 1.007484 -0.093775 0.402971
v 0.975401 -0.104534 0.083098
v 1.007484 -0.093775 0.083098
v 0.975401 -0.104534 0.402971
v 0.446122 -0.104534 0.584240
v 0.427122 -0.093774 0.365993
v 0.446122 -0.104534 0.365993
v 0.427122 -0.093774 0.584240
v 0.978348 -0.094799 1.000606
v 0.913914 -0.101774 0.963522
v 0.990922 -0.101774 0.986158
v 0.903989 -0.094799 1.000606
v 0.786383 -0.094798 0.601408
v 0.449473 -0.101774 0.612938
v 0.448063 -0.094798 0.600030
v 0.792118 -0.101774 0.624096
v 0.449473 -0.101774 0.737486
v 0.429063 -0.094798 0.619030
v 0.449473 -0.101774 0.612938
v 0.429063 -0.094798 0.739948
v 1.007484 -0.094799 0.980066
v 0.990922 -0.101774 0.836463
v 1.007484 -0.094799 0.835520
v 0.990922 -0.101774 0.986158
v -0.230611 -0.093125 0.416211
v -0.189467 -0.103885 0.435211
v -0.230611 -0.103885 0.435211
v -0.189467 -0.093125 0.416211
v 0.414881 -0.093125 1.000606
v 0.414881 -0.103885 0.980603
v 0.433881 -0.093125 0.980603
v 0.414881 -0.093125 0.416211
v 0.433881 -0.093125 0.435211
v 0.414881 -0.103885 0.435211
v 0.414881 -0.093125 1.000606
v -0.038649 -0.093125 1.000606
v 0.414881 -0.103885 0.980603
v -0.038649 -0.103885 0.980603
v -0.257775 -0.114404 -0.150400
v -0.238775 -0.125164 -0.150400
v -0.238775 -0.114404 -0.131400
v -0.238775 -0.114404 -0.421082
v -0.238775 -0.125164 -0.402082
v -0.257775 -0.114404 -0.402082
v 0.407769 -0.114404 -0.131400
v 0.407769 -0.125164 -0.150400
v 0.426769 -0.114404 -0.150400
v 0.407769 -0.125164 -0.402082
v 0.407769 -0.114404 -0.421082
v 0.426769 -0.114404 -0.402082
v -0.277478 -0.117477 0.127072
v -0.254936 -0.106717 0.127072
v -0.277478 -0.106717 0.146072
v -0.997333 -0.106716 0.127615
v -0.980827 -0.117476 0.127072
v -0.980827 -0.106716 0.146072
v -0.254936 -0.106717 -0.333362
v -0.277478 -0.117477 -0.333362
v -0.277478 -0.106717 -0.352362
v -0.980827 -0.117476 -0.333362
v -0.997333 -0.106716 -0.333362
v -0.980827 -0.106716 -0.352362
v 0.434412 -0.082070 -0.436509
v 0.417449 -0.082070 -0.417509
v 0.415412 -0.092830 -0.436509
v -0.258843 -0.082070 -0.436509
v -0.239843 -0.092830 -0.436509
v -0.239843 -0.082070 -0.417509
v 0.415412 -0.092830 -0.983083
v 0.415412 -0.082070 -0.999972
v 0.434412 -0.082070 -0.983083
v -0.258843 -0.082070 -0.983083
v -0.239843 -0.082070 -0.999972
v -0.239843 -0.092830 -0.983083
v -0.269438 -0.094798 -0.999972
v -0.250438 -0.094798 -0.981519
v -0.269438 -0.105558 -0.981519
v -0.269438 -0.094798 -0.348485
v -0.269438 -0.105558 -0.367485
v -0.250438 -0.094798 -0.367485
v -0.981930 -0.105557 -0.981519
v -0.997333 -0.094798 -0.981519
v -0.981930 -0.094798 -0.999972
v -0.981930 -0.094798 -0.348485
v -0.997333 -0.094798 -0.367485
v -0.981930 -0.105557 -0.367485
v -0.244270 -0.094798 0.417192
v -0.263270 -0.094798 0.398192
v -0.244270 -0.105558 0.398192
v -0.244270 -0.094798 -0.131658
v -0.244270 -0.105558 -0.112658
v -0.263270 -0.094798 -0.112658
v 0.410244 -0.105558 0.398192
v 0.429244 -0.094798 0.398192
v 0.410244 -0.094798 0.417192
v 0.410244 -0.094798 -0.131658
v 0.429244 -0.094798 -0.112658
v 0.410244 -0.105558 -0.112658
v 0.975401 -0.093775 0.603240
v 0.975401 -0.104534 0.584240
v 1.007484 -0.093775 0.584240
v 0.427122 -0.093774 0.584240
v 0.446122 -0.104534 0.584240
v 0.446122 -0.093774 0.603240
v 1.007484 -0.093775 0.083098
v 0.975401 -0.104534 0.083098
v 0.975401 -0.093774 0.064098
v 0.446122 -0.104534 0.083098
v 0.427122 -0.093774 0.083098
v 0.446122 -0.093774 0.064098
v -0.230611 -0.103885 0.878094
v -0.252167 -0.093125 0.826247
v -0.211756 -0.103885 0.826247
v -0.253628 -0.093125 0.878094
v -0.132853 -0.093125 1.000606
v -0.230611 -0.103885 0.980603
v -0.132853 -0.103885 0.963543
v -0.230611 -0.093125 1.000606
v -0.038649 -0.093125 1.000606
v -0.132853 -0.093125 1.000606
v -0.038649 -0.103885 0.980603
v -0.132853 -0.103885 0.963543
v 0.448063 -0.094798 1.000606
v 0.429063 -0.094798 0.980066
v 0.449473 -0.101773 0.986158
v 0.448063 -0.094798 0.600030
v 0.449473 -0.101774 0.612938
v 0.429063 -0.094798 0.619030
v 0.990922 -0.101774 0.986158
v 1.007484 -0.094799 0.980066
v 0.978348 -0.094799 1.000606
v 0.978348 -0.094799 0.600030
v 1.007484 -0.094799 0.619030
v 0.990922 -0.101774 0.612938
v -0.230611 -0.103885 0.435211
v -0.252167 -0.093125 0.826247
v -0.253627 -0.093125 0.435211
v -0.211756 -0.103885 0.826247
v -0.062354 -0.125164 -0.402082
v -0.163392 -0.125164 -0.165365
v -0.238775 -0.125164 -0.402082
v -0.020014 -0.125164 -0.377765
v 0.407769 -0.125164 -0.150400
v 0.014121 -0.125164 -0.393610
v 0.407769 -0.125164 -0.402082
v -0.219909 -0.125164 -0.150400
v -0.238775 -0.125164 -0.150400
v -0.143434 -0.125164 -0.150400
v -0.277478 -0.117477 0.127072
v -0.753691 -0.106716 0.146072
v -0.753691 -0.117476 0.127072
v -0.277478 -0.106717 0.146072
v -0.269438 -0.105558 -0.981519
v -0.977805 -0.105557 -0.700137
v -0.981930 -0.105557 -0.981519
v -0.277669 -0.105558 -0.617153
v -0.967923 -0.105557 -0.617153
v -0.269438 -0.105558 -0.367485
v -0.981930 -0.105557 -0.367485
v 0.425800 -0.093125 0.849592
v 0.414881 -0.103885 0.878094
v 0.406800 -0.103885 0.849592
v 0.433881 -0.093125 0.878094
v 0.433881 -0.093125 0.980603
v 0.414881 -0.103885 0.878094
v 0.433881 -0.093125 0.878094
v 0.414881 -0.103885 0.980603
v -0.248402 0.094798 0.671358
v -0.248402 -0.094798 0.671358
v -0.248402 -0.094798 0.603391
v -0.248402 0.094798 0.603391
v -0.700618 0.094798 0.690100
v -0.700618 -0.094798 0.690100
v -0.606414 -0.094798 0.690358
v -0.606414 0.094798 0.690358
v -0.997333 -0.094797 0.603391
v -0.997333 0.094798 0.551544
v -0.997333 -0.094797 0.551544
v -0.997333 0.094798 0.603391
v -0.973276 0.105558 0.603391
v -0.997333 0.094798 0.551544
v -0.997333 0.094798 0.603391
v -0.954421 0.105558 0.551544
v -0.267402 0.105558 0.160507
v -0.275483 0.105558 0.574888
v -0.256483 0.094798 0.574888
v -0.248402 0.094798 0.160507
v -0.997333 -0.094797 0.671358
v -0.997333 0.094798 0.603391
v -0.997333 -0.094797 0.603391
v -0.997333 0.094798 0.671358
v -0.973276 0.105558 0.671358
v -0.997333 0.094798 0.603391
v -0.997333 0.094798 0.671358
v -0.973276 0.105558 0.603391
v -0.256483 0.094798 0.574888
v -0.267402 0.105558 0.603391
v -0.248402 0.094798 0.603391
v -0.275483 0.105558 0.574888
v -0.267402 0.105558 0.603391
v -0.606414 0.105558 0.671358
v -0.267402 0.105558 0.671358
v -0.712411 0.105558 0.160507
v -0.700618 0.105558 0.654298
v -0.275483 0.105558 0.574888
v -0.954421 0.105558 0.551544
v -0.757232 0.105558 0.160507
v -0.267402 0.105558 0.160507
v -0.973276 0.105558 0.603391
v -0.973276 0.105558 0.671358
v -0.973276 0.105558 0.160507
v -0.712411 0.094798 0.141508
v -0.267402 -0.094798 0.141508
v -0.712411 -0.094798 0.141508
v -0.267402 0.094798 0.141508
v -0.606414 0.105558 0.671358
v -0.700618 0.094798 0.690100
v -0.606414 0.094798 0.690358
v -0.700618 0.105558 0.654298
v -0.267402 0.094798 0.141508
v -0.712411 0.105558 0.160507
v -0.267402 0.105558 0.160507
v -0.712411 0.094798 0.141508
v -0.973276 0.094798 0.690358
v -0.973276 -0.094797 0.690358
v -0.700618 -0.094798 0.690100
v -0.700618 0.094798 0.690100
v -0.712411 -0.094798 0.141508
v -0.757232 0.094798 0.141508
v -0.712411 0.094798 0.141508
v -0.757232 -0.094797 0.141508
v -0.248402 0.094798 0.160507
v -0.248402 -0.094798 0.160507
v -0.267402 -0.094798 0.141508
v -0.267402 0.094798 0.141508
v -0.700618 0.094798 0.690100
v -0.973276 0.105558 0.671358
v -0.973276 0.094798 0.690358
v -0.700618 0.105558 0.654298
v -0.712411 0.094798 0.141508
v -0.757232 0.105558 0.160507
v -0.712411 0.105558 0.160507
v -0.757232 0.094798 0.141508
v -0.997333 0.094798 0.160507
v -0.973276 -0.094797 0.141508
v -0.997333 -0.094797 0.160507
v -0.973276 0.094798 0.141508
v -0.997333 0.094798 0.671358
v -0.997333 -0.094797 0.671358
v -0.973276 -0.094797 0.690358
v -0.973276 0.094798 0.690358
v -0.757232 -0.094797 0.141508
v -0.973276 0.094798 0.141508
v -0.757232 0.094798 0.141508
v -0.973276 -0.094797 0.141508
v -0.757232 0.094798 0.141508
v -0.973276 0.105558 0.160507
v -0.757232 0.105558 0.160507
v -0.973276 0.094798 0.141508
v -0.267402 0.105558 0.671358
v -0.606414 0.094798 0.690358
v -0.267402 0.094798 0.690358
v -0.606414 0.105558 0.671358
v -0.267402 0.105558 0.603391
v -0.267402 0.105558 0.671358
v -0.248402 0.094798 0.671358
v -0.248402 0.094798 0.603391
v -0.248402 0.094798 0.671358
v -0.267402 -0.094798 0.690358
v -0.248402 -0.094798 0.671358
v -0.267402 0.094798 0.690358
v -0.973276 0.105558 0.160507
v -0.997333 0.094798 0.551544
v -0.954421 0.105558 0.551544
v -0.997333 0.094798 0.160507
v -0.997333 -0.094797 0.551544
v -0.997333 0.094798 0.160507
v -0.997333 -0.094797 0.160507
v -0.997333 0.094798 0.551544
v -0.267402 0.094798 0.141508
v -0.267402 0.105558 0.160507
v -0.248402 0.094798 0.160507
v -0.267402 0.094798 0.690358
v -0.248402 0.094798 0.671358
v -0.267402 0.105558 0.671358
v -0.973276 0.105558 0.160507
v -0.973276 0.094798 0.141508
v -0.997333 0.094798 0.160507
v -0.973276 0.094798 0.690358
v -0.973276 0.105558 0.671358
v -0.997333 0.094798 0.671358
v -0.248402 0.094798 0.160507
v -0.256483 -0.094798 0.574888
v -0.248402 -0.094798 0.160507
v -0.256483 0.094798 0.574888
v -0.267402 0.094798 0.690358
v -0.606414 0.094798 0.690358
v -0.267402 -0.094798 0.690358
v -0.606414 -0.094798 0.690358
v 0.424365 0.094798 -0.980537
v 0.424365 -0.094798 -0.980537
v 0.424365 -0.094798 -0.912570
v 0.424365 0.094798 -0.912570
v 0.876581 -0.094799 -0.999972
v 0.782377 0.094798 -0.999972
v 0.876581 0.094798 -0.999972
v 0.782377 -0.094799 -0.999972
v 1.007484 -0.094799 -0.912570
v 1.007484 0.094798 -0.860723
v 1.007484 -0.094799 -0.860723
v 1.007484 0.094798 -0.912570
v 0.974339 0.105558 -0.912570
v 0.955484 0.105558 -0.860723
v 1.007484 0.094798 -0.860723
v 1.007484 0.094798 -0.912570
v 0.443365 0.105558 -0.469687
v 0.432446 0.094798 -0.884068
v 0.424365 0.094798 -0.469687
v 0.451446 0.105558 -0.884068
v 1.007484 -0.094799 -0.912570
v 1.007484 0.094798 -0.980537
v 1.007484 0.094798 -0.912570
v 1.007484 -0.094799 -0.980537
v 0.974339 0.105558 -0.912570
v 1.007484 0.094798 -0.980537
v 0.974339 0.105558 -0.980537
v 1.007484 0.094798 -0.912570
v 0.443365 0.105558 -0.912570
v 0.432446 0.094798 -0.884068
v 0.451446 0.105558 -0.884068
v 0.424365 0.094798 -0.912570
v 0.974339 0.105558 -0.980537
v 0.876581 0.105558 -0.963478
v 0.974339 0.105558 -0.912570
v 0.955484 0.105558 -0.860723
v 0.974339 0.105558 -0.469687
v 0.933195 0.105558 -0.469687
v 0.888375 0.105558 -0.469687
v 0.451446 0.105558 -0.884068
v 0.782377 0.105558 -0.980537
v 0.443365 0.105558 -0.469687
v 0.443365 0.105558 -0.912570
v 0.443365 0.105558 -0.980537
v 0.888375 0.094798 -0.450687
v 0.443365 0.094798 -0.450687
v 0.888374 -0.094799 -0.450687
v 0.443365 -0.094798 -0.450687
v 0.443365 0.094798 -0.999972
v 0.782377 -0.094799 -0.999972
v 0.443365 -0.094798 -0.999972
v 0.782377 0.094798 -0.999972
v -0.248402 -0.094798 0.603391
v -0.256483 0.094798 0.574888
v -0.248402 0.094798 0.603391
v -0.256483 -0.094798 0.574888
v 0.933195 0.105558 -0.469687
v 0.888375 0.094798 -0.450687
v 0.933195 0.094798 -0.450687
v 0.888375 0.105558 -0.469687
v 0.974339 0.105558 -0.469687
v 1.007484 0.094798 -0.860723
v 0.955484 0.105558 -0.860723
v 1.007484 0.094798 -0.469687
v 0.974339 0.105558 -0.469687
v 0.933195 0.094798 -0.450687
v 0.974339 0.094798 -0.450687
v 0.933195 0.105558 -0.469687
v 0.443365 0.105558 -0.912570
v 0.424365 0.094798 -0.980537
v 0.424365 0.094798 -0.912570
v 0.443365 0.105558 -0.980537
v 0.443365 0.094798 -0.450687
v 0.443365 0.105558 -0.469687
v 0.424365 0.094798 -0.469687
v 0.424365 0.094798 -0.469687
v 0.424365 -0.094798 -0.469687
v 0.443365 -0.094798 -0.450687
v 0.443365 0.094798 -0.450687
v 0.974339 0.094798 -0.999972
v 0.974339 0.105558 -0.980537
v 1.007484 0.094798 -0.980537
v 0.933195 0.094798 -0.450687
v 0.933195 -0.094799 -0.450687
v 0.974339 -0.094799 -0.450687
v 0.974339 0.094798 -0.450687
v 0.974339 -0.094799 -0.999972
v 0.876581 0.094798 -0.999972
v 0.974339 0.094798 -0.999972
v 0.876581 -0.094799 -0.999972
v 1.007484 -0.094799 -0.469687
v 1.007484 0.094798 -0.860723
v 1.007484 0.094798 -0.469687
v 1.007484 -0.094799 -0.860723
v 0.443365 0.094798 -0.999972
v 0.424365 0.094798 -0.980537
v 0.443365 0.105558 -0.980537
v 1.007484 -0.094799 -0.469687
v 0.974339 0.094798 -0.450687
v 0.974339 -0.094799 -0.450687
v 1.007484 0.094798 -0.469687
v 0.876581 0.094798 -0.999972
v 0.782377 0.105558 -0.980537
v 0.876581 0.105558 -0.963478
v 0.782377 0.094798 -0.999972
v 0.974339 0.105558 -0.469687
v 0.974339 0.094798 -0.450687
v 1.007484 0.094798 -0.469687
v 0.424365 0.094798 -0.980537
v 0.443365 -0.094798 -0.999972
v 0.424365 -0.094798 -0.980537
v 0.443365 0.094798 -0.999972
v 1.007484 -0.094799 -0.980537
v 0.974339 0.094798 -0.999972
v 1.007484 0.094798 -0.980537
v 0.974339 -0.094799 -0.999972
v 0.888375 0.105558 -0.469687
v 0.443365 0.094798 -0.450687
v 0.888375 0.094798 -0.450687
v 0.443365 0.105558 -0.469687
v 0.974339 0.105558 -0.980537
v 0.876581 0.094798 -0.999972
v 0.876581 0.105558 -0.963478
v 0.974339 0.094798 -0.999972
v 0.782377 0.105558 -0.980537
v 0.443365 0.094798 -0.999972
v 0.443365 0.105558 -0.980537
v 0.782377 0.094798 -0.999972
v 0.424365 0.094798 -0.469687
v 0.432446 0.094798 -0.884068
v 0.424365 -0.094798 -0.469687
v 0.432446 -0.094798 -0.884068
v 0.888375 0.094798 -0.450687
v 0.888374 -0.094799 -0.450687
v 0.933195 -0.094799 -0.450687
v 0.933195 0.094798 -0.450687
v 0.945850 -0.092325 -0.455471
v 0.909713 0.092324 -0.454775
v 0.945850 0.092324 -0.455471
v 0.909713 -0.092325 -0.454775
v 0.921675 0.092324 0.068410
v 0.989307 0.103084 0.051119
v 0.921675 0.103084 0.051605
v 0.989307 0.092324 0.070119
v 0.422797 -0.092325 0.051119
v 0.441797 0.092324 0.070119
v 0.422797 0.092324 0.051119
v 0.441797 -0.092325 0.070119
v 0.441797 0.092324 -0.454775
v 0.441797 -0.092324 -0.454775
v 0.422797 -0.092324 -0.435775
v 0.422797 0.092324 -0.435775
v 0.441797 0.092324 -0.454775
v 0.909713 -0.092325 -0.454775
v 0.441797 -0.092324 -0.454775
v 0.909713 0.092324 -0.454775
v 0.909713 0.103084 -0.435775
v 0.945850 0.092324 -0.455471
v 0.909713 0.092324 -0.454775
v 0.945850 0.103084 -0.423923
v 0.867489 0.092324 0.067681
v 0.921675 0.103084 0.051605
v 0.867489 0.103084 0.029570
v 0.921675 0.092324 0.068410
v 0.424365 0.094798 -0.912570
v 0.424365 -0.094798 -0.912570
v 0.432446 -0.094798 -0.884068
v 0.432446 0.094798 -0.884068
v 0.909713 0.103084 -0.435775
v 0.867489 0.103084 0.029570
v 0.945850 0.103084 -0.423923
v 0.831353 0.103084 0.051119
v 0.441797 0.103084 -0.435775
v 0.441797 0.103084 0.051119
v 0.989307 0.103084 0.051119
v 0.989307 0.103084 -0.435775
v 0.921675 0.103084 0.051605
v 0.831353 0.092324 0.070119
v 0.831352 -0.092325 0.070119
v 0.867489 -0.092325 0.067681
v 0.867489 0.092324 0.067681
v 0.989307 -0.092325 -0.454775
v 1.007484 0.092324 -0.435775
v 1.007484 -0.092325 -0.435775
v 0.989307 0.092324 -0.454775
v 0.909713 0.092324 -0.454775
v 0.441797 0.092324 -0.454775
v 0.909713 0.103084 -0.435775
v 0.441797 0.103084 -0.435775
v 0.867489 0.092324 0.067681
v 0.831353 0.103084 0.051119
v 0.831353 0.092324 0.070119
v 0.867489 0.103084 0.029570
v 1.007484 0.092324 -0.435775
v 0.989307 0.103084 0.051119
v 1.007484 0.092324 0.051119
v 0.989307 0.103084 -0.435775
v 0.441797 0.103084 -0.435775
v 0.422797 0.092324 0.051119
v 0.441797 0.103084 0.051119
v 0.422797 0.092324 -0.435775
v 0.831353 0.092324 0.070119
v 0.441797 0.103084 0.051119
v 0.441797 0.092324 0.070119
v 0.831353 0.103084 0.051119
v 0.989307 -0.092325 0.070119
v 1.007484 0.092324 0.051119
v 0.989307 0.092324 0.070119
v 1.007484 -0.092325 0.051119
v 0.989307 0.092324 -0.454775
v 0.945850 0.092324 -0.455471
v 0.989307 0.103084 -0.435775
v 0.945850 0.103084 -0.423923
v 0.422797 0.092324 0.051119
v 0.422797 0.092324 -0.435775
v 0.422797 -0.092325 0.051119
v 0.422797 -0.092324 -0.435775
v 0.831353 0.092324 0.070119
v 0.441797 0.092324 0.070119
v 0.831352 -0.092325 0.070119
v 0.441797 -0.092325 0.070119
v 1.007484 0.092324 0.051119
v 0.989307 0.103084 0.051119
v 0.989307 0.092324 0.070119
v 0.989307 0.092324 -0.454775
v 0.989307 0.103084 -0.435775
v 1.007484 0.092324 -0.435775
v 0.441797 0.092324 0.070119
v 0.441797 0.103084 0.051119
v 0.422797 0.092324 0.051119
v 0.441797 0.103084 -0.435775
v 0.441797 0.092324 -0.454775
v 0.422797 0.092324 -0.435775
v 1.007484 0.092324 -0.435775
v 1.007484 -0.092325 0.051119
v 1.007484 -0.092325 -0.435775
v 1.007484 0.092324 0.051119
v 0.989307 -0.092325 -0.454775
v 0.945850 0.092324 -0.455471
v 0.989307 0.092324 -0.454775
v 0.945850 -0.092325 -0.455471
v 0.867489 0.092324 0.067681
v 0.867489 -0.092325 0.067681
v 0.921674 -0.092325 0.068410
v 0.921675 0.092324 0.068410
v -0.979466 -0.082843 1.000606
v -0.932583 0.082844 1.000606
v -0.979466 0.082844 1.000606
v -0.269986 0.082844 1.000606
v -0.879558 0.093604 0.984310
v -0.879558 0.082844 1.000606
v -0.269986 0.093604 0.984310
v -0.879558 0.093604 0.984310
v -0.932583 0.082844 1.000606
v -0.879558 0.082844 1.000606
v -0.932583 0.093604 0.966297
v 0.921675 0.092324 0.068410
v 0.921674 -0.092325 0.068410
v 0.989307 -0.092325 0.070119
v 0.989307 0.092324 0.070119
v -0.932583 -0.082843 1.000606
v -0.879558 0.082844 1.000606
v -0.879558 -0.082844 1.000606
v -0.250986 -0.082844 0.984310
v -0.250986 0.083725 0.709718
v -0.250986 0.082844 0.984310
v -0.250986 -0.083725 0.709718
v -0.269986 -0.083725 0.690718
v -0.250986 0.083725 0.709718
v -0.250986 -0.083725 0.709718
v -0.269986 0.083725 0.690718
v -0.997333 0.083725 0.831878
v -0.997333 -0.083724 0.831878
v -0.997333 -0.083724 0.940360
v -0.997333 0.083725 0.940360
v -0.250986 0.082844 0.984310
v -0.269986 0.094485 0.709718
v -0.269986 0.093604 0.984310
v -0.250986 0.083725 0.709718
v -0.997333 0.083725 0.831878
v -0.979466 0.094485 0.709718
v -0.997333 0.083725 0.709718
v -0.979466 0.094485 0.831878
v -0.997333 0.083725 0.940360
v -0.979466 0.094485 0.831878
v -0.997333 0.083725 0.831878
v -0.966393 0.094485 0.940360
v -0.997333 0.083725 0.940360
v -0.997333 -0.083724 0.940360
v -0.997333 -0.082843 0.984310
v -0.997333 0.082844 0.984310
v -0.979466 0.082844 1.000606
v -0.997333 -0.082843 0.984310
v -0.979466 -0.082843 1.000606
v -0.997333 0.082844 0.984310
v -0.269986 0.083725 0.690718
v -0.979466 0.094485 0.709718
v -0.269986 0.094485 0.709718
v -0.979466 0.083725 0.690718
v -0.979466 0.083725 0.690718
v -0.979466 -0.083724 0.690718
v -0.997333 -0.083724 0.709718
v -0.997333 0.083725 0.709718
v -0.269986 -0.082844 1.000606
v -0.250986 0.082844 0.984310
v -0.269986 0.082844 1.000606
v -0.250986 -0.082844 0.984310
v -0.997333 0.083725 0.940360
v -0.997333 0.082844 0.984310
v -0.979466 0.093604 0.984310
v -0.966393 0.094485 0.940360
v -0.979466 0.083725 0.690718
v -0.269986 0.083725 0.690718
v -0.979466 -0.083724 0.690718
v -0.269986 -0.083725 0.690718
v -0.879558 -0.082844 1.000606
v -0.269986 0.082844 1.000606
v -0.879558 0.082844 1.000606
v -0.269986 -0.082844 1.000606
v -0.269986 0.082844 1.000606
v -0.250986 0.082844 0.984310
v -0.269986 0.093604 0.984310
v -0.997333 0.082844 0.984310
v -0.979466 0.082844 1.000606
v -0.979466 0.093604 0.984310
v -0.250986 0.083725 0.709718
v -0.269986 0.083725 0.690718
v -0.269986 0.094485 0.709718
v -0.979466 0.094485 0.709718
v -0.979466 0.083725 0.690718
v -0.997333 0.083725 0.709718
v -0.979466 0.093604 0.984310
v -0.932583 0.093604 0.966297
v -0.966393 0.094485 0.940360
v -0.979466 0.094485 0.831878
v -0.879558 0.093604 0.984310
v -0.979466 0.094485 0.709718
v -0.269986 0.094485 0.709718
v -0.269986 0.093604 0.984310
v -0.932583 0.082844 1.000606
v -0.979466 0.093604 0.984310
v -0.979466 0.082844 1.000606
v -0.932583 0.093604 0.966297
v 1.007484 -0.093775 0.451409
v 1.007484 0.093774 0.402971
v 1.007484 0.093774 0.451409
v 1.007484 -0.093775 0.402971
v 0.427122 0.093774 0.317555
v 0.427122 0.093774 0.365993
v 0.446122 0.104534 0.365993
v 0.457756 0.104534 0.317555
v 0.975401 0.104534 0.584240
v 1.007484 0.093774 0.451409
v 0.956716 0.104534 0.451409
v 1.007484 0.093774 0.584240
v 0.427122 0.093774 0.083098
v 0.427122 -0.093774 0.083098
v 0.427122 -0.093774 0.317555
v 0.427122 0.093774 0.317555
v 0.433881 0.093125 0.435211
v 0.425800 -0.093125 0.849592
v 0.433881 -0.093125 0.435211
v 0.425800 0.093125 0.849592
v 0.427122 0.093774 0.365993
v 0.427122 -0.093774 0.365993
v 0.427122 -0.093774 0.584240
v 0.427122 0.093774 0.584240
v 0.446122 0.104534 0.584240
v 0.975401 0.104534 0.584240
v 0.956716 0.104534 0.451409
v 0.446122 0.104534 0.365993
v 0.457756 0.104534 0.317555
v 0.975401 0.104534 0.402971
v 0.975401 0.104534 0.083098
v 0.446122 0.104534 0.083098
v 0.427122 0.093774 0.317555
v 0.446122 0.104534 0.083098
v 0.427122 0.093774 0.083098
v 0.457756 0.104534 0.317555
v 1.007484 0.093774 0.451409
v 0.975401 0.104534 0.402971
v 0.956716 0.104534 0.451409
v 1.007484 0.093774 0.402971
v -0.977804 0.105558 -0.700137
v -0.997333 0.094798 -0.617153
v -0.967923 0.105558 -0.617153
v -0.997333 0.094798 -0.700137
v -0.981929 0.094798 -0.999972
v -0.269438 -0.094798 -0.999972
v -0.981930 -0.094798 -0.999972
v -0.269438 0.094798 -0.999972
v -0.250438 -0.094798 -0.367485
v -0.247827 0.094798 -0.617153
v -0.250438 0.094798 -0.367485
v -0.247827 -0.094798 -0.617153
v 0.434412 -0.082070 -0.887199
v 0.434412 0.082069 -0.983083
v 0.434412 0.082069 -0.887199
v 0.434412 -0.082070 -0.983083
v -0.250438 0.094798 -0.981519
v -0.250438 -0.094798 -0.981519
v -0.269438 -0.094798 -0.999972
v -0.269438 0.094798 -0.999972
v -0.239843 0.082069 -0.999972
v -0.239843 -0.082070 -0.999972
v -0.258843 -0.082070 -0.983083
v -0.258843 0.082069 -0.983083
v 0.415412 -0.082070 -0.999972
v 0.434412 0.082069 -0.983083
v 0.434412 -0.082070 -0.983083
v 0.415412 0.082069 -0.999972
v -0.997333 -0.094798 -0.367485
v -0.981930 0.094798 -0.348485
v -0.997333 0.094798 -0.367485
v -0.981930 -0.094798 -0.348485
v 0.417449 -0.082070 -0.417509
v 0.434412 0.082070 -0.436509
v 0.417449 0.082070 -0.417509
v 0.434412 -0.082070 -0.436509
v 1.007484 -0.093775 0.402971
v 1.007484 0.093774 0.083098
v 1.007484 0.093774 0.402971
v 1.007484 -0.093775 0.083098
v -0.239843 0.082070 -0.417509
v -0.239843 -0.082070 -0.417509
v -0.109649 -0.082070 -0.417509
v -0.109649 0.082070 -0.417509
v -0.263270 0.094798 -0.112658
v -0.263270 -0.094798 -0.112658
v -0.263270 -0.094798 -0.044691
v -0.263270 0.094798 -0.044691
v -0.997333 0.106717 -0.060614
v -0.997333 -0.106716 -0.060614
v -0.997333 -0.106716 0.127615
v -0.997333 0.106717 0.127615
v 0.188946 0.094798 -0.131400
v 0.188946 -0.094798 -0.131400
v 0.094742 -0.094798 -0.131658
v 0.094742 0.094798 -0.131658
v -0.555721 -0.106717 -0.352015
v -0.753691 0.106717 -0.351669
v -0.555721 0.106717 -0.352015
v -0.753691 -0.106717 -0.351669
v 0.414881 0.103885 0.435211
v -0.144647 0.093125 0.416211
v -0.144647 0.103885 0.435211
v 0.414881 0.093125 0.416211
v -0.230611 0.093125 1.000606
v -0.230611 -0.093125 1.000606
v -0.132853 -0.093125 1.000606
v -0.132853 0.093125 1.000606
v -0.230611 0.103885 0.435211
v -0.230611 0.093125 0.416211
v -0.253627 0.093125 0.435211
v 1.007484 0.093774 0.584240
v 1.007484 -0.093775 0.584240
v 1.007484 -0.093775 0.451409
v 1.007484 0.093774 0.451409
v 0.446122 0.093774 0.064098
v 0.446122 -0.093774 0.064098
v 0.427122 -0.093774 0.083098
v 0.427122 0.093774 0.083098
v 0.975401 0.093774 0.064098
v 1.007484 -0.093775 0.083098
v 0.975401 -0.093774 0.064098
v 1.007484 0.093774 0.083098
v 0.426769 0.114404 -0.150400
v 0.407769 -0.114404 -0.131400
v 0.426769 -0.114404 -0.150400
v 0.407769 0.114404 -0.131400
v 0.426769 0.114404 -0.402082
v 0.426769 -0.114404 -0.402082
v 0.407769 -0.114404 -0.421082
v 0.407769 0.114404 -0.421082
v 0.903989 0.094798 1.000606
v 0.903989 -0.094799 1.000606
v 0.978348 -0.094799 1.000606
v 0.978348 0.094798 1.000606
v 1.007484 -0.094799 0.619030
v 0.978348 0.094798 0.600030
v 1.007484 0.094798 0.619030
v 0.978348 -0.094799 0.600030
v 1.007484 -0.094799 0.980066
v 0.978348 0.094798 1.000606
v 0.978348 -0.094799 1.000606
v 1.007484 0.094798 0.980066
v 0.903989 -0.094799 0.600030
v 0.786383 0.094798 0.601408
v 0.903989 0.094798 0.600030
v 0.786383 -0.094798 0.601408
v 1.007484 -0.094799 0.619030
v 1.007484 0.094798 0.745964
v 1.007484 -0.094799 0.745964
v 0.429063 0.094798 0.739948
v 0.429063 -0.094798 0.739948
v 0.432658 -0.094798 0.766410
v 0.432658 0.094798 0.766410
v -0.555721 0.117477 -0.330690
v -0.753691 0.106717 -0.351669
v -0.753691 0.117477 -0.314656
v -0.555721 0.106717 -0.352015
v -0.997333 0.106717 -0.127125
v -0.997333 -0.106716 -0.127125
v -0.997333 -0.106716 -0.060614
v -0.997333 0.106717 -0.060614
v 0.407769 0.114404 -0.421082
v 0.407769 -0.114404 -0.421082
v 0.014121 -0.114404 -0.417134
v 0.014121 0.114404 -0.417134
v -0.143434 0.125164 -0.150400
v -0.163392 0.114404 -0.133322
v -0.143434 0.114404 -0.131400
v -0.163392 0.125164 -0.165365
v 0.407769 0.125164 -0.402082
v 0.014121 0.114404 -0.417134
v 0.014121 0.125164 -0.393610
v 0.407769 0.114404 -0.421082
v -0.005837 0.114404 -0.417134
v -0.005837 -0.114404 -0.417134
v -0.062354 -0.114404 -0.421082
v -0.062354 0.114404 -0.421082
v -0.238775 0.114404 -0.131400
v -0.238775 -0.114404 -0.131400
v -0.219909 -0.114404 -0.131400
v -0.219909 0.114404 -0.131400
v -0.005837 0.114404 -0.417134
v -0.062354 0.114404 -0.421082
v -0.062354 0.125164 -0.402082
v -0.020014 0.125164 -0.377765
v -0.219909 0.125164 -0.150400
v -0.238775 0.114404 -0.131400
v -0.219909 0.114404 -0.131400
v -0.238775 0.125164 -0.150400
v 0.014121 0.114404 -0.417134
v 0.014121 -0.114404 -0.417134
v -0.005837 -0.114404 -0.417134
v -0.005837 0.114404 -0.417134
v -0.219909 -0.114404 -0.131400
v -0.163392 0.114404 -0.133322
v -0.219909 0.114404 -0.131400
v -0.163392 -0.114404 -0.133322
v -0.257775 -0.114404 -0.402082
v -0.238775 0.114404 -0.421082
v -0.238775 -0.114404 -0.421082
v -0.257775 0.114404 -0.402082
v 0.014121 0.125164 -0.393610
v -0.005837 0.114404 -0.417134
v -0.020014 0.125164 -0.377765
v 0.014121 0.114404 -0.417134
v -0.163392 0.114404 -0.133322
v -0.219909 0.125164 -0.150400
v -0.219909 0.114404 -0.131400
v -0.163392 0.125164 -0.165365
v -0.263270 -0.094798 -0.044691
v -0.255189 0.094798 -0.016188
v -0.263270 0.094798 -0.044691
v -0.255189 -0.094798 -0.016188
v -0.981930 0.105558 -0.367485
v -0.997333 0.094798 -0.617153
v -0.997333 0.094798 -0.367485
v -0.967923 0.105558 -0.617153
v -0.269438 0.105558 -0.981519
v -0.277669 0.105558 -0.617153
v -0.247827 0.094798 -0.617153
v -0.250438 0.094798 -0.981519
v -0.258843 0.082069 -0.983083
v -0.258843 -0.082070 -0.983083
v -0.258843 -0.082070 -0.791744
v -0.258843 0.082070 -0.791744
v 0.430820 0.082069 -0.801231
v 0.430820 -0.082070 -0.801231
v 0.434412 -0.082070 -0.887199
v 0.434412 0.082069 -0.887199
v 0.430820 0.082069 -0.801231
v 0.434412 -0.082070 -0.436509
v 0.430820 -0.082070 -0.801231
v 0.434412 0.082070 -0.436509
v -0.085099 -0.082070 -0.999972
v -0.239843 0.082069 -0.999972
v -0.085099 0.082069 -0.999972
v -0.239843 -0.082070 -0.999972
v -0.249890 0.082070 -0.705776
v -0.239843 0.092829 -0.791744
v -0.258843 0.082070 -0.791744
v -0.230890 0.092829 -0.705776
v -0.258843 0.082070 -0.791744
v -0.239843 0.092829 -0.983083
v -0.258843 0.082069 -0.983083
v -0.239843 0.092829 -0.791744
v 0.430820 0.082069 -0.801231
v 0.415412 0.092829 -0.887199
v 0.411820 0.092829 -0.801231
v 0.434412 0.082069 -0.887199
v 0.415412 0.092830 -0.436509
v 0.430820 0.082069 -0.801231
v 0.411820 0.092829 -0.801231
v 0.434412 0.082070 -0.436509
v -0.109649 0.092830 -0.436509
v -0.230890 0.092829 -0.705776
v -0.239843 0.092830 -0.436509
v -0.090686 0.093342 -0.987118
v -0.239843 0.092829 -0.791744
v -0.042224 0.091550 -0.967472
v 0.415412 0.092829 -0.983083
v 0.415412 0.092829 -0.887199
v 0.411820 0.092829 -0.801231
v -0.239843 0.092829 -0.983083
v -0.019356 0.090876 -0.455874
v 0.415412 0.092830 -0.436509
v -0.030496 0.082070 -0.417509
v -0.109649 0.092830 -0.436509
v -0.109649 0.082070 -0.417509
v -0.019356 0.090876 -0.455874
v -0.090686 0.093342 -0.987118
v -0.239843 0.082069 -0.999972
v -0.239843 0.092829 -0.983083
v -0.085099 0.082069 -0.999972
v -0.109649 -0.082070 -0.417509
v -0.030496 0.082070 -0.417509
v -0.109649 0.082070 -0.417509
v -0.030496 -0.082070 -0.417509
v -0.085099 -0.082070 -0.999972
v -0.055581 0.082069 -0.999972
v -0.055581 -0.082070 -0.999972
v -0.085099 0.082069 -0.999972
v -0.090686 0.093342 -0.987118
v -0.055581 0.082069 -0.999972
v -0.085099 0.082069 -0.999972
v -0.042224 0.091550 -0.967472
v 0.417449 0.082070 -0.417509
v -0.019356 0.090876 -0.455874
v -0.030496 0.082070 -0.417509
v 0.415412 0.092830 -0.436509
v -0.189467 0.093125 0.416211
v -0.189467 -0.093125 0.416211
v -0.230611 -0.093125 0.416211
v -0.230611 0.093125 0.416211
v 0.410244 0.105558 -0.044691
v 0.391389 0.105558 0.007156
v 0.427784 0.094798 0.007156
v 0.429245 0.094798 -0.044691
v -0.244270 0.105558 0.398192
v -0.255189 0.094798 -0.016188
v -0.263270 0.094798 0.398192
v -0.236189 0.105558 -0.016188
v 0.429244 -0.094798 -0.044691
v 0.429245 0.094798 -0.112658
v 0.429245 0.094798 -0.044691
v 0.429244 -0.094798 -0.112658
v 0.410244 0.105558 -0.112658
v 0.410244 0.105558 -0.044691
v 0.429245 0.094798 -0.044691
v 0.429245 0.094798 -0.112658
v -0.244270 0.105558 -0.044691
v -0.255189 0.094798 -0.016188
v -0.236189 0.105558 -0.016188
v -0.263270 0.094798 -0.044691
v 0.410244 0.105558 -0.112658
v 0.188946 0.105558 -0.095598
v 0.410244 0.105558 -0.044691
v 0.245560 0.105558 0.398192
v 0.410244 0.105558 0.398192
v 0.391389 0.105558 0.007156
v -0.236189 0.105558 -0.016188
v 0.200739 0.105558 0.398192
v 0.094742 0.105558 -0.112658
v -0.244270 0.105558 0.398192
v -0.244270 0.105558 -0.044691
v -0.244270 0.105558 -0.112658
v 0.200739 0.094798 0.417192
v -0.244270 -0.094798 0.417192
v 0.200739 -0.094798 0.417192
v -0.244270 0.094798 0.417192
v 0.188946 0.094798 -0.131400
v 0.094742 0.105558 -0.112658
v 0.188946 0.105558 -0.095598
v 0.094742 0.094798 -0.131658
v 0.200739 0.105558 0.398192
v -0.244270 0.094798 0.417192
v 0.200739 0.094798 0.417192
v -0.244270 0.105558 0.398192
v 0.410244 0.094798 -0.131658
v 0.410244 -0.094798 -0.131658
v 0.188946 -0.094798 -0.131400
v 0.188946 0.094798 -0.131400
v 0.200739 -0.094798 0.417192
v 0.245560 0.094798 0.417192
v 0.200739 0.094798 0.417192
v 0.245560 -0.094798 0.417192
v -0.263270 -0.094798 0.398192
v -0.244270 0.094798 0.417192
v -0.263270 0.094798 0.398192
v -0.244270 -0.094798 0.417192
v 0.410244 0.105558 -0.112658
v 0.188946 0.094798 -0.131400
v 0.188946 0.105558 -0.095598
v 0.410244 0.094798 -0.131658
v 0.245560 0.105558 0.398192
v 0.200739 0.094798 0.417192
v 0.245560 0.094798 0.417192
v 0.200739 0.105558 0.398192
v -0.254936 -0.106717 0.127072
v -0.254936 0.106717 -0.077310
v -0.254936 0.106717 0.127072
v -0.254936 -0.106717 -0.077310
v -0.997333 0.106717 -0.060614
v -0.980826 0.117477 -0.127125
v -0.997333 0.106717 -0.127125
v -0.960624 0.117477 -0.060071
v -0.277478 0.117477 -0.244567
v -0.555721 0.117477 -0.330690
v -0.294717 0.117477 -0.077310
v -0.813467 0.117477 0.105429
v -0.753691 0.117477 -0.314656
v -0.960624 0.117477 -0.060071
v -0.980826 0.117477 0.127072
v -0.980826 0.117477 -0.127125
v -0.753691 0.117477 0.127072
v -0.277478 0.117477 0.127072
v -0.813467 0.117477 -0.333362
v -0.980826 0.117477 -0.333362
v -0.277478 0.117477 -0.333362
v -0.277478 0.117477 0.127072
v -0.254936 0.106717 -0.077310
v -0.294717 0.117477 -0.077310
v -0.254936 0.106717 0.127072
v -0.997333 0.106717 -0.333362
v -0.997333 -0.106716 -0.333362
v -0.997333 -0.106716 -0.127125
v -0.997333 0.106717 -0.127125
v -0.254936 -0.106717 -0.077310
v -0.254936 0.106717 -0.244567
v -0.254936 0.106717 -0.077310
v -0.254936 -0.106717 -0.244567
v -0.277478 -0.106717 0.146072
v -0.753691 0.106717 0.146072
v -0.753691 -0.106716 0.146072
v -0.277478 0.106717 0.146072
v -0.997333 0.106717 -0.127125
v -0.980826 0.117477 -0.333362
v -0.997333 0.106717 -0.333362
v -0.980826 0.117477 -0.127125
v -0.254936 0.106717 -0.077310
v -0.277478 0.117477 -0.244567
v -0.294717 0.117477 -0.077310
v -0.254936 0.106717 -0.244567
v -0.753691 0.106717 -0.351669
v -0.813467 0.117477 -0.333362
v -0.753691 0.117477 -0.314656
v -0.813467 0.106717 -0.352362
v 0.429244 0.094798 0.398192
v 0.410244 -0.094798 0.417192
v 0.429244 -0.094798 0.398192
v 0.410244 0.094798 0.417192
v -0.753691 -0.106717 -0.351669
v -0.813467 0.106717 -0.352362
v -0.753691 0.106717 -0.351669
v -0.813468 -0.106716 -0.352362
v -0.753691 -0.106716 0.146072
v -0.813468 0.106717 0.135551
v -0.813468 -0.106716 0.135551
v -0.753691 0.106717 0.146072
v 0.429245 0.094798 -0.112658
v 0.429244 -0.094798 -0.112658
v 0.410244 -0.094798 -0.131658
v 0.410244 0.094798 -0.131658
v -0.753691 0.117477 0.127072
v -0.813468 0.106717 0.135551
v -0.753691 0.106717 0.146072
v -0.813467 0.117477 0.105429
v -0.813467 0.106717 -0.352362
v -0.980826 0.117477 -0.333362
v -0.813467 0.117477 -0.333362
v -0.980826 0.106717 -0.352362
v -0.277478 -0.106717 -0.352362
v -0.254936 0.106717 -0.333362
v -0.254936 -0.106717 -0.333362
v -0.277478 0.106717 -0.352362
v -0.980826 0.106717 0.146072
v -0.997333 -0.106716 0.127615
v -0.980827 -0.106716 0.146072
v -0.997333 0.106717 0.127615
v -0.277478 -0.106717 0.146072
v -0.254936 0.106717 0.127072
v -0.277478 0.106717 0.146072
v -0.254936 -0.106717 0.127072
v -0.230611 0.093125 1.000606
v -0.230611 0.103885 0.980603
v -0.253628 0.093125 0.980603
v -0.253628 -0.093125 0.980603
v -0.230611 0.093125 1.000606
v -0.253628 0.093125 0.980603
v -0.230611 -0.093125 1.000606
v -0.144647 0.103885 0.435211
v -0.189467 0.093125 0.416211
v -0.189467 0.103885 0.435211
v -0.144647 0.093125 0.416211
v 0.414881 0.093125 1.000606
v -0.038649 -0.093125 1.000606
v 0.414881 -0.093125 1.000606
v -0.038649 0.093125 1.000606
v -0.144647 0.093125 0.416211
v 0.414881 -0.093125 0.416211
v -0.144647 -0.093125 0.416211
v 0.414881 0.093125 0.416211
v -0.230611 0.103885 0.435211
v -0.211756 0.103885 0.826247
v -0.189467 0.103885 0.435211
v 0.414881 0.103885 0.878094
v -0.038649 0.103885 0.980603
v 0.414881 0.103885 0.980603
v -0.132853 0.103885 0.963543
v -0.230611 0.103885 0.878094
v -0.230611 0.103885 0.980603
v 0.406800 0.103885 0.849592
v -0.144647 0.103885 0.435211
v 0.414881 0.103885 0.435211
v -0.253627 -0.093125 0.435211
v -0.230611 0.093125 0.416211
v -0.230611 -0.093125 0.416211
v -0.253627 0.093125 0.435211
v -0.277478 -0.106717 -0.352362
v -0.555721 0.106717 -0.352015
v -0.277478 0.106717 -0.352362
v -0.555721 -0.106717 -0.352015
v 0.433881 -0.093125 0.980603
v 0.433881 0.093125 0.878094
v 0.433881 0.093125 0.980603
v 0.433881 -0.093125 0.878094
v 0.414881 0.103885 0.435211
v 0.406800 0.103885 0.849592
v 0.425800 0.093125 0.849592
v 0.433881 0.093125 0.435211
v -0.252167 -0.093125 0.826247
v -0.253627 0.093125 0.435211
v -0.253627 -0.093125 0.435211
v -0.252167 0.093125 0.826247
v -0.253628 -0.093125 0.878094
v -0.252167 0.093125 0.826247
v -0.252167 -0.093125 0.826247
v -0.253628 0.093125 0.878094
v -0.230611 0.103885 0.980603
v -0.253628 0.093125 0.878094
v -0.253628 0.093125 0.980603
v -0.230611 0.103885 0.878094
v 0.449473 0.101773 0.832588
v 0.432658 0.094798 0.766410
v 0.429063 0.094798 0.831779
v 0.468845 0.101773 0.764890
v 0.990922 0.101773 0.743716
v 0.972325 0.101773 0.809059
v 1.007484 0.094798 0.809059
v 1.007484 0.094798 0.745964
v 0.432658 0.094798 0.766410
v 0.432658 -0.094798 0.766410
v 0.429063 -0.094798 0.831779
v 0.429063 0.094798 0.831779
v 0.429063 0.094798 0.619030
v 0.429063 -0.094798 0.619030
v 0.429063 -0.094798 0.739948
v 0.429063 0.094798 0.739948
v 1.007484 -0.094799 0.809059
v 1.007484 0.094798 0.835520
v 1.007484 -0.094799 0.835520
v 1.007484 0.094798 0.809059
v 1.007484 0.094798 0.809059
v 0.990922 0.101773 0.836463
v 1.007484 0.094798 0.835520
v 0.972325 0.101773 0.809059
v 0.990922 0.101773 0.743716
v 1.007484 0.094798 0.619030
v 0.990922 0.101773 0.612938
v 1.007484 0.094798 0.745964
v 0.449473 0.101773 0.737486
v 0.432658 0.094798 0.766410
v 0.468845 0.101773 0.764890
v 0.429063 0.094798 0.739948
v 0.429063 0.094798 0.980066
v 0.449473 0.101773 0.832588
v 0.429063 0.094798 0.831779
v 0.449473 0.101774 0.986158
v 0.786383 0.094798 1.000606
v 0.448063 0.094798 1.000606
v 0.786383 -0.094798 1.000606
v 0.448063 -0.094798 1.000606
v 0.903989 0.094798 0.600030
v 0.792118 0.101773 0.624096
v 0.913914 0.101773 0.612938
v 0.786383 0.094798 0.601408
v 0.786383 0.094798 1.000606
v 0.449473 0.101774 0.986158
v 0.448063 0.094798 1.000606
v 0.792118 0.101773 0.986158
v 0.978348 -0.094799 0.600030
v 0.903989 0.094798 0.600030
v 0.978348 0.094798 0.600030
v 0.903989 -0.094799 0.600030
v 0.786383 0.094798 1.000606
v 0.786383 -0.094798 1.000606
v 0.903989 -0.094799 1.000606
v 0.903989 0.094798 1.000606
v 0.429063 -0.094798 0.980066
v 0.448063 0.094798 1.000606
v 0.429063 0.094798 0.980066
v 0.448063 -0.094798 1.000606
v 0.449473 0.101773 0.612938
v 0.468845 0.101773 0.764890
v 0.792118 0.101773 0.624096
v 0.449473 0.101773 0.737486
v 0.990922 0.101773 0.836463
v 0.913914 0.101773 0.963522
v 0.990922 0.101773 0.986158
v 0.972325 0.101773 0.809059
v 0.792118 0.101773 0.986158
v 0.990922 0.101773 0.743716
v 0.913914 0.101773 0.612938
v 0.990922 0.101773 0.612938
v 0.449473 0.101773 0.832588
v 0.449473 0.101774 0.986158
v 0.978348 0.094798 0.600030
v 0.913914 0.101773 0.612938
v 0.990922 0.101773 0.612938
v 0.903989 0.094798 0.600030
v 0.903989 0.094798 1.000606
v 0.792118 0.101773 0.986158
v 0.786383 0.094798 1.000606
v 0.913914 0.101773 0.963522
v -0.253628 -0.093125 0.980603
v -0.253628 0.093125 0.878094
v -0.253628 -0.093125 0.878094
v -0.253628 0.093125 0.980603
v 0.245560 -0.094798 0.417192
v 0.410244 0.094798 0.417192
v 0.245560 0.094798 0.417192
v 0.410244 -0.094798 0.417192
v -0.238775 0.125164 -0.150400
v -0.257775 0.114404 -0.402082
v -0.257775 0.114404 -0.150400
v -0.238775 0.125164 -0.402082
v 0.407769 0.125164 -0.402082
v 0.407769 0.125164 -0.150400
v 0.426769 0.114404 -0.150400
v 0.426769 0.114404 -0.402082
v 0.407769 0.114404 -0.131400
v -0.143434 0.125164 -0.150400
v -0.143434 0.114404 -0.131400
v 0.407769 0.125164 -0.150400
v -0.257775 -0.114404 -0.150400
v -0.238775 0.114404 -0.131400
v -0.257775 0.114404 -0.150400
v -0.238775 -0.114404 -0.131400
v -0.062354 0.114404 -0.421082
v -0.238775 0.125164 -0.402082
v -0.062354 0.125164 -0.402082
v -0.238775 0.114404 -0.421082
v 0.426769 -0.114404 -0.150400
v 0.426769 0.114404 -0.402082
v 0.426769 0.114404 -0.150400
v 0.426769 -0.114404 -0.402082
v -0.277478 0.117477 -0.333362
v -0.555721 0.106717 -0.352015
v -0.555721 0.117477 -0.330690
v -0.277478 0.106717 -0.352362
v -0.813468 0.106717 0.135551
v -0.980826 0.117477 0.127072
v -0.980826 0.106717 0.146072
v -0.813467 0.117477 0.105429
v -0.980826 0.106717 -0.352362
v -0.980827 -0.106716 -0.352362
v -0.997333 -0.106716 -0.333362
v -0.997333 0.106717 -0.333362
v -0.254936 -0.106717 -0.244567
v -0.254936 0.106717 -0.333362
v -0.254936 0.106717 -0.244567
v -0.254936 -0.106717 -0.333362
v -0.254936 0.106717 -0.244567
v -0.277478 0.117477 -0.333362
v -0.277478 0.117477 -0.244567
v -0.254936 0.106717 -0.333362
v -0.997333 0.106717 -0.060614
v -0.997333 0.106717 0.127615
v -0.980826 0.117477 0.127072
v -0.960624 0.117477 -0.060071
v 0.407769 0.114404 -0.131400
v -0.143434 0.114404 -0.131400
v 0.407769 -0.114404 -0.131400
v -0.143434 -0.114404 -0.131400
v 0.434412 0.082069 -0.887199
v 0.415412 0.092829 -0.983083
v 0.415412 0.092829 -0.887199
v 0.434412 0.082069 -0.983083
v -0.249890 0.082070 -0.705776
v -0.258843 0.082070 -0.436509
v -0.239843 0.092830 -0.436509
v -0.230890 0.092829 -0.705776
v -0.109649 0.092830 -0.436509
v -0.239843 0.082070 -0.417509
v -0.109649 0.082070 -0.417509
v -0.239843 0.092830 -0.436509
v -0.239843 0.082070 -0.417509
v -0.258843 -0.082070 -0.436509
v -0.239843 -0.082070 -0.417509
v -0.258843 0.082070 -0.436509
v 0.415412 0.082069 -0.999972
v -0.042224 0.091550 -0.967472
v 0.415412 0.092829 -0.983083
v -0.055581 0.082069 -0.999972
v 0.415412 -0.082070 -0.999972
v -0.055581 0.082069 -0.999972
v 0.415412 0.082069 -0.999972
v -0.055581 -0.082070 -0.999972
v -0.269438 0.105558 -0.981519
v -0.981929 0.094798 -0.999972
v -0.981930 0.105558 -0.981519
v -0.269438 0.094798 -0.999972
v -0.269438 0.105558 -0.367485
v -0.981930 0.094798 -0.348485
v -0.269438 0.094798 -0.348485
v -0.981930 0.105558 -0.367485
v -0.269438 0.105558 -0.367485
v -0.247827 0.094798 -0.617153
v -0.277669 0.105558 -0.617153
v -0.250438 0.094798 -0.367485
v -0.997333 -0.094798 -0.367485
v -0.997333 0.094798 -0.617153
v -0.997333 -0.094798 -0.617153
v -0.997333 0.094798 -0.367485
v -0.981930 0.105558 -0.981519
v -0.997333 0.094798 -0.700137
v -0.977804 0.105558 -0.700137
v -0.997333 0.094798 -0.981519
v -0.997333 -0.094798 -0.617153
v -0.997333 0.094798 -0.700137
v -0.997333 -0.094798 -0.700137
v -0.997333 0.094798 -0.617153
v 0.410244 0.105558 0.398192
v 0.245560 0.094798 0.417192
v 0.410244 0.094798 0.417192
v 0.245560 0.105558 0.398192
v 0.094742 0.094798 -0.131658
v -0.244270 0.105558 -0.112658
v 0.094742 0.105558 -0.112658
v -0.244270 0.094798 -0.131658
v -0.263270 0.094798 -0.044691
v -0.244270 0.105558 -0.112658
v -0.263270 0.094798 -0.112658
v -0.244270 0.105558 -0.044691
v -0.263270 -0.094798 -0.112658
v -0.244270 0.094798 -0.131658
v -0.244270 -0.094798 -0.131658
v -0.263270 0.094798 -0.112658
v 0.410244 0.105558 0.398192
v 0.427784 0.094798 0.007156
v 0.391389 0.105558 0.007156
v 0.429244 0.094798 0.398192
v 0.429244 -0.094798 0.398192
v 0.427784 0.094798 0.007156
v 0.429244 0.094798 0.398192
v 0.427784 -0.094798 0.007156
v 0.975401 0.104534 0.584240
v 0.446122 0.093774 0.603240
v 0.975401 0.093774 0.603240
v 0.446122 0.104534 0.584240
v 0.975401 0.093774 0.064098
v 0.446122 0.104534 0.083098
v 0.975401 0.104534 0.083098
v 0.446122 0.093774 0.064098
v 1.007484 0.093774 0.402971
v 0.975401 0.104534 0.083098
v 0.975401 0.104534 0.402971
v 1.007484 0.093774 0.083098
v 0.975401 -0.093775 0.603240
v 1.007484 0.093774 0.584240
v 0.975401 0.093774 0.603240
v 1.007484 -0.093775 0.584240
v 0.427122 0.093774 0.365993
v 0.427122 0.093774 0.584240
v 0.446122 0.104534 0.584240
v 0.446122 0.104534 0.365993
v 0.446122 0.093774 0.064098
v 0.975401 -0.093774 0.064098
v 0.446122 -0.093774 0.064098
v 0.975401 0.093774 0.064098
v 0.433881 0.093125 0.980603
v 0.414881 -0.093125 1.000606
v 0.433881 -0.093125 0.980603
v 0.414881 0.093125 1.000606
v 1.007484 -0.094799 0.809059
v 1.007484 0.094798 0.809059
v 1.007484 0.094798 0.619030
v 0.978348 0.094798 1.000606
v 0.913914 0.101773 0.963522
v 0.903989 0.094798 1.000606
v 0.990922 0.101773 0.986158
v 0.786383 0.094798 0.601408
v 0.449473 0.101773 0.612938
v 0.792118 0.101773 0.624096
v 0.448063 0.094798 0.600030
v 0.449473 0.101773 0.737486
v 0.429063 0.094798 0.619030
v 0.429063 0.094798 0.739948
v 0.449473 0.101773 0.612938
v 0.429063 -0.094798 0.619030
v 0.448063 0.094798 0.600030
v 0.448063 -0.094798 0.600030
v 0.429063 0.094798 0.619030
v 0.990922 0.101773 0.836463
v 0.990922 0.101773 0.986158
v 1.007484 0.094798 0.980066
v 1.007484 0.094798 0.835520
v 1.007484 -0.094799 0.980066
v 1.007484 0.094798 0.835520
v 1.007484 0.094798 0.980066
v 1.007484 -0.094799 0.835520
v -0.189467 0.103885 0.435211
v -0.230611 0.093125 0.416211
v -0.230611 0.103885 0.435211
v -0.189467 0.093125 0.416211
v 0.414881 0.093125 1.000606
v 0.433881 0.093125 0.980603
v 0.414881 0.103885 0.980603
v 0.414881 0.093125 0.416211
v 0.414881 0.103885 0.435211
v 0.433881 0.093125 0.435211
v -0.144647 0.093125 0.416211
v -0.144647 -0.093125 0.416211
v -0.189467 -0.093125 0.416211
v -0.189467 0.093125 0.416211
v 0.414881 0.093125 1.000606
v -0.038649 0.103885 0.980603
v -0.038649 0.093125 1.000606
v 0.414881 0.103885 0.980603
v 0.433881 0.093125 0.878094
v 0.433881 -0.093125 0.878094
v 0.425800 -0.093125 0.849592
v 0.425800 0.093125 0.849592
v -0.257775 0.114404 -0.150400
v -0.238775 0.114404 -0.131400
v -0.238775 0.125164 -0.150400
v -0.238775 0.114404 -0.421082
v -0.257775 0.114404 -0.402082
v -0.238775 0.125164 -0.402082
v 0.407769 0.114404 -0.131400
v 0.426769 0.114404 -0.150400
v 0.407769 0.125164 -0.150400
v 0.407769 0.125164 -0.402082
v 0.426769 0.114404 -0.402082
v 0.407769 0.114404 -0.421082
v -0.277478 0.117477 0.127072
v -0.277478 0.106717 0.146072
v -0.254936 0.106717 0.127072
v -0.997333 0.106717 0.127615
v -0.980826 0.106717 0.146072
v -0.980826 0.117477 0.127072
v -0.254936 0.106717 -0.333362
v -0.277478 0.106717 -0.352362
v -0.277478 0.117477 -0.333362
v -0.980826 0.117477 -0.333362
v -0.980826 0.106717 -0.352362
v -0.997333 0.106717 -0.333362
v 0.434412 0.082070 -0.436509
v 0.415412 0.092830 -0.436509
v 0.417449 0.082070 -0.417509
v -0.258843 0.082070 -0.436509
v -0.239843 0.082070 -0.417509
v -0.239843 0.092830 -0.436509
v 0.415412 0.092829 -0.983083
v 0.434412 0.082069 -0.983083
v 0.415412 0.082069 -0.999972
v -0.258843 0.082069 -0.983083
v -0.239843 0.092829 -0.983083
v -0.239843 0.082069 -0.999972
v -0.269438 0.094798 -0.999972
v -0.269438 0.105558 -0.981519
v -0.250438 0.094798 -0.981519
v -0.269438 0.094798 -0.348485
v -0.250438 0.094798 -0.367485
v -0.269438 0.105558 -0.367485
v -0.981930 0.105558 -0.981519
v -0.981929 0.094798 -0.999972
v -0.997333 0.094798 -0.981519
v -0.981930 0.094798 -0.348485
v -0.981930 0.105558 -0.367485
v -0.997333 0.094798 -0.367485
v -0.244270 0.094798 0.417192
v -0.244270 0.105558 0.398192
v -0.263270 0.094798 0.398192
v -0.244270 0.094798 -0.131658
v -0.263270 0.094798 -0.112658
v -0.244270 0.105558 -0.112658
v 0.410244 0.105558 0.398192
v 0.410244 0.094798 0.417192
v 0.429244 0.094798 0.398192
v 0.410244 0.094798 -0.131658
v 0.410244 0.105558 -0.112658
v 0.429245 0.094798 -0.112658
v 0.975401 0.093774 0.603240
v 1.007484 0.093774 0.584240
v 0.975401 0.104534 0.584240
v 0.427122 0.093774 0.584240
v 0.446122 0.093774 0.603240
v 0.446122 0.104534 0.584240
v 1.007484 0.093774 0.083098
v 0.975401 0.093774 0.064098
v 0.975401 0.104534 0.083098
v 0.446122 0.104534 0.083098
v 0.446122 0.093774 0.064098
v 0.427122 0.093774 0.083098
v -0.230611 0.103885 0.878094
v -0.252167 0.093125 0.826247
v -0.253628 0.093125 0.878094
v -0.211756 0.103885 0.826247
v -0.132853 0.093125 1.000606
v -0.230611 0.103885 0.980603
v -0.230611 0.093125 1.000606
v -0.132853 0.103885 0.963543
v -0.038649 0.103885 0.980603
v -0.132853 0.093125 1.000606
v -0.038649 0.093125 1.000606
v -0.132853 0.103885 0.963543
v 0.448063 0.094798 1.000606
v 0.449473 0.101774 0.986158
v 0.429063 0.094798 0.980066
v 0.448063 0.094798 0.600030
v 0.429063 0.094798 0.619030
v 0.449473 0.101773 0.612938
v 0.990922 0.101773 0.986158
v 0.978348 0.094798 1.000606
v 1.007484 0.094798 0.980066
v 0.978348 0.094798 0.600030
v 0.990922 0.101773 0.612938
v 1.007484 0.094798 0.619030
v -0.132853 0.093125 1.000606
v -0.132853 -0.093125 1.000606
v -0.038649 -0.093125 1.000606
v -0.038649 0.093125 1.000606
v -0.230611 0.103885 0.435211
v -0.252167 0.093125 0.826247
v -0.211756 0.103885 0.826247
v -0.253627 0.093125 0.435211
v -0.257775 -0.114404 -0.150400
v -0.257775 0.114404 -0.402082
v -0.257775 -0.114404 -0.402082
v -0.257775 0.114404 -0.150400
v 0.014121 0.125164 -0.393610
v 0.407769 0.125164 -0.150400
v 0.407769 0.125164 -0.402082
v -0.143434 0.125164 -0.150400
v -0.020014 0.125164 -0.377765
v -0.163392 0.125164 -0.165365
v -0.062354 0.125164 -0.402082
v -0.219909 0.125164 -0.150400
v -0.238775 0.125164 -0.402082
v -0.238775 0.125164 -0.150400
v -0.062354 -0.114404 -0.421082
v -0.238775 0.114404 -0.421082
v -0.062354 0.114404 -0.421082
v -0.238775 -0.114404 -0.421082
v -0.277478 0.117477 0.127072
v -0.753691 0.106717 0.146072
v -0.277478 0.106717 0.146072
v -0.753691 0.117477 0.127072
v -0.813468 -0.106716 0.135551
v -0.980826 0.106717 0.146072
v -0.980827 -0.106716 0.146072
v -0.813468 0.106717 0.135551
v -0.258843 0.082070 -0.791744
v -0.258843 -0.082070 -0.791744
v -0.249890 -0.082070 -0.705776
v -0.249890 0.082070 -0.705776
v -0.813468 -0.106716 -0.352362
v -0.980826 0.106717 -0.352362
v -0.813467 0.106717 -0.352362
v -0.980827 -0.106716 -0.352362
v 0.429244 -0.094798 -0.044691
v 0.427784 0.094798 0.007156
v 0.427784 -0.094798 0.007156
v 0.429245 0.094798 -0.044691
v 0.417449 0.082070 -0.417509
v -0.030496 0.082070 -0.417509
v 0.417449 -0.082070 -0.417509
v -0.030496 -0.082070 -0.417509
v -0.249890 0.082070 -0.705776
v -0.249890 -0.082070 -0.705776
v -0.258843 -0.082070 -0.436509
v -0.258843 0.082070 -0.436509
v -0.269438 0.105558 -0.367485
v -0.967923 0.105558 -0.617153
v -0.981930 0.105558 -0.367485
v -0.277669 0.105558 -0.617153
v -0.977804 0.105558 -0.700137
v -0.269438 0.105558 -0.981519
v -0.981930 0.105558 -0.981519
v -0.250438 0.094798 -0.981519
v -0.247827 -0.094798 -0.617153
v -0.250438 -0.094798 -0.981519
v -0.247827 0.094798 -0.617153
v -0.269438 0.094798 -0.348485
v -0.981930 0.094798 -0.348485
v -0.269438 -0.094798 -0.348485
v -0.981930 -0.094798 -0.348485
v -0.997333 -0.094798 -0.700137
v -0.997333 0.094798 -0.981519
v -0.997333 -0.094798 -0.981519
v -0.997333 0.094798 -0.700137
v -0.997333 -0.094798 -0.981519
v -0.981929 0.094798 -0.999972
v -0.981930 -0.094798 -0.999972
v -0.997333 0.094798 -0.981519
v -0.263270 0.094798 0.398192
v -0.255189 0.094798 -0.016188
v -0.263270 -0.094798 0.398192
v -0.255189 -0.094798 -0.016188
v -0.244270 0.094798 -0.131658
v 0.094742 0.094798 -0.131658
v -0.244270 -0.094798 -0.131658
v 0.094742 -0.094798 -0.131658
v -0.163392 0.114404 -0.133322
v -0.163392 -0.114404 -0.133322
v -0.143434 -0.114404 -0.131400
v -0.143434 0.114404 -0.131400
v 0.975401 -0.093775 0.603240
v 0.446122 0.093774 0.603240
v 0.446122 -0.093774 0.603240
v 0.975401 0.093774 0.603240
v 0.427122 0.093774 0.317555
v 0.427122 -0.093774 0.317555
v 0.427122 -0.093774 0.365993
v 0.427122 0.093774 0.365993
v -0.997333 0.083725 0.709718
v -0.997333 -0.083724 0.709718
v -0.997333 -0.083724 0.831878
v -0.997333 0.083725 0.831878
v 0.425800 0.093125 0.849592
v 0.414881 0.103885 0.878094
v 0.433881 0.093125 0.878094
v 0.406800 0.103885 0.849592
v 0.429063 0.094798 0.831779
v 0.429063 -0.094798 0.831779
v 0.429063 -0.094798 0.980066
v 0.429063 0.094798 0.980066
v 0.414881 0.103885 0.878094
v 0.414881 0.103885 0.980603
v 0.433881 0.093125 0.980603
v 0.433881 0.093125 0.878094
v 0.448063 0.094798 0.600030
v 0.786383 -0.094798 0.601408
v 0.448063 -0.094798 0.600030
v 0.786383 0.094798 0.601408
v 0.446122 0.093774 0.603240
v 0.427122 -0.093774 0.584240
v 0.446122 -0.093774 0.603240
v 0.427122 0.093774 0.584240
v 0.433881 -0.093125 0.435211
v 0.414881 0.093125 0.416211
v 0.433881 0.093125 0.435211
v 0.414881 -0.093125 0.416211
vn 0.7071 -0.0000 0.7071
vn 0.4928 -0.8701 0.0096
vn -0.4083 -0.9128 0.0000
vn -0.4083 -0.9129 0.0000
vn 0.4880 -0.8618 -0.1384
vn -0.0000 -1.0000 0.0000
vn -0.0000 -0.8702 -0.4928
vn -0.0000 -0.8702 0.4928
vn 0.4928 -0.8702 0.0000
vn 0.4420 -0.7805 0.4420
vn -0.3627 -0.8109 -0.4592
vn -0.3627 -0.8109 0.4592
vn -0.4928 -0.8701 -0.0096
vn 0.3088 -0.9511 0.0000
vn -0.4880 -0.8618 0.1384
vn -0.4928 -0.8702 0.0000
vn -0.4420 -0.7805 0.4420
vn 0.2732 -0.8416 -0.4659
vn -0.4439 -0.7839 -0.4340
vn 0.2718 -0.8374 0.4742
vn -0.0000 -0.8749 -0.4844
vn 0.5094 -0.8605 -0.0000
vn 0.4579 -0.7736 0.4381
vn 0.4579 -0.7736 -0.4381
vn -0.4420 -0.7805 -0.4420
vn -0.0000 -0.8345 0.5510
vn 0.4928 -0.8702 0.0028
vn -0.5159 -0.8566 0.0000
vn 0.4273 -0.7545 0.4982
vn -0.4490 -0.7456 0.4923
vn 0.4420 -0.7805 -0.4420
vn -0.4642 -0.7707 -0.4365
vn 0.0003 -1.0000 0.0032
vn -0.3768 -0.8060 -0.4565
vn -0.4921 -0.8690 0.0513
vn 0.4927 -0.8700 0.0206
vn 0.4928 -0.8701 -0.0049
vn -0.5461 -0.8377 0.0000
vn -0.3807 -0.8144 0.4380
vn -0.4235 -0.9059 -0.0000
vn 0.3881 -0.9216 -0.0000
vn -0.3234 -0.9463 0.0000
vn -0.0000 -0.9005 0.4348
vn 0.0000 -0.8798 -0.4754
vn 0.4308 -0.9025 0.0000
vn -0.4927 -0.8700 -0.0164
vn -0.0000 -0.8639 -0.5037
vn 0.3180 -0.9481 0.0000
vn 0.4463 -0.7881 0.4239
vn -0.0000 -0.8807 0.4737
vn 0.3836 -0.8036 0.4551
vn -0.4826 -0.7621 0.4316
vn 0.3836 -0.8036 -0.4551
vn -0.4934 -0.7569 -0.4286
vn 0.4511 -0.7965 0.4027
vn -0.4310 -0.7610 -0.4849
vn 0.4394 -0.7760 -0.4525
vn -0.5167 -0.7396 -0.4313
vn -0.5194 -0.7436 0.4211
vn 0.2801 -0.8353 0.4730
vn 0.2801 -0.8353 -0.4730
vn -0.3971 -0.8411 0.3673
vn -0.4012 -0.8235 -0.4012
vn 0.4822 -0.5475 0.6839
vn 0.4755 -0.4921 -0.7292
vn 1.0000 -0.0000 -0.0000
vn -0.0027 0.0000 1.0000
vn -1.0000 0.0000 0.0000
vn 0.4928 0.8701 0.0096
vn -0.4083 0.9129 -0.0000
vn -0.4083 0.9128 0.0000
vn 0.4880 0.8618 -0.1384
vn -0.0000 1.0000 -0.0000
vn 0.0000 -0.0000 -1.0000
vn -0.0000 0.8702 -0.4928
vn 0.0009 0.0000 1.0000
vn 0.7071 -0.0000 -0.7071
vn -0.6198 0.0000 -0.7848
vn -0.6198 0.0000 0.7848
vn -0.0000 0.8702 0.4928
vn 0.4928 0.8702 0.0000
vn 0.4420 0.7805 -0.4420
vn 0.4420 0.7805 0.4420
vn -0.3627 0.8109 0.4592
vn 0.9998 0.0000 0.0195
vn 0.0000 0.0000 1.0000
vn -0.4928 0.8701 -0.0096
vn 0.3088 0.9511 -0.0000
vn -0.4880 0.8618 0.1384
vn 0.9621 -0.0000 -0.2728
vn -0.4928 0.8702 -0.0000
vn -0.4420 0.7805 0.4420
vn -0.7071 0.0000 0.7071
vn 0.2732 0.8416 -0.4659
vn -0.4439 0.7839 -0.4340
vn 0.4973 -0.0000 0.8676
vn 0.2718 0.8374 0.4742
vn -0.7151 0.0000 -0.6991
vn 0.5058 0.0000 -0.8626
vn 0.0000 0.8749 -0.4844
vn -0.9998 0.0000 -0.0195
vn -0.0192 0.0000 -0.9998
vn -0.7071 0.0000 -0.7071
vn -0.9621 0.0000 0.2728
vn 0.0673 0.0000 0.9977
vn 0.7226 0.0000 -0.6913
vn 0.5094 0.8605 -0.0000
vn 0.7226 -0.0000 0.6913
vn 0.4579 0.7736 0.4381
vn 0.4579 0.7736 -0.4381
vn -0.4420 0.7805 -0.4420
vn 0.0160 -0.0000 -0.9999
vn -0.0134 0.0000 0.9999
vn 0.0000 0.8345 0.5510
vn -0.0253 0.0000 0.9997
vn 0.4928 0.8702 0.0028
vn -0.5159 0.8566 -0.0000
vn -0.6739 0.0000 0.7388
vn 0.6510 0.0000 0.7591
vn 0.4273 0.7545 0.4982
vn -0.4642 0.7707 -0.4365
vn 0.9999 -0.0000 0.0105
vn 0.6967 -0.0000 -0.7174
vn -0.6644 0.0000 -0.7474
vn 0.6644 -0.0000 -0.7474
vn -0.7768 0.0000 0.6297
vn 0.7460 -0.0000 0.6660
vn 0.0027 -0.0000 -1.0000
vn -0.0017 0.0000 -1.0000
vn -0.3768 0.8060 -0.4565
vn 0.5096 0.0000 -0.8604
vn 0.5462 0.0000 -0.8376
vn 0.5762 0.0000 0.8173
vn -0.0117 0.0000 -0.9999
vn -0.9909 0.0000 0.1346
vn -0.0100 -0.0000 -0.9999
vn 0.0697 -0.0000 -0.9976
vn 0.0340 0.0000 0.9994
vn 0.9991 -0.0000 0.0417
vn 1.0000 -0.0000 -0.0098
vn -0.4921 0.8690 0.0513
vn 0.4927 0.8700 0.0206
vn 0.4928 0.8701 -0.0049
vn -0.0012 -0.0000 -1.0000
vn -0.5461 0.8377 -0.0000
vn 0.0116 -0.0000 -0.9999
vn -0.1733 0.0000 0.9849
vn 0.6445 -0.0000 -0.7646
vn -0.7454 0.0000 0.6666
vn 0.6445 0.0000 0.7646
vn -0.3807 0.8144 0.4380
vn -0.6560 0.0000 0.7548
vn -0.6366 0.0000 -0.7712
vn -1.0000 0.0000 0.0037
vn -0.9996 0.0000 -0.0282
vn -0.4235 0.9059 -0.0000
vn -0.9985 0.0000 -0.0549
vn 0.3881 0.9216 -0.0000
vn -0.3234 0.9463 -0.0000
vn 0.0000 0.9005 0.4348
vn -0.7341 0.0000 0.6790
vn 0.0000 0.8798 -0.4754
vn -0.7549 0.0000 -0.6558
vn 0.4308 0.9025 -0.0000
vn -0.4927 0.8700 -0.0164
vn 0.0000 0.8639 -0.5037
vn 1.0000 -0.0000 -0.0037
vn 0.3180 0.9481 -0.0000
vn 0.5096 0.0000 0.8604
vn 0.7251 -0.0000 0.6887
vn 0.4463 0.7881 0.4239
vn 0.0000 0.8807 0.4737
vn 0.3836 0.8036 0.4551
vn -0.4826 0.7621 0.4316
vn 0.3836 0.8036 -0.4551
vn -0.4934 0.7569 -0.4286
vn 0.4511 0.7965 0.4027
vn 0.4310 0.7610 -0.4849
vn -0.4310 0.7610 -0.4849
vn 0.4394 0.7760 -0.4525
vn -0.5167 0.7396 -0.4313
vn -0.5194 0.7436 0.4211
vn 0.2801 0.8353 0.4730
vn 0.2801 0.8353 -0.4730
vn -0.3971 0.8411 0.3673
vn -0.4012 0.8235 -0.4012
vn 0.4822 0.5475 0.6839
vn 0.4755 0.4921 -0.7292
vn 0.0627 0.0000 0.9980
vn -0.9946 0.0000 0.1036
vn 0.9996 -0.0000 0.0282
vn -0.9994 0.0000 -0.0332
vn 1.0000 -0.0000 -0.0072
vn -0.7677 0.0000 -0.6408
vn -0.0959 0.0000 0.9954
vn 0.0041 0.0000 -1.0000
vn -0.3055 -0.9506 -0.0555
vn -0.3054 -0.9506 -0.0556
vn -0.0336 -0.9303 0.3653
vn 0.0116 -0.9307 0.3655
vn -0.3059 -0.9520 0.0074
vn 0.2448 -0.9686 0.0445
vn 0.2450 -0.9695 -0.0059
vn 0.0325 -0.9328 -0.3589
vn -0.0313 -0.9328 -0.3589
vn -0.0047 -0.8571 0.5152
vn -0.0047 -0.8571 0.5151
vn 0.0604 -0.9184 -0.3910
vn -0.0764 -0.9283 0.3638
vn 0.1162 -0.9294 0.3502
vn -0.0502 -0.9189 -0.3912
vn -0.0663 -0.9182 0.3905
vn -0.4033 -0.9147 0.0243
vn -0.4031 -0.9142 -0.0416
vn 0.0005 -1.0000 0.0032
vn 0.0750 -0.9177 0.3902
vn 0.0750 -0.9177 0.3903
vn -0.3973 -0.9164 -0.0477
vn 0.2514 -0.9677 -0.0177
vn -0.3978 -0.9174 0.0099
vn 0.2511 -0.9668 0.0484
vn 0.2511 -0.9667 0.0484
vn -0.4024 -0.9151 0.0240
vn -0.0143 -0.9381 -0.3461
vn -0.0143 -0.9381 -0.3460
vn -0.1622 -0.9093 0.3833
vn -0.0071 -0.8922 -0.4515
vn 0.0928 -0.9413 -0.3245
vn -0.1003 -0.9342 -0.3423
vn -0.1003 -0.9342 -0.3422
vn -0.1002 -0.9342 -0.3423
vn 0.0579 -0.9199 0.3878
vn -0.4329 -0.9014 -0.0121
vn -0.4328 -0.9014 -0.0121
vn 0.4032 -0.9151 0.0031
vn -0.0000 -1.0000 0.0007
vn -0.0000 -1.0000 0.0008
vn 0.0487 -0.9424 0.3309
vn -0.0093 -0.8027 -0.5963
vn 0.1291 -0.8932 -0.4308
vn -0.0091 -0.9469 0.3215
vn -0.0092 -0.9469 0.3215
vn 0.3612 -0.9298 0.0708
vn 0.0336 -0.9303 -0.3653
vn -0.0143 -0.9307 -0.3655
vn -0.3748 -0.9254 0.0567
vn 0.3264 -0.9451 -0.0138
vn 0.3263 -0.9452 -0.0138
vn 0.3263 -0.9451 0.0168
vn 0.3264 -0.9451 0.0168
vn 0.0581 -0.9319 -0.3580
vn -0.1073 -0.9107 0.3990
vn -0.1073 -0.9107 0.3989
vn -0.2396 -0.9700 -0.0414
vn 0.2587 -0.9652 0.0375
vn 0.2579 -0.9621 -0.0890
vn -0.2316 -0.9678 0.0988
vn -0.0187 -0.9337 -0.3577
vn 0.0254 -0.9630 0.2684
vn -0.0026 -0.8822 -0.4708
vn 0.0385 -0.9153 0.4010
vn -0.3748 -0.9269 -0.0202
vn -0.0076 -0.9260 -0.3774
vn -0.0076 -0.9260 -0.3775
vn 0.4032 -0.9151 -0.0045
vn -0.5245 -0.8514 0.0038
vn 0.3621 -0.9321 -0.0094
vn -0.0368 -0.9685 0.2461
vn 0.0067 -0.9306 -0.3660
vn 0.0067 -0.9306 -0.3661
vn 0.4310 -0.7610 -0.4849
vn -0.3207 -0.9451 -0.0628
vn -0.3206 -0.9451 -0.0628
vn 0.0308 -0.9352 0.3527
vn -0.0319 -0.9352 0.3527
vn -0.3213 -0.9469 0.0084
vn -0.3213 -0.9469 0.0083
vn -0.3213 -0.9470 0.0083
vn -0.3055 0.9506 -0.0556
vn -0.3055 0.9506 -0.0555
vn -0.3054 0.9506 -0.0556
vn -0.0336 0.9303 0.3653
vn 0.0116 0.9307 0.3655
vn -0.3059 0.9520 0.0074
vn -0.3627 0.8109 -0.4592
vn 0.2448 0.9686 0.0445
vn 0.2448 0.9685 0.0445
vn 0.2450 0.9695 -0.0059
vn 0.0325 0.9328 -0.3589
vn -0.0313 0.9328 -0.3589
vn -0.0047 0.8571 0.5152
vn -0.0047 0.8571 0.5151
vn 0.0604 0.9184 -0.3910
vn -0.0764 0.9283 0.3638
vn 0.1162 0.9294 0.3502
vn -0.0502 0.9189 -0.3912
vn -0.0663 0.9182 0.3905
vn -0.4033 0.9147 0.0243
vn -0.7285 0.0000 -0.6850
vn -0.4031 0.9142 -0.0416
vn -0.4490 0.7456 0.4923
vn 0.0005 1.0000 0.0032
vn 0.0006 1.0000 0.0032
vn 0.0003 1.0000 0.0032
vn 0.0750 0.9177 0.3902
vn 0.0750 0.9177 0.3903
vn -0.3973 0.9164 -0.0477
vn 0.2514 0.9677 -0.0177
vn -0.3978 0.9174 0.0099
vn 0.2511 0.9667 0.0484
vn -0.4024 0.9151 0.0240
vn -0.0143 0.9381 -0.3461
vn -0.0143 0.9381 -0.3460
vn -0.1622 0.9093 0.3833
vn -0.0071 0.8922 -0.4515
vn 0.0928 0.9413 -0.3245
vn -0.1003 0.9342 -0.3423
vn -0.1003 0.9342 -0.3422
vn -0.1002 0.9342 -0.3423
vn 0.0579 0.9199 0.3878
vn -0.4329 0.9014 -0.0121
vn -0.4328 0.9014 -0.0121
vn 0.4032 0.9151 0.0031
vn -0.0000 1.0000 0.0007
vn -0.0000 1.0000 0.0008
vn 0.0487 0.9424 0.3309
vn -0.0093 0.8027 -0.5963
vn 0.1291 0.8932 -0.4308
vn -0.0091 0.9469 0.3215
vn -0.0092 0.9469 0.3215
vn 0.3612 0.9298 0.0708
vn 0.0336 0.9303 -0.3653
vn -0.0143 0.9307 -0.3655
vn -0.3748 0.9254 0.0567
vn 0.3263 0.9452 -0.0138
vn 0.3264 0.9451 -0.0138
vn 0.3263 0.9451 0.0168
vn 0.3264 0.9451 0.0168
vn 0.0581 0.9319 -0.3580
vn -0.1073 0.9107 0.3990
vn -0.1073 0.9107 0.3989
vn -0.2396 0.9700 -0.0414
vn 0.2587 0.9652 0.0375
vn 0.2579 0.9621 -0.0890
vn -0.2316 0.9678 0.0988
vn -0.0187 0.9337 -0.3577
vn 0.0254 0.9630 0.2684
vn -0.0026 0.8822 -0.4708
vn 0.0385 0.9153 0.4010
vn -0.3748 0.9269 -0.0202
vn -0.0076 0.9260 -0.3775
vn -0.0076 0.9260 -0.3774
vn 0.4032 0.9151 -0.0045
vn -0.5245 0.8514 0.0038
vn 0.3621 0.9321 -0.0094
vn -0.0368 0.9685 0.2461
vn 0.0067 0.9306 -0.3660
vn 0.0067 0.9306 -0.3661
vn -0.3207 0.9451 -0.0628
vn 0.0308 0.9352 0.3527
vn -0.0319 0.9352 0.3527
vn -0.3213 0.9469 0.0084
vn -0.3213 0.9469 0.0083
vn -0.3213 0.9470 0.0083
usemtl Grey_Floor
s off
f 1//1 2//1 3//1
f 4//1 2//1 1//1
f 9//2 10//2 11//2
f 12//2 9//2 11//2
f 13//3 14//3 15//3
f 14//4 13//4 16//4
f 17//5 18//5 19//5
f 18//5 17//5 20//5
f 21//6 22//6 23//6
f 22//6 21//6 24//6
f 22//6 25//6 23//6
f 26//6 27//6 28//6
f 29//6 26//6 30//6
f 27//6 26//6 29//6
f 28//6 27//6 31//6
f 25//6 27//6 29//6
f 25//6 22//6 27//6
f 23//6 25//6 32//6
f 37//7 38//7 39//7
f 38//7 37//7 40//7
f 45//7 46//7 47//7
f 46//7 45//7 48//7
f 49//7 50//7 51//7
f 50//7 49//7 52//7
f 53//8 54//8 55//8
f 56//8 55//8 54//8
f 57//9 58//9 59//9
f 60//9 58//9 57//9
f 68//10 69//10 70//10
f 71//11 72//11 73//11
f 74//12 75//12 76//12
f 81//13 82//13 83//13
f 84//13 82//13 81//13
f 85//14 86//14 87//14
f 86//14 85//14 88//14
f 89//15 90//15 91//15
f 90//15 89//15 92//15
f 93//6 94//6 95//6
f 95//6 96//6 97//6
f 98//6 99//6 100//6
f 99//6 98//6 101//6
f 101//6 102//6 103//6
f 101//6 94//6 99//6
f 94//6 96//6 95//6
f 94//6 93//6 104//6
f 96//6 101//6 103//6
f 96//6 94//6 101//6
f 105//8 106//8 107//8
f 108//8 107//8 106//8
f 113//8 114//8 115//8
f 116//8 115//8 114//8
f 117//16 118//16 119//16
f 118//16 117//16 120//16
f 121//17 122//17 123//17
f 124//18 125//18 126//18
f 127//19 128//19 129//19
f 134//20 135//20 136//20
f 137//8 138//8 139//8
f 140//8 139//8 138//8
f 145//21 146//21 147//21
f 146//21 145//21 148//21
f 161//6 162//6 163//6
f 162//6 161//6 164//6
f 165//6 166//6 167//6
f 163//6 162//6 168//6
f 163//6 169//6 161//6
f 166//6 169//6 163//6
f 166//6 165//6 169//6
f 170//7 171//7 172//7
f 170//7 173//7 171//7
f 178//22 179//22 180//22
f 180//22 181//22 178//22
f 182//16 183//16 184//16
f 183//16 182//16 185//16
f 186//8 187//8 188//8
f 187//8 186//8 189//8
f 194//23 195//23 196//23
f 197//24 198//24 199//24
f 200//17 201//17 202//17
f 203//25 204//25 205//25
f 206//26 207//26 208//26
f 207//26 206//26 209//26
f 214//27 215//27 216//27
f 217//27 215//27 214//27
f 218//28 219//28 220//28
f 219//28 218//28 221//28
f 226//7 227//7 228//7
f 227//7 226//7 229//7
f 234//29 235//29 236//29
f 237//30 238//30 239//30
f 240//31 241//31 242//31
f 243//32 244//32 245//32
f 250//33 252//33 253//33
f 266//6 267//6 268//6
f 269//6 270//6 267//6
f 269//6 271//6 270//6
f 271//6 269//6 272//6
f 267//6 266//6 269//6
f 268//6 267//6 273//6
f 286//7 287//7 288//7
f 287//7 286//7 289//7
f 290//34 291//34 292//34
f 309//8 310//8 311//8
f 312//8 309//8 311//8
f 329//35 330//35 331//35
f 330//35 329//35 332//35
f 333//16 334//16 335//16
f 334//16 333//16 336//16
f 337//36 338//36 339//36
f 340//36 338//36 337//36
f 341//37 342//37 343//37
f 342//37 341//37 344//37
f 377//13 378//13 379//13
f 380//13 378//13 377//13
f 381//9 382//9 383//9
f 384//9 382//9 381//9
f 385//15 386//15 387//15
f 386//15 385//15 388//15
f 389//6 390//6 391//6
f 392//6 393//6 394//6
f 395//6 393//6 392//6
f 395//6 396//6 393//6
f 395//6 397//6 398//6
f 391//6 396//6 399//6
f 390//6 389//6 400//6
f 390//6 396//6 391//6
f 396//6 395//6 398//6
f 396//6 390//6 393//6
f 405//8 406//8 407//8
f 408//8 407//8 406//8
f 413//8 414//8 415//8
f 421//6 422//6 423//6
f 424//6 425//6 426//6
f 425//6 427//6 428//6
f 422//6 429//6 427//6
f 428//6 427//6 430//6
f 428//6 430//6 431//6
f 427//6 425//6 424//6
f 430//6 427//6 429//6
f 432//6 422//6 421//6
f 429//6 422//6 432//6
f 429//6 432//6 433//6
f 438//38 439//38 440//38
f 439//38 438//38 441//38
f 454//7 455//7 456//7
f 457//7 456//7 455//7
f 458//39 459//39 460//39
f 461//7 462//7 463//7
f 462//7 461//7 464//7
f 465//6 466//6 467//6
f 466//6 465//6 468//6
f 466//6 469//6 467//6
f 470//6 466//6 471//6
f 470//6 472//6 473//6
f 471//6 474//6 470//6
f 474//6 471//6 475//6
f 469//6 466//6 470//6
f 469//6 470//6 473//6
f 467//6 469//6 476//6
f 477//2 478//2 479//2
f 480//2 477//2 479//2
f 481//40 482//40 483//40
f 482//40 481//40 484//40
f 497//41 498//41 499//41
f 498//41 497//41 500//41
f 505//42 506//42 507//42
f 506//42 505//42 508//42
f 513//43 514//43 515//43
f 514//43 513//43 516//43
f 517//6 518//6 519//6
f 520//6 521//6 522//6
f 520//6 523//6 521//6
f 524//6 525//6 526//6
f 523//6 520//6 527//6
f 523//6 525//6 524//6
f 523//6 528//6 525//6
f 519//6 527//6 517//6
f 527//6 519//6 528//6
f 528//6 529//6 525//6
f 528//6 523//6 527//6
f 528//6 530//6 529//6
f 531//44 532//44 533//44
f 534//44 532//44 531//44
f 539//16 540//16 541//16
f 542//16 540//16 539//16
f 543//9 544//9 545//9
f 546//9 544//9 543//9
f 547//8 548//8 549//8
f 548//8 547//8 550//8
f 551//7 552//7 553//7
f 552//7 551//7 554//7
f 563//45 564//45 565//45
f 564//45 563//45 566//45
f 571//9 572//9 573//9
f 574//9 572//9 571//9
f 575//46 576//46 577//46
f 578//46 575//46 577//46
f 579//8 580//8 581//8
f 580//8 579//8 582//8
f 587//47 588//47 589//47
f 588//47 587//47 590//47
f 591//8 592//8 593//8
f 594//8 593//8 592//8
f 603//8 604//8 605//8
f 606//8 605//8 604//8
f 607//7 608//7 609//7
f 608//7 607//7 610//7
f 611//16 612//16 613//16
f 612//16 611//16 614//16
f 619//8 620//8 621//8
f 620//8 619//8 622//8
f 623//7 624//7 625//7
f 626//7 625//7 624//7
f 627//48 628//48 629//48
f 630//48 628//48 627//48
f 631//16 632//16 633//16
f 634//16 632//16 631//16
f 643//42 644//42 645//42
f 646//42 644//42 643//42
f 647//41 648//41 649//41
f 650//41 648//41 647//41
f 651//7 652//7 653//7
f 652//7 651//7 654//7
f 655//49 656//49 657//49
f 658//31 659//31 660//31
f 661//50 662//50 663//50
f 664//50 663//50 662//50
f 665//17 666//17 667//17
f 668//25 669//25 670//25
f 671//10 672//10 673//10
f 674//31 675//31 676//31
f 677//51 678//51 679//51
f 680//52 681//52 682//52
f 683//53 684//53 685//53
f 686//54 687//54 688//54
f 689//55 690//55 691//55
f 692//17 693//17 694//17
f 698//56 699//56 700//56
f 701//57 702//57 703//57
f 704//10 705//10 706//10
f 707//58 708//58 709//58
f 710//59 711//59 712//59
f 713//17 714//17 715//17
f 716//25 717//25 718//25
f 719//10 720//10 721//10
f 725//60 726//60 727//60
f 731//61 732//61 733//61
f 734//25 735//25 736//25
f 749//62 750//62 751//62
f 752//63 753//63 754//63
f 755//64 756//64 757//64
f 758//65 759//65 760//65
f 765//6 766//6 767//6
f 766//6 765//6 768//6
f 769//6 770//6 771//6
f 772//6 767//6 766//6
f 767//6 772//6 773//6
f 768//6 774//6 766//6
f 774//6 770//6 769//6
f 774//6 768//6 770//6
f 775//8 776//8 777//8
f 776//8 775//8 778//8
f 779//6 780//6 781//6
f 780//6 782//6 783//6
f 782//6 780//6 779//6
f 784//6 783//6 782//6
f 783//6 784//6 785//6
f 786//5 787//5 788//5
f 787//5 786//5 789//5
f 790//9 791//9 792//9
f 793//9 791//9 790//9
f 794//66 795//66 796//66
f 796//66 797//66 794//66
f 798//67 799//67 800//67
f 800//67 801//67 798//67
f 802//68 803//68 804//68
f 803//68 802//68 805//68
f 810//69 811//69 812//69
f 812//69 813//69 810//69
f 814//68 815//68 816//68
f 815//68 814//68 817//68
f 818//70 819//70 820//70
f 819//71 818//71 821//71
f 822//72 823//72 824//72
f 823//72 822//72 825//72
f 826//73 827//73 828//73
f 827//73 829//73 830//73
f 827//73 826//73 831//73
f 831//73 829//73 827//73
f 832//73 830//73 833//73
f 829//73 831//73 834//73
f 830//73 832//73 835//73
f 830//73 835//73 836//73
f 833//73 830//73 829//73
f 833//73 837//73 832//73
f 838//74 839//74 840//74
f 839//74 838//74 841//74
f 846//75 847//75 848//75
f 847//75 846//75 849//75
f 850//76 851//76 852//76
f 853//76 850//76 852//76
f 854//74 855//74 856//74
f 855//74 854//74 857//74
f 858//77 859//77 860//77
f 860//77 861//77 858//77
f 866//75 867//75 868//75
f 867//75 866//75 869//75
f 870//78 871//78 872//78
f 873//78 871//78 870//78
f 874//79 875//79 876//79
f 876//79 877//79 874//79
f 878//74 879//74 880//74
f 879//74 878//74 881//74
f 882//75 883//75 884//75
f 882//75 885//75 883//75
f 886//80 887//80 888//80
f 886//80 889//80 887//80
f 890//81 891//81 892//81
f 892//81 893//81 890//81
f 897//1 895//1 894//1
f 902//68 903//68 904//68
f 903//68 902//68 905//68
f 906//82 907//82 908//82
f 909//83 910//83 911//83
f 915//84 916//84 917//84
f 918//85 919//85 920//85
f 919//85 918//85 921//85
f 922//86 923//86 924//86
f 925//86 924//86 923//86
f 926//68 927//68 928//68
f 928//68 929//68 926//68
f 930//74 931//74 932//74
f 931//74 930//74 933//74
f 934//66 935//66 936//66
f 935//66 934//66 937//66
f 942//87 943//87 944//87
f 946//66 947//66 948//66
f 947//66 946//66 949//66
f 950//88 951//88 952//88
f 951//88 950//88 953//88
f 954//89 955//89 956//89
f 955//89 954//89 957//89
f 958//73 959//73 960//73
f 960//73 959//73 961//73
f 962//73 961//73 963//73
f 963//73 961//73 964//73
f 965//73 964//73 966//73
f 964//73 965//73 967//73
f 961//73 966//73 964//73
f 966//73 968//73 965//73
f 966//73 961//73 959//73
f 966//73 969//73 968//73
f 970//86 971//86 972//86
f 973//86 972//86 971//86
f 974//74 975//74 976//74
f 975//74 974//74 977//74
f 978//90 979//90 980//90
f 979//90 978//90 981//90
f 982//80 983//80 984//80
f 982//80 985//80 983//80
f 994//91 995//91 996//91
f 995//91 994//91 997//91
f 998//92 999//92 1000//92
f 1001//93 1002//93 1003//93
f 1003//93 1004//93 1001//93
f 1005//94 1006//94 1007//94
f 1008//86 1009//86 1010//86
f 1010//86 1011//86 1008//86
f 1012//74 1013//74 1014//74
f 1013//74 1012//74 1015//74
f 1016//66 1017//66 1018//66
f 1017//66 1016//66 1019//66
f 1020//95 1021//95 1022//95
f 1023//96 1024//96 1025//96
f 1024//96 1023//96 1026//96
f 1031//97 1032//97 1033//97
f 1034//98 1035//98 1036//98
f 1037//98 1035//98 1034//98
f 1038//99 1039//99 1040//99
f 1039//99 1038//99 1041//99
f 1042//80 1043//80 1044//80
f 1042//80 1045//80 1043//80
f 1050//100 1051//100 1052//100
f 1051//100 1050//100 1053//100
f 1054//101 1055//101 1056//101
f 1057//101 1056//101 1055//101
f 1058//86 1059//86 1060//86
f 1060//86 1061//86 1058//86
f 1062//102 1063//102 1064//102
f 1063//102 1062//102 1065//102
f 1070//93 1071//93 1072//93
f 1071//93 1070//93 1073//93
f 1074//103 1075//103 1076//103
f 1076//103 1077//103 1074//103
f 1078//74 1079//74 1080//74
f 1079//74 1078//74 1081//74
f 1090//104 1091//104 1092//104
f 1092//104 1093//104 1090//104
f 1094//73 1095//73 1096//73
f 1094//73 1097//73 1095//73
f 1097//73 1098//73 1099//73
f 1098//73 1097//73 1094//73
f 1096//73 1100//73 1101//73
f 1100//73 1095//73 1102//73
f 1100//73 1096//73 1095//73
f 1103//105 1104//105 1105//105
f 1105//105 1106//105 1103//105
f 1107//106 1108//106 1109//106
f 1111//75 1112//75 1113//75
f 1114//75 1113//75 1112//75
f 1119//107 1120//107 1121//107
f 1122//107 1120//107 1119//107
f 1123//91 1124//91 1125//91
f 1126//91 1124//91 1123//91
f 1127//80 1128//80 1129//80
f 1128//80 1127//80 1130//80
f 1131//108 1132//108 1133//108
f 1132//108 1131//108 1134//108
f 1139//68 1140//68 1141//68
f 1142//68 1141//68 1140//68
f 1143//86 1144//86 1145//86
f 1146//86 1145//86 1144//86
f 1147//109 1148//109 1149//109
f 1150//110 1151//110 1152//110
f 1153//92 1154//92 1155//92
f 1156//111 1157//111 1158//111
f 1159//66 1160//66 1161//66
f 1159//66 1162//66 1160//66
f 1163//112 1164//112 1165//112
f 1164//112 1163//112 1166//112
f 1167//113 1168//113 1169//113
f 1169//113 1170//113 1167//113
f 1171//86 1172//86 1173//86
f 1174//114 1175//114 1176//114
f 1175//114 1174//114 1177//114
f 1182//115 1183//115 1184//115
f 1184//115 1185//115 1182//115
f 1172//86 1171//86 1186//86
f 1186//86 1187//86 1172//86
f 1187//86 1186//86 1188//86
f 1189//66 1190//66 1191//66
f 1190//66 1189//66 1192//66
f 1193//77 1194//77 1195//77
f 1194//77 1193//77 1196//77
f 1197//68 1198//68 1199//68
f 1200//68 1197//68 1199//68
f 1201//116 1202//116 1203//116
f 1202//116 1201//116 1204//116
f 1205//117 1206//117 1207//117
f 1206//117 1205//117 1208//117
f 1213//68 1214//68 1215//68
f 1215//68 1216//68 1213//68
f 1217//118 1218//118 1219//118
f 1220//118 1218//118 1217//118
f 1221//75 1222//75 1223//75
f 1221//75 1224//75 1222//75
f 1229//119 1230//119 1231//119
f 1230//119 1229//119 1232//119
f 1237//74 1238//74 1239//74
f 1240//74 1239//74 1238//74
f 1241//86 1242//86 1243//86
f 1242//86 1241//86 1244//86
f 1245//120 1246//120 1247//120
f 1251//82 1252//82 1253//82
f 1254//121 1255//121 1256//121
f 1269//66 1270//66 1271//66
f 1270//66 1269//66 1272//66
f 1281//68 1282//68 1283//68
f 1284//68 1281//68 1283//68
f 1285//85 1286//85 1287//85
f 1286//85 1285//85 1288//85
f 1289//68 1290//68 1291//68
f 1292//68 1289//68 1291//68
f 1293//73 1294//73 1295//73
f 1295//73 1296//73 1293//73
f 1295//73 1297//73 1296//73
f 1297//73 1295//73 1298//73
f 1299//73 1297//73 1298//73
f 1299//73 1300//73 1297//73
f 1313//74 1314//74 1315//74
f 1314//74 1313//74 1316//74
f 1317//122 1318//122 1319//122
f 1318//122 1317//122 1320//122
f 1321//66 1322//66 1323//66
f 1322//66 1321//66 1324//66
f 1325//123 1326//123 1327//123
f 1327//123 1328//123 1325//123
f 1329//124 1330//124 1331//124
f 1331//124 1332//124 1329//124
f 1333//125 1334//125 1335//125
f 1334//125 1333//125 1336//125
f 1337//126 1338//126 1339//126
f 1338//126 1337//126 1340//126
f 1341//127 1342//127 1343//127
f 1342//127 1341//127 1344//127
f 1345//66 1346//66 1347//66
f 1346//66 1345//66 1348//66
f 1349//86 1350//86 1351//86
f 1352//86 1349//86 1351//86
f 1353//68 1354//68 1355//68
f 1355//68 1356//68 1353//68
f 1357//68 1358//68 1359//68
f 1360//68 1357//68 1359//68
f 1361//128 1362//128 1363//128
f 1363//128 1364//128 1361//128
f 1365//129 1366//129 1367//129
f 1366//129 1365//129 1368//129
f 1369//75 1370//75 1371//75
f 1370//75 1369//75 1372//75
f 1373//86 1374//86 1375//86
f 1375//86 1376//86 1373//86
f 1377//130 1378//130 1379//130
f 1380//66 1381//66 1382//66
f 1383//66 1380//66 1382//66
f 1384//103 1385//103 1386//103
f 1386//103 1387//103 1384//103
f 1388//131 1389//131 1390//131
f 1391//131 1389//131 1388//131
f 1392//1 1393//1 1394//1
f 1395//1 1393//1 1392//1
f 1396//77 1397//77 1398//77
f 1398//77 1399//77 1396//77
f 1400//86 1401//86 1402//86
f 1402//86 1403//86 1400//86
f 1404//132 1405//132 1406//132
f 1405//132 1404//132 1407//132
f 1408//133 1409//133 1410//133
f 1409//133 1408//133 1411//133
f 1412//134 1413//134 1414//134
f 1413//134 1412//134 1415//134
f 1416//66 1417//66 1418//66
f 1419//135 1420//135 1421//135
f 1421//135 1422//135 1419//135
f 1427//68 1428//68 1429//68
f 1429//68 1430//68 1427//68
f 1431//136 1432//136 1433//136
f 1434//136 1431//136 1433//136
f 1443//137 1444//137 1445//137
f 1445//137 1446//137 1443//137
f 1447//86 1448//86 1449//86
f 1449//86 1450//86 1447//86
f 1455//80 1456//80 1457//80
f 1455//80 1458//80 1456//80
f 1459//74 1460//74 1461//74
f 1461//74 1462//74 1459//74
f 1463//138 1464//138 1465//138
f 1464//138 1463//138 1466//138
f 1467//103 1468//103 1469//103
f 1468//103 1467//103 1470//103
f 1479//104 1480//104 1481//104
f 1480//104 1479//104 1482//104
f 1491//68 1492//68 1493//68
f 1494//68 1491//68 1493//68
f 1495//139 1496//139 1497//139
f 1497//139 1498//139 1495//139
f 1499//140 1500//140 1501//140
f 1500//140 1499//140 1502//140
f 1503//74 1504//74 1505//74
f 1504//74 1503//74 1506//74
f 1507//141 1508//141 1509//141
f 1508//141 1507//141 1510//141
f 1511//91 1512//91 1513//91
f 1512//91 1511//91 1514//91
f 1515//142 1516//142 1517//142
f 1516//142 1515//142 1518//142
f 1519//143 1520//143 1521//143
f 1520//143 1519//143 1522//143
f 1543//86 1544//86 1545//86
f 1544//86 1543//86 1546//86
f 1547//74 1548//74 1549//74
f 1548//74 1547//74 1550//74
f 1559//74 1560//74 1561//74
f 1561//74 1562//74 1559//74
f 1568//87 1567//87 1570//87
f 1571//66 1572//66 1573//66
f 1572//66 1571//66 1574//66
f 1575//81 1576//81 1577//81
f 1577//81 1578//81 1575//81
f 1579//89 1580//89 1581//89
f 1580//89 1579//89 1582//89
f 1583//73 1584//73 1585//73
f 1586//73 1587//73 1588//73
f 1589//73 1590//73 1591//73
f 1590//73 1588//73 1584//73
f 1590//73 1589//73 1592//73
f 1588//73 1590//73 1586//73
f 1584//73 1588//73 1585//73
f 1591//73 1593//73 1589//73
f 1591//73 1590//73 1584//73
f 1591//73 1594//73 1593//73
f 1595//86 1596//86 1597//86
f 1596//86 1595//86 1598//86
f 1603//80 1604//80 1605//80
f 1603//80 1606//80 1604//80
f 1607//144 1608//144 1609//144
f 1610//144 1607//144 1609//144
f 1611//86 1612//86 1613//86
f 1612//86 1611//86 1614//86
f 1615//93 1616//93 1617//93
f 1616//93 1615//93 1618//93
f 1623//80 1624//80 1625//80
f 1623//80 1626//80 1624//80
f 1627//66 1628//66 1629//66
f 1628//66 1627//66 1630//66
f 1635//73 1636//73 1637//73
f 1638//73 1639//73 1640//73
f 1640//73 1641//73 1638//73
f 1640//73 1639//73 1642//73
f 1637//73 1643//73 1644//73
f 1642//73 1639//73 1645//73
f 1645//73 1646//73 1642//73
f 1636//73 1635//73 1647//73
f 1643//73 1639//73 1638//73
f 1643//73 1637//73 1636//73
f 1639//73 1643//73 1636//73
f 1652//68 1653//68 1654//68
f 1655//68 1652//68 1654//68
f 1656//66 1657//66 1658//66
f 1657//66 1656//66 1659//66
f 1660//86 1661//86 1662//86
f 1661//86 1660//86 1663//86
f 1664//145 1665//145 1666//145
f 1665//145 1664//145 1667//145
f 1676//1 1677//1 1678//1
f 1679//1 1677//1 1676//1
f 1680//146 1681//146 1682//146
f 1685//147 1684//147 1687//147
f 1688//77 1689//77 1690//77
f 1690//77 1691//77 1688//77
f 1696//75 1697//75 1698//75
f 1696//75 1699//75 1697//75
f 1700//148 1701//148 1702//148
f 1701//148 1700//148 1703//148
f 1704//149 1705//149 1706//149
f 1707//149 1705//149 1704//149
f 1708//150 1709//150 1710//150
f 1709//150 1708//150 1711//150
f 1712//151 1713//151 1714//151
f 1715//152 1716//152 1717//152
f 1716//152 1715//152 1718//152
f 1719//75 1720//75 1721//75
f 1720//75 1719//75 1722//75
f 1723//86 1724//86 1725//86
f 1724//86 1723//86 1726//86
f 1727//74 1728//74 1729//74
f 1728//74 1727//74 1730//74
f 1731//73 1732//73 1733//73
f 1734//73 1735//73 1736//73
f 1737//73 1738//73 1739//73
f 1737//73 1732//73 1738//73
f 1740//73 1741//73 1735//73
f 1735//73 1734//73 1740//73
f 1735//73 1741//73 1732//73
f 1741//73 1740//73 1742//73
f 1732//73 1737//73 1735//73
f 1733//73 1732//73 1741//73
f 1743//153 1744//153 1745//153
f 1744//153 1743//153 1746//153
f 1747//144 1748//144 1749//144
f 1748//144 1747//144 1750//144
f 1751//66 1752//66 1753//66
f 1752//66 1751//66 1754//66
f 1755//69 1756//69 1757//69
f 1757//69 1758//69 1755//69
f 1759//154 1760//154 1761//154
f 1760//154 1759//154 1762//154
f 1763//155 1764//155 1765//155
f 1764//155 1763//155 1766//155
f 1767//156 1768//156 1769//156
f 1768//156 1767//156 1770//156
f 1779//157 1780//157 1781//157
f 1781//157 1782//157 1779//157
f 1783//68 1784//68 1785//68
f 1786//68 1783//68 1785//68
f 1787//66 1788//66 1789//66
f 1788//66 1787//66 1790//66
f 1795//158 1796//158 1797//158
f 1796//158 1795//158 1798//158
f 1803//159 1804//159 1805//159
f 1804//159 1803//159 1806//159
f 1807//86 1808//86 1809//86
f 1810//86 1809//86 1808//86
f 1815//160 1816//160 1817//160
f 1819//74 1820//74 1821//74
f 1820//74 1819//74 1822//74
f 1823//86 1824//86 1825//86
f 1826//86 1823//86 1825//86
f 1827//161 1828//161 1829//161
f 1828//161 1827//161 1830//161
f 1831//73 1832//73 1833//73
f 1832//73 1831//73 1834//73
f 1835//73 1836//73 1837//73
f 1836//73 1838//73 1839//73
f 1840//73 1833//73 1838//73
f 1841//73 1840//73 1842//73
f 1839//73 1843//73 1844//73
f 1839//73 1832//73 1843//73
f 1833//73 1840//73 1841//73
f 1833//73 1832//73 1839//73
f 1838//73 1836//73 1835//73
f 1838//73 1833//73 1839//73
f 1845//162 1846//162 1847//162
f 1845//162 1848//162 1846//162
f 1853//68 1854//68 1855//68
f 1854//68 1853//68 1856//68
f 1857//86 1858//86 1859//86
f 1858//86 1857//86 1860//86
f 1861//91 1862//91 1863//91
f 1862//91 1861//91 1864//91
f 1865//81 1866//81 1867//81
f 1869//80 1870//80 1871//80
f 1870//80 1869//80 1872//80
f 1873//93 1874//93 1875//93
f 1874//93 1873//93 1876//93
f 1877//75 1878//75 1879//75
f 1877//75 1880//75 1878//75
f 1881//66 1882//66 1883//66
f 1882//66 1881//66 1884//66
f 1895//163 1896//163 1893//163
f 1897//66 1898//66 1899//66
f 1898//66 1897//66 1900//66
f 1901//164 1902//164 1903//164
f 1902//164 1901//164 1904//164
f 1909//86 1910//86 1911//86
f 1912//86 1911//86 1910//86
f 1913//81 1914//81 1915//81
f 1914//81 1913//81 1916//81
f 1917//165 1918//165 1919//165
f 1919//165 1920//165 1917//165
f 1921//80 1922//80 1923//80
f 1921//80 1924//80 1922//80
f 1933//74 1934//74 1935//74
f 1934//74 1933//74 1936//74
f 1937//166 1938//166 1939//166
f 1938//166 1937//166 1940//166
f 1941//80 1942//80 1943//80
f 1941//80 1944//80 1942//80
f 1949//68 1950//68 1951//68
f 1950//68 1949//68 1952//68
f 1957//68 1958//68 1959//68
f 1958//68 1957//68 1960//68
f 1961//80 1962//80 1963//80
f 1961//80 1964//80 1962//80
f 1965//75 1966//75 1967//75
f 1965//75 1968//75 1966//75
f 1969//91 1970//91 1971//91
f 1970//91 1969//91 1972//91
f 1973//103 1974//103 1975//103
f 1974//103 1973//103 1976//103
f 1981//167 1982//167 1983//167
f 1982//167 1981//167 1984//167
f 1985//80 1986//80 1987//80
f 1985//80 1988//80 1986//80
f 1989//75 1990//75 1991//75
f 1989//75 1992//75 1990//75
f 1993//168 1994//168 1995//168
f 1994//168 1993//168 1996//168
f 1997//169 1998//169 1999//169
f 1998//169 1997//169 2000//169
f 2001//91 2002//91 2003//91
f 2003//91 2004//91 2001//91
f 2005//74 2006//74 2007//74
f 2006//74 2005//74 2008//74
f 2009//170 2010//170 2011//170
f 2012//170 2010//170 2009//170
f 2013//66 1417//66 2014//66
f 1417//66 2013//66 1418//66
f 1417//66 1416//66 2015//66
f 2024//159 2025//159 2026//159
f 2025//159 2024//159 2027//159
f 2028//103 2029//103 2030//103
f 2029//103 2028//103 2031//103
f 2032//158 2033//158 2034//158
f 2034//158 2035//158 2032//158
f 2036//66 2037//66 2038//66
f 2037//66 2036//66 2039//66
f 2040//75 2041//75 2042//75
f 2041//75 2040//75 2043//75
f 2044//171 2045//171 2046//171
f 2047//82 2048//82 2049//82
f 2050//74 2051//74 2052//74
f 2052//74 2053//74 2050//74
f 2054//172 2055//172 2056//172
f 2055//172 2054//172 2057//172
f 2058//90 2059//90 2060//90
f 2060//90 2061//90 2058//90
f 2062//92 2063//92 2064//92
f 2065//111 2066//111 2067//111
f 2068//83 2069//83 2070//83
f 2071//82 2072//82 2073//82
f 2074//173 2075//173 2076//173
f 2077//174 2078//174 2079//174
f 2080//175 2081//175 2082//175
f 2083//176 2084//176 2085//176
f 2086//177 2087//177 2088//177
f 2089//92 2090//92 2091//92
f 2092//178 2093//178 2094//178
f 2095//179 2096//179 2097//179
f 2098//180 2099//180 2100//180
f 2104//181 2105//181 2106//181
f 2107//182 2108//182 2109//182
f 2110//92 2111//92 2112//92
f 2113//111 2114//111 2115//111
f 2116//83 2117//83 2118//83
f 2119//82 2120//82 2121//82
f 2122//183 2123//183 2124//183
f 2125//92 2126//92 2127//92
f 2128//184 2129//184 2130//184
f 2131//111 2132//111 2133//111
f 2146//185 2147//185 2148//185
f 2149//186 2150//186 2151//186
f 2152//187 2153//187 2154//187
f 2155//188 2156//188 2157//188
f 2158//86 2159//86 2160//86
f 2160//86 2161//86 2158//86
f 2166//68 2167//68 2168//68
f 2167//68 2166//68 2169//68
f 2170//73 2171//73 2172//73
f 2170//73 2173//73 2171//73
f 2173//73 2174//73 2175//73
f 2173//73 2170//73 2174//73
f 2175//73 2174//73 2176//73
f 2177//73 2178//73 2179//73
f 2178//73 2175//73 2176//73
f 2178//73 2177//73 2175//73
f 2180//74 2181//74 2182//74
f 2181//74 2180//74 2183//74
f 2184//80 2185//80 2186//80
f 2184//80 2187//80 2185//80
f 2188//189 2189//189 2190//189
f 2189//189 2188//189 2191//189
f 2192//190 2193//190 2194//190
f 2194//190 2195//190 2192//190
f 2196//74 2197//74 2198//74
f 2197//74 2196//74 2199//74
f 2200//191 2201//191 2202//191
f 2201//191 2200//191 2203//191
f 2204//86 2205//86 2206//86
f 2207//86 2206//86 2205//86
f 2208//192 2209//192 2210//192
f 2211//192 2208//192 2210//192
f 2212//73 2213//73 2214//73
f 2215//73 2213//73 2212//73
f 2215//73 2216//73 2213//73
f 2216//73 2215//73 2217//73
f 2216//73 2217//73 2218//73
f 2219//193 2220//193 2221//193
f 2220//193 2219//193 2222//193
f 2223//86 2224//86 2225//86
f 2226//86 2225//86 2224//86
f 2227//68 2228//68 2229//68
f 2228//68 2227//68 2230//68
f 2231//194 2232//194 2233//194
f 2235//101 2236//101 2237//101
f 2238//101 2237//101 2236//101
f 2239//74 2240//74 2241//74
f 2242//74 2241//74 2240//74
f 2243//195 2244//195 2245//195
f 2245//195 2246//195 2243//195
f 2247//86 2248//86 2249//86
f 2248//86 2247//86 2250//86
f 2251//68 2252//68 2253//68
f 2253//68 2254//68 2251//68
f 2255//68 2256//68 2257//68
f 2258//68 2255//68 2257//68
f 2259//72 2260//72 2261//72
f 2260//72 2259//72 2262//72
f 2263//68 2264//68 2265//68
f 2266//68 2263//68 2265//68
f 2267//81 2268//81 2269//81
f 2269//81 2270//81 2267//81
f 2271//196 2272//196 2273//196
f 2272//196 2271//196 2274//196
f 2275//93 2276//93 2277//93
f 2278//93 2276//93 2275//93
f 2279//77 2280//77 2281//77
f 2280//77 2279//77 2282//77
s 1
f 5//197 6//197 7//197
f 8//198 6//197 5//197
f 33//199 34//199 35//199
f 36//199 35//199 34//199
f 41//200 42//200 43//200
f 42//200 41//200 44//200
f 61//201 62//201 63//201
f 62//201 61//201 64//201
f 65//31 66//31 67//31
f 77//202 78//202 79//202
f 77//202 80//202 78//202
f 109//203 110//203 111//203
f 110//203 109//203 112//203
f 130//204 131//204 132//204
f 131//204 130//204 133//204
f 141//205 142//205 143//205
f 142//205 141//205 144//205
f 149//206 150//206 151//206
f 150//206 149//206 152//207
f 153//208 154//208 155//208
f 154//208 153//208 156//208
f 157//209 158//209 159//209
f 158//209 157//209 160//209
f 174//210 175//210 176//210
f 177//210 174//210 176//210
f 190//211 191//211 192//211
f 190//211 193//211 191//211
f 210//212 211//212 212//212
f 211//212 210//212 213//212
f 222//213 223//213 224//213
f 223//213 222//213 225//213
f 230//214 231//214 232//214
f 233//214 230//214 232//214
f 246//215 247//215 248//215
f 248//215 249//215 250//215
f 249//215 248//215 247//215
f 250//215 251//215 252//215
f 251//215 250//215 249//215
f 254//216 255//216 256//217
f 255//216 254//216 257//216
f 258//218 259//218 260//218
f 261//218 258//218 260//218
f 262//219 263//219 264//219
f 263//219 262//219 265//219
f 274//220 275//220 276//220
f 275//220 274//220 277//220
f 278//221 279//222 280//222
f 281//222 279//222 278//221
f 282//223 283//223 284//223
f 283//223 282//223 285//223
f 293//224 294//224 295//224
f 294//224 293//224 296//225
f 297//226 298//226 299//226
f 300//226 297//226 299//226
f 301//227 302//227 303//227
f 302//227 301//227 304//227
f 305//228 306//228 307//228
f 306//228 305//228 308//228
f 313//229 314//229 315//230
f 314//229 313//229 316//231
f 317//232 318//232 319//232
f 318//232 317//232 320//232
f 321//233 322//234 323//233
f 324//233 322//234 321//233
f 325//235 326//235 327//235
f 328//235 326//235 325//235
f 345//236 346//236 347//236
f 348//236 349//237 350//236
f 351//236 352//236 353//236
f 350//236 346//236 354//236
f 350//236 354//236 348//236
f 346//236 345//236 355//236
f 346//236 352//236 351//236
f 352//236 346//236 350//236
f 355//236 354//236 346//236
f 356//236 354//236 355//236
f 357//238 358//238 359//238
f 358//238 357//238 360//238
f 361//239 362//239 363//239
f 362//239 361//239 364//239
f 365//240 366//240 367//240
f 368//240 367//240 366//240
f 369//241 370//241 371//242
f 370//241 369//241 372//241
f 373//243 374//243 375//243
f 376//243 374//243 373//243
f 401//244 402//244 403//244
f 402//244 401//244 404//244
f 409//245 410//245 411//245
f 410//245 409//245 412//245
f 416//8 415//8 414//8
f 417//246 418//246 419//246
f 418//246 417//246 420//246
f 434//247 435//248 436//248
f 435//248 434//247 437//248
f 442//249 443//249 444//250
f 445//249 443//249 442//249
f 446//251 447//251 448//251
f 449//251 448//251 447//251
f 450//252 451//253 452//252
f 451//253 450//252 453//252
f 485//254 486//254 487//254
f 488//254 486//254 485//254
f 489//255 490//255 491//255
f 492//255 490//255 489//255
f 493//256 494//256 495//256
f 494//256 493//256 496//256
f 501//257 502//257 503//257
f 502//257 501//257 504//257
f 509//258 510//258 511//258
f 512//258 510//258 509//258
f 535//259 536//259 537//259
f 536//259 535//259 538//259
f 555//260 556//260 557//260
f 556//260 555//260 558//260
f 559//261 560//261 561//261
f 560//261 559//261 562//261
f 567//262 568//262 569//262
f 570//262 567//262 569//262
f 583//263 584//263 585//264
f 586//264 585//264 584//263
f 595//265 596//265 597//265
f 596//265 595//265 598//265
f 599//266 600//266 601//266
f 600//266 599//266 602//266
f 615//267 616//267 617//267
f 616//267 615//267 618//267
f 635//268 636//268 637//268
f 636//268 635//268 638//268
f 639//269 640//269 641//270
f 640//269 639//269 642//269
f 695//271 696//271 697//271
f 722//31 723//31 724//31
f 728//17 729//17 730//17
f 737//272 738//273 739//272
f 740//272 738//273 737//272
f 741//274 742//274 743//274
f 742//274 741//274 744//274
f 745//275 746//275 747//275
f 748//275 747//275 746//275
f 761//276 762//277 763//277
f 762//277 761//276 764//278
f 806//279 807//280 808//281
f 807//280 806//279 809//280
f 842//282 843//282 844//282
f 842//282 845//282 843//282
f 862//283 863//283 864//283
f 863//283 862//283 865//283
f 894//1 895//1 896//1
f 898//284 899//284 900//284
f 899//284 898//284 901//284
f 912//285 913//285 914//285
f 938//286 939//286 940//287
f 941//287 938//286 940//287
f 943//87 942//87 945//87
f 986//288 987//288 988//288
f 987//288 986//288 989//288
f 990//80 991//80 992//80
f 990//80 993//80 991//80
f 1027//289 1028//289 1029//289
f 1027//289 1030//289 1028//289
f 1046//290 1047//290 1048//290
f 1047//290 1046//290 1049//290
f 1066//291 1067//291 1068//291
f 1067//291 1066//291 1069//292
f 1082//293 1083//293 1084//293
f 1083//293 1082//293 1085//293
f 1086//294 1087//294 1088//294
f 1087//294 1086//294 1089//294
f 1108//106 1107//106 1110//106
f 1115//295 1116//295 1117//295
f 1116//295 1115//295 1118//295
f 1135//296 1136//296 1137//296
f 1138//296 1137//296 1136//296
f 1178//297 1179//297 1180//297
f 1178//297 1181//297 1179//297
f 1209//298 1210//298 1211//298
f 1210//298 1209//298 1212//298
f 1225//299 1226//299 1227//299
f 1227//299 1228//299 1225//299
f 1233//300 1234//300 1235//300
f 1235//300 1236//300 1233//300
f 1248//301 1249//301 1250//301
f 1257//302 1258//302 1259//302
f 1258//302 1260//302 1259//302
f 1260//302 1261//302 1262//302
f 1263//303 1261//302 1264//304
f 1261//302 1260//302 1258//302
f 1261//302 1263//303 1262//302
f 1265//305 1266//305 1267//306
f 1266//305 1265//305 1268//305
f 1273//307 1274//307 1275//307
f 1275//307 1276//307 1273//307
f 1277//308 1278//308 1279//308
f 1278//308 1277//308 1280//308
f 1301//309 1302//309 1303//309
f 1302//309 1301//309 1304//309
f 1305//310 1306//310 1307//310
f 1306//310 1305//310 1308//310
f 1309//311 1310//311 1311//311
f 1310//311 1309//311 1312//311
f 1423//312 1424//312 1425//313
f 1424//312 1423//312 1426//312
f 1435//314 1436//314 1437//314
f 1435//314 1438//314 1436//314
f 1439//315 1440//315 1441//315
f 1440//315 1439//315 1442//315
f 1451//316 1452//316 1453//316
f 1454//316 1451//316 1453//316
f 1471//317 1472//317 1473//318
f 1472//317 1471//317 1474//319
f 1475//320 1476//320 1477//320
f 1476//320 1475//320 1478//320
f 1483//321 1484//322 1485//321
f 1484//322 1483//321 1486//321
f 1487//323 1488//323 1489//323
f 1489//323 1490//323 1487//323
f 1523//324 1524//324 1525//325
f 1526//324 1527//324 1528//324
f 1529//324 1528//324 1530//324
f 1530//324 1528//324 1531//324
f 1527//324 1526//324 1532//324
f 1528//324 1524//324 1533//324
f 1524//324 1523//324 1533//324
f 1524//324 1528//324 1527//324
f 1533//324 1531//324 1528//324
f 1531//324 1533//324 1534//324
f 1535//326 1536//326 1537//326
f 1536//326 1535//326 1538//326
f 1539//327 1540//327 1541//327
f 1540//327 1539//327 1542//327
f 1551//328 1552//328 1553//328
f 1551//328 1554//328 1552//328
f 1555//329 1556//329 1557//330
f 1556//329 1555//329 1558//329
f 1563//331 1564//331 1565//331
f 1565//331 1566//331 1563//331
f 1567//87 1568//87 1569//87
f 1599//332 1600//332 1601//332
f 1599//332 1602//332 1600//332
f 1619//333 1620//333 1621//333
f 1620//333 1619//333 1622//333
f 1631//334 1632//334 1633//334
f 1632//334 1631//334 1634//334
f 1648//335 1649//336 1650//335
f 1649//336 1648//335 1651//335
f 1668//337 1669//337 1670//337
f 1669//337 1668//337 1671//338
f 1672//339 1673//339 1674//339
f 1672//339 1675//339 1673//339
f 1681//146 1680//146 1683//146
f 1684//147 1685//147 1686//147
f 1692//340 1693//341 1694//340
f 1692//340 1695//340 1693//341
f 1771//342 1772//342 1773//342
f 1772//342 1771//342 1774//342
f 1775//343 1776//343 1777//343
f 1777//343 1778//343 1775//343
f 1791//344 1792//344 1793//344
f 1792//344 1791//344 1794//344
f 1799//345 1800//345 1801//345
f 1800//345 1799//345 1802//345
f 1811//346 1812//346 1813//346
f 1811//346 1814//346 1812//346
f 1816//160 1815//160 1818//160
f 1849//347 1850//347 1851//347
f 1850//347 1849//347 1852//347
f 1867//81 1868//81 1865//81
f 1885//348 1886//348 1887//348
f 1886//348 1885//348 1888//348
f 1889//349 1890//349 1891//349
f 1890//349 1889//349 1892//349
f 1893//163 1894//163 1895//163
f 1905//350 1906//350 1907//350
f 1907//350 1908//350 1905//350
f 1925//93 1926//93 1927//93
f 1928//93 1926//93 1925//93
f 1929//351 1930//352 1931//352
f 1929//351 1932//351 1930//352
f 1945//353 1946//353 1947//353
f 1946//353 1945//353 1948//353
f 1953//354 1954//354 1955//354
f 1954//354 1953//354 1956//354
f 1977//355 1978//355 1979//355
f 1978//355 1977//355 1980//355
f 2016//356 2017//356 2018//356
f 2017//356 2016//356 2019//356
f 2020//357 2021//357 2022//357
f 2020//357 2023//358 2021//357
f 2101//83 2102//83 2103//83
f 2134//359 2135//359 2136//359
f 2135//359 2134//359 2137//359
f 2138//360 2139//360 2140//360
f 2139//360 2138//360 2141//360
f 2142//361 2143//361 2144//361
f 2142//361 2145//361 2143//361
f 2162//362 2163//363 2164//364
f 2163//363 2162//362 2165//363
f 2232//194 2231//194 2234//194
