# Blender v3.1.2 OBJ File: ''
# www.blender.org
mtllib Ghost.mtl
o Ghost_Skull
v -0.447756 1.597012 -0.078198
v -0.610529 1.472822 -0.035368
v -0.413869 1.546462 -0.101436
v -0.487072 1.648953 -0.078251
v -0.653060 1.529011 -0.035425
v -0.520759 1.686803 -0.105097
v -0.717487 1.595701 -0.109714
v -0.689502 1.569956 -0.064466
v -0.398172 1.490326 -0.243965
v -0.574556 1.369657 -0.263458
v -0.414602 1.501697 -0.289591
v -0.604058 1.400371 -0.308981
v -0.442174 1.530245 -0.333307
v -0.640190 1.443728 -0.338876
v -0.475875 1.570479 -0.362578
v -0.562490 1.720389 -0.191922
v -0.739658 1.600818 -0.211167
v -0.734646 1.606289 -0.158391
v -0.546628 1.710602 -0.146925
v -0.677744 1.493899 -0.340762
v -0.510691 1.616909 -0.364865
v -0.540632 1.661147 -0.342068
v -0.710241 1.541811 -0.316689
v -0.559707 1.694804 -0.296082
v -0.731201 1.578388 -0.268712
v -0.567224 1.715384 -0.241253
v -0.392318 1.494550 -0.195798
v -0.550557 1.361981 -0.162584
v -0.556891 1.357412 -0.214689
v -0.396470 1.512785 -0.144462
v -0.573871 1.418139 -0.060506
v -0.555049 1.381707 -0.107050
v 0.423849 1.709832 -0.105557
v 0.590298 1.494533 -0.040740
v 0.631619 1.550289 -0.041355
v 0.441654 1.745160 -0.139511
v 0.694679 1.615732 -0.115964
v 0.455769 1.764388 -0.185034
v 0.667223 1.590544 -0.070622
v 0.406469 1.507025 -0.210095
v 0.555652 1.389567 -0.267194
v 0.538676 1.377874 -0.218266
v 0.407683 1.508172 -0.258834
v 0.584093 1.419796 -0.313137
v 0.408101 1.530628 -0.314244
v 0.619115 1.463005 -0.343646
v 0.464313 1.768781 -0.230885
v 0.716532 1.619817 -0.217164
v 0.466106 1.756921 -0.278081
v 0.429003 1.629949 -0.377248
v 0.655534 1.512728 -0.346033
v 0.413130 1.572487 -0.359688
v 0.446946 1.683743 -0.365489
v 0.687378 1.560587 -0.322367
v 0.460004 1.727234 -0.327551
v 0.708177 1.596986 -0.274451
v 0.399643 1.602057 -0.099338
v 0.405970 1.656934 -0.093390
v 0.404086 1.524038 -0.166488
v 0.532885 1.383309 -0.166245
v 0.400842 1.556661 -0.126371
v 0.555335 1.440627 -0.065217
v 0.537270 1.403745 -0.111102
v -0.874319 1.116684 -0.031151
v -0.869116 1.093835 -0.095478
v -0.896121 1.158884 0.022764
v -1.245977 1.245854 -0.036198
v -1.063357 1.363929 -0.035453
v -1.275456 1.248188 -0.083489
v -1.368905 1.195554 -0.044585
v -1.317106 1.221363 -0.032868
v -1.030338 1.334570 0.017660
v -1.202733 1.224466 0.008632
v -1.248629 1.228233 -0.022075
v -1.173349 1.206517 -0.015546
v -1.150547 1.181435 0.038219
v -1.072077 0.949345 -0.182268
v -1.097779 0.880984 -0.055625
v -1.149304 0.858120 -0.067372
v -0.876452 1.088542 -0.155834
v -1.043145 0.944094 -0.135807
v -1.115083 0.977692 -0.222766
v -1.216348 0.860904 -0.079235
v -1.165740 1.023266 -0.247646
v -0.930227 1.137843 -0.260309
v -1.349434 0.944190 -0.088097
v -1.215943 1.082031 -0.247949
v -1.052579 1.301336 -0.265677
v -1.014721 1.245722 -0.292374
v -0.971435 1.187721 -0.291377
v -1.258013 1.142089 -0.225537
v -1.393689 1.013633 -0.082731
v -1.282179 1.193868 -0.183351
v -1.078512 1.343132 -0.214127
v -1.288544 1.230864 -0.132530
v -1.089468 1.369068 -0.151650
v -1.083850 1.375635 -0.092134
v -1.400942 1.150545 -0.057365
v -1.409861 1.086387 -0.071548
v -1.101784 1.145640 -0.015269
v -1.093927 1.114229 0.041053
v -1.028583 0.959271 -0.084190
v -1.048082 1.044597 0.016517
v -1.028288 0.992778 -0.029050
v -1.052144 1.066846 -0.020685
v -1.062187 0.926276 -0.043324
v -1.043096 0.990810 -0.030707
v -1.077248 0.867848 0.146045
v -1.060320 1.197375 0.141235
v -1.389436 1.217387 0.143128
v -1.287136 0.889286 -0.086798
v -1.375830 0.915625 0.141782
v -1.303541 0.856520 0.141977
v -1.005667 1.105971 0.143032
v -0.959581 1.028441 0.352468
v -1.000823 1.012411 0.144815
v -1.016159 1.249254 0.327074
v -0.945720 1.147896 0.366895
v -1.030068 0.928920 0.145635
v -0.992345 0.934457 0.354015
v -1.046130 0.864312 0.357584
v -1.431637 1.157408 0.143448
v -1.444718 1.078709 0.142654
v -1.396274 1.250249 0.348654
v -1.426803 0.993915 0.141503
v -1.443563 1.182388 0.352606
v -1.456841 1.095258 0.355303
v -1.377734 0.915409 0.359295
v -1.435200 1.001914 0.357336
v -1.026856 1.382371 0.456271
v -1.119160 1.366771 0.519044
v -1.050381 1.407068 0.541340
v -1.032320 1.387403 0.627398
v -0.998788 1.450435 0.566934
v -0.998788 1.450435 0.566934
v -0.968872 1.438364 0.503906
v -1.092238 1.365041 0.648710
v -1.335899 0.925050 0.945165
v -1.391254 0.895512 1.038638
v -1.382609 0.902897 0.915798
v -1.305747 0.916371 0.818736
v -1.335899 0.925050 0.945165
v -1.305747 0.916371 0.818736
v -1.257179 0.989351 0.879140
v -1.319293 0.980384 0.973764
v -1.353430 0.916958 1.055429
v -1.319293 0.980384 0.973764
v -1.348936 1.085171 0.935339
v -1.363294 1.053429 0.982034
v -1.368984 1.018285 1.076134
v -1.338569 0.963715 1.071634
v -1.414586 1.047503 1.069696
v -1.423701 1.095465 0.971102
v -1.257179 0.989351 0.879140
v -1.434008 1.184256 0.874631
v -1.428920 0.929397 0.905225
v -1.462595 1.006971 0.780140
v -1.423589 0.936551 0.769602
v -1.382609 0.902897 0.915798
v -1.429733 0.916879 1.032382
v -1.428920 0.929397 0.905225
v -1.365989 0.900490 0.782604
v -1.423701 1.095465 0.971102
v -1.445288 1.018206 1.053087
v -1.414586 1.047503 1.069696
v -1.456315 1.057776 0.942094
v -1.458826 0.986906 0.913854
v -1.453025 0.963598 1.037063
v -1.429733 0.916879 1.032382
v -1.453025 0.963598 1.037063
v -1.467050 1.094162 0.814623
v -1.139186 1.138498 1.007379
v -1.172232 1.204393 1.136215
v -1.135273 1.134534 1.139786
v -1.195613 1.254888 0.911589
v -1.190121 1.229134 1.003047
v -1.237705 1.247438 1.137173
v -1.105270 1.141125 0.861748
v -1.273364 1.286392 1.003957
v -1.297827 1.353369 0.856828
v -1.366949 1.182582 1.019770
v -1.348936 1.085171 0.935339
v -1.319348 1.095620 1.024018
v -1.239440 1.042037 1.023022
v -1.257179 0.989351 0.879140
v -1.286290 1.097142 1.154334
v -1.434008 1.184256 0.874631
v -1.167505 1.066231 1.015757
v -1.161529 1.076111 1.147002
v -1.221651 1.055016 1.153354
v -1.239440 1.042037 1.023022
v -1.156569 1.035747 0.866508
v -1.167505 1.066231 1.015757
v -1.135273 1.134534 1.139786
v -1.161529 1.076111 1.147002
v -1.139186 1.138498 1.007379
v -1.105270 1.141125 0.861748
v -1.341964 1.258524 1.011308
v -1.237705 1.247438 1.137173
v -1.273364 1.286392 1.003957
v -1.381412 1.283575 0.860775
v -1.341964 1.258524 1.011308
v -1.322416 1.166081 1.150784
v -1.296994 1.225424 1.143547
v -1.366949 1.182582 1.019770
v -1.434008 1.184256 0.874631
v -1.035285 1.257273 0.931254
v -1.011664 1.276044 1.028101
v -1.059145 1.250219 1.044220
v -1.087821 1.223320 0.950280
v -1.038172 1.215434 0.822501
v -1.035285 1.257273 0.931254
v -0.991023 1.331473 1.011190
v -1.011664 1.276044 1.028101
v -1.013871 1.325544 0.911347
v -1.019622 1.299741 0.806076
v -1.159779 1.394552 0.927733
v -1.150889 1.351359 1.041772
v -1.119025 1.394454 1.024930
v -1.060322 1.407947 1.008881
v -1.083119 1.401945 0.909147
v -1.205315 1.352840 0.947198
v -1.195580 1.388947 0.818401
v -1.297827 1.353369 0.856828
v -1.205315 1.352840 0.947198
v -1.195613 1.254888 0.911589
v -1.162914 1.275469 0.955154
v -1.087821 1.223320 0.950280
v -1.105270 1.141125 0.861748
v -1.118241 1.289302 1.048489
v -1.297827 1.353369 0.856828
v -1.013871 1.325544 0.911347
v -1.012449 1.381197 1.004543
v -0.991023 1.331473 1.011190
v -1.040793 1.358004 0.799845
v -1.032150 1.376355 0.903832
v -1.032150 1.376355 0.903832
v -1.060322 1.407947 1.008881
v -1.012449 1.381197 1.004543
v -0.952006 1.455838 0.647468
v -0.882906 1.432052 0.682600
v -0.914351 1.480370 0.666498
v -0.911796 1.401311 0.665880
v -0.993039 1.425179 0.630871
v -0.942263 1.364122 0.653100
v -0.911796 1.401311 0.665880
v -0.861478 1.355571 0.650209
v -0.841011 1.393310 0.669980
v -0.942263 1.364122 0.653100
v -0.884084 1.308894 0.633154
v -0.919617 1.477737 0.544626
v -0.950556 1.482755 0.595491
v -0.952006 1.455838 0.647468
v -0.909337 1.506282 0.622394
v -0.950556 1.482755 0.595491
v -0.993039 1.425179 0.630871
v -0.861478 1.355571 0.650209
v -0.814679 1.396125 0.627917
v -0.841011 1.393310 0.669980
v -0.832598 1.355016 0.599935
v -0.884084 1.308894 0.633154
v -0.856125 1.301125 0.570570
v -0.832598 1.355016 0.599935
v -0.833208 1.386397 0.548550
v -0.812011 1.426479 0.584473
v -0.856125 1.301125 0.570570
v -0.863831 1.330684 0.507076
v -0.833208 1.386397 0.548550
v -0.912650 1.387438 0.484404
v -0.871358 1.436461 0.529547
v -0.841110 1.470356 0.567711
v -0.812011 1.426479 0.584473
v -0.871358 1.436461 0.529547
v -0.880658 1.504656 0.579671
v -0.841110 1.470356 0.567711
v -0.919617 1.477737 0.544626
v -0.912650 1.387438 0.484404
v -0.968872 1.438364 0.503906
v -1.427678 0.977438 1.139003
v -1.406749 0.995735 1.140977
v -1.438982 0.996367 1.113005
v -1.409705 1.019947 1.124982
v -1.438982 0.996367 1.113005
v -1.436122 0.948733 1.124017
v -1.427678 0.977438 1.139003
v -1.445288 1.018206 1.053087
v -1.449233 0.951814 1.101513
v -1.421846 0.918943 1.128401
v -1.429290 0.911216 1.098278
v -1.397257 0.905895 1.125008
v -1.429290 0.911216 1.098278
v -1.421846 0.918943 1.128401
v -1.395166 0.892221 1.102892
v -1.391254 0.895512 1.038638
v -1.406749 0.995735 1.140977
v -1.381104 0.978167 1.150941
v -1.372567 0.997630 1.129672
v -1.365204 0.949943 1.142036
v -1.372567 0.997630 1.129672
v -1.381104 0.978167 1.150941
v -1.349609 0.953709 1.126514
v -1.409705 1.019947 1.124982
v -1.257179 0.989351 0.879140
v -1.037421 1.037970 0.727356
v -1.177432 0.902690 0.731653
v -1.101231 0.959033 0.733093
v -0.995351 1.365901 1.104900
v -0.975075 1.333135 1.073173
v -0.996028 1.379457 1.067489
v -0.982730 1.332406 1.100482
v -0.996028 1.379457 1.067489
v -1.030856 1.385425 1.099409
v -0.995351 1.365901 1.104900
v -1.039928 1.404617 1.071519
v -1.028739 1.283395 1.121269
v -1.059927 1.305607 1.132067
v -1.087814 1.294813 1.106344
v -1.083042 1.343222 1.120039
v -1.087814 1.294813 1.106344
v -1.059927 1.305607 1.132067
v -1.150889 1.351359 1.041772
v -1.115716 1.348793 1.100483
v -1.036965 1.261993 1.102491
v -1.059145 1.250219 1.044220
v -1.119025 1.394454 1.024930
v -1.089788 1.389895 1.085696
v -1.030856 1.385425 1.099409
v -1.039928 1.404617 1.071519
v -1.089788 1.389895 1.085696
v -1.083042 1.343222 1.120039
v -1.061321 1.372850 1.117799
v -1.115716 1.348793 1.100483
v -1.205422 1.140847 1.279141
v -1.180897 1.112185 1.266332
v -1.163297 1.138687 1.252029
v -1.178260 1.168378 1.261007
v -1.205422 1.140847 1.279141
v -1.178260 1.168378 1.261007
v -1.208700 1.188732 1.250871
v -1.205422 1.140847 1.279141
v -1.255732 1.146233 1.258278
v -1.237188 1.115131 1.270289
v -1.205422 1.140847 1.279141
v -1.210329 1.096189 1.259436
v -1.180897 1.112185 1.266332
v -1.237188 1.115131 1.270289
v -1.234551 1.171324 1.264964
v -1.263132 1.197937 1.223932
v -1.286177 1.152792 1.229781
v -1.234551 1.171324 1.264964
v -1.215837 1.216352 1.218702
v -1.263132 1.197937 1.223932
v -1.296994 1.225424 1.143547
v -1.163297 1.138687 1.252029
v -1.166129 1.091017 1.226406
v -1.143085 1.136162 1.220558
v -1.180897 1.112185 1.266332
v -1.210329 1.096189 1.259436
v -1.166129 1.091017 1.226406
v -1.213424 1.072603 1.231637
v -1.180897 1.112185 1.266332
v -1.237188 1.115131 1.270289
v -1.261524 1.102104 1.232555
v -1.210329 1.096189 1.259436
v -1.255732 1.146233 1.258278
v -1.286177 1.152792 1.229781
v -1.261524 1.102104 1.232555
v -1.322416 1.166081 1.150784
v -1.237188 1.115131 1.270289
v -1.213424 1.072603 1.231637
v -1.221651 1.055016 1.153354
v -1.381104 0.978167 1.150941
v -1.401657 0.946599 1.148236
v -1.365204 0.949943 1.142036
v -1.427678 0.977438 1.139003
v -1.406749 0.995735 1.140977
v -1.436122 0.948733 1.124017
v -1.421846 0.918943 1.128401
v -1.397257 0.905895 1.125008
v -1.375271 0.919673 1.140339
v -1.375271 0.919673 1.140339
v -0.840200 1.521566 0.632615
v -0.821756 1.494842 0.601810
v -0.853560 1.523283 0.610278
v -0.815548 1.505455 0.633298
v -0.803436 1.474709 0.636296
v -0.799667 1.457119 0.615453
v -0.803586 1.429281 0.649039
v -0.805034 1.460984 0.661533
v -0.822779 1.452898 0.678703
v -0.826304 1.424942 0.681121
v -0.803586 1.429281 0.649039
v -0.814679 1.396125 0.627917
v -0.861771 1.503604 0.675615
v -0.852661 1.523746 0.656924
v -0.878784 1.523272 0.643026
v -0.840200 1.521566 0.632615
v -0.853560 1.523283 0.610278
v -0.878784 1.523272 0.643026
v -0.880658 1.504656 0.579671
v -0.909337 1.506282 0.622394
v -0.852661 1.523746 0.656924
v -0.885208 1.499764 0.677277
v -0.914351 1.480370 0.666498
v -0.842147 1.479275 0.685159
v -0.815548 1.505455 0.633298
v -0.824735 1.497728 0.663627
v -0.840200 1.521566 0.632615
v -0.852661 1.523746 0.656924
v -0.861771 1.503604 0.675615
v -0.969285 1.319117 0.657264
v -1.032320 1.387403 0.627398
v -0.969285 1.319117 0.657264
v -0.995623 1.294686 0.681033
v -1.032320 1.387403 0.627398
v -1.092238 1.365041 0.648710
v -0.969285 1.319117 0.657264
v -0.905213 1.250445 0.630156
v -0.995623 1.294686 0.681033
v -0.925350 1.181595 0.652889
v -1.026856 1.382371 0.456271
v -0.863831 1.330684 0.507076
v -0.965136 1.317569 0.429369
v -0.904453 1.253153 0.459442
v -1.144592 1.262096 0.140507
v -1.109180 1.327154 0.362719
v -0.884040 1.229618 0.545292
v -0.905213 1.250445 0.630156
v -0.904453 1.253153 0.459442
v -0.925350 1.181595 0.652889
v -0.912941 1.140945 0.524231
v -0.945720 1.147896 0.366895
v -0.860613 1.457711 0.690255
v -0.852661 1.523746 0.656924
v -0.885208 1.499764 0.677277
v -0.826304 1.424942 0.681121
v -0.882906 1.432052 0.682600
v -1.384914 0.912138 0.499475
v -1.297208 0.849816 0.360855
v -1.299629 0.843178 0.501138
v -1.311804 0.847632 0.602563
v -1.206390 0.819205 0.361692
v -1.202888 0.811676 0.502068
v -1.216609 0.823614 0.609162
v -1.214041 1.360202 0.620477
v -1.109180 1.327154 0.362719
v -1.218954 1.343661 0.500383
v -1.321137 1.331823 0.604015
v -1.445269 1.003707 0.497423
v -1.467223 1.103032 0.495326
v -1.453870 1.004222 0.598940
v -1.395590 0.913014 0.599035
v -1.452322 1.195799 0.492527
v -1.322394 1.317410 0.488957
v -1.402669 1.278358 0.602407
v -1.224427 1.320363 0.345713
v -1.321164 1.296890 0.345628
v -1.323028 1.257542 0.142156
v -1.402115 1.267691 0.488372
v -1.454513 1.202192 0.605375
v -1.472545 1.105714 0.602636
v -0.975347 0.934885 0.497808
v -0.939425 1.035557 0.507511
v -0.985233 0.961580 0.612580
v -0.945884 1.064632 0.627315
v -1.045294 0.884449 0.611520
v -1.123331 0.837155 0.613820
v -1.032560 0.860358 0.497797
v -1.109072 0.817460 0.501282
v -1.118343 0.823922 0.360901
v -1.141452 0.833093 0.145549
v -0.896699 1.102610 -0.211137
v -1.163297 1.138687 1.252029
v -1.167738 1.186851 1.217783
v -1.178260 1.168378 1.261007
v -1.143085 1.136162 1.220558
v -1.167738 1.186851 1.217783
v -1.208700 1.188732 1.250871
v -1.178260 1.168378 1.261007
v -1.215837 1.216352 1.218702
v -1.397257 0.905895 1.125008
v -1.362874 0.912479 1.114945
v -1.375271 0.919673 1.140339
v -1.353430 0.916958 1.055429
v -1.395166 0.892221 1.102892
v -1.338569 0.963715 1.071634
v -1.362874 0.912479 1.114945
v -1.365204 0.949943 1.142036
v -1.375271 0.919673 1.140339
v -1.349609 0.953709 1.126514
v -0.984275 1.238451 0.727809
v -0.993586 1.137905 0.726750
v -1.317956 1.347183 0.720203
v -1.398707 1.286919 0.725508
v -1.450714 1.203908 0.724684
v -1.472474 1.106449 0.705269
v -1.460294 1.009026 0.684174
v -1.102668 1.368946 0.724791
v -1.209959 1.376397 0.721233
v -1.100006 1.388360 0.803917
v -1.365989 0.900490 0.782604
v -1.338156 0.874402 0.687288
v -1.258440 0.870535 0.710727
v -1.040793 1.358004 0.799845
v -1.019622 1.299741 0.806076
v -1.024038 1.319214 0.727070
v -0.984275 1.238451 0.727809
v -0.995623 1.294686 0.681033
v -0.925350 1.181595 0.652889
v -1.024038 1.319214 0.727070
v -1.092238 1.365041 0.648710
v -0.995623 1.294686 0.681033
v -1.410481 0.926121 0.678308
v -0.982730 1.332406 1.100482
v -0.994053 1.284374 1.088137
v -0.975075 1.333135 1.073173
v -0.993957 1.298658 1.119169
v -1.028739 1.283395 1.121269
v -0.994053 1.284374 1.088137
v -1.036965 1.261993 1.102491
v -0.993957 1.298658 1.119169
v -0.987849 1.287313 0.051816
v -0.938584 1.222227 0.051883
v -1.236834 1.277226 0.141170
v -0.995351 1.365901 1.104900
v -1.022878 1.335294 1.129007
v -0.982730 1.332406 1.100482
v -1.028739 1.283395 1.121269
v -0.993957 1.298658 1.119169
v -1.059927 1.305607 1.132067
v -0.993957 1.298658 1.119169
v -1.221099 0.829183 0.143860
v 1.254885 1.260936 -0.090047
v 1.039817 1.379667 -0.038241
v 1.226998 1.257171 -0.043416
v 1.059740 1.391894 -0.094616
v 1.362096 1.197045 -0.065696
v 1.007312 1.349914 0.014156
v 1.184329 1.235415 0.000516
v 1.020872 0.958458 -0.142736
v 0.845813 1.109425 -0.099598
v 0.853155 1.104127 -0.159953
v 1.045337 0.968612 -0.191226
v 0.873453 1.118157 -0.215247
v 1.092005 0.882351 -0.081832
v 1.079475 1.006945 -0.236713
v 1.228612 0.964078 -0.211828
v 1.180597 0.906114 -0.172206
v 0.907082 1.153318 -0.264401
v 1.122997 1.060742 -0.266438
v 1.282441 1.027354 -0.212289
v 0.948421 1.203101 -0.295446
v 1.171250 1.121513 -0.266777
v 1.217659 1.176307 -0.239944
v 1.054847 1.359154 -0.217667
v 1.251268 1.217457 -0.192290
v 1.386557 1.108351 -0.112708
v 1.337158 1.079896 -0.176148
v 1.065333 1.385441 -0.154561
v 1.264597 1.247011 -0.139270
v 1.389972 1.156902 -0.082554
v 1.132143 1.192533 0.029392
v 1.168420 1.206767 -0.037484
v 0.964974 1.302582 0.047773
v 1.096572 1.146320 -0.037806
v 1.075169 1.125679 0.032088
v 0.915549 1.237616 0.047811
v 0.872941 1.174383 0.018666
v 1.029113 1.056111 0.008020
v 0.851052 1.132248 -0.035264
v 1.008386 0.971549 -0.090955
v 1.008955 1.004402 -0.036599
v 1.057435 0.925925 -0.065299
v 1.137712 0.868439 -0.109210
v 1.080053 0.861952 0.112653
v 1.145222 0.827498 0.104842
v 1.046897 1.067451 -0.043068
v 1.060802 1.193348 0.114399
v 1.006500 1.101507 0.116098
v 1.311820 1.221396 -0.053478
v 1.390939 1.212161 0.113494
v 1.324533 1.252171 0.114478
v 1.377353 0.916244 0.080393
v 1.029836 1.316512 -0.269697
v 1.038093 0.990861 -0.052414
v 1.002427 1.007095 0.117136
v 1.015893 1.246328 0.299280
v 0.958759 1.025651 0.324610
v 0.945191 1.145136 0.339060
v 1.032042 0.923329 0.116118
v 0.991289 0.931585 0.326145
v 1.044899 0.861305 0.329714
v 0.991849 1.260997 -0.296418
v 1.432886 1.152910 0.110320
v 1.396001 1.246374 0.320969
v 1.443122 1.178395 0.324920
v 1.445677 1.075660 0.102851
v 1.427843 0.993335 0.088595
v 1.377742 0.911116 0.328341
v 1.434310 0.997941 0.329608
v 1.456182 1.091232 0.327602
v 1.026883 1.379389 0.428509
v 1.119130 1.363547 0.491306
v 1.109096 1.323988 0.334969
v 1.032311 1.384370 0.599639
v 0.998952 1.447498 0.539180
v 0.993122 1.422243 0.603109
v 1.050445 1.404009 0.513591
v 0.969024 1.435515 0.476140
v 0.998952 1.447498 0.539180
v 1.334650 0.921196 0.917391
v 1.381313 0.898934 0.888032
v 1.389906 0.891501 1.010874
v 1.304513 0.912620 0.790952
v 1.364726 0.896597 0.754833
v 1.334650 0.921196 0.917391
v 1.256109 0.985707 0.851358
v 1.304513 0.912620 0.790952
v 1.318174 0.976565 0.945997
v 1.352129 0.913037 1.027658
v 1.337381 0.959827 1.043869
v 1.318174 0.976565 0.945997
v 1.348088 1.081287 0.907604
v 1.256109 0.985707 0.851358
v 1.367929 1.014320 1.048390
v 1.362354 1.049499 0.954296
v 1.422868 1.091388 0.943390
v 1.433422 1.180174 0.846942
v 1.381313 0.898934 0.888032
v 1.364726 0.896597 0.754833
v 1.427694 0.925322 0.877479
v 1.428440 0.912773 1.004633
v 1.389906 0.891501 1.010874
v 1.422868 1.091388 0.943390
v 1.444239 1.014057 1.025364
v 1.455397 1.053624 0.914383
v 1.433422 1.180174 0.846942
v 1.451846 0.959433 1.009331
v 1.457739 0.982754 0.886129
v 1.428440 0.912773 1.004633
v 1.427694 0.925322 0.877479
v 1.466257 1.090011 0.786924
v 1.138449 1.135118 0.979596
v 1.171623 1.200903 1.108455
v 1.189611 1.225629 0.975298
v 1.195192 1.251389 0.883848
v 1.104582 1.137862 0.833956
v 1.272995 1.282680 0.976245
v 1.297667 1.349628 0.829137
v 1.366319 1.178634 0.992062
v 1.348088 1.081287 0.907604
v 1.433422 1.180174 0.846942
v 1.318500 1.091790 0.996276
v 1.321706 1.162216 1.123059
v 1.285409 1.093366 1.126584
v 1.238460 1.038406 0.995246
v 1.256109 0.985707 0.851358
v 1.220666 1.051401 1.125576
v 1.238460 1.038406 0.995246
v 1.220666 1.051401 1.125576
v 1.166587 1.062779 0.987965
v 1.155618 1.032356 0.838707
v 1.256109 0.985707 0.851358
v 1.138449 1.135118 0.979596
v 1.166587 1.062779 0.987965
v 1.272995 1.282680 0.976245
v 1.237202 1.243785 1.109442
v 1.341524 1.254640 0.983608
v 1.381077 1.279626 0.833092
v 1.297667 1.349628 0.829137
v 1.366319 1.178634 0.992062
v 1.341524 1.254640 0.983608
v 1.034865 1.254167 0.903466
v 1.058677 1.247030 1.016437
v 1.011264 1.272977 1.000312
v 1.087312 1.220081 0.922500
v 1.037681 1.212345 0.794706
v 1.104582 1.137862 0.833956
v 1.034865 1.254167 0.903466
v 1.011264 1.272977 1.000312
v 0.990766 1.328459 0.983407
v 1.013627 1.322496 0.883569
v 1.159701 1.391138 0.900010
v 1.150671 1.347943 1.014038
v 1.205128 1.349309 0.919480
v 1.083065 1.398725 0.881405
v 1.060255 1.404763 0.981134
v 1.195519 1.385468 0.790688
v 1.205128 1.349309 0.919480
v 1.195192 1.251389 0.883848
v 1.297667 1.349628 0.829137
v 1.162532 1.272042 0.927407
v 1.150671 1.347943 1.014038
v 1.117868 1.285966 1.020732
v 1.087312 1.220081 0.922500
v 1.104582 1.137862 0.833956
v 1.058677 1.247030 1.016437
v 1.013627 1.322496 0.883569
v 1.012316 1.378132 0.976776
v 1.032034 1.373263 0.876070
v 1.040661 1.354913 0.772082
v 1.019344 1.296701 0.778293
v 1.099948 1.385122 0.776177
v 1.032034 1.373263 0.876070
v 1.040661 1.354913 0.772082
v 0.952160 1.453000 0.619700
v 0.882991 1.429377 0.654808
v 0.911810 1.398568 0.638089
v 0.911810 1.398568 0.638089
v 0.841004 1.390742 0.642167
v 0.861383 1.352957 0.622394
v 0.942189 1.361307 0.625309
v 0.950792 1.479931 0.567729
v 0.880953 1.502009 0.551894
v 0.909623 1.503555 0.594625
v 0.919855 1.475001 0.516855
v 0.952160 1.453000 0.619700
v 0.909623 1.503555 0.594625
v 0.914561 1.477620 0.638725
v 0.950792 1.479931 0.567729
v 0.832516 1.352485 0.572112
v 0.855918 1.298542 0.542741
v 0.883878 1.306228 0.605335
v 0.861383 1.352957 0.622394
v 0.814691 1.393631 0.600097
v 0.832516 1.352485 0.572112
v 0.812110 1.424002 0.556659
v 0.833219 1.383875 0.520734
v 0.855918 1.298542 0.542741
v 0.833219 1.383875 0.520734
v 0.912681 1.384733 0.456611
v 0.863716 1.328095 0.479257
v 0.841323 1.467809 0.539914
v 0.871498 1.433848 0.501752
v 0.919855 1.475001 0.516855
v 0.912681 1.384733 0.456611
v 0.871498 1.433848 0.501752
v 1.426504 0.973314 1.111267
v 1.437862 0.992220 1.085276
v 1.405620 0.991662 1.113239
v 1.413605 1.043426 1.041971
v 1.408640 1.015871 1.097250
v 1.437862 0.992220 1.085276
v 1.434881 0.944591 1.096276
v 1.448006 0.947645 1.073778
v 1.444239 1.014057 1.025364
v 1.420529 0.914836 1.100650
v 1.395909 0.901850 1.097247
v 1.427963 0.907097 1.070528
v 1.426504 0.973314 1.111267
v 1.427963 0.907097 1.070528
v 1.420529 0.914836 1.100650
v 1.451846 0.959433 1.009331
v 1.393791 0.888186 1.075128
v 1.405620 0.991662 1.113239
v 1.371446 0.993645 1.101924
v 1.379928 0.974156 1.123192
v 1.363961 0.945973 1.114276
v 1.379928 0.974156 1.123192
v 1.371446 0.993645 1.101924
v 1.337381 0.959827 1.043869
v 1.348380 0.949781 1.098750
v 1.413605 1.043426 1.041971
v 1.408640 1.015871 1.097250
v 1.176189 0.899276 0.703829
v 1.036515 1.034904 0.699522
v 1.100128 0.955808 0.705260
v 0.984171 0.958669 0.584714
v 1.044041 0.881390 0.583655
v 1.030707 1.382294 1.071649
v 1.039834 1.401469 1.043765
v 0.995874 1.376419 1.039717
v 0.995152 1.362856 1.077125
v 0.974804 1.330148 1.045385
v 0.982449 1.329394 1.072696
v 0.995874 1.376419 1.039717
v 0.990766 1.328459 0.983407
v 1.060255 1.404763 0.981134
v 1.012316 1.378132 0.976776
v 0.995152 1.362856 1.077125
v 1.028331 1.280264 1.093486
v 1.087438 1.291539 1.078580
v 1.059571 1.302397 1.104298
v 1.082782 1.339957 1.092283
v 1.059571 1.302397 1.104298
v 1.087438 1.291539 1.078580
v 1.115475 1.345451 1.072739
v 1.036509 1.258846 1.074706
v 1.089654 1.386621 1.057953
v 1.039834 1.401469 1.043765
v 1.030707 1.382294 1.071649
v 1.118920 1.391121 0.997197
v 1.118920 1.391121 0.997197
v 1.089654 1.386621 1.057953
v 1.061136 1.369639 1.090044
v 1.082782 1.339957 1.092283
v 1.115475 1.345451 1.072739
v 1.204614 1.137244 1.251377
v 1.162492 1.135195 1.224253
v 1.180021 1.108646 1.238555
v 1.177526 1.164847 1.233242
v 1.204614 1.137244 1.251377
v 1.208019 1.185127 1.223119
v 1.177526 1.164847 1.233242
v 1.204614 1.137244 1.251377
v 1.236319 1.111451 1.242529
v 1.254943 1.142511 1.230530
v 1.204614 1.137244 1.251377
v 1.180021 1.108646 1.238555
v 1.209416 1.092579 1.231664
v 1.236319 1.111451 1.242529
v 1.233823 1.167652 1.237215
v 1.233823 1.167652 1.237215
v 1.215234 1.212736 1.190958
v 1.262481 1.194203 1.196198
v 1.296434 1.221623 1.115828
v 1.321706 1.162216 1.123059
v 1.296434 1.221623 1.115828
v 1.262481 1.194203 1.196198
v 1.285412 1.149000 1.202043
v 1.162492 1.135195 1.224253
v 1.142282 1.132727 1.192775
v 1.165213 1.087524 1.198620
v 1.180021 1.108646 1.238555
v 1.165213 1.087524 1.198620
v 1.209416 1.092579 1.231664
v 1.212461 1.068990 1.203860
v 1.160598 1.072646 1.119211
v 1.134490 1.131136 1.112000
v 1.160598 1.072646 1.119211
v 1.180021 1.108646 1.238555
v 1.209416 1.092579 1.231664
v 1.260633 1.098373 1.204799
v 1.236319 1.111451 1.242529
v 1.260633 1.098373 1.204799
v 1.254943 1.142511 1.230530
v 1.236319 1.111451 1.242529
v 1.285412 1.149000 1.202043
v 1.212461 1.068990 1.203860
v 1.373953 0.915679 1.112575
v 1.400404 0.942538 1.120486
v 1.363961 0.945973 1.114276
v 1.379928 0.974156 1.123192
v 1.426504 0.973314 1.111267
v 1.405620 0.991662 1.113239
v 1.434881 0.944591 1.096276
v 1.420529 0.914836 1.100650
v 1.373953 0.915679 1.112575
v 1.395909 0.901850 1.097247
v 0.840522 1.519007 0.604830
v 0.822021 1.492336 0.574014
v 0.815830 1.502957 0.605502
v 0.803640 1.472241 0.608489
v 0.812110 1.424002 0.556659
v 0.853892 1.520696 0.582497
v 0.880953 1.502009 0.551894
v 0.841323 1.467809 0.539914
v 0.799834 1.454665 0.587643
v 0.803674 1.426811 0.621223
v 0.822917 1.450373 0.650898
v 0.805197 1.458506 0.633724
v 0.826373 1.422408 0.653311
v 0.841004 1.390742 0.642167
v 0.814691 1.393631 0.600097
v 0.803674 1.426811 0.621223
v 0.862035 1.500982 0.647832
v 0.879107 1.520616 0.615252
v 0.852981 1.521152 0.629143
v 0.879107 1.520616 0.615252
v 0.840522 1.519007 0.604830
v 0.852981 1.521152 0.629143
v 0.853892 1.520696 0.582497
v 0.885463 1.497084 0.649500
v 0.842349 1.476701 0.657365
v 0.824989 1.495201 0.635832
v 0.815830 1.502957 0.605502
v 0.840522 1.519007 0.604830
v 0.852981 1.521152 0.629143
v 0.883878 1.306228 0.605335
v 0.969098 1.316235 0.629472
v 0.993122 1.422243 0.603109
v 0.942189 1.361307 0.625309
v 1.032311 1.384370 0.599639
v 0.969098 1.316235 0.629472
v 0.995368 1.291733 0.653244
v 1.032311 1.384370 0.599639
v 0.969098 1.316235 0.629472
v 1.092167 1.361855 0.620964
v 0.904863 1.247728 0.602330
v 0.995368 1.291733 0.653244
v 0.924823 1.178823 0.625054
v 1.026883 1.379389 0.428509
v 0.965010 1.314746 0.401576
v 0.969024 1.435515 0.476140
v 0.945191 1.145136 0.339060
v 1.145160 1.257929 0.113733
v 0.904159 1.250475 0.431617
v 1.109096 1.323988 0.334969
v 0.863716 1.328095 0.479257
v 0.883663 1.226972 0.517457
v 0.904863 1.247728 0.602330
v 0.904159 1.250475 0.431617
v 0.924823 1.178823 0.625054
v 0.912350 1.138232 0.496384
v 0.860760 1.455090 0.662461
v 0.862035 1.500982 0.647832
v 0.852981 1.521152 0.629143
v 0.885463 1.497084 0.649500
v 0.914561 1.477620 0.638725
v 0.826373 1.422408 0.653311
v 0.882991 1.429377 0.654808
v 1.383759 0.908260 0.471713
v 1.310461 0.843913 0.574766
v 1.298303 0.839511 0.473336
v 1.297759 0.845344 0.328259
v 1.306450 0.855791 0.080452
v 1.215205 0.820130 0.581333
v 1.201485 0.808249 0.474231
v 1.206138 0.815185 0.331502
v 1.213966 1.356721 0.592764
v 1.218872 1.340194 0.472668
v 1.224330 1.316914 0.317995
v 1.320996 1.328079 0.576325
v 1.466543 1.098950 0.467629
v 1.452916 1.000151 0.571218
v 1.444343 0.999678 0.469698
v 1.394410 0.909088 0.571277
v 1.451873 1.191754 0.464847
v 1.322250 1.313688 0.461266
v 1.402394 1.274412 0.574730
v 1.401846 1.263771 0.460692
v 1.321009 1.293202 0.317932
v 1.471842 1.101595 0.574941
v 0.974251 0.932023 0.469934
v 0.938577 1.032782 0.479649
v 0.945074 1.061815 0.599461
v 1.031279 0.857354 0.469922
v 1.121960 0.833901 0.585967
v 1.107684 0.814266 0.473419
v 1.117010 0.820736 0.333043
v 0.711603 1.625684 -0.164517
v 1.208019 1.185127 1.223119
v 1.215234 1.212736 1.190958
v 1.167062 1.183354 1.190019
v 1.177526 1.164847 1.233242
v 1.167062 1.183354 1.190019
v 1.162492 1.135195 1.224253
v 1.134490 1.131136 1.112000
v 1.142282 1.132727 1.192775
v 1.237202 1.243785 1.109442
v 1.177526 1.164847 1.233242
v 1.363961 0.945973 1.114276
v 1.361546 0.908521 1.087177
v 1.373953 0.915679 1.112575
v 1.395909 0.901850 1.097247
v 1.373953 0.915679 1.112575
v 1.361546 0.908521 1.087177
v 1.393791 0.888186 1.075128
v 1.352129 0.913037 1.027658
v 1.348380 0.949781 1.098750
v 0.983868 1.235516 0.700004
v 0.992929 1.134948 0.698926
v 1.019344 1.296701 0.778293
v 1.450219 1.199817 0.697004
v 1.398419 1.282957 0.697831
v 1.317819 1.343422 0.692516
v 1.454048 1.198118 0.577695
v 1.461596 1.002838 0.752420
v 1.471743 1.102309 0.677575
v 1.459328 1.004921 0.656455
v 1.209894 1.372904 0.693522
v 1.102585 1.365718 0.697048
v 1.092167 1.361855 0.620964
v 1.257123 0.866926 0.682920
v 1.336854 0.870599 0.659505
v 1.023831 1.316181 0.699293
v 1.023831 1.316181 0.699293
v 0.995368 1.291733 0.653244
v 0.983868 1.235516 0.700004
v 0.924823 1.178823 0.625054
v 1.092167 1.361855 0.620964
v 0.995368 1.291733 0.653244
v 1.422419 0.932519 0.741856
v 1.409311 0.922141 0.650557
v 0.993587 1.295614 1.091379
v 0.993657 1.281336 1.060344
v 1.028331 1.280264 1.093486
v 1.036509 1.258846 1.074706
v 0.993657 1.281336 1.060344
v 0.993587 1.295614 1.091379
v 0.982449 1.329394 1.072696
v 0.974804 1.330148 1.045385
v 1.237837 1.272449 0.114326
v 1.243739 1.228156 -0.043218
v 0.993587 1.295614 1.091379
v 1.022597 1.332176 1.101232
v 0.982449 1.329394 1.072696
v 0.995152 1.362856 1.077125
v 0.993587 1.295614 1.091379
v 1.028331 1.280264 1.093486
v 1.059571 1.302397 1.104298
v 1.225185 0.825424 0.091809
v -0.614487 2.872051 -0.723512
v -0.532880 2.665623 -0.722308
v -0.587058 2.668555 -0.668106
v -0.629980 2.884967 -0.681460
v -0.648408 3.032681 -0.759692
v -0.599123 2.909322 -0.601100
v -0.502635 2.741006 -0.432711
v -0.562019 2.914433 -0.588825
v -0.628224 3.047358 -0.710819
v -0.562019 2.914433 -0.588825
v -0.502635 2.741006 -0.432711
v -0.446322 2.754741 -0.444712
v -0.527384 2.911726 -0.601658
v -0.605257 3.050493 -0.703244
v -0.502050 2.871152 -0.731088
v -0.565447 3.036787 -0.763615
v -0.502079 2.884598 -0.689317
v -0.512988 2.862894 -0.759061
v -0.410449 2.709629 -0.679628
v -0.415224 2.695029 -0.727882
v -0.643700 3.041122 -0.732311
v -0.614600 2.681733 -0.595562
v -0.623414 2.898402 -0.636354
v -0.602136 2.700590 -0.519809
v -0.599123 2.909322 -0.601100
v -0.628224 3.047358 -0.710819
v -0.560646 2.721644 -0.459584
v -0.527384 2.911726 -0.601658
v -0.409362 2.757950 -0.502231
v -0.511324 2.898631 -0.641405
v -0.583264 3.049920 -0.710712
v -0.412425 2.730762 -0.606831
v -0.570654 3.045039 -0.734217
v -0.512988 2.862894 -0.759061
v -0.415224 2.695029 -0.727882
v -0.545152 2.859810 -0.766583
v -0.575035 3.016710 -0.806221
v -0.465434 2.677673 -0.742444
v -0.583820 2.862693 -0.754484
v -0.639252 3.022849 -0.785000
v -0.620416 3.015148 -0.803594
v -0.465434 2.677673 -0.742444
v -0.596147 3.013078 -0.810873
v -0.611995 3.130294 -0.838555
v -0.639800 3.223021 -0.865132
v -0.634806 3.224586 -0.863978
v -0.624210 3.127547 -0.841228
v -0.639800 3.223021 -0.865132
v -0.638132 3.129208 -0.837248
v -0.645448 3.224324 -0.863641
v -0.616869 3.151094 -0.784398
v -0.608919 3.149796 -0.797776
v -0.636842 3.235034 -0.841340
v -0.633459 3.235446 -0.847100
v -0.605043 3.146013 -0.814508
v -0.631945 3.234179 -0.854252
v -0.651005 3.233823 -0.847101
v -0.651570 3.146420 -0.797098
v -0.647352 3.234441 -0.841691
v -0.654301 3.141736 -0.812727
v -0.642687 3.149384 -0.784712
v -0.565935 3.025936 -0.789026
v -0.605922 3.137936 -0.828881
v -0.632288 3.229434 -0.860114
v -0.634806 3.224586 -0.863978
v -0.611995 3.130294 -0.838555
v -0.575035 3.016710 -0.806221
v -0.340972 2.596866 -0.533042
v -0.328048 2.553933 -0.675855
v -0.249929 2.480503 -0.517096
v -0.259087 2.416915 -0.694502
v -0.365878 2.487456 -0.768703
v -0.300460 2.309022 -0.827015
v -0.640353 2.386444 -0.542516
v -0.602808 2.374777 -0.662866
v -0.526958 2.385118 -0.755983
v -0.611417 2.111846 -0.670223
v -0.656428 2.119941 -0.504815
v -0.386819 2.553675 -0.315518
v -0.460165 2.501231 -0.288758
v -0.305944 2.377817 -0.199237
v -0.390333 2.271835 -0.146779
v -0.365878 2.487456 -0.768703
v -0.300460 2.309022 -0.827015
v -0.440081 2.426614 -0.793784
v -0.440081 2.426614 -0.793784
v -0.510327 2.132445 -0.803696
v -0.384687 2.197445 -0.865400
v -0.605257 3.050493 -0.703244
v -0.642687 3.149384 -0.784712
v -0.642044 3.234777 -0.839653
v -0.629573 3.150976 -0.780252
v -0.647352 3.234441 -0.841691
v -0.642044 3.234777 -0.839653
v -0.616869 3.151094 -0.784398
v -0.636842 3.235034 -0.841340
v -0.583264 3.049920 -0.710712
v -0.629573 3.150976 -0.780252
v -0.648991 3.134969 -0.826929
v -0.645448 3.224324 -0.863641
v -0.649930 3.228081 -0.859565
v -0.652148 3.232008 -0.853765
v -0.612314 2.409767 -0.421655
v -0.460165 2.501231 -0.288758
v -0.543861 2.447495 -0.326951
v -0.615629 2.140980 -0.339189
v -0.514756 2.190362 -0.207225
v -0.386819 2.553675 -0.315518
v -0.262345 2.457707 -0.337887
v -0.359109 2.588890 -0.401161
v -0.446322 2.754741 -0.444712
v -0.141340 2.408660 -0.497423
v -0.147233 2.339611 -0.698105
v -0.184448 2.201192 -0.857834
v -0.305944 2.377817 -0.199237
v -0.147723 2.381217 -0.290798
v -0.014452 2.315358 -0.695270
v -0.657115 1.959469 -0.477603
v -0.616189 1.971260 -0.283288
v -0.479246 2.023891 -0.127421
v -0.649641 1.845714 -0.459709
v -0.608197 1.850760 -0.256720
v -0.476580 1.967371 -0.828843
v -0.606595 1.951967 -0.669769
v -0.469049 1.840233 -0.830030
v -0.597940 1.837496 -0.663245
v -0.384687 2.197445 -0.865400
v -0.014362 2.010781 -0.950712
v -0.272034 2.028656 -0.917927
v -0.262862 1.853319 -0.938041
v -0.473068 1.879614 -0.086133
v -0.262945 1.909819 0.024883
v -0.272441 2.109904 -0.038860
v -0.185162 2.276029 -0.121332
v -0.014449 2.358427 -0.272713
v -0.014357 2.105282 0.012241
v -0.014428 2.259319 -0.092359
v 0.560968 2.884320 -0.722357
v 0.592435 3.046163 -0.759547
v 0.577447 2.896839 -0.680021
v 0.555059 2.667918 -0.668773
v 0.500881 2.664946 -0.722941
v 0.509123 2.926194 -0.585238
v 0.546953 2.920901 -0.598245
v 0.572596 3.060590 -0.709689
v 0.464689 2.742955 -0.438506
v 0.527546 2.721611 -0.461599
v 0.509123 2.926194 -0.585238
v 0.402126 2.758271 -0.455091
v 0.464689 2.742955 -0.438506
v 0.473297 2.923898 -0.597602
v 0.549328 3.063735 -0.701652
v 0.526814 3.063271 -0.708872
v 0.443986 2.885127 -0.727928
v 0.444925 2.898136 -0.685633
v 0.507921 3.050488 -0.762219
v 0.517203 3.030592 -0.805588
v 0.455352 2.876687 -0.756603
v 0.344236 2.727889 -0.671961
v 0.588029 3.054451 -0.731715
v 0.571377 2.910015 -0.634282
v 0.570141 2.700034 -0.520711
v 0.582602 2.681140 -0.596315
v 0.572596 3.060590 -0.709689
v 0.546953 2.920901 -0.598245
v 0.473297 2.923898 -0.597602
v 0.526814 3.063271 -0.708872
v 0.455540 2.911567 -0.637354
v 0.360409 2.761721 -0.515523
v 0.402126 2.758271 -0.455091
v 0.352122 2.745864 -0.599277
v 0.513636 3.058558 -0.732498
v 0.488720 2.873171 -0.764840
v 0.433435 2.676964 -0.743102
v 0.374096 2.699456 -0.726797
v 0.455352 2.876687 -0.756603
v 0.517203 3.030592 -0.805588
v 0.563428 3.028914 -0.803634
v 0.528956 2.875469 -0.753243
v 0.582810 3.036480 -0.785068
v 0.433435 2.676964 -0.743102
v 0.552829 3.144841 -0.838963
v 0.538642 3.026935 -0.810638
v 0.565185 3.142108 -0.841867
v 0.566990 3.198245 -0.852529
v 0.582845 3.197401 -0.852063
v 0.579331 3.143759 -0.838048
v 0.577427 3.214915 -0.859017
v 0.558435 3.165373 -0.784089
v 0.570502 3.211918 -0.818061
v 0.550649 3.163893 -0.797594
v 0.593441 3.160772 -0.797522
v 0.586171 3.210745 -0.818454
v 0.584586 3.163679 -0.784812
v 0.590654 3.226351 -0.835662
v 0.546686 3.160096 -0.814528
v 0.570754 3.228120 -0.835511
v 0.569009 3.226109 -0.845120
v 0.568967 3.220734 -0.853207
v 0.547237 3.152184 -0.829101
v 0.508120 3.039761 -0.788001
v 0.552829 3.144841 -0.838963
v 0.583432 3.248963 -0.848231
v 0.591791 3.223917 -0.844773
v 0.580577 3.227968 -0.827460
v 0.596009 3.156168 -0.813425
v 0.580577 3.227968 -0.827460
v 0.583432 3.248963 -0.848231
v 0.583432 3.248963 -0.848231
v 0.588988 3.219220 -0.852749
v 0.582162 3.243138 -0.861136
v 0.583128 3.247471 -0.855234
v 0.582162 3.243138 -0.861136
v 0.583128 3.247471 -0.855234
v 0.577427 3.214915 -0.859017
v 0.582162 3.243138 -0.861136
v 0.374096 2.699456 -0.726797
v 0.296038 2.553367 -0.676289
v 0.290583 2.598821 -0.545890
v 0.227586 2.416370 -0.694765
v 0.218434 2.479887 -0.517794
v 0.333862 2.486991 -0.768923
v 0.608328 2.386054 -0.542841
v 0.570782 2.374468 -0.663012
v 0.478825 2.132371 -0.803655
v 0.494932 2.384808 -0.756069
v 0.579888 2.111756 -0.670278
v 0.624900 2.119906 -0.504965
v 0.352113 2.554381 -0.318286
v 0.428152 2.501121 -0.289182
v 0.428152 2.501121 -0.289182
v 0.274466 2.377810 -0.199407
v 0.408060 2.426228 -0.793910
v 0.333862 2.486991 -0.768923
v 0.408060 2.426228 -0.793910
v 0.268975 2.308787 -0.827045
v 0.353269 2.197315 -0.865370
v 0.353269 2.197315 -0.865370
v 0.583432 3.248963 -0.848231
v 0.571364 3.165238 -0.780081
v 0.584586 3.163679 -0.784812
v 0.549328 3.063735 -0.701652
v 0.571364 3.165238 -0.780081
v 0.558435 3.165373 -0.784089
v 0.590461 3.149468 -0.827752
v 0.582162 3.243138 -0.861136
v 0.511842 2.447328 -0.327333
v 0.580291 2.409490 -0.422023
v 0.582306 2.142316 -0.341044
v 0.483261 2.190343 -0.207423
v 0.358924 2.271791 -0.147042
v 0.306621 2.592912 -0.416651
v 0.352113 2.554381 -0.318286
v 0.230849 2.457460 -0.338571
v 0.274466 2.377810 -0.199407
v 0.272334 0.486889 -0.526095
v 0.098397 0.345453 -0.511644
v 0.094618 0.352643 -0.532575
v 0.128306 0.394162 -0.549258
v 0.251994 0.500509 -0.558090
v 0.376403 0.649305 -0.515398
v 0.344870 0.669578 -0.564554
v 0.216548 0.472720 -0.393790
v 0.228530 0.613172 -0.303170
v 0.175352 0.465104 -0.387960
v 0.071002 0.343678 -0.466310
v 0.128350 0.382859 -0.459079
v 0.082683 0.656767 -0.515398
v 0.102125 0.507123 -0.558090
v 0.080665 0.495348 -0.526095
v 0.071219 0.636351 -0.456382
v 0.217575 0.496007 -0.579412
v 0.292298 0.661699 -0.597313
v -0.010798 0.293065 -0.502586
v -0.000727 0.341770 -0.511644
v -0.011936 0.291439 -0.520281
v 0.007408 0.291505 -0.501761
v 0.026651 0.341583 -0.466309
v -0.010798 0.293065 -0.502586
v -0.010798 0.293065 -0.502586
v -0.011936 0.291439 -0.520281
v 0.007599 0.289979 -0.520769
v 0.049059 0.337590 -0.463563
v 0.007408 0.291505 -0.501761
v 0.024671 0.297498 -0.502586
v 0.094873 0.347254 -0.489541
v 0.026174 0.296202 -0.520281
v 0.007408 0.291505 -0.501761
v 0.024132 0.301808 -0.537058
v 0.070586 0.354887 -0.555806
v 0.176455 0.490125 -0.587406
v 0.048611 0.349633 -0.559724
v 0.006829 0.296136 -0.538801
v 0.006829 0.296136 -0.538801
v 0.006829 0.296136 -0.538801
v 0.026235 0.352792 -0.555806
v 0.048611 0.349633 -0.559724
v 0.002364 0.349216 -0.532575
v 0.072933 0.482160 -0.487683
v -0.011337 0.297375 -0.537058
v 0.035284 0.393800 -0.549258
v -0.011337 0.297375 -0.537058
v 0.082295 0.641581 -0.394042
v -0.092493 0.747498 -0.284603
v -0.130882 0.735983 -0.349105
v -0.143661 0.728140 -0.425727
v 0.071219 0.636351 -0.456382
v -0.372849 0.839320 -0.296010
v -0.389033 0.828471 -0.396108
v -0.324052 0.855958 -0.213809
v 0.046915 0.767736 -0.614038
v 0.167311 0.664875 -0.597313
v -0.030549 0.775683 -0.598944
v 0.167311 0.664875 -0.597313
v 0.115206 0.675413 -0.564554
v -0.245451 0.891187 -0.620392
v -0.146525 0.882321 -0.639880
v 0.344870 0.669578 -0.564554
v 0.184879 0.805129 -0.558680
v 0.225957 0.784672 -0.498262
v 0.376403 0.649305 -0.515398
v 0.241427 0.760545 -0.425726
v 0.386813 0.628334 -0.456382
v 0.101692 0.875887 -0.398437
v 0.081605 0.906274 -0.491185
v 0.028906 0.932044 -0.569057
v 0.291390 0.626013 -0.312127
v 0.251191 0.482301 -0.412949
v 0.344160 0.641674 -0.341563
v 0.187744 0.771081 -0.284603
v 0.125625 0.744973 -0.248424
v 0.050852 0.720948 -0.237415
v -0.045791 0.854715 -0.175821
v -0.140816 0.823837 -0.157353
v 0.033061 0.888826 -0.222372
v 0.344160 0.641674 -0.341563
v -0.011337 0.297375 -0.537058
v -0.011337 0.297375 -0.537058
v 0.136014 0.499607 -0.579413
v 0.229505 0.651516 -0.609593
v 0.115206 0.675413 -0.564554
v 0.002619 0.343827 -0.489541
v 0.035328 0.382497 -0.459079
v 0.080229 0.485438 -0.447107
v 0.082295 0.641581 -0.394042
v 0.101322 0.488915 -0.412949
v 0.114495 0.647508 -0.341563
v 0.049059 0.337590 -0.463563
v 0.134987 0.476320 -0.393790
v -0.010798 0.293065 -0.502586
v 0.166402 0.629188 -0.312127
v 0.278875 0.473071 -0.487683
v 0.271897 0.476980 -0.447107
v 0.376017 0.634119 -0.394042
v 0.386813 0.628334 -0.456382
v 0.083867 0.882948 -0.301404
v 0.131237 1.017354 -0.133223
v 0.033061 0.888826 -0.222372
v 0.226587 0.978584 -0.374267
v 0.202539 0.995473 -0.243103
v 0.402046 1.148094 -0.191709
v 0.310042 1.191909 -0.053705
v 0.101692 0.875887 -0.398437
v -0.095358 0.781546 -0.558680
v -0.328205 0.896458 -0.566924
v -0.126019 1.033615 -0.722918
v -0.216019 1.249121 -0.782865
v -0.032342 1.201106 -0.816628
v -0.265275 1.063235 -0.693763
v -0.328205 0.896458 -0.566924
v -0.268613 1.001958 -0.064092
v -0.324052 0.855958 -0.213809
v -0.240139 0.837813 -0.168843
v -0.129605 0.960085 -0.044404
v -0.140816 0.823837 -0.157353
v -0.227563 1.203988 0.020527
v -0.375109 0.861502 -0.488651
v -0.455715 1.045455 -0.504649
v -0.482213 1.006063 -0.373562
v -0.381962 1.084853 -0.617184
v -0.472862 1.243712 -0.549272
v -0.370164 1.282901 -0.690268
v 0.050852 0.720948 -0.237415
v -0.026885 0.732138 -0.248424
v 0.114495 0.647508 -0.341563
v 0.376017 0.634119 -0.394042
v 0.227516 0.766143 -0.349105
v 0.187744 0.771081 -0.284603
v 0.344160 0.641674 -0.341563
v 0.083867 0.882948 -0.301404
v 0.033061 0.888826 -0.222372
v 0.046915 0.767736 -0.614038
v 0.121961 0.788517 -0.598944
v 0.184879 0.805129 -0.558680
v 0.344870 0.669578 -0.564554
v 0.028906 0.932044 -0.569057
v -0.051105 0.909931 -0.620569
v -0.146525 0.882321 -0.639880
v 0.071219 0.636351 -0.456382
v -0.132441 0.754513 -0.498263
v 0.082683 0.656767 -0.515398
v -0.143661 0.728140 -0.425727
v -0.375109 0.861502 -0.488651
v -0.389033 0.828471 -0.396108
v -0.466221 1.730663 -0.069903
v -0.259793 1.715536 0.047389
v -0.442848 1.581307 -0.070447
v -0.251536 1.537459 0.046993
v -0.013958 1.693820 0.082782
v -0.014339 1.496276 0.087386
v 0.223743 1.531158 0.048488
v 0.231879 1.715543 0.047381
v -0.014053 1.907961 0.070501
v 0.438791 1.732014 -0.070295
v 0.515617 1.524905 -0.240103
v 0.574023 1.714656 -0.242462
v 0.234631 1.909737 0.024740
v 0.416399 1.569871 -0.067909
v 0.444538 1.881036 -0.086895
v 0.595558 1.548334 -0.433508
v 0.574130 1.709660 -0.649667
v 0.558363 1.548529 -0.629834
v 0.452642 1.576848 -0.794257
v 0.621119 1.846692 -0.460166
v 0.617678 1.717208 -0.448806
v 0.579125 1.853958 -0.258583
v 0.456136 1.705190 -0.824224
v 0.228099 1.547654 -0.911151
v 0.231872 1.699650 -0.940201
v 0.569514 1.837579 -0.663193
v 0.440645 1.831113 -0.834832
v -0.012042 1.548301 -0.950852
v -0.014057 1.837929 -0.988294
v -0.013965 1.699710 -0.981208
v -0.259801 1.703458 -0.937114
v -0.250770 1.563295 -0.907912
v -0.451481 1.572327 -0.795933
v 0.234535 1.840022 -0.944931
v -0.466532 1.707418 -0.820495
v -0.595054 1.712856 -0.649748
v -0.577580 1.568864 -0.630364
v -0.645518 1.715780 -0.448171
v -0.601651 1.708088 -0.239669
v -0.545508 1.529429 -0.237291
v -0.622554 1.564881 -0.436965
v 0.268975 2.308787 -0.827045
v 0.117289 2.339288 -0.698264
v 0.111403 2.408589 -0.497437
v -0.014432 2.177361 -0.868254
v 0.154595 2.201068 -0.857842
v -0.014448 2.386076 -0.485372
v 0.117783 2.381199 -0.290788
v 0.155317 2.276314 -0.121539
v 0.622996 1.962528 -0.481245
v 0.585416 1.973285 -0.284729
v 0.448332 2.025059 -0.128652
v -0.384572 1.043721 -0.130073
v -0.457135 1.023901 -0.241221
v -0.372849 0.839320 -0.296010
v -0.389033 0.828471 -0.396108
v -0.512581 1.208107 -0.381359
v -0.471737 1.239898 -0.223738
v -0.379189 1.264839 -0.078192
v 0.012099 0.987425 -0.066874
v -0.129605 0.960085 -0.044404
v -0.044745 1.131787 0.055106
v 0.147415 1.163458 0.033750
v -0.051105 0.909931 -0.620569
v -0.126019 1.033615 -0.722918
v 0.015438 1.053536 -0.694776
v -0.146525 0.882321 -0.639880
v 0.028906 0.932044 -0.569057
v 0.081605 0.906274 -0.491185
v 0.133846 1.061382 -0.614718
v 0.203960 1.022258 -0.506065
v 0.101692 0.875887 -0.398437
v 0.226587 0.978584 -0.374267
v 0.409171 1.142743 -0.529142
v 0.435498 1.107664 -0.354522
v 0.158955 1.197330 -0.778515
v 0.319063 1.190893 -0.679298
v -0.015462 1.309250 0.091161
v 0.386083 1.387447 -0.055367
v 0.208265 1.344748 0.057644
v -0.232252 1.373451 0.047189
v -0.403691 1.437603 -0.073010
v 0.541018 1.325465 -0.396274
v 0.406380 1.388995 -0.748017
v 0.512069 1.343696 -0.583676
v 0.488530 1.357954 -0.221359
v 0.576615 1.951982 -0.669755
v 0.446706 1.967514 -0.828710
v 0.242478 2.028687 -0.917885
v -0.006260 1.374807 -0.890167
v -0.406350 1.446839 -0.747604
v -0.223683 1.424997 -0.850070
v 0.216818 1.369877 -0.852353
v -0.510943 1.421762 -0.242031
v -0.565005 1.397563 -0.415968
v -0.525167 1.415356 -0.595346
v 0.242894 2.109950 -0.038973
v 0.000023 1.860228 0.523910
v -0.032918 1.836319 0.442279
v -0.047275 1.841412 0.528167
v 0.000022 1.855368 0.438729
v -0.047275 1.841412 0.528167
v -0.056097 1.840984 0.438578
v -0.070434 1.846018 0.524286
v -0.032918 1.836319 0.442279
v -0.036525 1.906741 0.435983
v -0.032918 1.836319 0.442279
v -0.024263 1.914521 0.437009
v -0.056097 1.840984 0.438578
v 0.000022 1.855368 0.438729
v 0.000025 1.922324 0.438106
v -0.052757 1.582705 0.551285
v -0.043205 1.669442 0.562738
v -0.064528 1.668608 0.560206
v -0.031180 1.543748 0.380350
v -0.020101 1.597448 0.340179
v -0.015131 1.544573 0.382855
v -0.031180 1.543748 0.380350
v -0.029676 1.546441 0.472035
v -0.051040 1.547489 0.469239
v -0.052757 1.582705 0.551285
v -0.035345 1.583378 0.553328
v -0.024263 1.914521 0.437009
v -0.038461 1.919157 0.521513
v -0.050729 1.911392 0.520532
v -0.048917 1.927470 0.539855
v -0.069338 1.916813 0.538574
v -0.036525 1.906741 0.435983
v -0.198556 1.589811 0.317009
v -0.211428 1.610206 0.440449
v -0.202552 1.555491 0.352791
v -0.117118 1.666420 0.553567
v -0.122749 1.590643 0.542152
v -0.093209 1.613836 0.448502
v -0.165769 1.591519 0.322189
v -0.211428 1.610206 0.440449
v -0.198556 1.589811 0.317009
v -0.117118 1.666420 0.553567
v -0.093209 1.613836 0.448502
v -0.060423 1.616185 0.455627
v 0.000025 1.922324 0.438106
v 0.000026 1.938158 0.541236
v -0.061060 1.820612 0.549197
v -0.070434 1.846018 0.524286
v -0.096473 1.827010 0.544051
v -0.047275 1.841412 0.528167
v 0.000022 1.837735 0.546508
v 0.000023 1.860228 0.523910
v -0.070434 1.846018 0.524286
v -0.056097 1.840984 0.438578
v -0.036525 1.906741 0.435983
v -0.050729 1.911392 0.520532
v -0.187072 1.611745 0.445118
v -0.242200 1.663974 0.546137
v -0.191721 1.665707 0.551395
v -0.210563 1.557143 0.445623
v -0.235783 1.596501 0.528364
v -0.242200 1.663974 0.546137
v -0.179739 1.595148 0.535966
v -0.187072 1.611745 0.445118
v -0.181215 1.556514 0.452262
v -0.157509 1.554676 0.360731
v -0.191721 1.665707 0.551395
v -0.165769 1.591519 0.322189
v -0.081286 1.593527 0.328287
v -0.043550 1.596120 0.336152
v -0.064528 1.668608 0.560206
v -0.096588 1.544822 0.370834
v -0.100260 1.548990 0.461019
v -0.081286 1.593527 0.328287
v -0.061060 1.820612 0.549197
v -0.096473 1.827010 0.544051
v -0.064381 1.780869 0.552119
v 0.000019 1.783655 0.556653
v -0.256637 2.686521 0.234117
v -0.176322 2.711396 0.094628
v -0.259776 2.702980 0.094053
v -0.300210 2.610416 -0.094115
v -0.347874 2.669297 0.084372
v -0.360560 2.657315 0.225761
v -0.052934 1.729811 -0.420607
v -0.035222 1.933196 -0.592623
v -0.026459 1.727564 -0.427414
v -0.070468 1.935959 -0.582731
v -0.105884 1.734305 -0.406993
v -0.140961 1.941485 -0.562946
v 0.000025 1.930434 -0.602516
v 0.000016 1.725317 -0.434221
v -0.235783 1.596501 0.528364
v -0.242200 1.663974 0.546137
v -0.270923 1.606452 0.498119
v -0.179739 1.595148 0.535966
v -0.117118 1.666420 0.553567
v -0.191721 1.665707 0.551395
v -0.150187 1.699401 0.550523
v -0.197267 1.712926 0.545763
v -0.224873 1.726256 0.540417
v -0.290931 1.653531 0.510987
v -0.318216 1.713057 0.506069
v -0.070468 1.935959 -0.582731
v -0.124964 2.210648 -0.573836
v -0.062463 2.208980 -0.591072
v -0.035222 1.933196 -0.592623
v -0.102793 2.454139 -0.472030
v -0.051396 2.458091 -0.481431
v -0.031213 2.208146 -0.599690
v -0.025667 2.460064 -0.486142
v 0.000038 2.207312 -0.608308
v 0.000025 1.930434 -0.602516
v -0.021472 1.640326 0.266892
v 0.000011 1.615363 0.071105
v 0.000011 1.615947 0.072874
v 0.000012 1.641617 0.270808
v -0.052414 1.639061 0.263052
v -0.025755 1.614798 0.069387
v -0.071218 1.613704 0.066066
v -0.034661 1.613666 -0.181739
v -0.016829 1.612918 -0.184005
v -0.070290 1.615159 -0.177221
v 0.000011 1.612164 -0.186287
v -0.217833 2.643634 -0.085673
v -0.142625 2.655231 -0.075323
v -0.234776 2.548820 -0.280849
v -0.126614 2.693993 0.219257
v -0.109888 2.538493 0.332446
v -0.073352 2.697210 0.213859
v -0.164554 2.576724 -0.288264
v -0.216379 2.431389 -0.435467
v 0.000008 1.545427 0.474933
v 0.000010 1.584072 0.555436
v -0.052757 1.582705 0.551285
v -0.060423 1.616185 0.455627
v -0.051040 1.547489 0.469239
v -0.064528 1.668608 0.560206
v -0.031180 1.543748 0.380350
v -0.043550 1.596120 0.336152
v -0.015131 1.544573 0.382855
v 0.000008 1.545414 0.385403
v 0.000010 1.598796 0.344268
v 0.000008 1.545414 0.385403
v -0.043550 1.596120 0.336152
v -0.021472 1.640326 0.266892
v -0.052414 1.639061 0.263052
v -0.081286 1.593527 0.328287
v -0.114274 1.636458 0.255156
v 0.000012 1.641617 0.270808
v -0.059946 2.225412 0.466538
v -0.124578 2.334908 0.422606
v -0.088920 2.214612 0.466162
v -0.053883 2.136839 0.488387
v 0.000036 2.144315 0.489310
v -0.077613 2.129376 0.487505
v -0.174548 2.272307 0.426332
v -0.129210 2.193762 0.451949
v 0.000054 2.544364 0.327154
v 0.000061 2.700646 0.209125
v -0.256637 2.686521 0.234117
v -0.338580 2.514086 0.324723
v -0.192731 2.532576 0.337606
v -0.245758 2.340773 0.420120
v -0.340743 2.341336 0.401970
v -0.077412 2.345632 0.421451
v 0.000040 2.236231 0.466977
v 0.000045 2.356436 0.420540
v -0.165769 1.591519 0.322189
v -0.244913 1.575740 0.367201
v -0.290733 1.627812 0.422562
v -0.255136 1.596167 0.338294
v -0.290931 1.653531 0.510987
v -0.325538 1.669221 0.408696
v -0.270923 1.606452 0.498119
v -0.271736 1.575737 0.433508
v -0.263436 1.645990 0.273814
v -0.318216 1.713057 0.506069
v -0.176026 1.633544 0.246313
v -0.157509 1.554676 0.360731
v -0.096588 1.544822 0.370834
v -0.255136 1.596167 0.338294
v -0.198556 1.589811 0.317009
v -0.244913 1.575740 0.367201
v -0.202552 1.555491 0.352791
v -0.263436 1.645990 0.273814
v -0.122749 1.590643 0.542152
v -0.179739 1.595148 0.535966
v -0.181215 1.556514 0.452262
v -0.270923 1.606452 0.498119
v -0.210563 1.557143 0.445623
v -0.235783 1.596501 0.528364
v -0.202552 1.555491 0.352791
v -0.244913 1.575740 0.367201
v -0.271736 1.575737 0.433508
v -0.100260 1.548990 0.461019
v -0.157509 1.554676 0.360731
v -0.096588 1.544822 0.370834
v -0.493256 2.186101 -0.207315
v -0.382700 2.311782 -0.310014
v -0.443637 2.163136 -0.329276
v -0.526776 1.982262 -0.166620
v -0.558734 2.028671 -0.017631
v -0.431577 1.687617 0.046961
v -0.517183 1.833502 0.097608
v -0.483328 1.800946 -0.044590
v -0.370954 1.712979 -0.092127
v -0.012407 2.600233 -0.278507
v -0.067351 2.666640 -0.065542
v -0.029742 2.672422 -0.060413
v -0.025667 2.460064 -0.486142
v 0.000049 2.462039 -0.490847
v -0.103615 2.586137 -0.284332
v -0.042728 2.595547 -0.280411
v -0.154194 2.450163 -0.462701
v -0.051396 2.458091 -0.481431
v -0.102793 2.454139 -0.472030
v -0.283633 1.621978 0.091114
v -0.179685 1.614603 0.068775
v -0.263436 1.645990 0.273814
v -0.367080 1.640957 0.082032
v -0.418141 1.625352 0.245802
v -0.473862 1.670115 0.211285
v -0.509014 1.735745 0.164133
v -0.302088 1.662989 -0.071476
v -0.490655 1.952142 -0.297260
v -0.419924 1.774155 -0.169621
v -0.298475 2.382668 -0.373490
v -0.323435 2.483902 -0.250839
v -0.396813 2.533633 -0.099720
v -0.415216 2.367960 -0.218635
v -0.484568 2.409534 -0.092041
v -0.539250 2.231053 -0.070678
v -0.114274 1.636458 0.255156
v -0.105873 1.616642 -0.172731
v -0.176026 1.633544 0.246313
v -0.116223 1.612657 0.062886
v -0.245449 1.638771 -0.090376
v -0.158614 1.622868 -0.150039
v -0.387973 2.289484 0.129848
v -0.297785 2.326318 0.169303
v -0.394323 2.288325 0.211079
v -0.459585 2.218600 0.167932
v -0.443603 2.230954 0.122491
v -0.313370 2.325113 0.250796
v -0.397216 2.250585 0.295736
v -0.454912 2.186763 0.254603
v -0.388164 1.921757 0.219063
v -0.464335 1.936232 0.253303
v -0.407700 1.894717 0.290610
v -0.445893 1.962464 0.184955
v -0.366649 1.914627 0.222499
v -0.370750 1.877438 0.310391
v -0.088584 2.036410 0.237330
v -0.070077 2.107144 0.283190
v -0.076323 2.129635 0.206494
v -0.126995 1.971857 0.274227
v -0.084188 2.023900 0.312295
v -0.091808 2.187908 0.252407
v -0.097485 2.218544 0.175794
v -0.144681 2.257739 0.234261
v -0.142533 2.268369 0.185892
v -0.070077 2.107144 0.283190
v -0.129542 2.160758 0.336526
v -0.387973 2.289484 0.129848
v -0.284270 2.252725 0.144835
v -0.297785 2.326318 0.169303
v -0.443603 2.230954 0.122491
v -0.472287 2.171923 0.096733
v -0.391782 2.219389 0.108259
v -0.393132 2.112078 0.125870
v -0.274381 2.137276 0.158985
v -0.472287 2.171923 0.096733
v -0.483318 2.079128 0.120998
v -0.379439 2.001687 0.162536
v -0.126995 1.971857 0.274227
v -0.088584 2.036410 0.237330
v -0.161546 2.028548 0.207775
v -0.179415 1.937652 0.261204
v -0.269676 2.012909 0.193346
v -0.272550 1.913300 0.251707
v -0.366649 1.914627 0.222499
v -0.076323 2.129635 0.206494
v -0.156569 2.141309 0.175192
v -0.097485 2.218544 0.175794
v -0.142533 2.268369 0.185892
v -0.200788 2.312650 0.168983
v -0.173920 2.246340 0.153772
v -0.097485 2.218544 0.175794
v -0.258430 2.271079 0.384304
v -0.325636 2.284486 0.333479
v -0.247179 2.271107 0.332384
v -0.245758 2.340773 0.420120
v -0.333293 2.280829 0.375042
v -0.258430 2.271079 0.384304
v -0.191468 2.229019 0.385193
v -0.174548 2.272307 0.426332
v -0.496186 2.109268 0.287633
v -0.507823 2.033060 0.307348
v -0.504296 2.035081 0.272143
v -0.459617 2.183350 0.293364
v -0.527305 2.132099 0.314430
v -0.496186 2.109268 0.287633
v -0.538385 2.047977 0.316260
v -0.486396 2.221896 0.314776
v -0.459617 2.183350 0.293364
v -0.402878 2.246178 0.333966
v -0.492155 2.111655 0.249384
v -0.325636 2.284486 0.333479
v -0.333293 2.280829 0.375042
v -0.340743 2.341336 0.401970
v -0.422547 2.296575 0.355099
v -0.402878 2.246178 0.333966
v -0.486396 2.221896 0.314776
v -0.459617 2.183350 0.293364
v -0.465968 1.934490 0.366976
v -0.519875 1.958522 0.362060
v -0.489977 1.914875 0.391414
v -0.409739 1.892605 0.404854
v -0.375944 1.877774 0.383507
v -0.404874 1.891664 0.368125
v -0.472287 2.171923 0.096733
v -0.501991 2.137006 0.166242
v -0.483318 2.079128 0.120998
v -0.515552 2.052176 0.190544
v -0.515552 2.052176 0.190544
v -0.200788 2.312650 0.168983
v -0.224402 2.309359 0.246618
v -0.333293 2.280829 0.375042
v -0.297785 2.326318 0.169303
v -0.313370 2.325113 0.250796
v -0.176786 2.224903 0.322840
v -0.191468 2.229019 0.385193
v -0.285400 1.872124 0.337856
v -0.381874 1.879217 0.419631
v -0.461064 1.933438 0.329910
v -0.465968 1.934490 0.366976
v -0.463487 1.990079 0.159150
v -0.529807 1.747297 0.417525
v -0.525879 1.707384 0.332301
v -0.470944 1.663441 0.373707
v -0.200777 1.898321 0.345474
v -0.129381 1.950348 0.334982
v -0.272550 1.913300 0.251707
v -0.179415 1.937652 0.261204
v -0.300209 1.873072 0.408713
v -0.225558 1.897696 0.418337
v -0.162741 1.945879 0.412076
v -0.122619 2.012188 0.390624
v -0.084188 2.023900 0.312295
v -0.422547 2.296575 0.355099
v -0.515948 2.345996 0.239361
v -0.486396 2.221896 0.314776
v -0.443666 2.447064 0.274793
v -0.459143 2.574142 0.182586
v -0.360560 2.657315 0.225761
v -0.539357 2.445748 0.149176
v -0.577778 2.081478 0.303897
v -0.527305 2.132099 0.314430
v -0.562097 2.221651 0.258698
v -0.538385 2.047977 0.316260
v -0.589824 2.285639 0.184541
v -0.607668 2.101067 0.248699
v -0.563319 1.816670 0.376447
v -0.486197 1.803709 0.441946
v -0.524249 1.871301 0.403042
v -0.577778 2.081478 0.303897
v -0.536418 1.937811 0.371431
v -0.577778 2.081478 0.303897
v -0.568810 1.907151 0.336100
v -0.536418 1.937811 0.371431
v -0.494483 1.973322 0.227111
v -0.485797 1.964307 0.307186
v -0.110152 2.113707 0.473066
v -0.056409 2.041197 0.514566
v -0.083286 2.039111 0.512603
v -0.069338 1.916813 0.538574
v -0.048917 1.927470 0.539855
v -0.120805 2.031976 0.497963
v 0.000026 1.938158 0.541236
v 0.000031 2.043332 0.516681
v -0.409739 1.892605 0.404854
v -0.397911 1.854386 0.447191
v -0.381874 1.879217 0.419631
v -0.489975 1.964450 0.344885
v -0.507823 2.033060 0.307348
v -0.489975 1.964450 0.344885
v -0.307931 1.875417 0.446927
v -0.176230 1.952276 0.466109
v -0.236178 1.902140 0.463971
v -0.307931 1.875417 0.446927
v -0.309904 1.853608 0.480010
v -0.219564 1.882261 0.506204
v -0.236178 1.902140 0.463971
v -0.158106 1.952853 0.512176
v -0.145611 2.166817 0.401377
v -0.110014 2.087164 0.363024
v -0.125675 2.092772 0.422442
v -0.145611 2.166817 0.401377
v -0.125675 2.092772 0.422442
v -0.110152 2.113707 0.473066
v -0.129210 2.193762 0.451949
v -0.137831 2.019094 0.449825
v -0.120805 2.031976 0.497963
v -0.187464 2.212317 -0.556600
v -0.211453 1.947011 -0.543161
v -0.261981 2.204900 -0.517932
v -0.140961 1.941485 -0.562946
v -0.158834 1.738799 -0.393379
v -0.211453 1.947011 -0.543161
v -0.035345 1.583378 0.553328
v 0.000014 1.670308 0.565366
v -0.056521 1.732427 0.556180
v -0.089594 1.730798 0.552925
v -0.122749 1.590643 0.542152
v -0.459143 2.574142 0.182586
v -0.445065 2.584520 0.054780
v -0.528974 2.451402 0.035264
v -0.539357 2.445748 0.149176
v -0.103923 1.778108 0.547663
v -0.304962 1.797561 0.504918
v -0.069338 1.916813 0.538574
v -0.070434 1.846018 0.524286
v -0.050729 1.911392 0.520532
v -0.096473 1.827010 0.544051
v -0.219564 1.882261 0.506204
v -0.158106 1.952853 0.512176
v -0.227530 1.745505 -0.357762
v -0.294542 1.949640 -0.500785
v -0.388164 1.921757 0.219063
v -0.445893 1.962464 0.184955
v -0.463487 1.990079 0.159150
v -0.403025 1.946464 -0.413264
v -0.327978 1.756615 -0.278192
v -0.490655 1.952142 -0.297260
v -0.563319 1.816670 0.376447
v -0.557669 1.774319 0.286505
v -0.478081 1.704476 0.454301
v -0.309904 1.853608 0.480010
v -0.445607 1.768540 0.469755
v -0.434771 1.871473 0.428489
v -0.529807 1.747297 0.417525
v -0.478081 1.704476 0.454301
v -0.073352 2.697210 0.213859
v -0.050889 2.723297 0.093295
v -0.092686 2.719290 0.093619
v 0.000061 2.700646 0.209125
v -0.050889 2.723297 0.093295
v 0.000060 2.678349 -0.054849
v 0.000056 2.604889 -0.276698
v -0.126614 2.693993 0.219257
v -0.478081 1.704476 0.454301
v -0.325538 1.669221 0.408696
v -0.318216 1.713057 0.506069
v -0.559670 1.871051 0.234138
v -0.595747 2.076485 0.133034
v -0.568810 1.907151 0.336100
v -0.470944 1.663441 0.373707
v -0.418141 1.625352 0.245802
v -0.607668 2.101067 0.248699
v -0.589824 2.285639 0.184541
v -0.578705 2.276964 0.068743
v -0.403025 1.946464 -0.413264
v -0.360762 2.179264 -0.436547
v -0.294542 1.949640 -0.500785
v 0.000023 1.860228 0.523910
v 0.047318 1.841408 0.528167
v 0.032961 1.836316 0.442279
v 0.000022 1.855368 0.438729
v 0.000026 1.926933 0.522529
v 0.047318 1.841408 0.528167
v 0.070477 1.846012 0.524286
v 0.056141 1.840979 0.438578
v 0.032961 1.836316 0.442279
v 0.036575 1.906737 0.435982
v 0.032961 1.836316 0.442279
v 0.056141 1.840979 0.438578
v 0.024313 1.914519 0.437009
v 0.052777 1.582700 0.551285
v 0.043233 1.669438 0.562738
v 0.035364 1.583375 0.553328
v 0.031196 1.543745 0.380350
v 0.020122 1.597446 0.340179
v 0.043570 1.596116 0.336152
v 0.031196 1.543745 0.380350
v 0.029692 1.546438 0.472035
v 0.015147 1.544572 0.382855
v 0.052777 1.582700 0.551285
v 0.051057 1.547484 0.469239
v 0.061102 1.820607 0.549197
v 0.047318 1.841408 0.528167
v 0.050779 1.911388 0.520532
v 0.048969 1.927465 0.539855
v 0.038511 1.919154 0.521512
v 0.024313 1.914519 0.437009
v 0.036575 1.906737 0.435982
v 0.165789 1.591504 0.322189
v 0.187094 1.611728 0.445117
v 0.157526 1.554662 0.360731
v 0.117145 1.666409 0.553567
v 0.093232 1.613827 0.448502
v 0.122769 1.590631 0.542152
v 0.043570 1.596116 0.336152
v 0.060445 1.616179 0.455627
v 0.031196 1.543745 0.380350
v 0.117145 1.666409 0.553567
v 0.060445 1.616179 0.455627
v 0.093232 1.613827 0.448502
v 0.064555 1.668602 0.560206
v 0.069389 1.916807 0.538574
v 0.096515 1.827001 0.544051
v 0.070477 1.846012 0.524286
v 0.070477 1.846012 0.524286
v 0.036575 1.906737 0.435982
v 0.056141 1.840979 0.438578
v 0.050779 1.911388 0.520532
v 0.211450 1.610186 0.440449
v 0.165789 1.591504 0.322189
v 0.198576 1.589793 0.317009
v 0.242227 1.663952 0.546137
v 0.187094 1.611728 0.445117
v 0.191748 1.665689 0.551395
v 0.235804 1.596479 0.528364
v 0.211450 1.610186 0.440449
v 0.210580 1.557123 0.445623
v 0.242227 1.663952 0.546137
v 0.198576 1.589793 0.317009
v 0.202569 1.555473 0.352790
v 0.181232 1.556497 0.452262
v 0.179760 1.595132 0.535966
v 0.191748 1.665689 0.551395
v 0.043570 1.596116 0.336152
v 0.081307 1.593519 0.328287
v 0.100276 1.548981 0.461019
v 0.096604 1.544813 0.370834
v 0.081307 1.593519 0.328287
v 0.061102 1.820607 0.549197
v 0.064419 1.780863 0.552119
v 0.000022 1.837735 0.546508
v 0.256757 2.686497 0.234116
v 0.176444 2.711380 0.094627
v 0.126735 2.693981 0.219256
v 0.259898 2.702956 0.094052
v 0.347992 2.669265 0.084371
v 0.300323 2.610389 -0.094116
v 0.360678 2.657282 0.225760
v 0.052966 1.729806 -0.420607
v 0.016850 1.612916 -0.184005
v 0.026491 1.727561 -0.427414
v 0.035271 1.933193 -0.592623
v 0.070518 1.935953 -0.582731
v 0.105916 1.734295 -0.406993
v 0.179760 1.595132 0.535966
v 0.117145 1.666409 0.553567
v 0.122769 1.590631 0.542152
v 0.191748 1.665689 0.551395
v 0.150217 1.699387 0.550523
v 0.242227 1.663952 0.546137
v 0.235804 1.596479 0.528364
v 0.270945 1.606427 0.498119
v 0.197298 1.712907 0.545763
v 0.290957 1.653504 0.510987
v 0.224906 1.726235 0.540416
v 0.070518 1.935953 -0.582731
v 0.125039 2.210637 -0.573836
v 0.141011 1.941472 -0.562947
v 0.051494 2.458086 -0.481431
v 0.031288 2.208143 -0.599690
v 0.025766 2.460062 -0.486142
v 0.062538 2.208974 -0.591072
v 0.102890 2.454129 -0.472030
v 0.035271 1.933193 -0.592623
v 0.000049 2.462039 -0.490847
v 0.000025 1.930434 -0.602516
v 0.021496 1.640324 0.266892
v 0.025777 1.614795 0.069387
v 0.052439 1.639056 0.263052
v 0.071240 1.613698 0.066066
v 0.114298 1.636448 0.255156
v 0.034682 1.613663 -0.181739
v 0.070311 1.615152 -0.177221
v 0.000011 1.615363 0.071105
v 0.217949 2.643614 -0.085673
v 0.234883 2.548798 -0.280849
v 0.164664 2.576709 -0.288264
v 0.126735 2.693981 0.219256
v 0.109995 2.538483 0.332446
v 0.192838 2.532558 0.337606
v 0.142742 2.655218 -0.075323
v 0.216475 2.431369 -0.435468
v 0.035364 1.583375 0.553328
v 0.051057 1.547484 0.469239
v 0.052777 1.582700 0.551285
v 0.064555 1.668602 0.560206
v 0.015147 1.544572 0.382855
v 0.052439 1.639056 0.263052
v 0.081307 1.593519 0.328287
v 0.021496 1.640324 0.266892
v 0.060024 2.225406 0.466538
v 0.124667 2.334896 0.422606
v 0.077502 2.345625 0.421451
v 0.053954 2.136835 0.488387
v 0.088997 2.214603 0.466162
v 0.129285 2.193750 0.451949
v 0.077683 2.129369 0.487505
v 0.110220 2.113697 0.473065
v 0.174630 2.272291 0.426332
v 0.073474 2.697204 0.213859
v 0.256757 2.686497 0.234116
v 0.338685 2.514055 0.324723
v 0.360678 2.657282 0.225760
v 0.245848 2.340751 0.420120
v 0.114298 1.636448 0.255156
v 0.165789 1.591504 0.322189
v 0.271755 1.575713 0.433508
v 0.244932 1.575717 0.367201
v 0.290756 1.627785 0.422561
v 0.270945 1.606427 0.498119
v 0.290957 1.653504 0.510987
v 0.325565 1.669192 0.408696
v 0.318247 1.713028 0.506069
v 0.255156 1.596143 0.338293
v 0.263461 1.645966 0.273814
v 0.176049 1.633527 0.246313
v 0.198576 1.589793 0.317009
v 0.157526 1.554662 0.360731
v 0.096604 1.544813 0.370834
v 0.244932 1.575717 0.367201
v 0.255156 1.596143 0.338293
v 0.202569 1.555473 0.352790
v 0.263461 1.645966 0.273814
v 0.116245 1.612646 0.062886
v 0.176049 1.633527 0.246313
v 0.122769 1.590631 0.542152
v 0.181232 1.556497 0.452262
v 0.179760 1.595132 0.535966
v 0.270945 1.606427 0.498119
v 0.210580 1.557123 0.445623
v 0.271755 1.575713 0.433508
v 0.202569 1.555473 0.352790
v 0.244932 1.575717 0.367201
v 0.235804 1.596479 0.528364
v 0.100276 1.548981 0.461019
v 0.157526 1.554662 0.360731
v 0.096604 1.544813 0.370834
v 0.493329 2.186055 -0.207316
v 0.558793 2.028620 -0.017632
v 0.526831 1.982214 -0.166621
v 0.443708 2.163095 -0.329277
v 0.382785 2.311747 -0.310015
v 0.431606 1.687577 0.046960
v 0.517225 1.833455 0.097607
v 0.509047 1.735698 0.164132
v 0.029861 2.672420 -0.060413
v 0.012518 2.600232 -0.278507
v 0.025766 2.460062 -0.486142
v 0.042839 2.595543 -0.280411
v 0.051494 2.458086 -0.481431
v 0.067470 2.666633 -0.065542
v 0.103726 2.586127 -0.284333
v 0.154291 2.450149 -0.462701
v 0.102890 2.454129 -0.472030
v 0.283656 1.621952 0.091114
v 0.263461 1.645966 0.273814
v 0.179707 1.614586 0.068775
v 0.245473 1.638748 -0.090376
v 0.302114 1.662962 -0.071476
v 0.367105 1.640923 0.082031
v 0.370984 1.712945 -0.092128
v 0.418164 1.625314 0.245801
v 0.473889 1.670072 0.211284
v 0.483367 1.800902 -0.044591
v 0.419960 1.774117 -0.169621
v 0.490707 1.952097 -0.297261
v 0.298567 2.382640 -0.373491
v 0.323536 2.483872 -0.250839
v 0.484662 2.409489 -0.092042
v 0.415306 2.367922 -0.218636
v 0.396919 2.533597 -0.099721
v 0.539328 2.231003 -0.070679
v 0.105894 1.616632 -0.172731
v 0.158636 1.622854 -0.150039
v 0.388057 2.289448 0.129847
v 0.459663 2.218558 0.167932
v 0.394407 2.288289 0.211079
v 0.297872 2.326291 0.169302
v 0.313458 2.325085 0.250796
v 0.397297 2.250549 0.295735
v 0.325720 2.284456 0.333478
v 0.454986 2.186722 0.254602
v 0.461116 1.933395 0.329909
v 0.404922 1.891626 0.368124
v 0.466019 1.934448 0.366975
v 0.388214 1.921721 0.219062
v 0.464387 1.936189 0.253302
v 0.445947 1.962423 0.184955
v 0.366698 1.914594 0.222498
v 0.407748 1.894680 0.290609
v 0.084248 2.023892 0.312295
v 0.129434 1.950336 0.334982
v 0.127050 1.971846 0.274227
v 0.088645 2.036402 0.237330
v 0.070145 2.107138 0.283190
v 0.076393 2.129628 0.206494
v 0.097563 2.218535 0.175794
v 0.091883 2.187899 0.252407
v 0.144762 2.257725 0.234260
v 0.070145 2.107138 0.283190
v 0.129614 2.160746 0.336525
v 0.110080 2.087154 0.363024
v 0.176864 2.224887 0.322840
v 0.388057 2.289448 0.129847
v 0.284350 2.252699 0.144834
v 0.391859 2.219352 0.108258
v 0.443681 2.230914 0.122490
v 0.274451 2.137250 0.158985
v 0.393200 2.112042 0.125870
v 0.472360 2.171880 0.096732
v 0.472360 2.171880 0.096732
v 0.483382 2.079083 0.120997
v 0.379497 2.001652 0.162536
v 0.463543 1.990037 0.159149
v 0.088645 2.036402 0.237330
v 0.127050 1.971846 0.274227
v 0.161606 2.028533 0.207775
v 0.076393 2.129628 0.206494
v 0.179466 1.937636 0.261203
v 0.269735 2.012884 0.193346
v 0.272600 1.913275 0.251706
v 0.366698 1.914594 0.222498
v 0.156639 2.141295 0.175191
v 0.097563 2.218535 0.175794
v 0.174000 2.246324 0.153772
v 0.097563 2.218535 0.175794
v 0.142614 2.268356 0.185892
v 0.200874 2.312632 0.168982
v 0.297872 2.326291 0.169302
v 0.333376 2.280798 0.375041
v 0.258513 2.271055 0.384304
v 0.325720 2.284456 0.333478
v 0.247262 2.271084 0.332383
v 0.245848 2.340751 0.420120
v 0.191547 2.229002 0.385193
v 0.258513 2.271055 0.384304
v 0.333376 2.280798 0.375041
v 0.340832 2.341305 0.401969
v 0.459692 2.183308 0.293363
v 0.527375 2.132051 0.314429
v 0.486474 2.221851 0.314775
v 0.496253 2.109222 0.287632
v 0.507884 2.033014 0.307347
v 0.538447 2.047928 0.316259
v 0.459692 2.183308 0.293363
v 0.492223 2.111610 0.249383
v 0.496253 2.109222 0.287632
v 0.402958 2.246141 0.333965
v 0.333376 2.280798 0.375041
v 0.422632 2.296536 0.355098
v 0.402958 2.246141 0.333965
v 0.486474 2.221851 0.314775
v 0.459692 2.183308 0.293363
v 0.466019 1.934448 0.366975
v 0.519929 1.958474 0.362059
v 0.490030 1.964405 0.344884
v 0.381921 1.879182 0.419630
v 0.300255 1.873044 0.408712
v 0.307978 1.875389 0.446926
v 0.409786 1.892568 0.404853
v 0.375990 1.877739 0.383506
v 0.472360 2.171880 0.096732
v 0.443681 2.230914 0.122490
v 0.483382 2.079083 0.120997
v 0.502061 2.136960 0.166241
v 0.515614 2.052129 0.190543
v 0.504357 2.035035 0.272142
v 0.200874 2.312632 0.168982
v 0.142614 2.268356 0.185892
v 0.224488 2.309338 0.246618
v 0.297872 2.326291 0.169302
v 0.191547 2.229002 0.385193
v 0.313458 2.325085 0.250796
v 0.285446 1.872098 0.337855
v 0.370797 1.877404 0.310390
v 0.272600 1.913275 0.251706
v 0.515614 2.052129 0.190543
v 0.463543 1.990037 0.159149
v 0.494538 1.973276 0.227110
v 0.529841 1.747249 0.417524
v 0.470971 1.663398 0.373706
v 0.525910 1.707335 0.332300
v 0.200826 1.898303 0.345474
v 0.179466 1.937636 0.261203
v 0.225607 1.897675 0.418337
v 0.122678 2.012177 0.390624
v 0.162793 1.945864 0.412075
v 0.422632 2.296536 0.355098
v 0.516037 2.345948 0.239360
v 0.443764 2.447023 0.274792
v 0.459253 2.574100 0.182585
v 0.340832 2.341305 0.401969
v 0.539456 2.445698 0.149175
v 0.577843 2.081425 0.303896
v 0.527375 2.132051 0.314429
v 0.538447 2.047928 0.316259
v 0.562175 2.221599 0.258698
v 0.486474 2.221851 0.314775
v 0.589908 2.285585 0.184540
v 0.577843 2.081425 0.303896
v 0.607734 2.101011 0.248698
v 0.563359 1.816618 0.376446
v 0.524295 1.871252 0.403041
v 0.486237 1.803664 0.441945
v 0.568859 1.907099 0.336099
v 0.536470 1.937761 0.371430
v 0.485851 1.964262 0.307185
v 0.056471 2.041192 0.514566
v 0.083348 2.039103 0.512603
v 0.069389 1.916807 0.538574
v 0.158160 1.952839 0.512175
v 0.120865 2.031965 0.497963
v 0.048969 1.927465 0.539855
v 0.381921 1.879182 0.419630
v 0.309948 1.853580 0.480010
v 0.397955 1.854349 0.447191
v 0.409786 1.892568 0.404853
v 0.434816 1.871433 0.428488
v 0.490027 1.914830 0.391413
v 0.490030 1.964405 0.344884
v 0.507884 2.033014 0.307347
v 0.236227 1.902118 0.463971
v 0.176284 1.952260 0.466108
v 0.307978 1.875389 0.446926
v 0.219611 1.882241 0.506204
v 0.236227 1.902118 0.463971
v 0.145684 2.166803 0.401377
v 0.125741 2.092760 0.422441
v 0.145684 2.166803 0.401377
v 0.110220 2.113697 0.473065
v 0.125741 2.092760 0.422441
v 0.129285 2.193750 0.451949
v 0.174630 2.272291 0.426332
v 0.084248 2.023892 0.312295
v 0.137890 2.019082 0.449825
v 0.158160 1.952839 0.512175
v 0.120865 2.031965 0.497963
v 0.211505 1.946991 -0.543162
v 0.262056 2.204876 -0.517932
v 0.294594 1.949612 -0.500786
v 0.187540 2.212300 -0.556600
v 0.000010 1.584072 0.555436
v 0.064555 1.668602 0.560206
v 0.000017 1.734083 0.559515
v 0.056555 1.732422 0.556180
v 0.089627 1.730789 0.552925
v 0.459253 2.574100 0.182585
v 0.445175 2.584479 0.054780
v 0.539456 2.445698 0.149175
v 0.529072 2.451354 0.035263
v 0.318247 1.713028 0.506069
v 0.103961 1.778098 0.547663
v 0.305001 1.797533 0.504918
v 0.096515 1.827001 0.544051
v 0.070477 1.846012 0.524286
v 0.069389 1.916807 0.538574
v 0.050779 1.911388 0.520532
v 0.096515 1.827001 0.544051
v 0.219611 1.882241 0.506204
v 0.309948 1.853580 0.480010
v 0.211505 1.946991 -0.543162
v 0.227563 1.745484 -0.357762
v 0.158867 1.738785 -0.393379
v 0.141011 1.941472 -0.562947
v 0.445947 1.962423 0.184955
v 0.388214 1.921721 0.219062
v 0.328012 1.756585 -0.278193
v 0.403076 1.946427 -0.413265
v 0.294594 1.949612 -0.500786
v 0.478112 1.704432 0.454300
v 0.563359 1.816618 0.376446
v 0.557705 1.774268 0.286504
v 0.445644 1.768499 0.469754
v 0.529841 1.747249 0.417524
v 0.536470 1.937761 0.371430
v 0.577843 2.081425 0.303896
v 0.478112 1.704432 0.454300
v 0.051013 2.723292 0.093295
v 0.073474 2.697204 0.213859
v 0.092810 2.719282 0.093619
v 0.000062 2.727482 0.093514
v 0.000062 2.727482 0.093514
v 0.051013 2.723292 0.093295
v 0.478112 1.704432 0.454300
v 0.325565 1.669192 0.408696
v 0.470971 1.663398 0.373706
v 0.559716 1.871000 0.234137
v 0.595811 2.076430 0.133033
v 0.607734 2.101011 0.248698
v 0.568859 1.907099 0.336099
v 0.418164 1.625314 0.245801
v 0.318247 1.713028 0.506069
v 0.589908 2.285585 0.184540
v 0.578788 2.276911 0.068742
v 0.490707 1.952097 -0.297261
v 0.403076 1.946427 -0.413265
v 0.360834 2.179231 -0.436548
vn 0.2718 -0.0245 0.9620
vn 0.2722 -0.0232 0.9620
vn 0.4881 -0.3541 0.7977
vn 0.0159 0.3167 0.9484
vn 0.0160 0.3181 0.9479
vn -0.2426 0.6121 0.7527
vn -0.4126 0.7707 0.4856
vn -0.2426 0.6127 0.7522
vn 0.6065 -0.7690 -0.2021
vn 0.4812 -0.6898 -0.5410
vn 0.4820 -0.6918 -0.5377
vn 0.3064 -0.5295 -0.7910
vn 0.3113 -0.5359 -0.7848
vn 0.0679 -0.2656 -0.9617
vn 0.0726 -0.2720 -0.9595
vn -0.5242 0.8369 0.1574
vn -0.5663 0.7977 -0.2075
vn -0.5237 0.8371 0.1579
vn -0.4125 0.7707 0.4857
vn -0.1979 0.0797 -0.9770
vn -0.1974 0.0789 -0.9771
vn -0.4170 0.4232 -0.8044
vn -0.4140 0.4189 -0.8082
vn -0.5366 0.6682 -0.5154
vn -0.5340 0.6641 -0.5233
vn -0.5670 0.7980 -0.2042
vn 0.6532 -0.7429 0.1467
vn 0.6540 -0.7421 0.1468
vn 0.6074 -0.7682 -0.2023
vn 0.6242 -0.6191 0.4766
vn 0.4886 -0.3528 0.7980
vn 0.6249 -0.6180 0.4771
vn 0.1119 0.4757 0.8724
vn -0.2772 -0.0108 0.9608
vn -0.0245 0.3374 0.9411
vn 0.3067 0.7283 0.6128
vn 0.4009 0.7866 0.4697
vn 0.4227 0.8513 0.3108
vn 0.2317 0.6281 0.7428
vn -0.6662 -0.7403 0.0901
vn -0.5359 -0.6582 -0.5288
vn -0.6649 -0.7207 -0.1962
vn -0.5745 -0.7861 -0.2282
vn -0.3435 -0.5239 -0.7795
vn -0.3992 -0.7229 -0.5639
vn -0.0860 -0.2642 -0.9606
vn 0.4924 0.8702 -0.0146
vn 0.5464 0.8093 -0.2155
vn 0.5029 0.7916 -0.3471
vn 0.1103 -0.0482 -0.9927
vn 0.1863 0.0795 -0.9793
vn -0.1405 -0.4466 -0.8837
vn 0.3227 0.3570 -0.8766
vn 0.4042 0.4314 -0.8065
vn 0.4512 0.6341 -0.6280
vn 0.5163 0.6763 -0.5253
vn -0.4238 -0.1904 0.8855
vn -0.1535 0.1428 0.9778
vn -0.6784 -0.6471 0.3479
vn -0.7044 -0.6947 0.1456
vn -0.6303 -0.4978 0.5957
vn -0.5066 -0.3434 0.7908
vn -0.6630 -0.5870 0.4646
vn 0.5780 -0.6410 0.5050
vn 0.6509 -0.7432 0.1546
vn 0.3958 -0.4095 0.8220
vn -0.3911 0.7864 0.4781
vn -0.4419 0.7485 0.4945
vn -0.5086 0.8587 0.0624
vn -0.6388 0.7385 -0.2157
vn -0.3037 0.9115 -0.2773
vn -0.3041 0.5562 0.7734
vn -0.5842 -0.1749 0.7925
vn 0.2395 0.0868 -0.9670
vn -0.2158 0.0489 -0.9752
vn -0.6157 -0.3666 0.6975
vn 0.3269 -0.7446 -0.5819
vn 0.5805 -0.7959 -0.1719
vn 0.1955 -0.9267 -0.3211
vn 0.6163 -0.7608 -0.2033
vn 0.5891 -0.7709 -0.2423
vn 0.0651 -0.6115 -0.7885
vn -0.1473 -0.8976 -0.4156
vn -0.1911 -0.4036 -0.8948
vn 0.2834 -0.5155 -0.8087
vn -0.6749 -0.5491 -0.4929
vn -0.4129 -0.1470 -0.8988
vn -0.4267 0.3829 -0.8194
vn -0.2236 0.0631 -0.9726
vn 0.0353 -0.2596 -0.9651
vn -0.5676 0.1271 -0.8134
vn -0.8186 -0.2932 -0.4940
vn -0.6349 0.4215 -0.6474
vn -0.5421 0.6355 -0.5498
vn -0.6049 0.7048 -0.3706
vn -0.5741 0.7879 -0.2226
vn -0.5364 0.8288 0.1594
vn -0.8540 0.3796 -0.3557
vn -0.8899 0.0205 -0.4557
vn -0.0452 0.0321 -0.9985
vn -0.5460 -0.5109 0.6640
vn 0.7173 -0.6784 0.1587
vn -0.4042 -0.6501 0.6434
vn 0.2937 -0.5390 0.7894
vn 0.1012 -0.2515 -0.9625
vn 0.8412 -0.5389 0.0440
vn 0.6914 -0.2254 0.6864
vn 0.6391 -0.7606 -0.1143
vn 0.7009 0.6216 -0.3498
vn -0.6742 0.7227 -0.1521
vn -0.4517 -0.7592 -0.4686
vn -0.7428 -0.6641 -0.0857
vn -0.4832 -0.8717 -0.0822
vn 0.9209 0.2554 -0.2944
vn 0.9643 -0.2056 -0.1672
vn 0.9651 -0.1602 -0.2070
vn 0.6546 0.5824 -0.4819
vn 0.7853 0.3920 -0.4792
vn 0.8702 -0.4696 -0.1490
vn 0.8732 -0.4715 -0.1236
vn 0.6505 -0.7534 -0.0968
vn -0.9215 0.3681 -0.1239
vn -0.9940 -0.0231 -0.1065
vn -0.6838 0.7183 -0.1283
vn -0.9183 -0.3845 -0.0943
vn -0.9240 0.3702 -0.0953
vn -0.9975 -0.0304 -0.0635
vn -0.7400 -0.6719 -0.0299
vn -0.9196 -0.3906 -0.0411
vn -0.3900 0.8653 -0.3148
vn -0.2434 0.9632 -0.1137
vn -0.5005 0.8633 -0.0644
vn -0.5633 0.7896 0.2434
vn -0.6714 0.6698 0.3173
vn -0.4302 0.8311 -0.3526
vn -0.4421 0.8228 -0.3571
vn -0.1720 0.9851 0.0046
vn 0.3935 -0.9188 0.0320
vn 0.4818 -0.8763 -0.0037
vn 0.3503 -0.9350 0.0559
vn 0.2080 -0.9158 0.3435
vn 0.8280 -0.5053 0.2431
vn 0.7437 -0.5925 0.3096
vn 0.8636 -0.4589 0.2087
vn 0.9323 -0.3398 0.1242
vn 0.8045 0.4395 0.3996
vn 0.5598 0.5884 0.5835
vn 0.6454 0.6227 0.4424
vn 0.6868 0.6597 0.3051
vn 0.8550 0.4596 0.2402
vn 0.4763 0.8088 0.3448
vn 0.4229 0.7441 0.5172
vn 0.7507 0.4040 0.5227
vn 0.3840 0.7009 0.6010
vn -0.8870 -0.4591 -0.0496
vn -0.9621 -0.2724 -0.0115
vn -0.7383 -0.6738 -0.0307
vn -0.4900 -0.8686 -0.0733
vn -0.4764 -0.8755 -0.0812
vn -0.4931 -0.8672 -0.0699
vn -0.5365 -0.8438 -0.0078
vn -0.8586 0.4289 0.2808
vn -0.7534 0.5763 0.3165
vn -0.7462 0.5839 0.3197
vn -0.9611 0.2122 0.1770
vn -0.9728 -0.2314 0.0084
vn -0.9903 0.0951 0.1011
vn -0.8945 -0.4454 -0.0383
vn -0.8944 -0.4456 -0.0388
vn -0.9886 0.1101 0.1032
vn 0.8572 0.5100 0.0712
vn 0.7390 0.6697 0.0729
vn 0.8833 0.4683 0.0223
vn 0.7014 0.6832 0.2034
vn 0.7282 0.6746 0.1209
vn 0.5489 0.8280 0.1143
vn 0.8282 0.5361 0.1635
vn 0.5769 0.7981 0.1736
vn 0.5863 0.7772 0.2285
vn -0.8363 -0.4563 0.3039
vn -0.7108 -0.6124 0.3460
vn -0.7179 -0.6395 0.2751
vn -0.5537 -0.7976 0.2391
vn -0.5585 -0.7647 0.3213
vn -0.7207 -0.6513 0.2375
vn -0.8154 -0.4578 0.3542
vn 0.3632 -0.9192 0.1522
vn 0.3429 -0.9324 0.1143
vn 0.3429 -0.9324 0.1141
vn 0.3638 -0.9186 0.1542
vn 0.6412 -0.6223 0.4489
vn 0.9169 -0.3919 0.0757
vn 0.9151 -0.4015 0.0378
vn 0.9143 -0.4026 0.0434
vn 0.9160 -0.3921 0.0849
vn 0.7852 -0.4420 0.4336
vn -0.4062 0.8458 0.3459
vn -0.2973 0.8783 0.3745
vn -0.4027 0.8476 0.3456
vn -0.7247 0.6497 0.2297
vn -0.8505 0.3929 0.3498
vn -0.8225 0.3941 0.4102
vn -0.8294 0.3885 0.4015
vn -0.8518 0.3888 0.3513
vn -0.9007 0.3731 0.2224
vn 0.6360 -0.7470 0.1938
vn 0.4981 -0.8667 0.0252
vn 0.5004 -0.8653 0.0277
vn 0.6443 -0.7367 0.2053
vn 0.8603 -0.3206 0.3964
vn 0.9503 -0.3046 -0.0647
vn 0.9049 -0.3811 -0.1895
vn 0.9034 -0.3835 -0.1919
vn 0.9512 -0.3025 -0.0609
vn 0.9551 -0.1847 0.2315
vn -0.3183 0.9395 0.1268
vn -0.6544 0.6647 0.3605
vn -0.6535 0.6664 0.3589
vn -0.1797 0.9802 0.0826
vn 0.1719 0.9799 -0.1007
vn -0.4979 0.8246 0.2684
vn -0.1871 0.9822 -0.0168
vn -0.4611 0.8739 0.1541
vn -0.7285 -0.3429 0.5931
vn -0.5652 -0.4709 0.6773
vn -0.6256 -0.5393 0.5637
vn -0.4653 -0.7104 0.5281
vn -0.4190 -0.6326 0.6513
vn -0.6799 -0.5991 0.4229
vn -0.6705 -0.3112 0.6734
vn 0.9286 0.3280 -0.1738
vn 0.9109 0.3480 -0.2217
vn 0.9088 0.3521 -0.2241
vn 0.9321 0.3576 -0.0575
vn 0.9293 0.3276 -0.1707
vn 0.4421 0.8815 -0.1657
vn 0.4658 0.8758 -0.1268
vn 0.4684 0.8748 -0.1236
vn -0.4234 -0.0021 0.9059
vn -0.4254 0.0147 0.9049
vn -0.4236 0.0166 0.9057
vn -0.4235 -0.0022 0.9059
vn -0.3082 0.1044 0.9456
vn -0.2992 0.1137 0.9474
vn -0.0532 -0.3758 0.9252
vn -0.0404 -0.3657 0.9299
vn -0.0656 -0.3703 0.9266
vn 0.1165 -0.2371 0.9645
vn 0.1623 -0.1974 0.9668
vn -0.3705 0.8743 -0.3136
vn -0.3671 0.8772 -0.3095
vn -0.6379 0.6922 0.3375
vn -0.6214 0.7019 0.3480
vn -0.6397 0.6910 0.3367
vn -0.6686 0.6716 0.3192
vn 0.7201 -0.5608 0.4086
vn 0.7176 -0.5558 0.4197
vn 0.7209 -0.5492 0.4227
vn 0.7249 -0.5539 0.4095
vn 0.7925 -0.4699 0.3887
vn 0.8064 -0.4519 0.3814
vn 0.9290 -0.3079 -0.2051
vn 0.9285 -0.3079 -0.2074
vn 0.9464 -0.2860 -0.1500
vn 0.9207 -0.2977 -0.2522
vn 0.9203 -0.2963 -0.2553
vn 0.6469 0.2135 -0.7321
vn 0.6000 0.1941 -0.7761
vn 0.6495 0.2143 -0.7295
vn 0.7242 0.2414 -0.6459
vn 0.7200 0.2395 -0.6514
vn 0.2478 0.5718 -0.7821
vn 0.3195 0.6143 -0.7215
vn 0.3162 0.6127 -0.7243
vn 0.2494 0.5729 -0.7807
vn 0.1999 0.5349 -0.8209
vn 0.2028 0.5374 -0.8186
vn -0.5750 0.4651 0.6731
vn -0.6607 0.5618 0.4978
vn -0.6589 0.5598 0.5024
vn -0.9544 0.1074 0.2784
vn -0.8857 -0.1800 0.4280
vn -0.8815 0.0555 0.4689
vn -0.9901 0.0969 0.1018
vn -0.9602 -0.1686 0.2226
vn -0.4496 -0.8094 0.3777
vn -0.4769 -0.8694 0.1295
vn -0.8880 -0.4317 0.1585
vn -0.8401 -0.4025 0.3637
vn -0.4761 -0.8673 0.1453
vn -0.4764 -0.8756 -0.0798
vn 0.2159 0.6176 0.7563
vn 0.3325 0.7266 0.6012
vn 0.7139 0.2770 0.6431
vn 0.8241 0.3906 0.4102
vn 0.8144 0.3786 0.4398
vn 0.3907 0.7720 0.5013
vn 0.3857 -0.8015 0.4571
vn 0.7026 -0.3892 0.5957
vn 0.3349 -0.7513 0.5687
vn 0.5595 -0.5663 0.6052
vn 0.9053 0.3837 0.1823
vn 0.9231 0.3845 -0.0112
vn 0.9214 0.3816 -0.0742
vn 0.4803 0.8656 0.1417
vn 0.4557 0.8211 0.3437
vn 0.4839 0.8724 0.0690
vn -0.3022 -0.6388 0.7075
vn -0.3022 -0.6389 0.7075
vn -0.4320 -0.7543 0.4944
vn -0.5810 -0.1680 0.7964
vn -0.6974 -0.2636 0.6665
vn -0.8055 -0.3797 0.4551
vn -0.7474 -0.3096 0.5878
vn -0.4116 -0.7382 0.5344
vn -0.5007 -0.7895 0.3550
vn -0.1768 0.9813 0.0765
vn -0.1513 0.9337 0.3245
vn 0.0836 0.6966 0.7126
vn -0.1428 0.9266 0.3478
vn -0.5894 0.5700 0.5725
vn -0.2931 0.3542 0.8880
vn -0.1239 0.5592 0.8197
vn -0.5847 0.5673 0.5799
vn 0.5424 0.0541 0.8384
vn 0.5424 0.0540 0.8384
vn 0.5424 0.0539 0.8384
vn 0.0868 0.5109 0.8553
vn -0.0657 0.6495 0.7576
vn -0.3713 0.1048 0.9226
vn -0.5101 0.2550 0.8214
vn -0.3713 0.1049 0.9226
vn 0.0428 -0.4072 0.9123
vn 0.0429 -0.4073 0.9123
vn -0.4992 0.2425 0.8319
vn -0.7196 0.4067 0.5628
vn -0.7079 0.4037 0.5796
vn -0.0474 0.6345 0.7714
vn -0.2431 0.8147 0.5265
vn -0.2463 0.8191 0.5180
vn -0.2988 0.8795 0.3704
vn 0.8061 -0.3166 0.4999
vn 0.8759 -0.3770 0.3010
vn 0.8796 -0.3810 0.2850
vn 0.3291 -0.7608 0.5594
vn 0.3516 -0.8647 0.3586
vn 0.3517 -0.8650 0.3579
vn 0.8061 -0.3166 0.5000
vn -0.3822 -0.7293 0.5674
vn -0.4702 -0.7981 0.3767
vn -0.3822 -0.7293 0.5675
vn -0.7287 -0.2710 0.6289
vn -0.8230 -0.3718 0.4294
vn -0.8026 -0.3470 0.4852
vn -0.8598 -0.4387 0.2612
vn -0.7286 -0.2711 0.6291
vn -0.4668 -0.7958 0.3858
vn -0.5322 -0.8249 0.1903
vn -0.0756 0.0042 0.9971
vn -0.2153 -0.1992 0.9560
vn 0.1797 -0.1581 0.9709
vn -0.3985 -0.0204 0.9170
vn -0.2483 0.1164 0.9617
vn -0.5715 -0.2011 0.7956
vn -0.3812 -0.3778 0.8438
vn -0.2075 -0.5017 0.8398
vn -0.2074 -0.5017 0.8398
vn 0.5568 0.7629 -0.3285
vn 0.6729 0.5375 -0.5083
vn 0.4603 0.7082 -0.5353
vn 0.7400 0.6020 -0.3002
vn 0.9539 0.2941 0.0599
vn 0.9638 0.0962 -0.2486
vn 0.7743 -0.3536 0.5248
vn 0.8700 0.1352 0.4742
vn 0.5742 0.0474 0.8174
vn 0.7748 -0.3504 0.5263
vn 0.9900 -0.1398 -0.0180
vn 0.9471 -0.2846 -0.1481
vn -0.2124 0.7836 0.5838
vn -0.2123 0.7836 0.5838
vn -0.4472 0.7609 0.4702
vn 0.0413 0.9991 -0.0107
vn -0.1850 0.9695 -0.1608
vn -0.1637 0.9755 -0.1468
vn -0.3392 0.9007 -0.2715
vn -0.3385 0.9015 -0.2699
vn -0.4586 0.7582 0.4634
vn -0.6211 0.7021 0.3484
vn 0.3043 0.3000 0.9041
vn 0.7253 0.6089 0.3212
vn 0.6256 0.5373 0.5656
vn 0.5696 0.7640 0.3032
vn 0.1602 0.4475 0.8798
vn 0.4030 0.0152 0.9151
vn -0.2244 0.1877 0.9563
vn 0.1429 0.5374 0.8312
vn 0.4460 0.0549 0.8934
vn 0.5383 0.1456 0.8301
vn 0.5382 0.1457 0.8301
vn 0.2623 0.5943 -0.7602
vn 0.5986 0.1931 -0.7774
vn 0.4926 0.4465 -0.7470
vn 0.6631 0.2532 -0.7044
vn 0.3521 0.8779 -0.3246
vn 0.4453 0.7280 -0.5213
vn 0.9541 -0.2994 0.0033
vn 0.8910 -0.3443 0.2960
vn 0.9389 -0.2371 -0.2494
vn 0.8911 -0.2324 0.3898
vn 0.9753 -0.2200 -0.0213
vn 0.9722 -0.1225 -0.1998
vn -0.0494 0.0080 0.9987
vn 0.3342 0.5603 0.7579
vn -0.2339 0.1698 0.9573
vn 0.0911 -0.2022 0.9751
vn -0.0542 -0.3561 0.9329
vn -0.7363 -0.6742 -0.0578
vn -0.4768 -0.8785 -0.0301
vn -0.4619 -0.8866 -0.0248
vn -0.4213 -0.9018 0.0964
vn -0.1247 -0.9912 -0.0436
vn -0.1013 -0.9945 0.0273
vn -0.0466 -0.9636 0.2633
vn -0.1500 0.9836 -0.1002
vn -0.0982 0.9666 -0.2367
vn -0.1712 0.9764 -0.1316
vn -0.4049 0.9086 -0.1024
vn -0.9206 -0.3850 -0.0653
vn -0.9978 -0.0224 -0.0624
vn -0.9297 -0.3639 -0.0565
vn -0.7319 -0.6807 -0.0316
vn -0.9248 0.3738 -0.0707
vn -0.3875 0.9140 -0.1204
vn -0.7067 0.7056 -0.0517
vn -0.1222 0.9728 -0.1970
vn -0.3814 0.9115 -0.1541
vn -0.3636 0.9105 -0.1970
vn -0.6903 0.7172 -0.0954
vn -0.9249 0.3798 -0.0185
vn -0.9995 0.0073 -0.0296
vn 0.8728 -0.4867 0.0375
vn 0.9625 -0.2713 -0.0006
vn 0.7993 -0.4636 0.3824
vn 0.8813 -0.2959 0.3684
vn 0.6139 -0.6746 0.4099
vn 0.3182 -0.8678 0.3816
vn 0.6561 -0.7518 0.0655
vn 0.3021 -0.9510 0.0660
vn 0.2807 -0.9574 -0.0682
vn 0.2600 -0.9606 -0.0982
vn 0.4804 -0.6789 -0.5553
vn 0.8264 0.3749 0.4201
vn 0.8771 0.4305 0.2129
vn 0.8748 0.4270 0.2288
vn 0.4851 0.8073 0.3361
vn 0.4272 0.7628 0.4855
vn 0.4272 0.7627 0.4855
vn 0.5023 0.8177 0.2812
vn 0.2947 -0.8386 0.4582
vn 0.4097 -0.8770 0.2511
vn 0.4894 -0.8721 -0.0025
vn 0.4425 -0.8786 0.1798
vn 0.9324 -0.3394 0.1242
vn 0.8830 -0.3517 0.3107
vn 0.7593 -0.3496 0.5488
vn 0.8740 -0.3526 0.3343
vn 0.8443 -0.1223 0.5217
vn 0.7721 -0.2446 0.5865
vn -0.4458 0.8943 -0.0379
vn -0.7358 0.6759 0.0413
vn -0.9213 0.3822 0.0717
vn -0.9981 0.0557 0.0269
vn -0.9472 -0.3191 -0.0320
vn 0.2778 0.9481 -0.1546
vn -0.1303 0.9852 -0.1112
vn 0.2187 0.9584 -0.1835
vn 0.0773 -0.9691 0.2344
vn -0.3726 -0.9105 0.1794
vn 0.0463 -0.9026 0.4280
vn 0.4605 0.8552 -0.2378
vn 0.9277 0.3725 -0.0242
vn 0.8994 0.4162 0.1339
vn 0.8688 0.4289 0.2473
vn 0.8434 0.4339 0.3170
vn 0.5418 0.8342 -0.1030
vn 0.5668 0.8238 -0.0115
vn -0.7380 -0.6748 -0.0067
vn 0.9448 -0.2703 0.1852
vn 0.9379 -0.3464 -0.0191
vn 0.9326 -0.3571 -0.0519
vn 0.4639 -0.7550 0.4634
vn 0.4808 -0.8457 0.2314
vn 0.4807 -0.8555 0.1923
vn -0.0804 0.2408 0.9672
vn 0.1675 -0.1018 0.9806
vn -0.0582 0.9658 -0.2527
vn 0.3954 0.3765 0.8378
vn 0.2357 0.1896 0.9532
vn 0.5782 0.1808 0.7956
vn 0.1725 -0.1643 0.9712
vn 0.1726 -0.1643 0.9712
vn 0.0200 0.0305 0.9993
vn -0.1312 -0.9875 -0.0877
vn 0.5213 0.8478 0.0978
vn 0.4475 0.7400 0.5021
vn 0.4400 0.7258 0.5288
vn 0.5407 0.8248 0.1651
vn 0.6269 0.7435 -0.2328
vn 0.3092 0.5438 0.7801
vn 0.5561 -0.0635 0.8287
vn -0.6115 -0.7536 -0.2412
vn -0.6580 -0.7372 0.1537
vn -0.6242 -0.7541 -0.2043
vn -0.3753 -0.7026 -0.6046
vn -0.4904 -0.6721 -0.5548
vn -0.5598 -0.8070 -0.1881
vn -0.1851 -0.5412 -0.8203
vn 0.3750 -0.5522 -0.7446
vn 0.1304 -0.7910 -0.5978
vn -0.2976 -0.5081 -0.8082
vn 0.0541 -0.2931 -0.9545
vn 0.5799 -0.3071 -0.7546
vn -0.0520 -0.2501 -0.9668
vn 0.2869 -0.0113 -0.9579
vn 0.4739 0.2691 -0.8385
vn 0.5381 0.6432 -0.5447
vn 0.5827 0.5103 -0.6325
vn 0.8612 -0.0166 -0.5079
vn 0.7387 -0.0958 -0.6672
vn 0.5751 0.7886 -0.2176
vn 0.5859 0.7319 -0.3479
vn 0.8450 0.3769 -0.3794
vn 0.5522 -0.3064 0.7754
vn 0.8391 0.4324 -0.3301
vn 0.0866 0.2310 0.9691
vn 0.1403 -0.0666 -0.9879
vn 0.4734 -0.4791 0.7391
vn -0.1614 -0.1070 0.9811
vn -0.3939 -0.4108 0.8223
vn 0.3026 -0.6208 0.7233
vn -0.5813 -0.6379 0.5051
vn -0.6886 -0.6984 0.1951
vn -0.1353 -0.6036 0.7857
vn -0.8122 -0.5743 0.1028
vn -0.0172 -0.9358 -0.3521
vn -0.6339 -0.7643 -0.1180
vn -0.2408 -0.9615 -0.1327
vn -0.3575 -0.9320 -0.0599
vn -0.7040 0.6238 -0.3395
vn -0.9255 0.2515 -0.2833
vn 0.3122 0.9154 -0.2541
vn 0.6710 0.7248 -0.1562
vn 0.3649 0.9104 -0.1949
vn 0.7385 -0.6350 -0.2265
vn 0.4163 0.3951 -0.8189
vn -0.5159 -0.2165 0.8289
vn -0.9659 -0.1654 -0.1993
vn -0.6520 0.5820 -0.4860
vn -0.9641 -0.2026 -0.1716
vn -0.9720 -0.1198 -0.2021
vn -0.8696 -0.4719 -0.1448
vn -0.8742 -0.4687 -0.1266
vn -0.6531 -0.7511 -0.0970
vn 0.2067 0.0741 -0.9756
vn 0.9184 0.3681 -0.1454
vn 0.6843 0.7181 -0.1269
vn 0.9251 0.3688 -0.0904
vn 0.9888 -0.0136 -0.1487
vn 0.9048 -0.3777 -0.1968
vn 0.7447 -0.6668 -0.0271
vn 0.9202 -0.3897 -0.0376
vn 0.9977 -0.0333 -0.0584
vn 0.3921 0.8645 -0.3144
vn 0.2458 0.9627 -0.1134
vn 0.1005 0.9660 -0.2382
vn 0.5651 0.7882 0.2437
vn 0.6730 0.6680 0.3175
vn 0.6701 0.6699 0.3196
vn 0.5026 0.8621 -0.0640
vn 0.4442 0.8218 -0.3568
vn 0.4323 0.8300 -0.3523
vn -0.3957 -0.9178 0.0317
vn -0.3527 -0.9341 0.0556
vn -0.4840 -0.8751 -0.0040
vn -0.2103 -0.9154 0.3432
vn -0.0798 -0.9689 0.2342
vn -0.8293 -0.5033 0.2428
vn -0.7452 -0.5907 0.3093
vn -0.8648 -0.4568 0.2084
vn -0.9331 -0.3376 0.1237
vn -0.9333 -0.3370 0.1240
vn -0.8035 0.4414 0.3995
vn -0.5585 0.5896 0.5835
vn -0.7499 0.4058 0.5225
vn -0.6852 0.6614 0.3050
vn -0.6440 0.6242 0.4423
vn -0.4213 0.7450 0.5173
vn -0.3824 0.7018 0.6011
vn 0.4879 -0.8698 -0.0733
vn 0.5344 -0.8452 -0.0079
vn 0.4910 -0.8684 -0.0700
vn 0.4742 -0.8767 -0.0812
vn 0.4742 -0.8768 -0.0799
vn 0.8596 0.4267 0.2811
vn 0.7548 0.5744 0.3168
vn 0.9615 0.2098 0.1773
vn 0.9016 0.3709 0.2228
vn 0.9905 0.0926 0.1014
vn 0.9722 -0.2338 0.0087
vn 0.8934 -0.4476 -0.0381
vn 0.8859 -0.4613 -0.0495
vn 0.9888 0.1076 0.1035
vn -0.8559 0.5122 0.0711
vn -0.7374 0.6715 0.0729
vn -0.7265 0.6764 0.1208
vn -0.6997 0.6849 0.2033
vn -0.8269 0.5381 0.1634
vn -0.5750 0.7995 0.1736
vn -0.5845 0.7786 0.2285
vn 0.8352 -0.4583 0.3041
vn 0.7092 -0.6143 0.3460
vn 0.8142 -0.4599 0.3544
vn 0.7162 -0.6413 0.2751
vn 0.8586 -0.4409 0.2614
vn 0.7190 -0.6531 0.2376
vn 0.5517 -0.7990 0.2391
vn 0.5565 -0.7662 0.3213
vn 0.5301 -0.8263 0.1902
vn -0.3661 -0.9177 0.1539
vn -0.3452 -0.9316 0.1138
vn -0.3655 -0.9183 0.1519
vn -0.6429 -0.6208 0.4486
vn -0.3878 -0.8006 0.4568
vn -0.9170 -0.3898 0.0846
vn -0.9179 -0.3896 0.0753
vn 0.4047 0.8465 0.3459
vn 0.2994 0.8775 0.3748
vn 0.4082 0.8447 0.3462
vn 0.7262 0.6478 0.2301
vn 0.4632 0.8727 0.1544
vn 0.8526 0.3866 0.3516
vn 0.8513 0.3907 0.3501
vn -0.6379 -0.7454 0.1934
vn -0.5026 -0.8641 0.0274
vn -0.5003 -0.8655 0.0248
vn -0.6462 -0.7351 0.2049
vn -0.8612 -0.3186 0.3961
vn -0.7864 -0.4402 0.4333
vn -0.9510 -0.3022 -0.0650
vn -0.9043 -0.3812 -0.1922
vn -0.9058 -0.3789 -0.1898
vn -0.9519 -0.3001 -0.0613
vn 0.3206 0.9387 0.1271
vn 0.6559 0.6630 0.3608
vn 0.4999 0.8233 0.2687
vn -0.1695 0.9804 -0.1005
vn 0.1821 0.9798 0.0829
vn 0.1896 0.9817 -0.0165
vn 0.7275 -0.3448 0.5932
vn 0.5639 -0.4724 0.6774
vn 0.6696 -0.3130 0.6736
vn 0.6241 -0.5410 0.5638
vn 0.8044 -0.3818 0.4552
vn 0.6782 -0.6009 0.4230
vn 0.4634 -0.7116 0.5281
vn 0.4173 -0.6338 0.6513
vn 0.4986 -0.7908 0.3550
vn -0.9277 0.3303 -0.1740
vn -0.9100 0.3502 -0.2218
vn -0.9284 0.3299 -0.1709
vn -0.9312 0.3599 -0.0577
vn -0.9268 0.3748 -0.0244
vn -0.2163 0.9590 -0.1834
vn -0.4398 0.8827 -0.1657
vn -0.4582 0.8565 -0.2376
vn 0.4231 -0.0033 0.9061
vn 0.4252 0.0135 0.9050
vn 0.4233 -0.0034 0.9060
vn 0.0520 -0.3761 0.9251
vn 0.0644 -0.3706 0.9265
vn 0.0393 -0.3660 0.9298
vn -0.1174 -0.2370 0.9644
vn 0.3693 0.8764 -0.3092
vn 0.3416 0.8999 -0.2712
vn 0.3408 0.9007 -0.2696
vn 0.3728 0.8734 -0.3133
vn 0.6396 0.6905 0.3378
vn 0.6231 0.7003 0.3484
vn 0.6227 0.7005 0.3487
vn 0.6413 0.6893 0.3371
vn -0.7264 -0.5522 0.4091
vn -0.8076 -0.4500 0.3811
vn -0.7938 -0.4680 0.3884
vn -0.7216 -0.5591 0.4083
vn -0.7191 -0.5541 0.4194
vn -0.9297 -0.3056 -0.2055
vn -0.9471 -0.2836 -0.1503
vn -0.9293 -0.3055 -0.2077
vn -0.9214 -0.2954 -0.2526
vn -0.6462 0.2153 -0.7322
vn -0.5993 0.1958 -0.7762
vn -0.5979 0.1947 -0.7776
vn -0.7234 0.2433 -0.6461
vn -0.6488 0.2161 -0.7297
vn -0.2477 0.5737 -0.7807
vn -0.1983 0.5356 -0.8209
vn -0.2462 0.5725 -0.7821
vn 0.5760 0.4635 0.6734
vn 0.6619 0.5601 0.4981
vn 0.7476 0.5820 0.3200
vn 0.6602 0.5580 0.5027
vn 0.9546 0.1050 0.2787
vn 0.8851 -0.1823 0.4283
vn 0.9597 -0.1710 0.2228
vn 0.9903 0.0944 0.1021
vn 0.4475 -0.8106 0.3776
vn 0.4475 -0.8106 0.3777
vn 0.4747 -0.8706 0.1294
vn 0.8815 0.0532 0.4692
vn 0.8869 -0.4340 0.1586
vn 0.8390 -0.4046 0.3638
vn 0.8933 -0.4478 -0.0386
vn 0.4739 -0.8685 0.1453
vn -0.2145 0.6180 0.7563
vn -0.3309 0.7273 0.6013
vn -0.7134 0.2786 0.6430
vn -0.8233 0.3925 0.4100
vn -0.8539 0.4617 0.2400
vn -0.8136 0.3806 0.4397
vn -0.4744 0.8099 0.3449
vn -0.3890 0.7729 0.5014
vn -0.3369 -0.7505 0.5685
vn -0.7037 -0.3875 0.5955
vn -0.5611 -0.5650 0.6049
vn -0.8005 -0.4617 0.3821
vn -0.6158 -0.6731 0.4096
vn -0.4538 0.8221 0.3438
vn -0.4818 0.8736 0.0691
vn -0.4781 0.8668 0.1416
vn -0.9044 0.3859 0.1821
vn -0.9221 0.3867 -0.0114
vn -0.9204 0.3839 -0.0744
vn -0.9078 0.3544 -0.2243
vn -0.4636 0.8769 -0.1268
vn -0.4662 0.8760 -0.1236
vn 0.3004 -0.6398 0.7074
vn 0.4300 -0.7555 0.4944
vn 0.5803 -0.1696 0.7966
vn 0.5803 -0.1696 0.7965
vn 0.6965 -0.2655 0.6666
vn 0.7465 -0.3115 0.5880
vn 0.4096 -0.7393 0.5344
vn 0.1535 0.9333 0.3247
vn 0.1450 0.9262 0.3481
vn -0.0821 0.6966 0.7127
vn 0.1792 0.9808 0.0768
vn 0.6551 0.6647 0.3592
vn 0.5906 0.5684 0.5727
vn 0.1250 0.5587 0.8199
vn 0.2938 0.3533 0.8882
vn 0.5859 0.5657 0.5802
vn -0.5425 0.0551 0.8383
vn -0.5425 0.0550 0.8383
vn -0.5425 0.0552 0.8383
vn -0.0858 0.5109 0.8553
vn 0.0670 0.6491 0.7577
vn 0.3713 0.1038 0.9227
vn 0.5106 0.2535 0.8216
vn -0.0441 -0.4073 0.9122
vn -0.0441 -0.4074 0.9122
vn -0.0442 -0.4074 0.9122
vn 0.4995 0.2410 0.8321
vn 0.0488 0.6343 0.7716
vn 0.2449 0.8139 0.5268
vn 0.2482 0.8184 0.5183
vn 0.3008 0.8787 0.3707
vn 0.8233 0.3919 0.4105
vn 0.8303 0.3863 0.4018
vn 0.7205 0.4048 0.5631
vn 0.7087 0.4018 0.5799
vn -0.8069 -0.3148 0.4998
vn -0.8806 -0.3788 0.2846
vn -0.8769 -0.3749 0.3007
vn -0.3311 -0.7601 0.5592
vn -0.3539 -0.8639 0.3584
vn -0.3311 -0.7601 0.5591
vn -0.3539 -0.8642 0.3576
vn -0.3453 -0.9315 0.1140
vn -0.9161 -0.3992 0.0375
vn -0.9153 -0.4004 0.0431
vn -0.8070 -0.3147 0.4997
vn 0.3802 -0.7304 0.5674
vn 0.4681 -0.7993 0.3767
vn 0.8016 -0.3491 0.4853
vn 0.7278 -0.2729 0.6291
vn 0.7277 -0.2730 0.6292
vn 0.8220 -0.3739 0.4295
vn 0.4647 -0.7971 0.3857
vn -0.1803 -0.1578 0.9709
vn 0.2145 -0.1999 0.9560
vn 0.0753 0.0038 0.9972
vn 0.3981 -0.0216 0.9171
vn 0.2483 0.1155 0.9618
vn 0.5708 -0.2026 0.7957
vn 0.3800 -0.3789 0.8438
vn 0.2059 -0.5024 0.8398
vn 0.2060 -0.5024 0.8398
vn -0.5548 0.7644 -0.3285
vn -0.6714 0.5393 -0.5083
vn -0.7384 0.6039 -0.3003
vn -0.9532 0.2964 0.0597
vn -0.7192 0.2414 -0.6515
vn -0.4584 0.7095 -0.5353
vn -0.3178 0.6152 -0.7215
vn -0.3145 0.6136 -0.7243
vn -0.9635 0.0987 -0.2489
vn -0.7753 -0.3518 0.5245
vn -0.5742 0.0486 0.8172
vn -0.8698 0.1372 0.4739
vn -0.7758 -0.3486 0.5260
vn -0.7224 -0.5475 0.4224
vn -0.9478 -0.2822 -0.1485
vn -0.9904 -0.1373 -0.0183
vn 0.2141 0.7830 0.5840
vn 0.4489 0.7597 0.4705
vn 0.1661 0.9752 -0.1465
vn -0.0388 0.9992 -0.0105
vn 0.1875 0.9691 -0.1605
vn 0.4604 0.7570 0.4637
vn -0.3038 0.3006 0.9041
vn -0.6245 0.5387 0.5655
vn -0.7239 0.6107 0.3211
vn -0.5677 0.7653 0.3032
vn -0.5678 0.7653 0.3032
vn -0.1630 -0.1972 0.9667
vn -0.4033 0.0160 0.9149
vn 0.3082 0.1034 0.9457
vn 0.2992 0.1127 0.9475
vn 0.2246 0.1869 0.9564
vn -0.1418 0.5375 0.8312
vn -0.4461 0.0558 0.8932
vn -0.5382 0.1468 0.8299
vn -0.5382 0.1467 0.8299
vn -0.2606 0.5951 -0.7602
vn -0.4913 0.4479 -0.7470
vn -0.2013 0.5381 -0.8185
vn -0.7830 0.3918 -0.4831
vn -0.3486 0.8822 -0.3164
vn -0.6623 0.2550 -0.7045
vn -0.4418 0.7285 -0.5235
vn -0.9210 -0.2940 -0.2556
vn -0.9549 -0.2970 0.0029
vn -0.8919 -0.3422 0.2956
vn -0.9395 -0.2347 -0.2497
vn -0.8918 -0.2302 0.3895
vn -0.9758 -0.2176 -0.0216
vn 0.0492 0.0076 0.9988
vn -0.1594 0.4477 0.8799
vn -0.3330 0.5609 0.7580
vn 0.2340 0.1691 0.9574
vn 0.4234 0.0154 0.9058
vn -0.0919 -0.2021 0.9750
vn 0.0531 -0.3564 0.9328
vn 0.7362 -0.6747 -0.0538
vn 0.4190 -0.9029 0.0963
vn 0.4589 -0.8883 -0.0193
vn 0.4769 -0.8786 -0.0250
vn 0.4986 -0.8415 -0.2082
vn 0.0441 -0.9638 0.2631
vn 0.0985 -0.9947 0.0300
vn 0.1170 -0.9924 -0.0389
vn 0.1525 0.9832 -0.0999
vn 0.1737 0.9760 -0.1313
vn 0.1245 0.9719 -0.1997
vn 0.4072 0.9076 -0.1021
vn 0.9978 -0.0249 -0.0621
vn 0.9288 -0.3662 -0.0563
vn 0.9197 -0.3873 -0.0651
vn 0.7302 -0.6825 -0.0315
vn 0.9258 0.3714 -0.0704
vn 0.3898 0.9131 -0.1200
vn 0.7085 0.7039 -0.0514
vn 0.6921 0.7155 -0.0950
vn 0.3833 0.9103 -0.1561
vn 0.9996 0.0048 -0.0294
vn -0.8740 -0.4845 0.0371
vn -0.9632 -0.2689 -0.0010
vn -0.8821 -0.2938 0.3681
vn -0.6580 -0.7502 0.0651
vn -0.3204 -0.8671 0.3813
vn -0.3051 -0.9500 0.0664
vn -0.2866 -0.9557 -0.0667
vn 0.5051 0.8509 0.1442
vn -0.4254 0.7637 0.4855
vn -0.5003 0.8189 0.2813
vn -0.4832 0.8084 0.3362
vn -0.8256 0.3768 0.4199
vn -0.8761 0.4326 0.2127
vn -0.8821 0.4705 0.0222
vn -0.8738 0.4291 0.2287
vn -0.5469 0.8294 0.1143
vn -0.7604 -0.3478 0.5485
vn -0.8840 -0.3496 0.3103
vn -0.2969 -0.8379 0.4579
vn -0.4120 -0.8760 0.2508
vn -0.4447 -0.8775 0.1795
vn -0.4916 -0.8708 -0.0028
vn -0.8750 -0.3505 0.3340
vn -0.8447 -0.1203 0.5215
vn -0.7729 -0.2428 0.5863
vn -0.9557 -0.1824 0.2312
vn 0.9222 0.3799 0.0720
vn 0.7375 0.6741 0.0416
vn 0.4480 0.8932 -0.0376
vn 0.9258 0.3775 -0.0182
vn 0.9614 -0.2748 -0.0113
vn 0.9982 0.0532 0.0272
vn 0.9464 -0.3215 -0.0318
vn 0.1328 0.9849 -0.1109
vn -0.2754 0.9488 -0.1544
vn 0.1745 0.9847 0.0049
vn -0.0487 -0.9026 0.4278
vn 0.3703 -0.9114 0.1793
vn -0.5397 0.8356 -0.1030
vn -0.8984 0.4184 0.1337
vn -0.8424 0.4359 0.3169
vn -0.8678 0.4310 0.2472
vn -0.5647 0.8252 -0.0115
vn 0.7367 -0.6756 -0.0306
vn 0.7363 -0.6766 -0.0066
vn -0.4659 -0.7540 0.4631
vn -0.4830 -0.8446 0.2311
vn -0.4829 -0.8544 0.1920
vn -0.9387 -0.3441 -0.0195
vn -0.9455 -0.2680 0.1849
vn -0.9455 -0.2680 0.1848
vn -0.9335 -0.3548 -0.0522
vn 0.0650 0.9666 -0.2479
vn -0.4709 -0.1072 -0.8757
vn -0.5780 0.1820 0.7955
vn -0.2355 0.1899 0.9531
vn -0.3947 0.3773 0.8378
vn -0.1732 -0.1640 0.9711
vn -0.0203 0.0304 0.9993
vn 0.1402 -0.9757 -0.1684
vn -0.8543 -0.2841 -0.4352
vn -0.5337 -0.0743 -0.8424
vn -0.8547 -0.0995 -0.5096
vn -0.9909 -0.1260 -0.0463
vn -0.9924 -0.1132 -0.0479
vn -0.3592 0.5354 0.7644
vn -0.5151 0.3968 0.7597
vn -0.3524 0.5433 0.7620
vn -0.3299 0.5319 0.7799
vn 0.2579 0.7002 0.6657
vn -0.0026 0.5940 0.8044
vn 0.0146 0.6060 0.7953
vn 0.2720 0.7080 0.6518
vn 0.2639 0.6437 0.7183
vn 0.8958 0.3508 -0.2731
vn 0.9358 0.3496 -0.0452
vn 0.9019 0.4292 -0.0499
vn 0.8692 0.2997 -0.3932
vn 0.8784 0.4505 -0.1594
vn 0.8583 0.4331 -0.2751
vn -0.9288 0.1216 0.3501
vn -0.9975 -0.0114 -0.0691
vn -0.9317 0.1048 0.3478
vn -0.9247 0.1386 0.3545
vn -0.8344 0.2159 0.5072
vn -0.8203 0.2424 0.5180
vn -0.6829 0.3184 0.6575
vn 0.7907 0.5903 0.1623
vn 0.8077 0.5573 0.1924
vn 0.8551 0.5133 0.0734
vn 0.8012 0.5117 0.3102
vn 0.8874 0.4446 -0.1218
vn 0.8684 0.4575 0.1912
vn 0.2449 -0.0960 -0.9648
vn 0.2254 0.1096 -0.9681
vn -0.0468 -0.2294 -0.9722
vn 0.2423 -0.1930 -0.9508
vn 0.2226 0.1122 -0.9684
vn -0.5479 -0.3329 -0.7675
vn -0.8539 -0.2785 -0.4396
vn -0.5339 -0.3432 -0.7728
vn -0.3145 -0.0382 -0.9485
vn -0.0349 -0.2772 -0.9602
vn 0.2510 -0.1920 -0.9488
vn 0.2565 -0.1946 -0.9467
vn 0.2559 -0.1944 -0.9469
vn -0.0299 -0.2562 -0.9662
vn -0.2888 -0.2779 -0.9162
vn -0.5370 -0.2905 -0.7920
vn -0.2875 -0.2788 -0.9163
vn 0.7688 0.4975 0.4017
vn 0.8576 0.4365 0.2720
vn 0.7432 0.4811 0.4650
vn 0.8697 0.4083 0.2773
vn 0.9524 0.3033 -0.0299
vn 0.9586 0.2839 -0.0226
vn -0.9376 0.1775 0.2990
vn -0.9246 0.1698 0.3411
vn -0.8068 0.2973 0.5105
vn -0.9966 -0.0452 -0.0683
vn -0.8117 0.2740 0.5159
vn 0.9111 0.2267 -0.3442
vn 0.9086 0.1543 -0.3881
vn 0.9248 0.1449 -0.3518
vn 0.8135 0.0359 -0.5805
vn 0.8212 0.0722 -0.5660
vn 0.8453 0.1439 -0.5146
vn 0.8602 0.5098 0.0137
vn 0.8334 0.4459 -0.3265
vn 0.7020 0.7104 -0.0502
vn 0.6489 0.6001 -0.4678
vn 0.7205 0.3916 -0.5723
vn 0.5035 0.5863 -0.6346
vn -0.9968 0.0652 -0.0471
vn -0.8802 0.0412 -0.4728
vn -0.6251 0.0936 -0.7749
vn -0.8935 -0.0040 -0.4490
vn -0.9992 0.0319 -0.0251
vn -0.0385 0.5204 0.8530
vn -0.0590 0.5166 0.8542
vn -0.0963 0.5116 0.8538
vn -0.3458 0.3895 0.8536
vn 0.1169 0.2523 -0.9606
vn 0.0365 0.3113 -0.9496
vn 0.0758 0.2819 -0.9564
vn -0.4293 0.1318 -0.8935
vn -0.6367 0.0380 -0.7702
vn -0.4508 0.0808 -0.8890
vn -0.3296 0.5355 0.7776
vn -0.3316 0.5169 0.7892
vn -0.3328 0.5120 0.7919
vn -0.3311 0.5181 0.7887
vn -0.3328 0.5119 0.7920
vn 0.2193 0.5827 0.7825
vn 0.2418 0.6039 0.7595
vn 0.2167 0.5827 0.7833
vn 0.2595 0.6444 0.7193
vn 0.2438 0.6043 0.7585
vn -0.8607 -0.2098 -0.4639
vn -0.7340 -0.2336 -0.6377
vn -0.8790 -0.1674 -0.4465
vn -0.9966 -0.0140 -0.0812
vn -0.9160 0.1417 0.3754
vn -0.5379 0.3354 0.7734
vn -0.6981 0.2611 0.6667
vn -0.9096 0.1228 0.3969
vn -0.6803 0.2191 0.6994
vn 0.6288 0.6098 0.4825
vn 0.5612 0.7482 0.3538
vn 0.7669 0.5559 0.3208
vn 0.6682 0.5840 0.4610
vn 0.3771 0.9218 -0.0898
vn 0.3195 0.8002 -0.5076
vn 0.0934 0.5214 -0.8482
vn 0.3798 0.7452 0.5481
vn 0.2496 0.8963 0.3664
vn 0.0002 0.8655 -0.5010
vn -0.9995 -0.0198 -0.0230
vn -0.9027 0.0773 0.4233
vn -0.6329 0.1940 0.7495
vn -0.9989 -0.0427 -0.0193
vn -0.9025 0.0300 0.4296
vn -0.6127 -0.0127 -0.7902
vn -0.8920 -0.0628 -0.4477
vn -0.6337 -0.0368 -0.7727
vn -0.8933 -0.0693 -0.4441
vn 0.0338 0.3124 -0.9494
vn -0.0030 0.2807 -0.9598
vn -0.2222 0.1786 -0.9585
vn -0.3113 0.0369 -0.9496
vn -0.6355 0.1194 0.7628
vn -0.3267 0.1828 0.9273
vn -0.2937 0.3554 0.8874
vn -0.0194 0.6671 0.7447
vn -0.0004 0.9371 0.3490
vn 0.0003 0.4066 0.9136
vn 0.0003 0.7018 0.7124
vn 0.8491 -0.2328 -0.4742
vn 0.9927 -0.1006 -0.0664
vn 0.9944 -0.0735 -0.0759
vn 0.8554 -0.0517 -0.5154
vn 0.5415 -0.0423 -0.8396
vn 0.3644 0.5263 0.7682
vn 0.3652 0.5283 0.7665
vn 0.3395 0.5366 0.7725
vn 0.4651 0.4306 0.7735
vn 0.6614 0.3444 0.6663
vn -0.2438 0.6721 0.6991
vn -0.0560 0.5970 0.8003
vn -0.0389 0.5848 0.8102
vn -0.2571 0.6760 0.6906
vn -0.2481 0.6433 0.7243
vn -0.2446 0.6439 0.7250
vn -0.8889 0.3711 -0.2687
vn -0.8918 0.4517 -0.0260
vn -0.9359 0.3509 -0.0296
vn -0.8524 0.1393 -0.5039
vn -0.8564 0.2896 -0.4275
vn -0.8897 0.3599 -0.2809
vn 0.9326 0.1357 0.3344
vn 0.9323 0.1486 0.3297
vn 0.9217 0.1699 0.3486
vn 0.9962 0.0326 -0.0810
vn 0.8246 0.2556 0.5046
vn 0.8337 0.2521 0.4913
vn -0.7903 0.5737 0.2150
vn -0.7933 0.5125 0.3287
vn -0.8455 0.5205 0.1194
vn -0.8021 0.5394 0.2564
vn -0.6570 0.5691 0.4944
vn -0.8901 0.4556 -0.0102
vn -0.8639 0.4583 0.2087
vn 0.0171 -0.2048 -0.9786
vn -0.2101 0.1043 -0.9721
vn -0.2181 0.0853 -0.9722
vn -0.2584 -0.1034 -0.9605
vn -0.2564 -0.1976 -0.9461
vn 0.5199 -0.3402 -0.7836
vn 0.5268 -0.2833 -0.8014
vn 0.8469 -0.2702 -0.4580
vn 0.3164 -0.0215 -0.9484
vn -0.2707 -0.1838 -0.9449
vn 0.0198 -0.2798 -0.9599
vn 0.0129 -0.2482 -0.9686
vn -0.5878 -0.0481 -0.8076
vn 0.5230 -0.2396 -0.8179
vn 0.5223 -0.2825 -0.8046
vn 0.4836 -0.1768 -0.8572
vn -0.7722 0.5013 0.3903
vn -0.5177 0.5872 0.6222
vn -0.8567 0.4433 0.2637
vn 0.9269 0.1901 0.3236
vn 0.6071 0.4524 0.6533
vn 0.8130 0.2928 0.5032
vn 0.8634 0.3694 0.3436
vn -0.9483 0.3168 -0.0206
vn -0.7559 0.5657 0.3296
vn -0.9083 0.4101 -0.0827
vn -0.8219 0.2021 -0.5326
vn -0.9151 0.1731 -0.3642
vn -0.9162 0.2252 -0.3315
vn -0.8353 0.0875 -0.5428
vn 0.9492 0.3131 -0.0301
vn 0.9792 0.1341 -0.1520
vn 0.5577 0.5264 0.6418
vn 0.9957 -0.0267 -0.0886
vn -0.4475 0.6476 0.6167
vn -0.4768 0.6480 0.5939
vn -0.8454 0.5342 0.0034
vn 0.7973 -0.0715 -0.5993
vn 0.9214 0.1603 -0.3541
vn 0.9502 0.2389 -0.2001
vn -0.8661 0.4331 -0.2498
vn -0.8643 0.4877 -0.1225
vn -0.5224 0.0025 -0.8527
vn -0.5535 0.0264 -0.8324
vn -0.7952 0.2510 -0.5519
vn -0.8555 0.3607 -0.3715
vn -0.9066 0.4218 -0.0130
vn -0.6518 0.5975 -0.4671
vn -0.7384 0.6714 -0.0627
vn -0.7289 0.3813 -0.5686
vn 0.9967 0.0661 -0.0474
vn 0.8800 0.0416 -0.4731
vn 0.6368 0.0414 -0.7699
vn 0.6251 0.0935 -0.7749
vn 0.8933 0.0011 -0.4494
vn 0.9995 0.0276 -0.0154
vn 0.0248 0.5334 0.8455
vn 0.0504 0.5267 0.8485
vn 0.5346 0.3419 0.7729
vn 0.0961 0.5137 0.8525
vn 0.4294 0.1312 -0.8935
vn -0.1166 0.2499 -0.9612
vn -0.0759 0.2810 -0.9567
vn -0.0366 0.3109 -0.9497
vn -0.0339 0.3122 -0.9494
vn 0.4518 0.0830 -0.8882
vn 0.5864 0.5245 0.6173
vn 0.3463 0.5296 0.7744
vn 0.3472 0.5305 0.7733
vn 0.3391 0.5399 0.7704
vn -0.2355 0.6160 0.7517
vn -0.2353 0.6155 0.7522
vn 0.8529 -0.1968 -0.4836
vn 0.5147 -0.1562 -0.8430
vn 0.6985 0.2644 0.6650
vn 0.9157 0.1427 0.3757
vn 0.9117 0.1220 0.3924
vn 0.6828 0.2188 0.6970
vn 0.3473 0.3903 0.8527
vn -0.7763 0.5302 0.3409
vn -0.6133 0.5911 0.5239
vn -0.5749 0.7321 0.3654
vn -0.3818 0.7452 0.5466
vn 0.6677 -0.5754 -0.4723
vn 0.5785 -0.8089 -0.1048
vn 0.5383 -0.7001 -0.4691
vn 0.4928 -0.6241 -0.6064
vn 0.5679 -0.4738 -0.6731
vn 0.7554 -0.4530 -0.4734
vn 0.6281 -0.3715 -0.6838
vn 0.3784 -0.6628 0.6462
vn 0.0753 -0.4361 0.8968
vn 0.0340 -0.5399 0.8410
vn 0.3703 -0.7477 0.5512
vn 0.4733 -0.7774 0.4143
vn -0.9157 0.0378 -0.4001
vn -0.6827 0.1560 -0.7138
vn -0.9180 0.2608 -0.2987
vn -0.9999 -0.0129 0.0052
vn 0.3873 -0.4071 -0.8272
vn 0.4074 0.0742 -0.9102
vn -0.9719 0.2176 0.0894
vn -0.9436 0.3277 0.0472
vn -0.9728 0.2285 0.0377
vn -0.1462 -0.5336 0.8330
vn -0.4451 -0.2507 0.8597
vn -0.0801 -0.9929 0.0875
vn -0.0853 -0.9888 -0.1223
vn 0.1230 -0.9845 -0.1250
vn 0.2754 -0.7322 0.6229
vn 0.2858 -0.7520 0.5940
vn 0.3957 -0.8569 0.3304
vn 0.5245 -0.8083 0.2675
vn 0.4536 -0.8832 -0.1192
vn 0.1235 -0.9883 0.0892
vn 0.3878 -0.7235 -0.5711
vn 0.3742 -0.5388 -0.7547
vn 0.0442 -0.2153 -0.9755
vn 0.2567 -0.4920 -0.8319
vn 0.2617 -0.5195 -0.8134
vn 0.1169 -0.9355 -0.3335
vn -0.1592 -0.2334 -0.9593
vn -0.4439 0.0455 -0.8949
vn -0.1810 -0.0874 -0.9796
vn -0.8757 0.3500 -0.3326
vn -0.9628 0.2687 0.0290
vn -0.9712 0.2381 -0.0105
vn -0.6864 0.3473 -0.6389
vn -0.0868 -0.9412 -0.3265
vn -0.3508 -0.9033 0.2468
vn -0.3378 -0.8933 0.2964
vn -0.3421 -0.9063 0.2480
vn -0.3653 -0.9183 0.1528
vn -0.3720 -0.9161 0.1500
vn -0.3332 -0.9086 0.2517
vn -0.3578 -0.9205 0.1568
vn -0.3158 -0.8913 0.3254
vn -0.2319 -0.4397 -0.8677
vn -0.3143 -0.2203 -0.9234
vn -0.3190 -0.6680 -0.6723
vn -0.4131 -0.7683 -0.4890
vn -0.4041 -0.7596 -0.5097
vn -0.3864 -0.5788 -0.7181
vn -0.2259 -0.4957 -0.8386
vn 0.6441 0.7506 -0.1478
vn 0.6333 0.7558 -0.1663
vn 0.6545 0.7558 -0.0197
vn 0.6705 0.7416 0.0226
vn 0.6630 0.7435 0.0875
vn 0.6765 0.7310 0.0897
vn 0.6432 0.7609 0.0852
vn 0.6408 0.7646 -0.0694
vn 0.6296 0.7576 -0.1720
vn 0.4282 -0.2731 0.8614
vn 0.5421 -0.6714 0.5053
vn 0.5919 -0.5911 0.5479
vn 0.4507 0.1471 0.8805
vn 0.3442 -0.0499 0.9376
vn 0.2283 -0.2534 0.9400
vn 0.3683 -0.4380 0.8201
vn 0.2840 -0.5162 0.8080
vn 0.4579 0.1356 0.8786
vn 0.4476 0.1526 0.8811
vn -0.6942 0.2503 -0.6748
vn -0.3422 0.0217 -0.9394
vn 0.0662 -0.0351 -0.9972
vn -0.6844 0.0257 -0.7287
vn -0.8804 0.2229 0.4185
vn -0.7027 0.1242 0.7005
vn -0.9263 0.1404 0.3496
vn -0.9051 -0.1262 0.4060
vn -0.6957 -0.1058 0.7105
vn -0.6785 -0.2533 0.6895
vn -0.1882 -0.4009 0.8966
vn -0.3668 -0.3032 0.8795
vn -0.6946 0.0083 0.7194
vn -0.3434 -0.6305 0.6961
vn 0.7126 -0.6962 -0.0867
vn 0.6426 -0.7007 0.3099
vn 0.7192 -0.5970 0.3554
vn 0.8251 -0.5621 -0.0565
vn 0.5733 -0.7586 0.3096
vn 0.4905 -0.7111 0.5037
vn 0.5211 -0.7093 0.4746
vn 0.5746 -0.7890 0.2176
vn 0.5424 -0.7660 0.3450
vn 0.6998 -0.5600 0.4435
vn 0.5878 -0.4634 0.6631
vn 0.6096 -0.7720 0.1801
vn -0.3760 -0.7647 -0.5234
vn -0.3598 -0.7647 -0.5345
vn -0.2553 -0.3872 -0.8860
vn -0.3863 -0.3337 -0.8599
vn -0.0156 -0.4557 -0.8900
vn -0.4266 -0.3434 -0.8367
vn -0.6402 -0.3677 -0.6744
vn -0.4138 -0.4092 0.8132
vn -0.6255 -0.4903 0.6069
vn -0.3627 -0.7349 0.5731
vn -0.2571 -0.4617 0.8490
vn -0.2047 -0.7221 0.6608
vn -0.4063 -0.2151 0.8881
vn -0.8132 -0.3936 -0.4287
vn -0.8612 -0.2769 -0.4262
vn -0.9488 -0.3153 -0.0190
vn -0.6698 -0.2805 -0.6875
vn -0.8558 -0.2689 -0.4420
vn -0.6253 -0.3125 -0.7151
vn -0.2267 -0.7793 0.5842
vn -0.2926 -0.8632 0.4114
vn -0.3649 -0.8922 0.2663
vn 0.6819 0.7163 0.1481
vn 0.6697 0.7136 0.2059
vn 0.6601 0.6601 0.3585
vn 0.6748 0.6532 0.3435
vn 0.6582 0.7043 0.2659
vn 0.6551 0.6627 0.3628
vn 0.1693 0.1074 -0.9797
vn 0.2861 0.3154 -0.9048
vn 0.3914 0.4757 -0.7877
vn 0.3855 0.4980 -0.7768
vn 0.4027 0.4294 -0.8083
vn 0.2481 0.1841 -0.9511
vn 0.1764 0.0766 -0.9813
vn -0.4089 -0.8352 -0.3677
vn -0.3841 -0.7994 -0.4620
vn -0.3968 -0.7845 -0.4765
vn -0.3978 -0.8411 -0.3665
vn -0.3765 -0.8115 -0.4468
vn -0.3898 -0.8470 -0.3615
vn -0.6537 -0.0333 0.7560
vn -0.3341 0.0318 0.9420
vn -0.6881 -0.1332 0.7133
vn -0.3715 -0.0368 0.9277
vn -0.0008 0.0388 0.9992
vn -0.0088 0.0177 0.9998
vn 0.3493 0.0031 0.9370
vn 0.3318 0.0370 0.9426
vn 0.0004 0.1810 0.9835
vn 0.6591 -0.0248 0.7517
vn 0.8802 -0.1657 0.4448
vn 0.8909 -0.1028 0.4424
vn 0.3284 0.1848 0.9263
vn 0.7025 -0.0726 0.7080
vn 0.6386 0.1278 0.7589
vn 0.9786 -0.1975 0.0586
vn 0.9156 -0.0759 -0.3949
vn 0.8964 -0.2207 -0.3843
vn 0.6627 -0.2478 -0.7067
vn 0.9998 -0.0141 -0.0154
vn 0.9973 -0.0732 0.0005
vn 0.9023 0.0388 0.4293
vn 0.6588 -0.0829 -0.7477
vn 0.3181 -0.2553 -0.9130
vn 0.3144 -0.1106 -0.9428
vn 0.9017 -0.0283 -0.4315
vn 0.6278 0.0111 -0.7783
vn -0.0249 -0.2721 -0.9619
vn -0.0117 0.0588 -0.9982
vn -0.0114 -0.1221 -0.9925
vn -0.3315 -0.1159 -0.9363
vn -0.3397 -0.3144 -0.8864
vn -0.6278 -0.3210 -0.7092
vn 0.3098 0.0375 -0.9501
vn -0.6505 -0.1296 -0.7484
vn -0.8962 -0.1135 -0.4290
vn -0.8622 -0.2767 -0.4243
vn -0.9958 -0.0894 -0.0174
vn -0.8898 -0.1146 0.4418
vn -0.8587 -0.2599 0.4418
vn -0.9663 -0.2568 0.0195
vn -0.5063 0.5844 -0.6341
vn -0.3215 0.7992 -0.5079
vn -0.3794 0.9209 -0.0899
vn 0.0001 0.5805 -0.8143
vn -0.0937 0.5209 -0.8484
vn -0.0005 0.9962 -0.0867
vn -0.2509 0.8961 0.3662
vn 0.0197 0.6675 0.7444
vn 0.9996 -0.0031 -0.0270
vn 0.9048 0.0900 0.4162
vn 0.6345 0.1989 0.7469
vn -0.6857 -0.2942 0.6658
vn -0.8685 -0.2918 0.4008
vn -0.8071 -0.4793 0.3449
vn -0.8903 -0.4523 -0.0521
vn -0.9810 -0.1934 0.0121
vn -0.8947 -0.1331 0.4263
vn -0.7093 -0.1365 0.6916
vn 0.3543 -0.6578 0.6647
vn 0.2466 -0.6299 0.7365
vn -0.0217 -0.3793 0.9250
vn 0.3448 -0.4516 0.8229
vn 0.3630 -0.5497 -0.7524
vn 0.2429 -0.5407 -0.8054
vn 0.3291 -0.6143 -0.7172
vn 0.2666 -0.5127 -0.8161
vn 0.5099 -0.6109 -0.6057
vn 0.5766 -0.6694 -0.4685
vn 0.4300 -0.7020 -0.5677
vn 0.4955 -0.7458 -0.4452
vn 0.6261 -0.6960 -0.3516
vn 0.5577 -0.7644 -0.3236
vn 0.6536 -0.6560 -0.3775
vn 0.7345 -0.6769 0.0479
vn 0.2986 -0.5774 -0.7599
vn 0.4961 -0.6158 -0.6121
vn -0.0205 -0.1028 0.9945
vn 0.6964 -0.1424 0.7033
vn 0.3650 -0.1060 0.9249
vn -0.3972 -0.0844 0.9138
vn -0.7047 -0.1470 0.6941
vn 0.9442 -0.3226 0.0671
vn 0.6139 -0.3857 -0.6888
vn 0.8373 -0.3912 -0.3819
vn 0.8795 -0.1975 0.4329
vn 0.8966 -0.0523 -0.4397
vn 0.6165 0.0091 -0.7873
vn 0.2239 0.1924 -0.9554
vn -0.0359 -0.3660 -0.9299
vn -0.5924 -0.4062 -0.6957
vn -0.3612 -0.3801 -0.8515
vn 0.3248 -0.3878 -0.8626
vn -0.8772 -0.2222 0.4255
vn -0.9532 -0.3009 0.0295
vn -0.8198 -0.3712 -0.4360
vn 0.2967 0.3562 0.8860
vn 0.9456 -0.2747 0.1742
vn -0.9457 -0.2745 0.1743
vn -0.9456 -0.2747 0.1742
vn -0.4321 0.8975 -0.0885
vn 0.1999 0.9795 -0.0244
vn 0.2000 0.9795 -0.0244
vn -0.1387 0.0811 0.9870
vn -0.0757 0.0651 0.9950
vn -0.0267 0.0524 0.9983
vn -0.1388 0.0811 0.9870
vn 0.0000 0.0391 0.9992
vn -0.1119 -0.1180 0.9867
vn -0.0846 -0.0153 0.9963
vn -0.1065 0.0070 0.9943
vn 0.1614 -0.6123 -0.7740
vn 0.1553 -0.7442 -0.6497
vn 0.1734 -0.6076 -0.7751
vn -0.0101 -0.9995 0.0295
vn -0.0287 -0.9746 0.2221
vn -0.0352 -0.9748 0.2201
vn -0.0589 -0.9141 0.4011
vn -0.0477 -0.9100 0.4118
vn 0.3788 -0.9197 0.1035
vn 0.3298 -0.8808 0.3396
vn 0.4494 -0.8011 0.3954
vn 0.2904 -0.7860 0.5458
vn 0.3720 -0.7304 0.5729
vn 0.5226 -0.8420 0.1341
vn 0.9954 0.0090 0.0952
vn 0.9806 0.0208 0.1950
vn 0.9954 0.0089 0.0952
vn 0.9561 -0.0840 0.2808
vn 0.9745 -0.1155 0.1925
vn 0.0273 -0.9857 0.1663
vn 0.0036 -0.9507 0.3102
vn -0.0242 -0.8951 0.4451
vn 0.0057 -0.9525 0.3046
vn 0.0020 -0.9466 0.3225
vn -0.0000 -0.9972 0.0752
vn -0.0000 -0.8641 0.5033
vn -0.0529 0.7160 0.6961
vn 0.0229 0.7042 0.7096
vn -0.1164 0.7225 0.6815
vn 0.0000 0.7411 0.6714
vn 0.0000 0.7411 0.6713
vn 0.9456 -0.2749 0.1741
vn 0.0019 -0.9474 0.3200
vn -0.0207 -0.8927 0.4502
vn 0.9843 0.0185 0.1755
vn 0.9621 0.0298 0.2712
vn -0.9882 -0.1437 0.0535
vn -0.9815 -0.1852 -0.0487
vn -0.9784 -0.1941 -0.0713
vn -0.9560 -0.2342 -0.1765
vn 0.0329 -0.9849 0.1698
vn 0.9845 -0.1500 0.0904
vn 0.9759 -0.1188 0.1831
vn 0.9846 -0.1499 0.0904
vn -0.0766 0.1154 0.9904
vn -0.1844 0.1316 0.9740
vn -0.0866 0.0900 0.9922
vn 0.0000 0.1031 0.9947
vn -0.1938 0.9746 0.1126
vn -0.0877 0.9921 -0.0899
vn -0.2079 0.9715 -0.1141
vn -0.4488 0.7950 -0.4081
vn -0.4729 0.8656 -0.1648
vn -0.4837 0.8741 0.0449
vn -0.2051 -0.7713 -0.6025
vn -0.2524 -0.6126 -0.7490
vn -0.2054 -0.7746 -0.5981
vn -0.2526 -0.6110 -0.7502
vn -0.2059 -0.7662 -0.6088
vn -0.2529 -0.6088 -0.7519
vn -0.0000 -0.6336 -0.7737
vn -0.0000 -0.7794 -0.6266
vn -0.5786 -0.3327 0.7446
vn -0.4072 -0.0499 0.9120
vn -0.5787 -0.3327 0.7446
vn -0.0676 -0.1828 0.9808
vn -0.0782 -0.0192 0.9968
vn -0.0769 0.0114 0.9970
vn -0.0693 0.0772 0.9946
vn -0.0951 0.1025 0.9902
vn -0.2378 0.1285 0.9628
vn -0.5188 -0.1356 0.8441
vn -0.3225 0.0648 0.9444
vn -0.2692 -0.0217 -0.9629
vn -0.2486 0.1895 -0.9499
vn -0.2486 0.1940 -0.9490
vn -0.2691 -0.0208 -0.9629
vn -0.2166 0.3934 -0.8935
vn -0.2163 0.4004 -0.8905
vn -0.2485 0.1970 -0.9484
vn -0.2159 0.4052 -0.8884
vn 0.0000 0.1928 -0.9812
vn -0.2691 -0.0205 -0.9629
vn 0.0362 -0.9910 0.1290
vn 0.0013 -0.9990 0.0449
vn -0.0000 -0.9915 0.1303
vn 0.0203 -0.9917 0.1267
vn 0.0079 -0.9978 0.0654
vn 0.0084 -0.9982 0.0593
vn -0.0781 -0.9731 -0.2167
vn -0.0793 -0.9748 -0.2086
vn -0.0795 -0.9705 -0.2274
vn -0.0000 -0.9747 -0.2237
vn -0.2152 0.9089 -0.3572
vn -0.1029 0.9384 -0.3299
vn -0.4872 0.7213 -0.4922
vn 0.0366 0.5843 0.8107
vn 0.0056 0.5092 0.8606
vn 0.0173 0.5956 0.8031
vn -0.2380 0.8471 -0.4753
vn -0.5360 0.5273 -0.6593
vn -0.0000 -0.9726 0.2325
vn -0.0000 -0.9065 0.4222
vn -0.9904 -0.1345 0.0323
vn -0.9817 -0.1843 -0.0484
vn -0.9801 -0.1901 -0.0579
vn -0.9603 -0.2403 -0.1418
vn -0.9603 -0.2403 -0.1419
vn -0.0076 -0.9998 0.0198
vn -0.0000 -0.9999 0.0101
vn -0.0000 -0.7437 -0.6685
vn -0.0000 -0.6139 -0.7894
vn 0.1340 -0.7874 -0.6018
vn 0.1308 -0.8535 -0.5044
vn 0.1217 -0.8454 -0.5201
vn 0.0857 -0.8028 -0.5901
vn 0.1026 -0.8507 -0.5156
vn -0.0000 -0.8629 -0.5053
vn -0.0708 0.2898 0.9545
vn -0.0704 0.3297 0.9415
vn -0.2201 0.2328 0.9473
vn -0.0758 0.2484 0.9657
vn 0.0000 0.2486 0.9686
vn -0.2646 0.2348 0.9353
vn -0.1724 0.2581 0.9506
vn -0.3631 0.1775 0.9147
vn 0.0000 0.5218 0.8531
vn 0.0000 0.5996 0.8003
vn -0.0692 0.5480 0.8336
vn -0.3758 0.4348 0.8184
vn -0.0564 0.4799 0.8755
vn -0.0695 0.3666 0.9278
vn -0.3844 0.3808 0.8410
vn -0.0369 0.3809 0.9239
vn 0.0000 0.3011 0.9536
vn 0.0000 0.3956 0.9184
vn 0.0803 -0.8128 -0.5769
vn -0.8430 -0.4768 -0.2492
vn -0.8736 -0.4860 -0.0244
vn -0.8156 -0.5318 -0.2279
vn -0.8789 -0.4395 0.1855
vn -0.8460 -0.5330 0.0124
vn -0.9207 -0.3649 0.1383
vn -0.8987 -0.4332 -0.0681
vn -0.7985 -0.5621 -0.2152
vn -0.8494 -0.4828 0.2133
vn -0.0466 -0.8448 -0.5331
vn 0.0434 -0.6892 -0.7233
vn -0.3474 -0.7458 -0.5684
vn -0.2062 -0.8034 -0.5586
vn -0.3988 -0.7186 -0.5698
vn -0.2923 -0.7718 -0.5648
vn -0.1240 -0.8982 0.4217
vn -0.1265 -0.9654 0.2280
vn -0.4011 -0.8512 0.3384
vn -0.3839 -0.9141 0.1307
vn -0.3518 -0.9337 -0.0673
vn -0.3860 -0.9107 0.1475
vn -0.1265 -0.9686 0.2139
vn -0.1235 -0.9922 0.0142
vn -0.1234 -0.9922 0.0142
vn -0.9017 0.1996 -0.3836
vn -0.7709 0.3915 -0.5025
vn -0.8382 0.2245 -0.4969
vn -0.9529 -0.1552 -0.2606
vn -0.9682 -0.1286 -0.2146
vn -0.6679 -0.6879 -0.2840
vn -0.9257 -0.3164 -0.2072
vn -0.8493 -0.4742 -0.2321
vn -0.5460 -0.7757 -0.3163
vn -0.1528 0.8836 -0.4427
vn -0.1036 0.9398 -0.3256
vn -0.1223 0.9393 -0.3206
vn -0.1556 0.8216 -0.5484
vn 0.0000 0.8331 -0.5531
vn -0.1183 0.8828 -0.4547
vn -0.1191 0.8877 -0.4448
vn -0.2970 0.6010 -0.7420
vn -0.1251 0.8204 -0.5580
vn -0.1243 0.8116 -0.5708
vn -0.1480 -0.9877 -0.0508
vn -0.0802 -0.9965 0.0220
vn 0.0176 -0.9868 0.1610
vn -0.4312 -0.8695 -0.2407
vn -0.4868 -0.8658 -0.1157
vn -0.6366 -0.7544 -0.1605
vn -0.8438 -0.4802 -0.2397
vn -0.4211 -0.8629 -0.2793
vn -0.8772 0.1052 -0.4685
vn -0.6880 -0.6448 -0.3330
vn -0.6939 0.4445 -0.5664
vn -0.6666 0.5464 -0.5071
vn -0.6579 0.6003 -0.4548
vn -0.7816 0.3838 -0.4917
vn -0.8195 0.3654 -0.4415
vn -0.9285 0.1408 -0.3436
vn 0.0221 -0.9920 0.1240
vn -0.1381 -0.9591 -0.2469
vn -0.0343 -0.9930 0.1134
vn -0.0292 -0.9986 0.0437
vn -0.3141 -0.9229 -0.2227
vn -0.2352 -0.9438 -0.2320
vn 0.5798 -0.8134 0.0467
vn 0.3801 -0.9242 0.0378
vn 0.6108 -0.7828 -0.1188
vn 0.8310 -0.5549 -0.0400
vn 0.7942 -0.5996 0.0986
vn 0.4718 -0.8662 -0.1646
vn 0.6461 -0.7497 -0.1435
vn 0.8386 -0.5336 -0.1098
vn 0.2900 0.8668 0.4057
vn 0.5934 0.7769 0.2104
vn 0.4154 0.8854 0.2084
vn 0.4723 0.7731 0.4234
vn 0.0861 0.9121 0.4009
vn 0.1614 0.9662 0.2010
vn -0.9411 0.3135 0.1269
vn -0.9955 0.0557 0.0762
vn -0.9927 -0.1172 0.0275
vn -0.7235 0.6634 0.1910
vn -0.8907 0.4325 0.1401
vn -0.8494 -0.4561 -0.2656
vn -0.8458 -0.5169 -0.1320
vn -0.6418 -0.6988 -0.3158
vn -0.6514 -0.7327 -0.1970
vn -0.8359 -0.2675 -0.4793
vn -0.8039 -0.4834 -0.3466
vn -0.1400 -0.3332 0.9324
vn -0.1865 -0.1114 0.9761
vn -0.1562 -0.3018 0.9405
vn 0.1664 -0.3761 0.9115
vn -0.1206 -0.1245 0.9849
vn -0.2348 0.2296 0.9445
vn -0.2204 0.1964 0.9554
vn -0.1921 0.2124 0.9581
vn -0.1546 0.2827 0.9467
vn -0.1900 0.4241 0.8854
vn -0.4289 0.5649 0.7049
vn -0.3861 0.4196 0.8215
vn -0.2883 0.4150 0.8629
vn -0.2849 0.5353 0.7952
vn -0.2323 0.3932 0.8896
vn -0.2343 0.5092 0.8281
vn -0.1906 0.5429 0.8179
vn -0.3163 0.2622 0.9117
vn -0.2223 0.2284 0.9478
vn -0.2703 0.1994 0.9419
vn -0.4625 -0.4526 0.7624
vn -0.1692 -0.3375 0.9260
vn -0.2693 -0.1481 0.9516
vn -0.4624 -0.4525 0.7625
vn -0.3347 -0.9388 -0.0816
vn -0.1584 -0.9558 -0.2478
vn -0.3699 -0.8861 -0.2794
vn -0.2734 -0.4352 0.8578
vn -0.2234 -0.4311 0.8742
vn -0.2924 -0.4370 0.8506
vn -0.6230 -0.3960 0.6745
vn -0.5676 -0.4113 0.7132
vn 0.9581 -0.2739 0.0833
vn 0.9839 0.1449 0.1050
vn 0.9983 0.0558 -0.0141
vn 0.4529 -0.2459 0.8570
vn 0.4848 -0.1315 0.8647
vn 0.4957 -0.0847 0.8643
vn 0.2995 0.3345 0.8935
vn 0.8150 -0.5775 0.0478
vn 0.5716 -0.8205 0.0025
vn 0.9483 -0.3084 -0.0745
vn 0.4881 -0.8590 -0.1545
vn 0.4442 -0.8958 -0.0164
vn -0.2105 -0.4292 0.8783
vn -0.2001 -0.4475 0.8716
vn -0.1467 -0.4535 0.8791
vn -0.0697 -0.4599 0.8853
vn 0.1680 0.6900 0.7041
vn 0.1339 0.5200 0.8436
vn -0.0462 0.5606 0.8268
vn 0.4802 0.8762 0.0412
vn 0.2406 0.9706 0.0054
vn 0.4961 0.8677 0.0320
vn 0.9122 -0.3313 0.2409
vn 0.9616 -0.2595 0.0894
vn 0.8921 0.1166 0.4364
vn 0.8355 0.2848 0.4700
vn 0.9858 -0.0747 -0.1506
vn -0.3852 -0.9114 -0.1450
vn -0.3536 -0.8875 -0.2955
vn -0.1453 -0.9870 -0.0683
vn -0.1575 -0.9853 -0.0666
vn -0.1660 -0.9448 -0.2825
vn -0.6446 -0.6946 -0.3195
vn -0.6638 -0.7388 -0.1168
vn -0.1554 0.9755 0.1560
vn 0.2211 0.9752 -0.0084
vn 0.6725 0.7392 0.0362
vn 0.6423 0.7638 0.0636
vn 0.7078 0.5240 0.4738
vn -0.8275 -0.5237 0.2025
vn -0.7997 -0.5985 0.0477
vn -0.6803 -0.7206 0.1339
vn -0.4539 0.8885 0.0667
vn -0.7507 0.6581 -0.0578
vn -0.1910 0.9037 0.3832
vn -0.4477 0.8437 0.2963
vn -0.1182 0.9906 -0.0685
vn -0.4555 0.8745 -0.1665
vn -0.7395 0.6207 -0.2605
vn -0.9109 0.2488 -0.3292
vn -0.8973 0.1270 -0.4227
vn -0.6493 0.2860 0.7047
vn -0.7094 0.3142 0.6309
vn -0.6169 0.2830 0.7344
vn -0.6664 0.3345 0.6664
vn -0.6648 0.3758 0.6457
vn -0.3792 0.4801 0.7910
vn -0.7461 0.3372 0.5741
vn -0.4178 0.2339 0.8779
vn -0.4610 0.2528 0.8506
vn -0.6868 0.2931 0.6652
vn -0.7462 0.3391 0.5729
vn -0.8161 0.2066 0.5398
vn -0.6840 0.1470 0.7146
vn -0.4517 0.2304 0.8619
vn -0.5147 0.2858 0.8084
vn 0.0547 0.4479 0.8924
vn -0.1105 0.4342 0.8940
vn -0.8238 0.1234 0.5532
vn -0.7946 0.1357 0.5918
vn -0.7998 0.1243 0.5873
vn 0.8316 0.5156 0.2064
vn 0.8783 0.4771 0.0309
vn -0.4386 0.2301 0.8687
vn -0.0842 0.2384 0.9675
vn -0.2422 0.2474 0.9381
vn -0.2064 0.1745 0.9628
vn -0.0947 0.2085 0.9734
vn -0.3344 0.2476 0.9093
vn 0.0000 0.2201 0.9755
vn 0.0000 0.2422 0.9702
vn 0.0441 0.7302 0.6818
vn -0.2110 0.5773 0.7888
vn -0.0892 0.7778 0.6222
vn 0.8351 0.5424 0.0919
vn 0.4637 0.3238 0.8247
vn 0.3231 0.5841 0.7446
vn -0.1322 0.9866 -0.0957
vn -0.7787 0.6240 0.0645
vn -0.4642 0.8653 -0.1892
vn -0.2866 0.7926 0.5382
vn -0.3030 0.7897 0.5334
vn -0.5546 0.7011 0.4482
vn -0.5199 0.7186 0.4619
vn -0.7674 0.5583 0.3154
vn -0.8682 -0.4635 -0.1771
vn -0.9210 -0.1515 -0.3589
vn -0.9652 -0.1038 -0.2398
vn -0.8617 -0.2359 0.4492
vn -0.9528 0.0484 0.2998
vn -0.9516 0.0307 0.3057
vn -0.8537 -0.2465 0.4587
vn -0.9421 0.3354 -0.0019
vn -0.9063 0.3462 0.2426
vn -0.3571 0.1959 -0.9133
vn -0.3684 -0.0129 -0.9296
vn -0.5647 0.2070 -0.7989
vn -0.2693 -0.0230 -0.9628
vn -0.2782 -0.7515 -0.5982
vn -0.3249 -0.6083 -0.7242
vn -0.0837 -0.1160 0.9897
vn 0.0000 -0.0101 0.9999
vn -0.0873 0.0752 0.9933
vn -0.0974 0.0706 0.9927
vn -0.7461 0.6654 -0.0239
vn -0.7121 0.6648 -0.2257
vn -0.8805 0.4045 -0.2473
vn -0.9129 0.4016 -0.0731
vn -0.1049 0.0908 0.9903
vn -0.2746 0.2130 0.9377
vn 0.6656 -0.1575 0.7295
vn -0.2469 0.2015 0.9479
vn -0.2459 0.1685 0.9545
vn -0.4036 -0.7414 -0.5362
vn -0.4486 -0.6098 -0.6534
vn -0.0595 0.5967 0.8003
vn -0.1006 0.4472 0.8887
vn -0.5774 -0.6063 -0.5468
vn -0.5225 -0.7253 -0.4483
vn -0.7554 -0.5369 -0.3756
vn -0.9747 -0.2204 0.0370
vn -0.9466 -0.3078 -0.0963
vn -0.7181 -0.6431 0.2660
vn -0.2811 0.3157 0.9063
vn -0.3596 0.1568 0.9198
vn -0.1238 0.5662 0.8149
vn -0.5839 0.0885 0.8070
vn -0.4362 0.0335 0.8992
vn -0.0585 0.9781 0.1998
vn -0.0568 0.9775 0.2034
vn -0.0881 0.9933 -0.0747
vn 0.0000 0.9768 0.2139
vn -0.0958 0.9417 -0.3224
vn 0.0000 0.9472 -0.3205
vn 0.0000 0.9077 -0.4196
vn -0.0691 0.9838 0.1655
vn -0.0796 -0.8997 0.4292
vn -0.0244 -0.9399 0.3405
vn -0.0796 -0.8997 0.4291
vn -0.9712 -0.1933 -0.1389
vn -0.9833 -0.1021 -0.1510
vn -0.9904 -0.1306 -0.0447
vn -0.0224 -0.9412 0.3372
vn 0.0397 -0.9794 0.1981
vn -0.9937 -0.0875 -0.0697
vn -0.9838 0.1479 -0.1014
vn -0.9671 0.1453 -0.2089
vn -0.7288 0.0625 -0.6819
vn -0.7184 0.2173 -0.6608
vn -0.5566 0.0170 -0.8306
vn 0.4322 0.8974 -0.0885
vn -0.0000 -0.9510 0.3093
vn -0.1997 0.9796 -0.0243
vn -0.1999 0.9795 -0.0244
vn -0.1998 0.9795 -0.0244
vn 0.1388 0.0811 0.9870
vn 0.0757 0.0650 0.9950
vn 0.0267 0.0524 0.9983
vn 0.1119 -0.1180 0.9867
vn 0.0846 -0.0153 0.9963
vn 0.0838 -0.1159 0.9897
vn -0.1615 -0.6123 -0.7740
vn -0.1554 -0.7442 -0.6497
vn -0.1341 -0.7873 -0.6018
vn 0.0100 -0.9995 0.0295
vn 0.0286 -0.9746 0.2221
vn 0.0075 -0.9998 0.0200
vn 0.0588 -0.9141 0.4011
vn 0.0352 -0.9748 0.2201
vn 0.0530 0.7160 0.6961
vn 0.1165 0.7225 0.6815
vn -0.4495 -0.8010 0.3954
vn -0.2905 -0.7859 0.5458
vn -0.3299 -0.8808 0.3396
vn -0.3789 -0.9196 0.1035
vn -0.5226 -0.8420 0.1340
vn 0.9560 -0.2343 -0.1765
vn 0.9815 -0.1853 -0.0487
vn -0.9561 -0.0839 0.2808
vn -0.9745 -0.1155 0.1925
vn 0.9603 -0.2403 -0.1419
vn 0.9817 -0.1844 -0.0484
vn 0.9603 -0.2404 -0.1418
vn 0.0241 -0.8951 0.4451
vn -0.0021 -0.9466 0.3225
vn -0.0058 -0.9525 0.3046
vn -0.3720 -0.7303 0.5729
vn -0.0229 0.7042 0.7096
vn -0.0230 0.7043 0.7096
vn -0.0037 -0.9507 0.3102
vn -0.0275 -0.9857 0.1663
vn -0.0274 -0.9857 0.1663
vn 0.0206 -0.8927 0.4502
vn -0.0020 -0.9474 0.3200
vn -0.9621 0.0299 0.2712
vn -0.9806 0.0209 0.1950
vn -0.9843 0.0186 0.1755
vn -0.9954 0.0090 0.0952
vn -0.9954 0.0091 0.0952
vn 0.9784 -0.1942 -0.0713
vn 0.9882 -0.1437 0.0535
vn 0.9882 -0.1438 0.0535
vn -0.0331 -0.9849 0.1699
vn -0.0330 -0.9849 0.1698
vn -0.9759 -0.1187 0.1831
vn -0.9846 -0.1499 0.0904
vn 0.0766 0.1154 0.9904
vn 0.0866 0.0900 0.9922
vn 0.0000 0.1392 0.9903
vn 0.1939 0.9745 0.1126
vn 0.0877 0.9921 -0.0898
vn 0.0692 0.9838 0.1655
vn 0.2080 0.9715 -0.1141
vn 0.4729 0.8656 -0.1648
vn 0.4488 0.7950 -0.4081
vn 0.4837 0.8741 0.0449
vn 0.2050 -0.7714 -0.6025
vn 0.0793 -0.9748 -0.2086
vn 0.2053 -0.7747 -0.5981
vn 0.2523 -0.6126 -0.7490
vn 0.2525 -0.6111 -0.7502
vn 0.2059 -0.7662 -0.6087
vn 0.0676 -0.1829 0.9808
vn 0.0782 -0.0192 0.9968
vn 0.0676 -0.1828 0.9808
vn 0.0769 0.0114 0.9970
vn 0.0693 0.0771 0.9946
vn 0.4072 -0.0499 0.9120
vn 0.5786 -0.3327 0.7446
vn 0.0951 0.1025 0.9902
vn 0.5188 -0.1356 0.8441
vn 0.2378 0.1285 0.9628
vn 0.2692 -0.0217 -0.9629
vn 0.2487 0.1895 -0.9499
vn 0.2693 -0.0230 -0.9628
vn 0.2163 0.4004 -0.8905
vn 0.2485 0.1970 -0.9484
vn 0.2159 0.4052 -0.8884
vn 0.2486 0.1939 -0.9490
vn 0.2166 0.3934 -0.8935
vn 0.2692 -0.0208 -0.9629
vn 0.0000 0.4169 -0.9090
vn 0.2691 -0.0205 -0.9629
vn -0.0364 -0.9910 0.1290
vn -0.0080 -0.9978 0.0654
vn -0.0204 -0.9917 0.1267
vn -0.0085 -0.9982 0.0593
vn -0.0221 -0.9920 0.1240
vn 0.0780 -0.9731 -0.2167
vn 0.0794 -0.9706 -0.2274
vn -0.0014 -0.9990 0.0449
vn 0.2153 0.9089 -0.3572
vn 0.4873 0.7213 -0.4922
vn 0.2380 0.8470 -0.4753
vn -0.0365 0.5843 0.8107
vn -0.0056 0.5093 0.8606
vn 0.0565 0.4799 0.8755
vn 0.1030 0.9384 -0.3299
vn 0.5361 0.5272 -0.6593
vn 0.0476 -0.9100 0.4118
vn 0.9800 -0.1902 -0.0579
vn 0.9904 -0.1346 0.0323
vn -0.1735 -0.6075 -0.7751
vn -0.1217 -0.8454 -0.5201
vn -0.0858 -0.8027 -0.5901
vn -0.1310 -0.8535 -0.5044
vn 0.0708 0.2897 0.9545
vn 0.0704 0.3297 0.9415
vn 0.0370 0.3809 0.9239
vn 0.0758 0.2484 0.9657
vn 0.2201 0.2328 0.9473
vn 0.3631 0.1775 0.9147
vn 0.2646 0.2348 0.9353
vn 0.4386 0.2300 0.8687
vn 0.1724 0.2581 0.9506
vn -0.0172 0.5956 0.8031
vn 0.0693 0.5480 0.8336
vn 0.3758 0.4348 0.8184
vn 0.3792 0.4801 0.7910
vn 0.0696 0.3666 0.9278
vn -0.1027 -0.8507 -0.5156
vn -0.0804 -0.8128 -0.5769
vn 0.8987 -0.4333 -0.0681
vn 0.8429 -0.4768 -0.2492
vn 0.8736 -0.4861 -0.0244
vn 0.9207 -0.3650 0.1383
vn 0.8788 -0.4396 0.1855
vn 0.8460 -0.5331 0.0124
vn 0.8493 -0.4828 0.2133
vn 0.8156 -0.5319 -0.2279
vn 0.7985 -0.5622 -0.2152
vn 0.0465 -0.8448 -0.5330
vn 0.2062 -0.8034 -0.5586
vn -0.0435 -0.6892 -0.7233
vn 0.3987 -0.7186 -0.5698
vn 0.3474 -0.7458 -0.5684
vn 0.2922 -0.7718 -0.5648
vn 0.0291 -0.9986 0.0437
vn 0.0342 -0.9930 0.1134
vn 0.1239 -0.8982 0.4217
vn 0.1264 -0.9654 0.2280
vn 0.4010 -0.8513 0.3384
vn 0.3838 -0.9141 0.1307
vn 0.3859 -0.9107 0.1475
vn 0.3517 -0.9337 -0.0673
vn 0.1263 -0.9687 0.2139
vn 0.1233 -0.9923 0.0142
vn 0.1234 -0.9923 0.0142
vn 0.9017 0.1995 -0.3836
vn 0.9682 -0.1286 -0.2147
vn 0.9529 -0.1553 -0.2606
vn 0.8383 0.2245 -0.4969
vn 0.7709 0.3914 -0.5024
vn 0.6679 -0.6880 -0.2840
vn 0.9257 -0.3165 -0.2072
vn 0.8438 -0.4802 -0.2397
vn 0.1224 0.9393 -0.3206
vn 0.1529 0.8835 -0.4427
vn 0.1557 0.8216 -0.5484
vn 0.1192 0.8876 -0.4448
vn 0.1252 0.8203 -0.5580
vn 0.1037 0.9398 -0.3256
vn 0.1184 0.8827 -0.4547
vn 0.2971 0.6010 -0.7420
vn 0.1244 0.8116 -0.5708
vn 0.1480 -0.9877 -0.0508
vn -0.0176 -0.9868 0.1610
vn 0.0801 -0.9965 0.0220
vn 0.3140 -0.9229 -0.2227
vn 0.4210 -0.8630 -0.2793
vn 0.4311 -0.8696 -0.2407
vn 0.5460 -0.7758 -0.3163
vn 0.4868 -0.8658 -0.1157
vn 0.6365 -0.7544 -0.1605
vn 0.8492 -0.4743 -0.2321
vn 0.6879 -0.6449 -0.3330
vn 0.7554 -0.5369 -0.3756
vn 0.6940 0.4445 -0.5665
vn 0.6666 0.5463 -0.5071
vn 0.8195 0.3653 -0.4416
vn 0.7817 0.3837 -0.4917
vn 0.6579 0.6003 -0.4548
vn 0.9285 0.1407 -0.3436
vn 0.1381 -0.9591 -0.2469
vn 0.2351 -0.9439 -0.2320
vn -0.5799 -0.8134 0.0467
vn -0.8310 -0.5548 -0.0400
vn -0.6109 -0.7827 -0.1188
vn -0.3802 -0.9241 0.0378
vn -0.4719 -0.8661 -0.1646
vn -0.6461 -0.7497 -0.1434
vn -0.4882 -0.8589 -0.1544
vn -0.8387 -0.5335 -0.1098
vn -0.6725 0.7393 0.0362
vn -0.4960 0.8677 0.0320
vn -0.6422 0.7639 0.0636
vn -0.2899 0.8668 0.4057
vn -0.5933 0.7770 0.2104
vn -0.4722 0.7731 0.4234
vn -0.0860 0.9121 0.4009
vn -0.4153 0.8855 0.2084
vn 0.8907 0.4324 0.1401
vn 0.7507 0.6581 -0.0578
vn 0.7236 0.6633 0.1910
vn 0.9411 0.3134 0.1269
vn 0.9955 0.0556 0.0762
vn 0.9927 -0.1173 0.0275
vn 0.8457 -0.5171 -0.1320
vn 0.8493 -0.4563 -0.2655
vn 0.6418 -0.6989 -0.3157
vn 0.8359 -0.2675 -0.4793
vn 0.8038 -0.4835 -0.3466
vn 0.9210 -0.1516 -0.3589
vn 0.6445 -0.6946 -0.3195
vn 0.1400 -0.3332 0.9324
vn 0.1865 -0.1114 0.9761
vn 0.1206 -0.1245 0.9849
vn -0.1664 -0.3761 0.9115
vn 0.2205 0.1963 0.9554
vn 0.2348 0.2296 0.9445
vn 0.1922 0.2123 0.9581
vn 0.1546 0.2827 0.9467
vn 0.1901 0.4241 0.8854
vn 0.1007 0.4472 0.8887
vn 0.3861 0.4196 0.8215
vn 0.4290 0.5649 0.7049
vn 0.2883 0.4150 0.8629
vn 0.3163 0.2621 0.9117
vn 0.2849 0.5353 0.7952
vn 0.2324 0.3932 0.8896
vn 0.2344 0.5092 0.8281
vn 0.1906 0.5429 0.8179
vn 0.2224 0.2284 0.9478
vn 0.2703 0.1994 0.9419
vn 0.2693 -0.1481 0.9516
vn 0.4625 -0.4526 0.7624
vn 0.1692 -0.3375 0.9260
vn 0.1561 -0.3018 0.9405
vn 0.1452 -0.9870 -0.0683
vn 0.3346 -0.9388 -0.0816
vn 0.1583 -0.9558 -0.2478
vn 0.3698 -0.8861 -0.2794
vn 0.2733 -0.4352 0.8579
vn 0.6230 -0.3961 0.6745
vn 0.2923 -0.4370 0.8506
vn 0.2233 -0.4312 0.8742
vn 0.2105 -0.4292 0.8783
vn -0.4529 -0.2459 0.8570
vn -0.4848 -0.1314 0.8647
vn -0.4529 -0.2458 0.8570
vn -0.4957 -0.0847 0.8643
vn -0.4636 0.3238 0.8247
vn -0.2995 0.3346 0.8935
vn -0.8151 -0.5774 0.0478
vn -0.9483 -0.3084 -0.0745
vn -0.9582 -0.2738 0.0833
vn -0.5717 -0.8205 0.0025
vn -0.4443 -0.8958 -0.0164
vn 0.2000 -0.4475 0.8716
vn 0.1467 -0.4535 0.8791
vn 0.0697 -0.4599 0.8853
vn -0.1680 0.6900 0.7041
vn -0.1338 0.5200 0.8436
vn -0.3230 0.5841 0.7446
vn -0.2210 0.9752 -0.0084
vn 0.1183 0.9906 -0.0685
vn 0.1322 0.9866 -0.0957
vn -0.4802 0.8762 0.0412
vn -0.2405 0.9706 0.0053
vn -0.9123 -0.3312 0.2409
vn -0.7942 -0.5996 0.0986
vn -0.8921 0.1167 0.4365
vn -0.9616 -0.2594 0.0894
vn -0.9858 -0.0746 -0.1506
vn -0.9983 0.0559 -0.0136
vn 0.3852 -0.9114 -0.1450
vn 0.6513 -0.7328 -0.1970
vn 0.3534 -0.8875 -0.2956
vn 0.1574 -0.9853 -0.0666
vn 0.6637 -0.7389 -0.1169
vn 0.1659 -0.9448 -0.2825
vn 0.1555 0.9754 0.1560
vn -0.1613 0.9662 0.2010
vn 0.1911 0.9037 0.3832
vn -0.8354 0.2849 0.4700
vn -0.7077 0.5240 0.4739
vn -0.8316 0.5157 0.2064
vn 0.8274 -0.5238 0.2026
vn 0.6800 -0.7209 0.1340
vn 0.7996 -0.5986 0.0477
vn 0.4539 0.8885 0.0667
vn 0.4478 0.8436 0.2963
vn 0.4555 0.8745 -0.1665
vn 0.9108 0.2489 -0.3293
vn 0.7395 0.6207 -0.2606
vn 0.6493 0.2859 0.7047
vn 0.7094 0.3142 0.6309
vn 0.6664 0.3345 0.6664
vn 0.6648 0.3757 0.6457
vn 0.3844 0.3808 0.8410
vn 0.7462 0.3371 0.5741
vn 0.4178 0.2339 0.8779
vn 0.4610 0.2528 0.8506
vn 0.6868 0.2930 0.6652
vn 0.6169 0.2829 0.7344
vn 0.7461 0.3387 0.5732
vn 0.8238 0.1233 0.5532
vn 0.8161 0.2065 0.5397
vn 0.6840 0.1469 0.7146
vn 0.5147 0.2857 0.8084
vn 0.4517 0.2303 0.8619
vn 0.7946 0.1356 0.5918
vn 0.7998 0.1242 0.5873
vn -0.8783 0.4771 0.0309
vn 0.0842 0.2384 0.9675
vn 0.2422 0.2475 0.9381
vn 0.2064 0.1745 0.9628
vn 0.2459 0.1685 0.9545
vn 0.3344 0.2476 0.9093
vn 0.0947 0.2085 0.9734
vn 0.0893 0.7778 0.6222
vn 0.3031 0.7897 0.5334
vn 0.2110 0.5773 0.7888
vn -0.0440 0.7302 0.6818
vn 0.1239 0.5661 0.8150
vn 0.0463 0.5606 0.8268
vn -0.8350 0.5425 0.0919
vn -0.9838 0.1450 0.1050
vn 0.4642 0.8653 -0.1892
vn 0.7788 0.6240 0.0645
vn 0.2866 0.7926 0.5382
vn 0.5547 0.7010 0.4482
vn 0.5199 0.7185 0.4619
vn 0.8682 -0.4636 -0.1771
vn 0.9652 -0.1039 -0.2399
vn 0.8617 -0.2360 0.4492
vn 0.9516 0.0306 0.3057
vn 0.9528 0.0483 0.2998
vn 0.8537 -0.2465 0.4587
vn 0.5676 -0.4114 0.7132
vn 0.8973 0.1269 -0.4227
vn 0.9421 0.3353 -0.0019
vn 0.7674 0.5582 0.3154
vn 0.9063 0.3461 0.2426
vn 0.3684 -0.0129 -0.9296
vn 0.5647 0.2069 -0.7989
vn 0.5566 0.0169 -0.8306
vn 0.3570 0.1959 -0.9133
vn -0.0000 -0.1144 0.9934
vn 0.1064 0.0070 0.9943
vn 0.0000 0.0778 0.9970
vn 0.0873 0.0752 0.9933
vn 0.0975 0.0705 0.9927
vn 0.7461 0.6654 -0.0236
vn 0.7121 0.6648 -0.2257
vn 0.9129 0.4016 -0.0732
vn 0.8805 0.4044 -0.2474
vn 0.3225 0.0647 0.9444
vn 0.1049 0.0908 0.9903
vn 0.2746 0.2129 0.9377
vn 0.1845 0.1316 0.9740
vn -0.6657 -0.1575 0.7295
vn -0.6656 -0.1575 0.7295
vn -0.6657 -0.1575 0.7294
vn 0.2469 0.2015 0.9479
vn 0.2811 0.3156 0.9063
vn 0.3248 -0.6083 -0.7242
vn 0.4036 -0.7414 -0.5362
vn 0.2781 -0.7516 -0.5982
vn 0.2528 -0.6088 -0.7519
vn 0.0596 0.5967 0.8003
vn 0.0596 0.5966 0.8003
vn 0.5224 -0.7253 -0.4483
vn 0.5774 -0.6064 -0.5468
vn 0.4485 -0.6099 -0.6534
vn 0.7181 -0.6431 0.2660
vn 0.9747 -0.2205 0.0370
vn 0.9465 -0.3079 -0.0963
vn 0.3596 0.1568 0.9198
vn 0.5839 0.0885 0.8070
vn 0.1105 0.4342 0.8940
vn -0.0546 0.4479 0.8924
vn 0.4362 0.0335 0.8992
vn 0.0569 0.9774 0.2034
vn 0.0586 0.9781 0.1998
vn 0.0882 0.9933 -0.0747
vn 0.0000 0.9768 0.2140
vn 0.0000 0.9473 -0.3203
vn 0.0959 0.9417 -0.3224
vn 0.0796 -0.8997 0.4292
vn 0.0243 -0.9399 0.3405
vn 0.0224 -0.9412 0.3372
vn 0.9712 -0.1934 -0.1389
vn 0.9832 -0.1022 -0.1510
vn 0.9937 -0.0875 -0.0697
vn 0.9904 -0.1306 -0.0448
vn -0.0398 -0.9794 0.1981
vn 0.0796 -0.8997 0.4291
vn 0.9838 0.1478 -0.1014
vn 0.9671 0.1452 -0.2089
vn 0.8772 0.1051 -0.4685
vn 0.7288 0.0624 -0.6818
vn 0.7185 0.2173 -0.6608
usemtl Ghost_Main
s 1
f 1//1 2//2 3//3
f 4//4 2//2 1//1
f 4//4 5//5 2//2
f 6//6 5//5 4//4
f 6//6 7//7 8//8
f 9//9 10//10 11//11
f 11//11 12//12 13//13
f 11//11 10//10 12//12
f 13//13 14//14 15//15
f 16//16 17//17 18//18
f 16//16 18//18 19//19
f 15//15 20//20 21//21
f 22//22 20//20 23//23
f 24//24 23//23 25//25
f 24//24 25//25 26//26
f 27//27 28//28 29//29
f 27//27 29//29 9//9
f 30//30 31//31 32//32
f 30//30 28//28 27//27
f 33//33 34//34 35//35
f 36//36 37//37 38//38
f 36//36 35//35 39//39
f 40//40 41//41 42//42
f 43//43 44//44 41//41
f 45//45 46//46 44//44
f 47//47 48//48 49//49
f 50//50 51//51 52//52
f 53//53 54//54 51//51
f 53//53 51//51 50//50
f 55//55 54//54 53//53
f 49//49 56//56 55//55
f 57//57 34//34 58//58
f 59//59 42//42 60//60
f 61//61 62//62 57//57
f 61//61 60//60 63//63
f 32//32 64//64 65//65
f 32//32 66//66 64//64
f 32//32 65//65 28//28
f 67//67 68//68 69//69
f 67//67 70//70 71//71
f 67//67 72//72 68//68
f 73//73 71//71 74//74
f 73//73 75//75 76//76
f 73//73 74//74 75//75
f 77//77 78//78 79//79
f 77//77 80//80 81//81
f 82//82 79//79 83//83
f 84//84 85//85 82//82
f 84//84 86//86 87//87
f 87//87 88//88 89//89
f 87//87 90//90 84//84
f 91//91 86//86 92//92
f 91//91 92//92 93//93
f 91//91 94//94 88//88
f 95//95 96//96 93//93
f 95//95 70//70 69//69
f 95//95 97//97 96//96
f 93//93 98//98 95//95
f 93//93 99//99 98//98
f 76//76 100//100 101//101
f 76//76 72//72 73//73
f 64//64 102//102 65//65
f 64//64 103//103 104//104
f 103//103 100//100 105//105
f 103//103 64//64 66//66
f 103//103 66//66 101//101
f 102//102 64//64 104//104
f 102//102 78//78 81//81
f 104//104 106//106 102//102
f 104//104 107//107 106//106
f 104//104 105//105 107//107
f 78//78 77//77 81//81
f 78//78 108//108 79//79
f 78//78 102//102 106//106
f 100//100 76//76 75//75
f 100//100 103//103 101//101
f 100//100 109//109 105//105
f 70//70 95//95 98//98
f 70//70 67//67 69//69
f 70//70 110//110 71//71
f 86//86 91//91 87//87
f 86//86 84//84 111//111
f 112//112 86//86 111//111
f 112//112 111//111 113//113
f 112//112 92//92 86//86
f 94//94 25//25 88//88
f 94//94 17//17 25//25
f 94//94 91//91 93//93
f 94//94 93//93 96//96
f 105//105 104//104 103//103
f 114//114 115//115 116//116
f 114//114 117//117 118//118
f 114//114 107//107 105//105
f 114//114 105//105 109//109
f 106//106 108//108 78//78
f 106//106 119//119 108//108
f 116//116 120//120 119//119
f 116//116 115//115 120//120
f 107//107 114//114 116//116
f 107//107 119//119 106//106
f 119//119 107//107 116//116
f 119//119 121//121 108//108
f 20//20 15//15 14//14
f 20//20 22//22 21//21
f 88//88 87//87 91//91
f 89//89 14//14 90//90
f 89//89 23//23 20//20
f 23//23 24//24 22//22
f 23//23 88//88 25//25
f 23//23 89//89 88//88
f 98//98 110//110 70//70
f 98//98 122//122 110//110
f 122//122 99//99 123//123
f 122//122 124//124 110//110
f 92//92 112//112 125//125
f 99//99 125//125 123//123
f 99//99 93//93 92//92
f 99//99 122//122 98//98
f 123//123 126//126 122//122
f 123//123 127//127 126//126
f 125//125 99//99 92//92
f 125//125 128//128 129//129
f 125//125 129//129 123//123
f 130//130 131//131 132//132
f 133//133 134//134 132//132
f 132//132 135//135 136//136
f 132//132 137//137 133//133
f 138//138 139//139 140//140
f 140//140 141//141 138//138
f 142//142 143//143 144//143
f 145//144 142//142 144//143
f 145//144 146//145 142//142
f 147//146 148//147 149//148
f 147//146 150//149 151//150
f 149//148 152//151 150//149
f 148//147 153//152 149//148
f 148//147 147//146 154//153
f 153//152 148//147 155//154
f 156//155 157//156 158//157
f 159//158 160//159 161//160
f 161//160 158//157 162//161
f 161//160 162//161 159//158
f 163//162 164//163 165//164
f 166//165 167//166 168//167
f 167//166 169//168 170//169
f 167//166 171//170 157//156
f 172//171 173//172 174//173
f 172//171 175//174 176//175
f 176//175 177//176 173//172
f 175//174 172//171 178//177
f 175//174 179//178 176//175
f 179//178 175//174 180//179
f 181//180 182//181 183//182
f 184//183 182//181 185//184
f 184//183 186//185 183//182
f 182//181 184//183 183//182
f 182//181 181//180 187//186
f 188//187 189//188 190//189
f 188//187 190//189 191//190
f 191//190 192//191 188//187
f 193//192 194//193 195//194
f 196//195 192//191 197//196
f 198//197 199//198 200//199
f 200//199 201//200 198//197
f 202//201 203//202 204//203
f 205//204 201//200 206//205
f 207//206 208//207 209//208
f 207//206 209//208 210//209
f 210//209 211//210 207//206
f 212//211 213//212 214//213
f 215//214 211//210 216//215
f 217//216 218//217 219//218
f 217//216 220//219 221//220
f 222//221 223//222 224//223
f 225//224 226//225 227//226
f 228//227 226//225 229//228
f 228//227 230//229 227//226
f 226//225 228//227 227//226
f 226//225 225//224 231//230
f 232//231 233//232 234//233
f 232//231 235//234 236//235
f 237//236 238//237 239//238
f 221//220 223//222 217//216
f 240//239 241//240 242//241
f 243//242 244//243 245//244
f 246//245 247//246 248//247
f 247//246 249//248 250//249
f 136//136 130//130 132//132
f 135//135 251//250 136//136
f 251//250 135//135 252//251
f 253//252 254//253 255//254
f 255//254 256//255 253//252
f 134//134 133//133 256//255
f 134//134 256//255 255//254
f 257//256 258//257 259//258
f 260//259 261//260 262//261
f 263//262 264//263 265//264
f 264//263 266//265 267//266
f 268//267 269//268 270//269
f 268//267 271//270 272//271
f 273//272 274//273 275//274
f 276//275 277//276 278//277
f 279//278 280//278 281//279
f 282//280 281//279 280//278
f 281//279 282//280 165//164
f 164//163 281//279 165//164
f 164//163 163//162 166//165
f 283//281 284//282 285//283
f 286//284 287//285 283//281
f 286//284 166//165 168//167
f 288//286 289//287 290//286
f 284//282 283//281 287//285
f 284//282 291//288 292//289
f 284//282 287//285 291//288
f 169//168 167//166 156//155
f 169//168 287//285 170//169
f 287//285 169//168 291//288
f 287//285 286//284 168//167
f 289//287 293//290 290//286
f 289//287 294//291 293//290
f 160//159 294//291 289//287
f 160//159 159//158 294//291
f 295//292 296//292 297//293
f 298//294 299//295 300//294
f 301//296 299//295 298//294
f 299//295 301//296 151//150
f 297//293 302//297 295//292
f 152//151 149//148 153//152
f 150//149 147//146 149//148
f 150//149 299//295 151//150
f 150//149 302//297 297//293
f 302//297 150//149 152//151
f 192//191 196//195 193//192
f 192//191 191//190 303//298
f 192//191 304//299 197//196
f 192//191 305//300 306//301
f 307//302 308//303 309//304
f 308//303 307//302 310//302
f 309//304 308//303 234//233
f 233//232 232//231 236//235
f 233//232 309//304 234//233
f 311//305 312//306 313//306
f 311//305 314//307 312//306
f 238//237 237//236 221//220
f 239//238 314//307 311//305
f 314//307 239//238 238//237
f 315//308 316//309 317//310
f 318//311 319//312 320//311
f 321//313 225//224 227//226
f 321//313 227//226 230//229
f 319//312 318//311 322//314
f 322//314 230//229 319//312
f 317//310 323//315 315//308
f 317//310 324//316 323//315
f 230//229 228//227 324//316
f 230//229 322//314 321//313
f 230//229 324//316 317//310
f 220//219 217//216 325//317
f 326//318 327//319 328//320
f 325//317 328//320 220//219
f 328//320 325//317 326//318
f 329//321 330//322 331//323
f 218//217 217//216 222//221
f 219//218 332//324 329//321
f 332//324 219//218 218//217
f 333//325 334//326 335//327
f 336//326 333//325 335//327
f 337//328 338//328 339//329
f 340//330 341//331 342//332
f 343//333 344//334 345//333
f 346//333 344//334 343//333
f 341//331 340//330 347//335
f 341//331 348//336 349//337
f 339//329 350//338 337//328
f 350//338 351//339 352//340
f 199//198 198//197 353//341
f 351//339 350//338 339//329
f 351//339 353//341 352//340
f 353//341 351//339 199//198
f 348//336 341//331 347//335
f 203//202 202//201 205//204
f 204//203 349//337 348//336
f 349//337 204//203 203//202
f 354//342 355//343 356//344
f 357//345 358//345 359//346
f 360//347 359//346 358//345
f 360//347 189//188 359//346
f 189//188 360//347 190//189
f 355//343 354//342 361//348
f 194//193 193//192 196//195
f 195//194 356//344 355//343
f 356//344 195//194 194//193
f 362//349 363//350 364//351
f 365//352 366//353 367//354
f 368//355 183//182 186//185
f 368//355 181//180 183//182
f 367//354 369//356 365//352
f 366//353 186//185 367//354
f 363//350 370//357 364//351
f 363//350 371//358 370//357
f 186//185 184//183 371//358
f 186//185 366//353 368//355
f 186//185 371//358 363//350
f 372//359 373//360 374//361
f 372//359 375//362 373//360
f 375//362 372//359 376//363
f 377//364 373//360 375//362
f 373//360 377//364 378//365
f 373//360 379//366 380//367
f 373//360 381//361 374//361
f 379//366 373//360 378//365
f 382//368 383//369 384//370
f 385//371 386//372 383//369
f 271//270 268//267 270//269
f 272//271 383//369 387//373
f 272//271 271//270 383//369
f 274//273 273//272 276//275
f 383//369 275//274 274//273
f 383//369 382//368 385//371
f 384//370 383//369 274//273
f 388//374 389//375 390//376
f 258//257 391//377 259//258
f 258//257 257//256 260//259
f 391//377 258//257 388//374
f 391//377 388//374 390//376
f 392//378 387//373 386//372
f 387//373 383//369 386//372
f 387//373 393//379 265//264
f 393//379 263//262 265//264
f 393//379 387//373 392//378
f 394//380 395//381 396//382
f 397//383 398//384 399//385
f 400//386 251//250 252//251
f 400//386 252//251 401//387
f 399//385 402//383 397//383
f 401//387 398//384 400//386
f 398//384 401//387 399//385
f 396//382 403//388 394//380
f 403//388 254//253 404//389
f 254//253 253//252 404//389
f 254//253 403//388 396//382
f 389//375 405//390 390//376
f 389//375 392//378 386//372
f 406//391 407//392 386//372
f 408//393 407//392 406//391
f 407//392 408//393 409//393
f 407//392 389//375 386//372
f 407//392 410//394 405//390
f 249//248 411//395 250//249
f 249//248 247//246 246//245
f 244//243 243//242 240//239
f 245//244 412//396 413//396
f 412//396 245//244 244//243
f 414//397 415//397 416//397
f 415//397 414//397 417//397
f 411//395 418//398 250//249
f 418//398 419//399 420//400
f 419//399 418//398 411//395
f 277//276 421//401 278//277
f 277//276 276//275 273//272
f 269//268 268//267 422//402
f 269//268 422//402 423//403
f 118//118 423//403 424//404
f 118//118 117//117 423//403
f 117//117 114//114 109//109
f 117//117 425//405 426//406
f 423//403 422//402 424//404
f 423//403 117//117 426//406
f 421//401 277//276 423//403
f 426//406 421//401 423//403
f 266//265 427//407 267//266
f 266//265 264//263 263//262
f 261//260 260//259 257//256
f 262//261 428//408 427//407
f 428//408 262//261 261//260
f 427//407 429//409 267//266
f 427//407 430//410 431//411
f 429//409 431//411 432//412
f 405//390 433//413 390//376
f 405//390 389//375 407//392
f 410//394 433//413 405//390
f 410//394 407//392 434//414
f 241//240 240//239 243//242
f 242//241 433//413 435//415
f 433//413 410//394 435//415
f 433//413 436//416 390//376
f 433//413 242//241 241//240
f 436//416 437//417 248//247
f 437//417 246//245 248//247
f 437//417 436//416 433//413
f 438//418 439//419 440//420
f 438//418 440//420 441//421
f 438//418 129//129 128//128
f 128//128 439//419 438//418
f 128//128 113//113 439//419
f 128//128 125//125 112//112
f 440//420 442//422 443//423
f 440//420 444//424 441//421
f 131//131 445//425 137//137
f 131//131 130//130 446//426
f 131//131 446//426 447//427
f 447//427 448//428 445//425
f 129//129 438//418 449//429
f 450//430 449//429 451//431
f 449//429 127//127 129//129
f 449//429 452//432 451//431
f 127//127 449//429 450//430
f 127//127 123//123 129//129
f 127//127 453//433 126//126
f 454//434 455//435 448//428
f 454//434 456//436 457//437
f 124//124 122//122 126//126
f 124//124 458//438 110//110
f 124//124 459//439 457//437
f 459//439 460//440 455//435
f 459//439 454//434 457//437
f 453//433 461//441 460//440
f 453//433 127//127 450//430
f 126//126 459//439 124//124
f 126//126 453//433 459//439
f 115//115 114//114 432//412
f 115//115 462//442 120//120
f 463//443 115//115 432//412
f 463//443 464//444 462//442
f 431//411 429//409 427//407
f 431//411 465//445 463//443
f 432//412 431//411 463//443
f 466//446 462//442 464//444
f 466//446 305//300 467//447
f 466//446 467//447 468//448
f 469//449 470//450 468//448
f 469//449 442//422 470//450
f 469//449 444//424 443//423
f 121//121 468//448 470//450
f 121//121 471//451 108//108
f 121//121 119//119 120//120
f 468//448 467//447 469//449
f 462//442 466//446 468//448
f 462//442 115//115 463//443
f 120//120 468//448 121//121
f 120//120 462//442 468//448
f 17//17 16//16 26//26
f 17//17 94//94 96//96
f 17//17 26//26 25//25
f 96//96 18//18 17//17
f 18//18 96//96 97//97
f 97//97 7//7 18//18
f 97//97 69//69 68//68
f 97//97 95//95 69//69
f 85//85 84//84 90//90
f 85//85 10//10 472//452
f 14//14 13//13 12//12
f 14//14 89//89 20//20
f 90//90 87//87 89//89
f 90//90 12//12 85//85
f 90//90 14//14 12//12
f 65//65 102//102 81//81
f 65//65 81//81 80//80
f 28//28 30//30 32//32
f 28//28 80//80 29//29
f 10//10 9//9 29//29
f 10//10 85//85 12//12
f 472//452 77//77 82//82
f 472//452 82//82 85//85
f 80//80 28//28 65//65
f 80//80 77//77 472//452
f 29//29 80//80 472//452
f 29//29 472//452 10//10
f 473//453 474//454 475//453
f 476//455 474//454 473//453
f 474//454 476//455 174//173
f 477//456 478//457 479//458
f 477//456 480//459 478//457
f 177//176 176//175 179//178
f 173//172 172//171 176//175
f 173//172 474//454 174//173
f 173//172 480//459 477//456
f 480//459 173//172 177//176
f 481//460 482//461 483//460
f 139//139 138//138 484//462
f 482//461 481//460 485//463
f 484//462 485//463 139//139
f 485//463 484//462 482//461
f 146//145 145//144 486//464
f 487//465 488//466 489//466
f 487//465 146//145 486//464
f 487//465 490//467 488//466
f 486//464 490//467 487//465
f 211//210 215//214 212//211
f 211//210 210//209 197//196
f 211//210 491//468 216//215
f 211//210 304//299 492//469
f 464//444 304//299 306//301
f 464//444 306//301 466//446
f 304//299 465//445 492//469
f 304//299 211//210 197//196
f 304//299 192//191 306//301
f 465//445 431//411 430//410
f 465//445 464//444 463//443
f 465//445 304//299 464//444
f 492//469 465//445 430//410
f 491//468 211//210 492//469
f 430//410 427//407 428//408
f 430//410 491//468 492//469
f 201//200 200//199 224//223
f 201//200 205//204 202//201
f 201//200 493//470 494//471
f 201//200 495//472 206//205
f 494//471 493//470 448//428
f 455//435 495//472 494//471
f 455//435 494//471 448//428
f 455//435 454//434 459//439
f 206//205 166//165 163//162
f 171//170 167//166 166//165
f 171//170 166//165 206//205
f 171//170 496//473 157//156
f 171//170 495//472 496//473
f 495//472 201//200 494//471
f 495//472 455//435 460//440
f 495//472 171//170 206//205
f 460//440 459//439 453//433
f 496//473 497//474 157//156
f 496//473 495//472 460//440
f 461//441 450//430 451//431
f 461//441 453//433 450//430
f 461//441 497//474 496//473
f 461//441 496//473 460//440
f 223//222 498//475 499//476
f 223//222 493//470 224//223
f 223//222 222//221 217//216
f 223//222 221//220 500//477
f 137//137 132//132 131//131
f 499//476 498//475 137//137
f 448//428 447//427 454//434
f 445//425 499//476 137//137
f 445//425 131//131 447//427
f 445//425 493//470 499//476
f 493//470 223//222 499//476
f 493//470 445//425 448//428
f 493//470 201//200 224//223
f 141//141 305//300 303//298
f 141//141 140//140 501//478
f 501//478 502//479 503//480
f 444//424 440//420 443//423
f 444//424 469//449 467//447
f 503//480 141//141 501//478
f 305//300 141//141 503//480
f 305//300 192//191 303//298
f 305//300 466//446 306//301
f 467//447 503//480 444//424
f 467//447 305//300 503//480
f 500//477 221//220 237//236
f 500//477 237//236 504//481
f 504//481 498//475 500//477
f 235//234 232//231 505//482
f 506//483 235//234 505//482
f 507//484 506//483 505//482
f 507//484 508//485 506//483
f 508//485 507//484 509//485
f 498//475 504//481 510//486
f 498//475 223//222 500//477
f 511//487 498//475 510//486
f 511//487 510//486 512//487
f 157//156 156//155 167//166
f 158//157 497//474 513//488
f 497//474 158//157 157//156
f 497//474 461//441 451//431
f 451//431 513//488 497//474
f 441//421 503//480 502//479
f 441//421 444//424 503//480
f 513//488 451//431 452//432
f 513//488 162//161 158//157
f 502//479 452//432 441//421
f 502//479 162//161 513//488
f 452//432 438//418 441//421
f 452//432 449//429 438//418
f 452//432 502//479 513//488
f 514//489 515//490 516//491
f 517//492 518//492 519//493
f 520//494 519//493 518//492
f 520//494 208//207 519//493
f 208//207 520//494 209//208
f 515//490 514//489 521//489
f 213//212 212//211 215//214
f 214//213 516//491 515//490
f 516//491 214//213 213//212
f 7//7 6//6 19//19
f 7//7 97//97 68//68
f 7//7 19//19 18//18
f 68//68 8//8 7//7
f 72//72 76//76 522//495
f 72//72 67//67 73//73
f 8//8 68//68 72//72
f 8//8 522//495 5//5
f 8//8 72//72 522//495
f 522//495 76//76 101//101
f 522//495 101//101 523//496
f 5//5 6//6 8//8
f 5//5 523//496 2//2
f 66//66 32//32 31//31
f 31//31 3//3 2//2
f 31//31 30//30 3//3
f 31//31 523//496 66//66
f 523//496 101//101 66//66
f 523//496 5//5 522//495
f 523//496 31//31 2//2
f 75//75 425//405 109//109
f 75//75 109//109 100//100
f 425//405 117//117 109//109
f 425//405 456//436 446//426
f 425//405 74//74 524//497
f 71//71 73//73 67//67
f 74//74 425//405 75//75
f 74//74 458//438 524//497
f 456//436 425//405 524//497
f 456//436 454//434 447//427
f 456//436 447//427 446//426
f 458//438 124//124 457//437
f 458//438 71//71 110//110
f 458//438 74//74 71//71
f 524//497 457//437 456//436
f 457//437 524//497 458//438
f 525//498 526//499 527//500
f 327//319 326//318 331//323
f 327//319 331//323 526//499
f 330//322 526//499 331//323
f 330//322 329//321 332//324
f 526//499 528//501 529//502
f 526//499 330//322 530//503
f 526//499 525//498 327//319
f 526//499 531//500 527//500
f 530//503 528//501 526//499
f 79//79 82//82 77//77
f 471//451 83//83 79//79
f 471//451 121//121 470//450
f 471//451 79//79 108//108
f 470//450 532//504 471//451
f 442//422 469//449 443//423
f 442//422 440//420 439//419
f 439//419 532//504 442//422
f 439//419 113//113 532//504
f 111//111 82//82 83//83
f 111//111 84//84 82//82
f 532//504 470//450 442//422
f 83//83 471//451 532//504
f 83//83 113//113 111//111
f 113//113 83//83 532//504
f 113//113 128//128 112//112
f 533//505 534//506 535//507
f 533//505 536//508 534//506
f 535//507 537//509 533//505
f 535//507 538//510 539//511
f 540//512 541//513 542//514
f 543//515 542//514 544//516
f 543//515 545//517 540//512
f 546//518 547//519 548//520
f 546//518 544//516 549//521
f 550//522 551//523 547//519
f 550//522 552//524 553//525
f 550//522 549//521 552//524
f 554//526 551//523 553//525
f 554//526 555//527 556//528
f 556//528 557//529 558//530
f 556//528 559//531 560//532
f 556//528 558//530 554//526
f 560//532 561//533 556//528
f 560//532 537//509 561//533
f 560//532 536//508 533//505
f 562//534 563//535 539//511
f 562//534 538//510 564//536
f 562//534 565//537 563//535
f 566//538 564//536 567//539
f 566//538 568//540 569//541
f 570//542 569//541 568//540
f 570//542 63//63 541//513
f 570//542 571//543 572//544
f 569//541 570//542 572//544
f 569//541 565//537 566//538
f 571//543 570//542 541//513
f 571//543 573//545 572//544
f 571//543 545//517 573//545
f 545//517 571//543 540//512
f 545//517 543//515 574//546
f 575//547 573//545 545//517
f 575//547 574//546 576//548
f 565//537 562//534 566//538
f 565//537 569//541 577//549
f 578//550 577//549 579//551
f 578//550 563//535 565//537
f 537//509 535//507 580//552
f 537//509 560//532 533//505
f 581//553 580//552 582//554
f 581//553 537//509 580//552
f 581//553 561//533 537//509
f 551//523 550//522 553//525
f 551//523 583//555 547//519
f 551//523 554//526 558//530
f 56//56 49//49 48//48
f 56//56 584//556 54//54
f 56//56 555//527 584//556
f 555//527 48//48 559//531
f 555//527 554//526 584//556
f 577//549 572//544 585//557
f 577//549 578//550 565//537
f 577//549 569//541 572//544
f 579//551 585//557 586//558
f 579//551 587//559 578//550
f 579//551 588//560 589//561
f 573//545 575//547 590//562
f 590//562 585//557 573//545
f 590//562 591//563 586//558
f 590//562 592//564 591//563
f 585//557 572//544 573//545
f 585//557 579//551 577//549
f 585//557 590//562 586//558
f 584//556 554//526 553//525
f 584//556 553//525 593//565
f 593//565 553//525 552//524
f 593//565 54//54 584//556
f 593//565 46//46 51//51
f 54//54 55//55 56//56
f 54//54 593//565 51//51
f 561//533 581//553 594//566
f 594//566 595//567 596//568
f 594//566 596//568 597//569
f 594//566 557//529 561//533
f 558//530 598//570 583//555
f 558//530 583//555 551//523
f 557//529 598//570 558//530
f 557//529 594//566 597//569
f 557//529 556//528 561//533
f 598//570 599//571 583//555
f 598//570 557//529 597//569
f 597//569 600//572 598//570
f 597//569 601//573 600//572
f 602//574 603//575 604//576
f 605//577 606//578 607//579
f 608//580 609//581 610//582
f 611//583 612//584 613//585
f 612//584 614//586 615//587
f 616//588 617//589 618//589
f 619//590 617//589 616//588
f 619//590 620//591 621//592
f 622//593 623//594 624//595
f 622//593 625//596 626//597
f 627//598 623//594 626//597
f 623//594 622//593 626//597
f 623//594 627//598 628//599
f 629//600 630//601 631//602
f 629//600 632//603 633//604
f 634//605 635//606 636//607
f 636//607 637//608 634//605
f 636//607 638//609 639//610
f 639//610 640//611 641//612
f 639//610 642//613 636//607
f 643//614 644//615 645//616
f 643//614 646//617 647//618
f 646//617 648//619 649//620
f 646//617 643//614 645//616
f 648//619 646//617 645//616
f 650//621 651//622 652//623
f 653//624 654//625 655//626
f 651//622 650//621 653//624
f 651//622 656//627 657//628
f 656//627 651//622 653//624
f 656//627 655//626 658//629
f 659//630 660//631 661//632
f 659//630 662//633 663//634
f 664//635 662//633 665//636
f 666//637 667//638 668//639
f 666//637 669//640 670//641
f 671//642 669//640 672//643
f 673//644 674//645 675//646
f 676//647 677//648 678//649
f 676//647 674//645 673//644
f 679//650 680//651 681//652
f 682//653 677//648 679//650
f 683//654 684//655 685//656
f 683//654 686//657 687//658
f 685//656 688//659 683//654
f 689//660 690//661 691//662
f 692//663 693//664 694//665
f 690//661 689//660 692//663
f 690//661 695//666 696//667
f 695//666 694//665 697//668
f 695//666 690//661 692//663
f 698//669 699//670 700//671
f 698//669 701//672 702//673
f 686//657 688//659 703//674
f 704//675 703//674 705//676
f 706//677 707//678 708//679
f 709//680 710//681 711//682
f 711//682 712//683 709//680
f 713//684 714//685 715//686
f 609//581 608//580 602//574
f 610//582 716//687 713//684
f 716//687 610//582 609//581
f 717//688 718//689 719//690
f 720//691 717//688 607//579
f 606//578 720//691 607//579
f 606//578 605//577 608//580
f 721//692 722//693 723//694
f 724//695 725//696 721//692
f 726//697 727//698 728//699
f 728//699 729//700 726//697
f 730//701 731//702 732//703
f 730//701 733//704 734//705
f 735//706 736//707 737//708
f 738//709 739//710 740//709
f 635//606 634//605 741//711
f 739//710 742//712 740//709
f 739//710 741//711 742//712
f 741//711 739//710 635//606
f 743//713 744//714 745//715
f 638//609 636//607 746//716
f 746//716 745//715 638//609
f 747//717 748//718 749//719
f 744//714 743//713 750//720
f 744//714 751//721 745//715
f 751//721 744//714 752//722
f 640//611 639//610 753//723
f 640//611 745//715 751//721
f 745//715 746//716 743//713
f 745//715 640//611 753//723
f 754//724 749//719 748//718
f 749//719 754//724 633//604
f 632//603 629//600 631//602
f 632//603 749//719 633//604
f 755//725 756//726 757//725
f 758//727 759//727 760//728
f 760//728 761//729 762//730
f 760//728 762//730 758//727
f 763//731 627//598 626//597
f 763//731 626//597 625//596
f 756//726 755//725 764//732
f 625//596 764//732 763//731
f 625//596 622//593 761//729
f 625//596 761//729 760//728
f 764//732 625//596 756//726
f 662//633 659//630 661//632
f 662//633 664//635 678//649
f 662//633 765//733 663//634
f 662//633 766//734 767//735
f 767//735 768//736 769//737
f 770//738 771//739 772//740
f 773//741 774//742 775//741
f 774//742 773//741 776//743
f 776//743 777//744 774//742
f 699//670 777//744 776//743
f 699//670 698//669 777//744
f 778//745 704//675 779//746
f 778//745 686//657 704//675
f 772//740 780//738 770//738
f 779//746 771//739 778//745
f 771//739 779//746 772//740
f 781//747 782//748 783//747
f 784//749 785//750 786//751
f 786//751 787//752 784//749
f 693//664 692//663 689//660
f 787//752 694//665 693//664
f 788//753 782//748 781//747
f 782//748 788//753 697//668
f 694//665 695//666 692//663
f 694//665 782//748 697//668
f 694//665 787//752 786//751
f 789//754 790//755 791//756
f 790//755 792//757 687//658
f 792//757 790//755 789//754
f 792//757 683//654 687//658
f 684//655 683//654 793//758
f 794//759 795//760 796//761
f 793//758 797//762 684//655
f 797//762 793//758 794//759
f 797//762 794//759 796//761
f 798//763 799//764 800//765
f 801//763 799//764 798//763
f 802//766 803//767 804//766
f 805//768 806//768 807//769
f 808//770 809//771 810//772
f 811//770 808//770 810//772
f 807//769 812//773 805//768
f 803//767 802//766 813//774
f 813//774 814//775 803//767
f 814//775 813//774 815//776
f 814//775 816//777 667//638
f 816//777 668//639 667//638
f 816//777 814//775 815//776
f 817//778 672//643 818//779
f 817//778 671//642 672//643
f 819//780 812//773 807//769
f 818//779 820//781 817//778
f 820//781 818//779 819//780
f 820//781 819//780 807//769
f 821//782 822//783 823//784
f 824//785 825//786 826//787
f 825//786 827//788 826//787
f 827//788 828//789 660//631
f 828//789 827//788 825//786
f 828//789 661//632 660//631
f 829//790 665//636 830//791
f 829//790 664//635 665//636
f 823//784 831//792 821//782
f 830//791 822//783 829//790
f 822//783 830//791 823//784
f 832//793 833//794 834//793
f 835//795 836//796 837//797
f 835//795 838//798 836//796
f 654//625 653//624 650//621
f 838//798 655//626 654//625
f 839//799 833//794 832//793
f 833//794 839//799 658//629
f 655//626 656//627 653//624
f 655//626 838//798 835//795
f 655//626 833//794 658//629
f 840//800 841//801 842//800
f 843//802 842//800 841//801
f 843//802 844//803 845//804
f 844//803 843//802 841//801
f 846//805 844//803 841//801
f 841//801 847//806 846//805
f 841//801 848//807 849//808
f 847//806 841//801 849//808
f 850//809 851//810 852//811
f 852//811 851//810 853//812
f 733//704 730//701 854//813
f 854//813 851//810 733//704
f 851//810 850//809 855//814
f 851//810 856//815 857//816
f 851//810 854//813 858//817
f 851//810 858//817 853//812
f 856//815 735//706 737//708
f 856//815 737//708 857//816
f 856//815 851//810 855//814
f 859//818 860//819 861//820
f 725//696 862//821 859//818
f 725//696 724//695 863//822
f 862//821 725//696 863//822
f 858//817 864//823 865//824
f 858//817 865//824 853//812
f 864//823 858//817 727//698
f 864//823 727//698 726//697
f 866//825 867//826 868//825
f 869//827 870//828 871//828
f 869//827 872//829 870//828
f 714//685 713//684 716//687
f 715//686 872//829 869//827
f 872//829 715//686 714//685
f 873//830 718//689 867//826
f 873//830 867//826 866//825
f 718//689 873//830 719//690
f 718//689 717//688 720//691
f 861//820 853//812 865//824
f 861//820 874//831 875//832
f 876//833 853//812 875//832
f 877//834 875//832 878//835
f 875//832 877//834 876//833
f 875//832 853//812 861//820
f 712//683 711//682 879//836
f 712//683 879//836 880//837
f 881//838 708//679 882//839
f 881//838 706//677 708//679
f 882//839 883//840 881//838
f 883//840 882//839 884//840
f 885//841 886//841 887//841
f 886//841 885//841 888//841
f 889//842 880//837 879//836
f 889//842 890//843 880//837
f 890//843 889//842 891//844
f 736//707 892//845 893//846
f 736//707 735//706 894//847
f 731//702 893//846 732//703
f 731//702 730//701 734//705
f 895//848 893//846 587//559
f 587//559 579//551 895//848
f 587//559 896//849 578//550
f 892//845 736//707 894//847
f 893//846 897//850 732//703
f 893//846 895//848 897//850
f 893//846 898//851 587//559
f 898//851 893//846 892//845
f 729//700 728//699 899//852
f 899//852 900//853 729//700
f 723//694 724//695 721//692
f 722//693 901//854 723//694
f 901//854 722//693 900//853
f 900//853 899//852 902//855
f 900//853 903//856 901//854
f 900//853 904//857 903//856
f 902//855 904//857 900//853
f 860//819 859//818 862//821
f 874//831 861//820 860//819
f 874//831 860//819 905//858
f 906//859 907//860 875//832
f 906//859 875//832 874//831
f 906//859 905//858 908//861
f 707//678 706//677 909//862
f 908//861 905//858 909//862
f 905//858 906//859 874//831
f 905//858 707//678 909//862
f 910//863 905//858 860//819
f 910//863 911//864 905//858
f 911//864 910//863 710//681
f 911//864 710//681 709//680
f 912//865 913//866 914//867
f 912//865 914//867 915//868
f 599//571 916//869 583//555
f 599//571 598//570 600//572
f 599//571 912//865 915//868
f 914//867 917//870 918//871
f 914//867 919//872 915//868
f 603//575 602//574 608//580
f 603//575 920//873 921//874
f 921//874 922//875 604//576
f 921//874 604//576 603//575
f 921//874 920//873 923//876
f 924//877 925//878 926//879
f 600//572 912//865 599//571
f 600//572 926//879 912//865
f 926//879 601//573 924//877
f 926//879 927//880 912//865
f 601//573 926//879 600//572
f 601//573 597//569 596//568
f 601//573 928//881 924//877
f 929//882 930//883 931//884
f 929//882 922//875 921//874
f 595//567 932//885 931//884
f 595//567 582//554 932//885
f 595//567 594//566 581//553
f 928//881 601//573 596//568
f 928//881 933//886 924//877
f 931//884 596//568 595//567
f 931//884 932//885 929//882
f 596//568 931//884 928//881
f 588//560 934//887 935//888
f 588//560 579//551 586//558
f 588//560 586//558 591//563
f 904//857 902//855 589//561
f 904//857 936//889 903//856
f 935//888 934//887 768//736
f 935//888 589//561 588//560
f 589//561 935//888 904//857
f 769//737 937//890 938//891
f 769//737 765//733 767//735
f 769//737 934//887 937//890
f 939//892 917//870 938//891
f 939//892 919//872 918//871
f 592//564 590//562 575//547
f 592//564 576//548 940//893
f 934//887 588//560 591//563
f 934//887 769//737 768//736
f 937//890 939//892 938//891
f 937//890 940//893 939//892
f 937//890 591//563 592//564
f 591//563 937//890 934//887
f 48//48 47//47 941//894
f 48//48 555//527 56//56
f 559//531 556//528 555//527
f 559//531 941//894 536//508
f 559//531 48//48 941//894
f 941//894 47//47 38//38
f 941//894 38//38 37//37
f 536//508 560//532 559//531
f 536//508 37//37 534//506
f 549//521 41//41 44//44
f 549//521 550//522 546//518
f 46//46 593//565 552//524
f 46//46 52//52 51//51
f 46//46 45//45 52//52
f 44//44 552//524 549//521
f 44//44 43//43 45//45
f 552//524 44//44 46//46
f 541//513 540//512 571//543
f 60//60 541//513 63//63
f 60//60 542//514 541//513
f 60//60 61//61 59//59
f 542//514 543//515 540//512
f 542//514 42//42 544//516
f 542//514 60//60 42//42
f 42//42 59//59 40//40
f 544//516 546//518 543//515
f 41//41 40//40 43//43
f 41//41 544//516 42//42
f 41//41 549//521 544//516
f 942//895 943//896 944//897
f 945//898 946//899 947//898
f 946//899 948//900 949//901
f 946//899 949//901 947//898
f 950//902 645//616 644//615
f 950//902 648//619 645//616
f 944//897 951//895 942//895
f 644//615 948//900 946//899
f 644//615 943//896 950//902
f 644//615 643//614 948//900
f 943//896 644//615 944//897
f 952//903 953//904 954//903
f 955//905 956//905 957//906
f 957//906 958//907 955//905
f 958//907 959//908 613//585
f 959//908 958//907 957//906
f 959//908 611//583 613//585
f 620//591 619//590 616//588
f 953//904 621//592 620//591
f 953//904 952//903 960//909
f 621//592 953//904 960//909
f 677//648 766//734 678//649
f 677//648 961//910 962//911
f 677//648 676//647 673//644
f 677//648 682//653 963//912
f 768//736 767//735 766//734
f 766//734 677//648 962//911
f 766//734 936//889 768//736
f 766//734 662//633 678//649
f 936//889 766//734 962//911
f 936//889 935//888 768//736
f 936//889 904//857 935//888
f 961//910 677//648 963//912
f 962//911 903//856 936//889
f 903//856 962//911 961//910
f 669//640 666//637 668//639
f 669//640 671//642 637//608
f 669//640 964//913 965//914
f 669//640 966//915 670//641
f 965//914 923//876 966//915
f 930//883 923//876 965//914
f 930//883 964//913 967//916
f 930//883 929//882 923//876
f 637//608 636//607 642//613
f 642//613 964//913 637//608
f 642//613 639//610 968//917
f 964//913 930//883 965//914
f 964//913 642//613 969//918
f 964//913 669//640 637//608
f 967//916 969//918 933//886
f 967//916 928//881 931//884
f 967//916 931//884 930//883
f 969//918 967//916 964//913
f 969//918 968//917 970//919
f 933//886 970//919 925//878
f 933//886 925//878 924//877
f 933//886 928//881 967//916
f 688//659 686//657 683//654
f 688//659 685//656 670//641
f 688//659 966//915 971//920
f 688//659 972//921 703//674
f 973//922 603//575 608//580
f 973//922 608//580 605//577
f 923//876 929//882 921//874
f 971//920 973//922 972//921
f 920//873 603//575 973//922
f 920//873 973//922 971//920
f 920//873 966//915 923//876
f 966//915 920//873 971//920
f 966//915 669//640 965//914
f 966//915 688//659 670//641
f 614//586 765//733 974//923
f 614//586 612//584 611//583
f 614//586 974//923 615//587
f 615//587 974//923 975//924
f 917//870 939//892 918//871
f 917//870 914//867 913//866
f 765//733 662//633 767//735
f 765//733 769//737 938//891
f 765//733 614//586 663//634
f 974//923 938//891 917//870
f 974//923 913//866 975//924
f 938//891 974//923 765//733
f 703//674 704//675 686//657
f 705//676 972//921 976//925
f 701//672 698//669 700//671
f 701//672 977//926 702//673
f 978//927 979//928 977//926
f 979//928 978//927 980//927
f 979//928 702//673 977//926
f 972//921 705//676 703//674
f 972//921 688//659 971//920
f 981//929 976//925 972//921
f 981//929 982//929 976//925
f 968//917 641//612 983//930
f 968//917 639//610 641//612
f 968//917 969//918 642//613
f 983//930 970//919 968//917
f 983//930 631//602 630//601
f 970//919 933//886 969//918
f 970//919 983//930 984//931
f 925//878 970//919 984//931
f 925//878 984//931 927//880
f 984//931 983//930 630//601
f 984//931 630//601 975//924
f 913//866 974//923 917//870
f 975//924 927//880 984//931
f 927//880 926//879 925//878
f 927//880 913//866 912//865
f 927//880 975//924 913//866
f 985//932 986//933 987//932
f 986//933 988//934 987//932
f 988//934 675//646 674//645
f 675//646 988//934 986//933
f 989//935 990//936 991//937
f 681//652 682//653 679//650
f 992//938 989//935 991//937
f 992//938 680//651 989//935
f 680//651 992//938 681//652
f 37//37 536//508 941//894
f 37//37 36//36 39//39
f 534//506 39//39 538//510
f 534//506 37//37 39//39
f 538//510 562//534 539//511
f 538//510 535//507 534//506
f 538//510 39//39 564//536
f 564//536 566//538 562//534
f 35//35 564//536 39//39
f 35//35 567//539 564//536
f 35//35 36//36 33//33
f 568//540 63//63 570//542
f 568//540 62//62 63//63
f 568//540 566//538 567//539
f 34//34 33//33 58//58
f 34//34 57//57 62//62
f 567//539 35//35 34//34
f 567//539 62//62 568//540
f 62//62 567//539 34//34
f 62//62 61//61 63//63
f 563//535 578//550 896//849
f 896//849 587//559 898//851
f 896//849 922//875 993//939
f 896//849 994//940 563//535
f 580//552 535//507 539//511
f 580//552 539//511 994//940
f 994//940 539//511 563//535
f 994//940 582//554 580//552
f 994//940 896//849 993//939
f 922//875 929//882 932//885
f 922//875 896//849 604//576
f 582//554 994//940 993//939
f 582//554 595//567 581//553
f 932//885 582//554 993//939
f 932//885 993//939 922//875
f 995//941 996//942 997//941
f 998//943 997//941 996//942
f 791//756 996//942 795//760
f 791//756 795//760 789//754
f 796//761 795//760 996//942
f 996//942 999//944 1000//944
f 996//942 791//756 998//943
f 996//942 1001//945 796//761
f 1001//945 996//942 1000//944
f 574//546 543//515 546//518
f 574//546 546//518 548//520
f 574//546 575//547 545//517
f 576//548 548//520 1002//946
f 576//548 592//564 575//547
f 940//893 937//890 592//564
f 940//893 576//548 1002//946
f 940//893 1002//946 919//872
f 919//872 939//892 940//893
f 919//872 914//867 918//871
f 915//868 1002//946 916//869
f 1002//946 915//868 919//872
f 547//519 546//518 550//522
f 548//520 576//548 574//546
f 548//520 916//869 1002//946
f 916//869 547//519 583//555
f 916//869 548//520 547//519
f 916//869 599//571 915//868
f 1003//947 1004//948 1005//949
f 1003//947 1006//950 1007//951
f 1008//952 1009//953 1010//954
f 1010//954 1011//955 1008//952
f 1012//956 1013//957 1014//958
f 1015//959 1016//960 1012//956
f 1017//961 1018//962 1019//963
f 1020//964 1021//965 1022//966
f 1006//950 1023//967 1007//951
f 1006//950 1024//968 1025//969
f 1006//950 1005//949 1024//968
f 1025//969 1024//968 1026//970
f 1027//971 1028//972 1025//969
f 1027//971 1026//970 1029//973
f 1030//974 1031//975 1032//976
f 1032//976 1033//977 1030//974
f 1032//976 1031//975 1034//978
f 1019//963 1035//979 1032//976
f 1019//963 1021//965 1017//961
f 1036//980 1037//981 1038//982
f 1038//982 1039//983 1036//980
f 1038//982 1037//981 1040//984
f 1041//985 1042//986 1043//987
f 1041//985 1044//988 1004//948
f 1041//985 1004//948 1003//947
f 1039//983 1038//982 1045//989
f 1046//990 1047//991 1048//992
f 1046//990 1045//989 1049//993
f 1047//991 1046//990 1049//993
f 1050//994 1051//995 1052//996
f 1045//989 1046//990 1039//983
f 1045//989 1038//982 1043//987
f 1049//993 1045//989 1043//987
f 1033//977 1032//976 1035//979
f 1053//997 1035//979 1054//998
f 1055//999 1054//998 1056//1000
f 1056//1000 1057//1001 1058//1002
f 1035//979 1053//997 1033//977
f 1035//979 1019//963 1018//962
f 1054//998 1055//999 1053//997
f 1054//998 1035//979 1018//962
f 1059//1003 1060//1004 1061//1005
f 1059//1003 1062//1006 1060//1004
f 1060//1004 1007//951 1023//967
f 1023//967 1025//969 1028//972
f 1023//967 1063//1007 1060//1004
f 1023//967 1006//950 1025//969
f 1063//1007 1023//967 1028//972
f 1063//1007 1061//1005 1060//1004
f 1018//962 1057//1001 1054//998
f 1018//962 1017//961 1064//1008
f 1057//1001 1056//1000 1054//998
f 1057//1001 1018//962 1065//1009
f 1057//1001 1066//1010 1058//1002
f 1067//1011 1065//1009 1068//1012
f 1066//1010 1065//1009 1067//1011
f 1066//1010 1057//1001 1065//1009
f 1065//1009 1018//962 1064//1008
f 1069//1013 1017//961 1020//964
f 1064//1008 1017//961 1069//1013
f 1064//1008 1068//1012 1065//1009
f 1068//1012 1064//1008 1069//1013
f 1021//965 1070//1014 1071//1015
f 1021//965 1019//963 1034//978
f 1021//965 1020//964 1017//961
f 1021//965 1071//1015 1022//966
f 1071//1015 1072//1016 1073//1017
f 1071//1015 1074//1018 1022//966
f 1074//1018 1073//1017 1075//1019
f 1005//949 1076//1020 1024//968
f 1005//949 1006//950 1003//947
f 1077//1021 1004//948 1078//1022
f 1077//1021 1079//1023 1080//1024
f 1009//953 1008//952 1029//973
f 1014//958 1015//959 1012//956
f 1013//957 1081//1025 1014//958
f 1081//1025 1013//957 1082//1026
f 1082//1026 1083//1027 1081//1025
f 1082//1026 1084//1028 1083//1027
f 1085//1029 1086//1030 1087//1031
f 1085//1029 1040//984 1037//981
f 1040//984 1085//1029 1087//1031
f 1004//948 1088//1032 1078//1022
f 1004//948 1077//1021 1005//949
f 1044//988 1088//1032 1004//948
f 1044//988 1041//985 1038//982
f 1078//1022 1089//1033 1077//1021
f 1078//1022 1090//1034 1089//1033
f 1011//955 1010//954 1091//1035
f 1091//1035 1092//1036 1011//955
f 1093//1037 1092//1036 1094//1038
f 1092//1036 1091//1035 1094//1038
f 1092//1036 1093//1037 1095//1039
f 1096//1040 1097//1041 1098//1042
f 1016//960 1015//959 1099//1043
f 1100//1044 1016//960 1099//1043
f 1097//1041 1096//1040 1100//1044
f 1099//1043 1097//1041 1100//1044
f 1043//987 1038//982 1041//985
f 1043//987 1051//995 1049//993
f 1051//995 1050//994 1049//993
f 1051//995 1042//986 1101//1045
f 1102//1046 1101//1045 1103//1047
f 1103//1047 1062//1006 1104//1048
f 1101//1045 1102//1046 1051//995
f 1042//986 1003//947 1007//951
f 1042//986 1041//985 1003//947
f 1042//986 1062//1006 1101//1045
f 1042//986 1051//995 1043//987
f 1062//1006 1042//986 1007//951
f 1062//1006 1103//1047 1101//1045
f 1062//1006 1059//1003 1104//1048
f 1062//1006 1007//951 1060//1004
f 1076//1020 1005//949 1077//1021
f 1076//1020 1026//970 1024//968
f 1076//1020 1080//1024 1105//1049
f 1029//973 1106//1050 1009//953
f 1029//973 1107//1051 1106//1050
f 1026//970 1105//1049 1029//973
f 1026//970 1027//971 1025//969
f 1026//970 1076//1020 1105//1049
f 1105//1049 1107//1051 1029//973
f 1105//1049 1108//1052 1109//1053
f 1105//1049 1080//1024 1108//1052
f 1107//1051 1084//1028 1106//1050
f 1110//1054 1111//1055 1112//1056
f 1113//1057 1112//1056 1031//975
f 1113//1057 1110//1054 1112//1056
f 1034//978 1019//963 1032//976
f 1031//975 1070//1014 1034//978
f 1031//975 1030//974 1113//1057
f 1112//1056 1111//1055 1072//1016
f 1070//1014 1112//1056 1072//1016
f 1070//1014 1021//965 1034//978
f 1070//1014 1072//1016 1071//1015
f 1070//1014 1031//975 1112//1056
f 1073//1017 1074//1018 1071//1015
f 1073//1017 1114//1058 1115//1059
f 1075//1019 1115//1059 1116//1060
f 1115//1059 1075//1019 1073//1017
f 1111//1055 1114//1058 1072//1016
f 1111//1055 1110//1054 1117//1061
f 1118//1062 1111//1055 1117//1061
f 1114//1058 1119//1063 1115//1059
f 1114//1058 1111//1055 1118//1062
f 1114//1058 1073//1017 1072//1016
f 1108//1052 1120//1064 1121//1065
f 1121//1065 1122//1066 1109//1053
f 1121//1065 1120//1064 1123//1067
f 1121//1065 1123//1067 1124//1068
f 1079//1023 1077//1021 1089//1033
f 1079//1023 1125//1069 1126//1070
f 1080//1024 1076//1020 1077//1021
f 1080//1024 1126//1070 1120//1064
f 1126//1070 1080//1024 1079//1023
f 1126//1070 1125//1069 1127//1071
f 1126//1070 1127//1071 1128//1072
f 1120//1064 1108//1052 1080//1024
f 1120//1064 1128//1072 1123//1067
f 1116//1060 1129//1073 1086//1030
f 1116//1060 1130//1074 1131//1075
f 1129//1073 1116//1060 1131//1075
f 1129//1073 1087//1031 1086//1030
f 1090//1034 1078//1022 1088//1032
f 1089//1033 1131//1075 1125//1069
f 1125//1069 1132//1076 1127//1071
f 1125//1069 1079//1023 1089//1033
f 1131//1075 1089//1033 1090//1034
f 1109//1053 1107//1051 1105//1049
f 1109//1053 1108//1052 1121//1065
f 1122//1066 1124//1068 1133//1077
f 1122//1066 1134//1078 1135//1079
f 1122//1066 1084//1028 1109//1053
f 1084//1028 1122//1066 1135//1079
f 1084//1028 1136//1080 1083//1027
f 1084//1028 1107//1051 1109//1053
f 1136//1080 1118//1062 1117//1061
f 1136//1080 1137//1081 1118//1062
f 1136//1080 1084//1028 1135//1079
f 1136//1080 1138//1082 1139//1083
f 1140//1084 1141//1085 1142//1086
f 1140//1084 1143//1087 1144//1088
f 1145//1089 1146//1090 1147//1091
f 1146//1090 1148//1092 1149//1093
f 1150//1094 1151//1095 1152//1096
f 1153//1097 1154//1098 1155//1099
f 1153//1097 1151//1095 1150//1094
f 1156//1100 1157//1101 1158//1102
f 1156//1100 1159//1103 1160//1104
f 1160//1104 1161//1105 1156//1100
f 1142//1086 1162//1106 1163//1107
f 1142//1086 1143//1087 1140//1084
f 1163//1107 1164//1108 1165//1109
f 1163//1107 1166//1110 1167//1111
f 1167//1111 1164//1108 1163//1107
f 1168//1112 1169//1113 1170//1114
f 1168//1112 1171//1115 1172//1116
f 1170//1114 1173//1117 1171//1115
f 1157//1101 1174//1118 1158//1102
f 1157//1101 1161//1105 1173//1117
f 1157//1101 1173//1117 1170//1114
f 1175//1119 1176//1120 1177//1121
f 1175//1119 1178//1122 1179//1123
f 1175//1119 1180//1124 1181//1125
f 1181//1125 1182//1126 1140//1084
f 1181//1125 1183//1127 1175//1119
f 1184//1128 1185//1129 1179//1123
f 1185//1129 1175//1119 1179//1123
f 1185//1129 1184//1128 1186//1130
f 1186//1130 1184//1128 1187//1131
f 1186//1130 1188//1132 1189//1133
f 1186//1130 1190//1134 1188//1132
f 1186//1130 1180//1124 1185//1129
f 1191//1135 1174//1118 1169//1113
f 1191//1135 1192//1136 1193//1137
f 1174//1118 1157//1101 1170//1114
f 1174//1118 1170//1114 1169//1113
f 1174//1118 1191//1135 1193//1137
f 1193//1137 1158//1102 1174//1118
f 1166//1110 1163//1107 1162//1106
f 1194//1138 1195//1139 1196//1140
f 1194//1138 1197//1141 1195//1139
f 1194//1138 1162//1106 1141//1085
f 1162//1106 1196//1140 1166//1110
f 1162//1106 1142//1086 1141//1085
f 1196//1140 1162//1106 1194//1138
f 1198//1142 1199//1143 1200//1144
f 1198//1142 1201//1145 1202//1146
f 1198//1142 1158//1102 1193//1137
f 1158//1102 1198//1142 1202//1146
f 1159//1103 1156//1100 1203//1147
f 1202//1146 1201//1145 1187//1131
f 1202//1146 1203//1147 1158//1102
f 1203//1147 1204//1148 1159//1103
f 1203//1147 1156//1100 1158//1102
f 1204//1148 1203//1147 1202//1146
f 1205//1149 1197//1141 1206//1150
f 1197//1141 1207//1151 1195//1139
f 1197//1141 1208//1152 1206//1150
f 1199//1143 1198//1142 1193//1137
f 1199//1143 1193//1137 1192//1136
f 1199//1143 1209//1153 1210//1154
f 1211//1155 1200//1144 1199//1143
f 1190//1134 1212//1156 1188//1132
f 1213//1157 1206//1150 1212//1156
f 1214//1158 1206//1150 1213//1157
f 1215//1159 1201//1145 1200//1144
f 1216//1160 1200//1144 1211//1155
f 1200//1144 1216//1160 1215//1159
f 1187//1131 1204//1148 1202//1146
f 1217//1161 1201//1145 1218//1162
f 1217//1161 1186//1130 1187//1131
f 1201//1145 1198//1142 1200//1144
f 1201//1145 1217//1161 1187//1131
f 1219//1163 1220//1164 1161//1105
f 1161//1105 1160//1104 1219//1163
f 1161//1105 1157//1101 1156//1100
f 1161//1105 1221//1165 1173//1117
f 1220//1164 1222//1166 1223//1167
f 1220//1164 1219//1163 1224//1168
f 1224//1168 1222//1166 1220//1164
f 1143//1087 1225//1169 1226//1170
f 1143//1087 1226//1170 1144//1088
f 1143//1087 1142//1086 1165//1109
f 1226//1170 1227//1171 1228//1172
f 1226//1170 1229//1173 1227//1171
f 1226//1170 1230//1174 1229//1173
f 1152//1096 1231//1175 1232//1176
f 1148//1092 1146//1090 1145//1089
f 1148//1092 1233//1177 1149//1093
f 1231//1175 1234//1178 1232//1176
f 1231//1175 1152//1096 1151//1095
f 1183//1127 1181//1125 1144//1088
f 1144//1088 1235//1179 1183//1127
f 1144//1088 1228//1172 1235//1179
f 1144//1088 1181//1125 1140//1084
f 1177//1121 1178//1122 1175//1119
f 1176//1120 1236//1180 1177//1121
f 1236//1180 1176//1120 1237//1181
f 1237//1181 1238//1182 1236//1180
f 1237//1181 1239//1183 1238//1182
f 1228//1172 1144//1088 1226//1170
f 1228//1172 1240//1184 1235//1179
f 1209//1153 1199//1143 1192//1136
f 1207//1151 1197//1141 1241//1185
f 1207//1151 1242//1186 1195//1139
f 1242//1186 1243//1187 1195//1139
f 1244//1188 1243//1187 1242//1186
f 1244//1188 1145//1089 1147//1091
f 1243//1187 1244//1188 1147//1091
f 1154//1098 1153//1097 1150//1094
f 1245//1189 1209//1153 1192//1136
f 1245//1189 1192//1136 1246//1190
f 1245//1189 1155//1099 1154//1098
f 1246//1190 1155//1099 1245//1189
f 1206//1150 1214//1158 1205//1149
f 1188//1132 1247//1191 1189//1133
f 1212//1156 1208//1152 1247//1191
f 1212//1156 1247//1191 1188//1132
f 1212//1156 1190//1134 1248//1192
f 1180//1124 1175//1119 1185//1129
f 1189//1133 1180//1124 1186//1130
f 1189//1133 1182//1126 1180//1124
f 1141//1085 1208//1152 1194//1138
f 1141//1085 1140//1084 1182//1126
f 1182//1126 1181//1125 1180//1124
f 1182//1126 1189//1133 1247//1191
f 1182//1126 1208//1152 1141//1085
f 1208//1152 1197//1141 1194//1138
f 1208//1152 1212//1156 1206//1150
f 1208//1152 1182//1126 1247//1191
f 1149//1093 1233//1177 1249//1193
f 1149//1093 1250//1194 1164//1108
f 1165//1109 1142//1086 1163//1107
f 1164//1108 1167//1111 1149//1093
f 1164//1108 1225//1169 1165//1109
f 1225//1169 1143//1087 1165//1109
f 1225//1169 1164//1108 1250//1194
f 1250//1194 1251//1195 1230//1174
f 1250//1194 1149//1093 1249//1193
f 1250//1194 1230//1174 1225//1169
f 1250//1194 1252//1196 1251//1195
f 1249//1193 1252//1196 1250//1194
f 1249//1193 1253//1197 1252//1196
f 1171//1115 1168//1112 1170//1114
f 1171//1115 1221//1165 1254//1198
f 1171//1115 1254//1198 1172//1116
f 1255//1199 1256//1200 1257//1201
f 1254//1198 1223//1167 1256//1200
f 1254//1198 1255//1199 1172//1116
f 1221//1165 1223//1167 1254//1198
f 1221//1165 1161//1105 1220//1164
f 1221//1165 1220//1164 1223//1167
f 1221//1165 1171//1115 1173//1117
f 1258//1202 1259//1203 1260//1204
f 1258//1202 1261//1205 1262//1206
f 1263//1207 1262//1206 1264//1208
f 1265//1209 1266//1210 1267//1211
f 1265//1209 1268//1212 1269//1213
f 1270//1214 1271//1215 1272//1216
f 1270//1214 1272//1216 1273//1217
f 1262//1206 1263//1207 1258//1202
f 1262//1206 1261//1205 1274//1218
f 1262//1206 1275//1219 1264//1208
f 1276//1220 1277//1221 1278//1222
f 1279//1223 1280//1224 1281//1223
f 1282//1225 1283//1226 1284//1227
f 1285//1228 1286//1229 1287//1230
f 1268//1212 1288//1231 1269//1213
f 1268//1212 1267//1211 1285//1228
f 1287//1230 1284//1227 1289//1232
f 1287//1230 1268//1212 1285//1228
f 1290//1233 1284//1227 1287//1230
f 1290//1233 1282//1225 1284//1227
f 1261//1205 1258//1202 1260//1204
f 1260//1204 1289//1232 1291//1234
f 1260//1204 1292//1235 1261//1205
f 1292//1235 1293//1236 1274//1218
f 1292//1235 1260//1204 1291//1234
f 1292//1235 1274//1218 1261//1205
f 1292//1235 1291//1234 1294//1237
f 1295//1238 1294//1237 1291//1234
f 1289//1232 1259//1203 1287//1230
f 1289//1232 1260//1204 1259//1203
f 1291//1234 1284//1227 1296//1239
f 1297//1240 1298//1241 1299//1242
f 1300//1243 1301//1244 1272//1216
f 1300//1243 1302//1245 1277//1221
f 1300//1243 1303//1246 1298//1241
f 1300//1243 1272//1216 1303//1246
f 1284//1227 1291//1234 1289//1232
f 1284//1227 1304//1247 1296//1239
f 1284//1227 1283//1226 1304//1247
f 1305//1248 1306//1249 1307//1250
f 1305//1248 1308//1251 1309//1252
f 1308//1251 1305//1248 1307//1250
f 1308//1251 1310//1253 1311//1254
f 1310//1253 1308//1251 1307//1250
f 1307//1250 1312//1255 1310//1253
f 1313//1256 1314//1257 1315//1258
f 1315//1258 1316//1259 1317//1260
f 1315//1258 1318//1261 1319//1262
f 1320//1263 1321//1264 1322//1265
f 1323//1266 1324//1267 1325//1268
f 1322//1265 1323//1266 1320//1263
f 1322//1265 1326//1269 1324//1267
f 1321//1264 1327//1270 1322//1265
f 1327//1270 1321//1264 1328//1271
f 1329//1272 1330//1273 1331//1274
f 1329//1272 1332//1275 1333//1276
f 1329//1272 1333//1276 1266//1210
f 1334//1277 1335//1278 1336//1279
f 1332//1275 1337//1280 1333//1276
f 1332//1275 1329//1272 1338//1281
f 1298//1241 1339//1282 1300//1243
f 1298//1241 1297//1240 1340//1240
f 1299//1242 1341//1283 1293//1236
f 1293//1236 1292//1235 1294//1237
f 1293//1236 1314//1257 1342//1284
f 1293//1236 1342//1284 1274//1218
f 1341//1283 1299//1242 1298//1241
f 1341//1283 1298//1241 1303//1246
f 1341//1283 1303//1246 1271//1215
f 1271//1215 1314//1257 1341//1283
f 1271//1215 1303//1246 1272//1216
f 1271//1215 1270//1214 1343//1285
f 1314//1257 1293//1236 1341//1283
f 1314//1257 1313//1256 1342//1284
f 1314//1257 1271//1215 1343//1285
f 1277//1221 1276//1220 1344//1286
f 1277//1221 1302//1245 1278//1222
f 1344//1286 1301//1244 1277//1221
f 1344//1286 1280//1224 1345//1287
f 1301//1244 1300//1243 1277//1221
f 1301//1244 1344//1286 1346//1288
f 1273//1217 1272//1216 1301//1244
f 1273//1217 1346//1288 1347//1289
f 1346//1288 1273//1217 1301//1244
f 1346//1288 1344//1286 1345//1287
f 1347//1289 1348//1290 1349//1291
f 1350//1292 1267//1211 1351//1293
f 1280//1224 1344//1286 1352//1294
f 1280//1224 1351//1293 1345//1287
f 1280//1224 1279//1223 1350//1292
f 1345//1287 1348//1290 1346//1288
f 1348//1290 1347//1289 1346//1288
f 1348//1290 1345//1287 1351//1293
f 1348//1290 1353//1295 1349//1291
f 1351//1293 1280//1224 1350//1292
f 1267//1211 1268//1212 1265//1209
f 1267//1211 1353//1295 1351//1293
f 1259//1203 1258//1202 1354//1296
f 1269//1213 1355//1297 1330//1273
f 1269//1213 1330//1273 1265//1209
f 1288//1231 1268//1212 1287//1230
f 1288//1231 1355//1297 1269//1213
f 1288//1231 1354//1296 1355//1297
f 1288//1231 1287//1230 1259//1203
f 1330//1273 1356//1298 1331//1274
f 1330//1273 1329//1272 1265//1209
f 1354//1296 1288//1231 1259//1203
f 1357//1299 1258//1202 1263//1207
f 1357//1299 1354//1296 1258//1202
f 1355//1297 1354//1296 1357//1299
f 1356//1298 1330//1273 1355//1297
f 1356//1298 1355//1297 1357//1299
f 1358//1300 1359//1301 1360//1302
f 1358//1300 1361//1303 1362//1304
f 1362//1304 1363//1305 1364//1306
f 1361//1303 1358//1300 1365//1307
f 1361//1303 1363//1305 1362//1304
f 1319//1262 1313//1256 1315//1258
f 1318//1261 1366//1308 1367//1309
f 1318//1261 1368//1310 1319//1262
f 1368//1310 1369//1311 1370//1312
f 1368//1310 1318//1261 1371//1313
f 1371//1313 1318//1261 1372//1314
f 1373//1315 1374//1316 1375//1317
f 1376//1318 1375//1317 1377//1319
f 1376//1318 1378//1320 1373//1315
f 1379//1321 1380//1322 1372//1314
f 1379//1321 1381//1323 1380//1322
f 1372//1314 1382//1324 1371//1313
f 1382//1324 1369//1311 1371//1313
f 1382//1324 1372//1314 1380//1322
f 1382//1324 1383//1325 1384//1326
f 1266//1210 1265//1209 1329//1272
f 1266//1210 1333//1276 1334//1277
f 1266//1210 1385//1327 1353//1295
f 1353//1295 1267//1211 1266//1210
f 1353//1295 1348//1290 1351//1293
f 1353//1295 1386//1328 1387//1329
f 1306//1249 1305//1248 1387//1329
f 1306//1249 1312//1255 1307//1250
f 1306//1249 1375//1317 1312//1255
f 1375//1317 1376//1318 1373//1315
f 1375//1317 1386//1328 1377//1319
f 1375//1317 1306//1249 1386//1328
f 1386//1328 1353//1295 1385//1327
f 1386//1328 1306//1249 1387//1329
f 1385//1327 1377//1319 1386//1328
f 1388//1330 1324//1267 1389//1331
f 1390//1332 1391//1333 1389//1331
f 1390//1332 1392//1334 1393//1335
f 1392//1334 1390//1332 1389//1331
f 1324//1267 1323//1266 1322//1265
f 1324//1267 1388//1330 1325//1268
f 1389//1331 1391//1333 1388//1330
f 1389//1331 1326//1269 1392//1334
f 1326//1269 1322//1265 1327//1270
f 1326//1269 1389//1331 1324//1267
f 1342//1284 1394//1336 1395//1337
f 1275//1219 1396//1338 1397//1339
f 1275//1219 1274//1218 1342//1284
f 1275//1219 1262//1206 1274//1218
f 1396//1338 1275//1219 1395//1337
f 1398//1340 1396//1338 1395//1337
f 1395//1337 1399//1341 1398//1340
f 1395//1337 1275//1219 1342//1284
f 1394//1336 1399//1341 1395//1337
f 1399//1341 1394//1336 1400//1342
f 1401//1343 1402//1344 1403//1345
f 1401//1343 1404//1346 1402//1344
f 1317//1260 1366//1308 1315//1258
f 1403//1345 1366//1308 1317//1260
f 1366//1308 1318//1261 1315//1258
f 1366//1308 1403//1345 1402//1344
f 1402//1344 1367//1309 1366//1308
f 1402//1344 1405//1347 1367//1309
f 1405//1347 1404//1346 1406//1348
f 1404//1346 1405//1347 1402//1344
f 1134//1078 1138//1082 1135//1079
f 1134//1078 1407//1349 1408//1350
f 1134//1078 1122//1066 1133//1077
f 1408//1350 1407//1349 1409//1351
f 1408//1350 1409//1351 1410//1352
f 1411//1353 1410//1352 1412//1354
f 1411//1353 1413//1355 1414//1356
f 1414//1356 1415//1357 1411//1353
f 1416//1358 1417//1359 1418//1360
f 1416//1358 1419//1361 1414//1356
f 1416//1358 1414//1356 1420//1362
f 1418//1360 1421//1363 1416//1358
f 1418//1360 1417//1359 1422//1364
f 1423//1365 1424//1366 1425//1367
f 1423//1365 1426//1368 1427//1369
f 1427//1369 1418//1360 1422//1364
f 1427//1369 1424//1366 1423//1365
f 1427//1369 1428//1370 1418//1360
f 1429//1371 1430//1372 1431//1373
f 1429//1371 1432//1374 1423//1365
f 1429//1371 1423//1365 1425//1367
f 1431//1373 1433//1375 1429//1371
f 1431//1373 1430//1372 1434//1376
f 1132//1076 1130//1074 1435//1377
f 1132//1076 1125//1069 1131//1075
f 1132//1076 1436//1378 1437//1379
f 1437//1379 1438//1380 1439//1381
f 1436//1378 1431//1373 1434//1376
f 1436//1378 1132//1076 1435//1377
f 1436//1378 1440//1382 1431//1373
f 1436//1378 1438//1380 1437//1379
f 1127//1071 1437//1379 1441//1383
f 1127//1071 1132//1076 1437//1379
f 1441//1383 1128//1072 1127//1071
f 1441//1383 1437//1379 1439//1381
f 1441//1383 1439//1381 1442//1384
f 1442//1384 1439//1381 1443//1385
f 1128//1072 1441//1383 1442//1384
f 1128//1072 1120//1064 1126//1070
f 1123//1067 1442//1384 1444//1386
f 1123//1067 1128//1072 1442//1384
f 1124//1068 1444//1386 1445//1387
f 1124//1068 1122//1066 1121//1065
f 1133//1077 1124//1068 1445//1387
f 1133//1077 1445//1387 1407//1349
f 1407//1349 1446//1388 1409//1351
f 1407//1349 1134//1078 1133//1077
f 1444//1386 1124//1068 1123//1067
f 1444//1386 1443//1385 1447//1389
f 1445//1387 1447//1389 1446//1388
f 1445//1387 1444//1386 1447//1389
f 1448//1390 1449//1391 1222//1166
f 1222//1166 1450//1392 1223//1167
f 1222//1166 1224//1168 1448//1390
f 1449//1391 1451//1393 1119//1063
f 1449//1391 1448//1390 1452//1394
f 1119//1063 1114//1058 1453//1395
f 1119//1063 1450//1392 1449//1391
f 1256//1200 1450//1392 1454//1396
f 1256//1200 1255//1199 1254//1198
f 1137//1081 1455//1397 1454//1396
f 1137//1081 1136//1080 1139//1083
f 1450//1392 1256//1200 1223//1167
f 1450//1392 1222//1166 1449//1391
f 1450//1392 1119//1063 1453//1395
f 1454//1396 1257//1201 1256//1200
f 1454//1396 1453//1395 1137//1081
f 1453//1395 1454//1396 1450//1392
f 1453//1395 1114//1058 1118//1062
f 1453//1395 1118//1062 1137//1081
f 1251//1195 1456//1398 1230//1174
f 1457//1399 1252//1196 1458//1400
f 1428//1370 1427//1369 1426//1368
f 1428//1370 1458//1400 1421//1363
f 1428//1370 1426//1368 1457//1399
f 1374//1316 1459//1401 1460//1402
f 1461//1403 1381//1323 1462//1404
f 1381//1323 1461//1403 1460//1402
f 1381//1323 1379//1321 1462//1404
f 1460//1402 1463//1405 1381//1323
f 1460//1402 1461//1403 1374//1316
f 1459//1401 1374//1316 1373//1315
f 1459//1401 1464//1406 1460//1402
f 1459//1401 1378//1320 1465//1407
f 1360//1302 1359//1301 1466//1408
f 1360//1302 1466//1408 1335//1278
f 1335//1278 1333//1276 1337//1280
f 1335//1278 1467//1409 1336//1279
f 1335//1278 1334//1277 1333//1276
f 1467//1409 1335//1278 1466//1408
f 1466//1408 1468//1410 1467//1409
f 1359//1301 1358//1300 1362//1304
f 1359//1301 1469//1411 1466//1408
f 1470//1412 1471//1413 1472//1414
f 1471//1413 1470//1412 1473//1415
f 1472//1414 1471//1413 1370//1312
f 1472//1414 1474//1416 1470//1412
f 1475//1417 1476//1418 1477//1419
f 1478//1420 1477//1419 1479//1421
f 1479//1421 1480//1422 1481//1423
f 1476//1418 1475//1417 1474//1416
f 1476//1418 1482//1424 1483//1425
f 1476//1418 1474//1416 1472//1414
f 1477//1419 1478//1420 1475//1417
f 1477//1419 1476//1418 1483//1425
f 1469//1411 1484//1426 1468//1410
f 1469//1411 1359//1301 1364//1306
f 1469//1411 1468//1410 1466//1408
f 1413//1355 1411//1353 1412//1354
f 1413//1355 1420//1362 1414//1356
f 1413//1355 1485//1427 1420//1362
f 1486//1428 1412//1354 1484//1426
f 1486//1428 1469//1411 1364//1306
f 1378//1320 1487//1429 1465//1407
f 1378//1320 1459//1401 1373//1315
f 1378//1320 1484//1426 1487//1429
f 1378//1320 1376//1318 1468//1410
f 1484//1426 1469//1411 1486//1428
f 1484//1426 1378//1320 1468//1410
f 1410//1352 1488//1430 1487//1429
f 1410//1352 1411//1353 1408//1350
f 1412//1354 1487//1429 1484//1426
f 1412//1354 1486//1428 1413//1355
f 1412//1354 1410//1352 1487//1429
f 1480//1422 1477//1419 1483//1425
f 1480//1422 1479//1421 1477//1419
f 1480//1422 1489//1431 1481//1423
f 1424//1366 1490//1432 1425//1367
f 1424//1366 1427//1369 1422//1364
f 1491//1433 1422//1364 1489//1431
f 1491//1433 1480//1422 1483//1425
f 1363//1305 1489//1431 1492//1434
f 1363//1305 1361//1303 1481//1423
f 1364//1306 1359//1301 1362//1304
f 1364//1306 1492//1434 1485//1427
f 1485//1427 1413//1355 1486//1428
f 1485//1427 1486//1428 1364//1306
f 1420//1362 1492//1434 1417//1359
f 1492//1434 1364//1306 1363//1305
f 1492//1434 1420//1362 1485//1427
f 1422//1364 1491//1433 1424//1366
f 1489//1431 1363//1305 1481//1423
f 1489//1431 1417//1359 1492//1434
f 1489//1431 1480//1422 1491//1433
f 1417//1359 1489//1431 1422//1364
f 1417//1359 1416//1358 1420//1362
f 1230//1174 1493//1435 1229//1173
f 1230//1174 1226//1170 1225//1169
f 1229//1173 1494//1436 1227//1171
f 1426//1368 1423//1365 1432//1374
f 1493//1435 1230//1174 1456//1398
f 1493//1435 1433//1375 1494//1436
f 1432//1374 1456//1398 1426//1368
f 1432//1374 1433//1375 1493//1435
f 1432//1374 1429//1371 1433//1375
f 1456//1398 1251//1195 1457//1399
f 1456//1398 1457//1399 1426//1368
f 1456//1398 1432//1374 1493//1435
f 1433//1375 1431//1373 1440//1382
f 1240//1184 1228//1172 1227//1171
f 1494//1436 1229//1173 1493//1435
f 1494//1436 1440//1382 1495//1437
f 1227//1171 1495//1437 1240//1184
f 1239//1183 1452//1394 1238//1182
f 1451//1393 1449//1391 1452//1394
f 1451//1393 1115//1059 1119//1063
f 1451//1393 1116//1060 1115//1059
f 1452//1394 1130//1074 1451//1393
f 1452//1394 1239//1183 1495//1437
f 1495//1437 1227//1171 1494//1436
f 1440//1382 1494//1436 1433//1375
f 1440//1382 1436//1378 1435//1377
f 1440//1382 1130//1074 1495//1437
f 1130//1074 1116//1060 1451//1393
f 1130//1074 1132//1076 1131//1075
f 1130//1074 1440//1382 1435//1377
f 1130//1074 1452//1394 1495//1437
f 1369//1311 1382//1324 1384//1326
f 1369//1311 1368//1310 1371//1313
f 1369//1311 1496//1438 1370//1312
f 1438//1380 1497//1439 1439//1381
f 1438//1380 1436//1378 1434//1376
f 1498//1440 1369//1311 1384//1326
f 1498//1440 1434//1376 1496//1438
f 1482//1424 1496//1438 1499//1441
f 1482//1424 1472//1414 1370//1312
f 1482//1424 1476//1418 1472//1414
f 1490//1432 1430//1372 1425//1367
f 1490//1432 1483//1425 1499//1441
f 1490//1432 1491//1433 1483//1425
f 1490//1432 1424//1366 1491//1433
f 1496//1438 1369//1311 1498//1440
f 1496//1438 1482//1424 1370//1312
f 1499//1441 1483//1425 1482//1424
f 1430//1372 1429//1371 1425//1367
f 1430//1372 1490//1432 1499//1441
f 1434//1376 1499//1441 1496//1438
f 1434//1376 1430//1372 1499//1441
f 1434//1376 1498//1440 1438//1380
f 1488//1430 1500//1442 1465//1407
f 1488//1430 1410//1352 1409//1351
f 1488//1430 1465//1407 1487//1429
f 1488//1430 1446//1388 1500//1442
f 1464//1406 1459//1401 1465//1407
f 1464//1406 1501//1443 1463//1405
f 1446//1388 1488//1430 1409//1351
f 1446//1388 1407//1349 1445//1387
f 1500//1442 1464//1406 1465//1407
f 1500//1442 1447//1389 1501//1443
f 1463//1405 1380//1322 1381//1323
f 1463//1405 1383//1325 1380//1322
f 1463//1405 1460//1402 1464//1406
f 1383//1325 1382//1324 1380//1322
f 1383//1325 1501//1443 1502//1444
f 1497//1439 1438//1380 1498//1440
f 1497//1439 1443//1385 1439//1381
f 1497//1439 1384//1326 1502//1444
f 1497//1439 1498//1440 1384//1326
f 1501//1443 1464//1406 1500//1442
f 1501//1443 1383//1325 1463//1405
f 1502//1444 1384//1326 1383//1325
f 1443//1385 1444//1386 1442//1384
f 1443//1385 1497//1439 1502//1444
f 1447//1389 1500//1442 1446//1388
f 1447//1389 1502//1444 1501//1443
f 1447//1389 1443//1385 1502//1444
f 1455//1397 1257//1201 1454//1396
f 1455//1397 1137//1081 1139//1083
f 1455//1397 1138//1082 1503//1445
f 1455//1397 1253//1197 1234//1178
f 1252//1196 1457//1399 1251//1195
f 1253//1197 1455//1397 1503//1445
f 1253//1197 1249//1193 1233//1177
f 1253//1197 1232//1176 1234//1178
f 1253//1197 1458//1400 1252//1196
f 1421//1363 1418//1360 1428//1370
f 1458//1400 1419//1361 1421//1363
f 1458//1400 1428//1370 1457//1399
f 1458//1400 1253//1197 1503//1445
f 1415//1357 1408//1350 1411//1353
f 1415//1357 1134//1078 1408//1350
f 1415//1357 1414//1356 1419//1361
f 1419//1361 1138//1082 1415//1357
f 1419//1361 1416//1358 1421//1363
f 1419//1361 1458//1400 1503//1445
f 1138//1082 1134//1078 1415//1357
f 1138//1082 1455//1397 1139//1083
f 1138//1082 1419//1361 1503//1445
f 1138//1082 1136//1080 1135//1079
usemtl Ghost_Secondary
s off
f 1557//1446 1558//1446 1555//1446
f 2015//1447 2016//1447 2017//1447
f 2016//1448 2015//1448 2018//1448
s 1
f 1504//1449 1505//1449 1506//1449
f 1505//1449 1504//1449 1507//1449
f 1508//1450 1509//1450 1510//1451
f 1509//1450 1508//1450 1511//1450
f 1512//1452 1513//1453 1514//1454
f 1513//1453 1512//1452 1515//1455
f 1514//1454 1516//1456 1517//1456
f 1518//1457 1519//1458 1520//1459
f 1521//1460 1522//1461 1523//1462
f 1524//1463 1525//1464 1526//1465
f 1527//1466 1525//1464 1528//1467
f 1529//1468 1530//1469 1531//1470
f 1531//1470 1532//1471 1533//1472
f 1531//1470 1534//1473 1529//1468
f 1535//1474 1536//1475 1537//1476
f 1538//1477 1539//1477 1540//1478
f 1541//1479 1542//1480 1543//1479
f 1544//1481 1545//1482 1546//1483
f 1532//1471 1531//1470 1530//1469
f 1530//1469 1529//1468 1547//1484
f 1530//1469 1548//1485 1532//1471
f 1549//1486 1550//1487 1551//1487
f 1552//1488 1553//1489 1554//1490
f 1552//1488 1550//1487 1549//1486
f 1555//1491 1556//1491 1557//1491
f 1542//1480 1541//1479 1559//1492
f 1559//1492 1560//1493 1542//1480
f 1560//1493 1559//1492 1561//1493
f 1562//1494 1537//1476 1536//1475
f 1536//1475 1563//1495 1562//1494
f 1563//1495 1536//1475 1564//1495
f 1565//1496 1566//1497 1567//1498
f 1566//1497 1568//1499 1567//1498
f 1566//1497 1565//1496 1569//1496
f 1566//1497 1570//1499 1568//1499
f 1545//1482 1571//1500 1572//1500
f 1546//1483 1573//1481 1544//1481
f 1572//1500 1546//1483 1545//1482
f 1574//1501 1540//1478 1575//1502
f 1540//1478 1574//1501 1576//1503
f 1540//1478 1539//1477 1575//1502
f 1577//1504 1578//1505 1579//1506
f 1577//1504 1579//1506 1580//1507
f 1581//1508 1582//1509 1583//1510
f 1583//1510 1584//1511 1585//1512
f 1583//1510 1586//1513 1581//1508
f 1587//1514 1588//1515 1589//1516
f 1590//1517 1591//1518 1592//1519
f 1588//1515 1587//1514 1590//1517
f 1589//1516 1593//1520 1594//1521
f 1595//1522 1596//1523 1597//1524
f 1598//1525 1599//1526 1600//1527
f 1600//1527 1599//1526 1601//1528
f 1596//1523 1602//1529 1603//1530
f 1604//1531 1603//1530 1605//1532
f 1604//1531 1597//1524 1596//1523
f 1606//1533 1607//1534 1608//1535
f 1608//1535 1609//1536 1606//1533
f 1608//1535 1607//1534 1610//1537
f 1611//1538 1612//1539 1608//1535
f 1611//1538 1608//1535 1610//1537
f 1613//1540 1614//1541 1612//1539
f 1612//1539 1615//1542 1609//1536
f 1612//1539 1611//1538 1613//1540
f 1612//1539 1609//1536 1608//1535
f 1616//1543 1617//1544 1618//1545
f 1616//1543 1618//1545 1619//1545
f 1620//1546 1621//1547 1616//1543
f 1620//1546 1622//1548 1621//1547
f 1623//1549 1587//1514 1624//1550
f 1623//1549 1591//1518 1587//1514
f 1621//1547 1617//1544 1616//1543
f 1621//1547 1623//1549 1624//1550
f 1621//1547 1625//1551 1623//1549
f 1624//1550 1587//1514 1589//1516
f 1624//1550 1617//1544 1621//1547
f 1624//1550 1589//1516 1626//1552
f 1617//1544 1624//1550 1626//1552
f 1627//1553 1582//1509 1628//1554
f 1627//1553 1629//1555 1584//1511
f 1630//1556 1631//1557 1632//1558
f 1633//1559 1627//1553 1628//1554
f 1633//1559 1634//1560 1629//1555
f 1528//1467 1635//1561 1636//1562
f 1637//1563 1638//1564 1639//1565
f 1638//1564 1637//1563 1640//1563
f 1638//1564 1641//1566 1639//1565
f 1638//1564 1642//1567 1641//1566
f 1525//1464 1643//1568 1644//1569
f 1525//1464 1524//1463 1643//1568
f 1525//1464 1527//1466 1526//1465
f 1523//1462 1645//1570 1646//1571
f 1647//1572 1648//1573 1522//1461
f 1649//1574 1650//1575 1651//1576
f 1648//1573 1647//1572 1649//1574
f 1522//1461 1521//1460 1647//1572
f 1522//1461 1652//1577 1645//1570
f 1653//1578 1654//1579 1655//1580
f 1653//1578 1656//1581 1657//1582
f 1655//1580 1658//1583 1656//1581
f 1655//1580 1654//1579 1659//1584
f 1660//1585 1658//1583 1655//1580
f 1632//1558 1661//1586 1662//1587
f 1663//1588 1664//1589 1665//1590
f 1665//1590 1630//1556 1663//1588
f 1659//1584 1660//1585 1655//1580
f 1666//1591 1654//1579 1665//1590
f 1666//1591 1664//1589 1667//1592
f 1654//1579 1666//1591 1659//1584
f 1654//1579 1653//1578 1668//1593
f 1654//1579 1631//1557 1665//1590
f 1668//1593 1669//1594 1670//1595
f 1631//1557 1668//1593 1670//1595
f 1631//1557 1630//1556 1665//1590
f 1631//1557 1654//1579 1668//1593
f 1651//1576 1650//1575 1671//1596
f 1672//1597 1673//1598 1674//1599
f 1675//1600 1676//1601 1673//1598
f 1675//1600 1673//1598 1677//1602
f 1673//1598 1672//1597 1678//1603
f 1673//1598 1678//1603 1677//1602
f 1674//1599 1676//1601 1679//1604
f 1676//1601 1675//1600 1680//1605
f 1676//1601 1674//1599 1673//1598
f 1671//1596 1681//1606 1651//1576
f 1682//1607 1650//1575 1683//1607
f 1650//1575 1682//1607 1671//1596
f 1650//1575 1649//1574 1647//1572
f 1684//1608 1685//1609 1686//1610
f 1685//1609 1687//1610 1686//1610
f 1681//1606 1671//1596 1685//1609
f 1688//1611 1685//1609 1684//1608
f 1688//1611 1681//1606 1685//1609
f 1689//1612 1690//1612 1691//1613
f 1692//1614 1693//1615 1694//1614
f 1695//1616 1693//1615 1696//1616
f 1693//1615 1692//1614 1697//1617
f 1696//1616 1693//1615 1697//1617
f 1691//1613 1698//1618 1689//1612
f 1699//1619 1698//1618 1691//1613
f 1698//1618 1699//1619 1700//1620
f 1701//1621 1702//1622 1703//1623
f 1701//1621 1704//1624 1705//1625
f 1706//1626 1707//1627 1708//1628
f 1706//1626 1708//1628 1709//1629
f 1710//1630 1711//1631 1712//1632
f 1713//1633 1710//1630 1714//1634
f 1715//1635 1711//1631 1716//1636
f 1715//1635 1717//1637 1633//1559
f 1718//1638 1716//1636 1713//1633
f 1716//1636 1710//1630 1713//1633
f 1716//1636 1719//1639 1715//1635
f 1719//1639 1716//1636 1718//1638
f 1720//1640 1721//1641 1722//1642
f 1723//1643 1724//1644 1725//1645
f 1723//1643 1726//1646 1706//1626
f 1723//1643 1727//1647 1720//1640
f 1723//1643 1709//1629 1727//1647
f 1708//1628 1707//1627 1705//1625
f 1704//1624 1703//1623 1728//1648
f 1704//1624 1708//1628 1705//1625
f 1704//1624 1729//1649 1708//1628
f 1629//1555 1730//1650 1731//1651
f 1629//1555 1627//1553 1633//1559
f 1731//1651 1732//1652 1584//1511
f 1731//1651 1733//1653 1734//1654
f 1733//1653 1735//1655 1734//1654
f 1733//1653 1730//1650 1702//1622
f 1622//1548 1620//1546 1736//1656
f 1622//1548 1737//1657 1625//1551
f 1738//1658 1721//1641 1739//1659
f 1738//1658 1739//1659 1736//1656
f 1739//1659 1622//1548 1736//1656
f 1721//1641 1740//1660 1741//1661
f 1721//1641 1738//1658 1722//1642
f 1721//1641 1741//1661 1739//1659
f 1742//1662 1743//1663 1744//1664
f 1742//1662 1745//1665 1746//1666
f 1747//1667 1748//1668 1744//1664
f 1744//1664 1743//1663 1747//1667
f 1744//1664 1749//1669 1745//1665
f 1750//1670 1751//1671 1752//1672
f 1750//1670 1753//1673 1751//1671
f 1754//1674 1752//1672 1755//1675
f 1756//1676 1757//1677 1758//1678
f 1756//1676 1759//1679 1760//1680
f 1757//1677 1761//1681 1758//1678
f 1757//1677 1756//1676 1760//1680
f 1762//1682 1758//1678 1761//1681
f 1762//1682 1763//1683 1764//1684
f 1765//1685 1766//1686 1761//1681
f 1767//1687 1768//1688 1769//1689
f 1770//1690 1771//1690 1772//1691
f 1772//1691 1773//1692 1774//1693
f 1772//1691 1767//1687 1770//1690
f 1775//1694 1773//1692 1772//1691
f 1773//1692 1775//1694 1776//1695
f 1776//1695 1777//1696 1773//1692
f 1778//1697 1779//1698 1780//1699
f 1780//1699 1781//1700 1778//1697
f 1780//1699 1774//1693 1782//1701
f 1781//1700 1782//1701 1783//1702
f 1782//1701 1781//1700 1780//1699
f 1782//1701 1784//1703 1783//1702
f 1785//1704 1786//1705 1780//1699
f 1785//1704 1780//1699 1779//1698
f 1787//1706 1786//1705 1785//1704
f 1788//1707 1789//1708 1790//1709
f 1789//1708 1768//1688 1790//1709
f 1786//1705 1787//1706 1790//1709
f 1790//1709 1774//1693 1786//1705
f 1790//1709 1791//1710 1788//1707
f 1774//1693 1780//1699 1786//1705
f 1774//1693 1773//1692 1777//1696
f 1774//1693 1777//1696 1782//1701
f 1768//1688 1772//1691 1774//1693
f 1768//1688 1767//1687 1772//1691
f 1768//1688 1789//1708 1769//1689
f 1768//1688 1774//1693 1790//1709
f 1792//1711 1793//1712 1794//1713
f 1795//1714 1796//1715 1797//1716
f 1795//1714 1798//1717 1799//1718
f 1800//1719 1801//1720 1802//1721
f 1803//1722 1804//1723 1805//1724
f 1804//1723 1806//1725 1805//1724
f 1804//1723 1803//1722 1807//1722
f 1808//1726 1748//1668 1809//1727
f 1808//1726 1810//1728 1749//1669
f 1809//1727 1811//1729 1812//1730
f 1748//1668 1747//1667 1811//1729
f 1748//1668 1808//1726 1749//1669
f 1748//1668 1811//1729 1809//1727
f 1796//1715 1795//1714 1813//1731
f 1796//1715 1814//1732 1815//1733
f 1814//1732 1796//1715 1813//1731
f 1815//1733 1814//1732 1816//1734
f 1817//1734 1815//1733 1816//1734
f 1818//1735 1819//1736 1820//1737
f 1821//1738 1822//1739 1823//1740
f 1824//1741 1825//1742 1826//1743
f 1824//1741 1745//1665 1825//1742
f 1745//1665 1824//1741 1746//1666
f 1745//1665 1742//1662 1744//1664
f 1749//1669 1810//1728 1825//1742
f 1749//1669 1744//1664 1748//1668
f 1825//1742 1827//1744 1826//1743
f 1825//1742 1745//1665 1749//1669
f 1810//1728 1828//1745 1825//1742
f 1810//1728 1808//1726 1800//1719
f 1829//1746 1763//1683 1830//1747
f 1763//1683 1829//1746 1764//1684
f 1763//1683 1794//1713 1830//1747
f 1763//1683 1762//1682 1761//1681
f 1793//1712 1792//1711 1831//1748
f 1830//1747 1832//1749 1829//1746
f 1833//1750 1794//1713 1793//1712
f 1833//1750 1832//1749 1830//1747
f 1794//1713 1833//1750 1830//1747
f 1794//1713 1763//1683 1834//1751
f 1794//1713 1835//1752 1792//1711
f 1822//1739 1755//1675 1823//1740
f 1822//1739 1836//1753 1755//1675
f 1822//1739 1821//1738 1837//1754
f 1823//1740 1752//1672 1838//1755
f 1823//1740 1839//1756 1821//1738
f 1823//1740 1838//1755 1839//1756
f 1752//1672 1754//1674 1750//1670
f 1752//1672 1823//1740 1755//1675
f 1827//1744 1840//1757 1826//1743
f 1828//1745 1810//1728 1802//1721
f 1841//1758 1842//1759 1843//1760
f 1759//1679 1844//1761 1845//1762
f 1846//1763 1755//1675 1836//1753
f 1846//1763 1754//1674 1755//1675
f 1846//1763 1844//1761 1847//1764
f 1836//1753 1822//1739 1848//1765
f 1836//1753 1849//1766 1844//1761
f 1844//1761 1759//1679 1847//1764
f 1844//1761 1846//1763 1836//1753
f 1844//1761 1849//1766 1850//1767
f 1845//1762 1851//1768 1852//1769
f 1845//1762 1760//1680 1759//1679
f 1853//1770 1854//1771 1855//1772
f 1664//1589 1856//1773 1667//1592
f 1664//1589 1857//1774 1856//1773
f 1664//1589 1663//1588 1858//1775
f 1664//1589 1666//1591 1665//1590
f 1857//1774 1664//1589 1858//1775
f 1856//1773 1857//1774 1859//1776
f 1856//1773 1853//1770 1667//1592
f 1860//1777 1861//1778 1862//1779
f 1861//1778 1860//1777 1863//1777
f 1861//1778 1855//1772 1862//1779
f 1859//1776 1854//1771 1856//1773
f 1854//1771 1853//1770 1856//1773
f 1854//1771 1864//1780 1862//1779
f 1862//1779 1855//1772 1854//1771
f 1864//1780 1865//1781 1862//1779
f 1864//1780 1854//1771 1859//1776
f 1866//1782 1867//1783 1868//1784
f 1869//1785 1870//1786 1806//1725
f 1871//1787 1872//1788 1873//1789
f 1871//1787 1862//1779 1865//1781
f 1872//1788 1868//1784 1873//1789
f 1872//1788 1871//1787 1865//1781
f 1840//1757 1827//1744 1874//1790
f 1751//1671 1838//1755 1752//1672
f 1751//1671 1875//1791 1838//1755
f 1874//1790 1753//1673 1840//1757
f 1753//1673 1874//1790 1751//1671
f 1658//1583 1660//1585 1876//1792
f 1658//1583 1877//1793 1656//1581
f 1876//1792 1878//1794 1658//1583
f 1878//1794 1879//1795 1880//1796
f 1878//1794 1876//1792 1881//1797
f 1880//1796 1877//1793 1878//1794
f 1877//1793 1658//1583 1878//1794
f 1877//1793 1880//1796 1882//1798
f 1656//1581 1653//1578 1655//1580
f 1656//1581 1883//1799 1657//1582
f 1884//1800 1818//1735 1820//1737
f 1884//1800 1885//1801 1886//1802
f 1887//1803 1839//1756 1838//1755
f 1802//1721 1874//1790 1828//1745
f 1802//1721 1810//1728 1800//1719
f 1802//1721 1875//1791 1874//1790
f 1875//1791 1887//1803 1838//1755
f 1875//1791 1801//1720 1887//1803
f 1875//1791 1751//1671 1874//1790
f 1801//1720 1875//1791 1802//1721
f 1806//1725 1870//1786 1819//1736
f 1888//1804 1805//1724 1806//1725
f 1888//1804 1819//1736 1889//1805
f 1848//1765 1837//1754 1890//1806
f 1848//1765 1822//1739 1837//1754
f 1890//1806 1849//1766 1848//1765
f 1849//1766 1836//1753 1848//1765
f 1849//1766 1891//1807 1850//1767
f 1849//1766 1890//1806 1892//1808
f 1893//1809 1886//1802 1894//1810
f 1893//1809 1895//1811 1896//1812
f 1895//1811 1893//1809 1894//1810
f 1896//1812 1897//1813 1891//1807
f 1834//1751 1761//1681 1766//1686
f 1834//1751 1763//1683 1761//1681
f 1835//1752 1766//1686 1898//1814
f 1835//1752 1794//1713 1834//1751
f 1898//1814 1899//1815 1900//1816
f 1766//1686 1835//1752 1834//1751
f 1766//1686 1899//1815 1898//1814
f 1766//1686 1765//1685 1899//1815
f 1901//1817 1902//1818 1903//1819
f 1904//1820 1798//1717 1901//1817
f 1904//1820 1901//1817 1903//1819
f 1798//1717 1904//1820 1799//1718
f 1798//1717 1795//1714 1797//1716
f 1899//1815 1852//1769 1851//1768
f 1899//1815 1765//1685 1852//1769
f 1900//1816 1851//1768 1905//1821
f 1850//1767 1845//1762 1844//1761
f 1851//1768 1900//1816 1899//1815
f 1851//1768 1845//1762 1850//1767
f 1851//1768 1850//1767 1905//1821
f 1897//1813 1896//1812 1895//1811
f 1891//1807 1849//1766 1892//1808
f 1891//1807 1906//1822 1905//1821
f 1905//1821 1850//1767 1891//1807
f 1906//1822 1902//1818 1905//1821
f 1906//1822 1891//1807 1897//1813
f 1902//1818 1906//1822 1903//1819
f 1717//1637 1607//1534 1907//1823
f 1717//1637 1715//1635 1719//1639
f 1717//1637 1907//1823 1634//1560
f 1908//1824 1909//1825 1907//1823
f 1907//1823 1909//1825 1634//1560
f 1907//1823 1910//1826 1908//1824
f 1607//1534 1910//1826 1907//1823
f 1607//1534 1606//1533 1910//1826
f 1607//1534 1717//1637 1610//1537
f 1592//1519 1911//1827 1912//1828
f 1913//1829 1914//1830 1519//1458
f 1519//1458 1518//1457 1913//1829
f 1520//1459 1519//1458 1915//1831
f 1599//1526 1916//1832 1601//1528
f 1599//1526 1598//1525 1917//1525
f 1918//1833 1585//1512 1919//1834
f 1585//1512 1586//1513 1583//1510
f 1585//1512 1918//1833 1586//1513
f 1584//1511 1583//1510 1627//1553
f 1584//1511 1919//1834 1585//1512
f 1584//1511 1629//1555 1731//1651
f 1919//1834 1920//1835 1921//1836
f 1919//1834 1584//1511 1732//1652
f 1732//1652 1920//1835 1919//1834
f 1732//1652 1731//1651 1734//1654
f 1603//1530 1604//1531 1596//1523
f 1603//1530 1922//1837 1578//1505
f 1603//1530 1923//1838 1605//1532
f 1916//1832 1579//1506 1922//1837
f 1916//1832 1599//1526 1520//1459
f 1916//1832 1520//1459 1915//1831
f 1601//1528 1602//1529 1600//1527
f 1602//1529 1596//1523 1600//1527
f 1922//1837 1603//1530 1602//1529
f 1922//1837 1601//1528 1916//1832
f 1922//1837 1602//1529 1601//1528
f 1579//1506 1916//1832 1915//1831
f 1915//1831 1580//1507 1579//1506
f 1924//1839 1925//1839 1926//1839
f 1925//1839 1924//1839 1927//1839
f 1928//1840 1923//1838 1578//1505
f 1879//1795 1878//1794 1929//1841
f 1578//1505 1922//1837 1579//1506
f 1578//1505 1929//1841 1928//1840
f 1929//1841 1578//1505 1879//1795
f 1929//1841 1878//1794 1881//1797
f 1912//1828 1930//1842 1931//1843
f 1911//1827 1592//1519 1591//1518
f 1625//1551 1621//1547 1622//1548
f 1591//1518 1590//1517 1587//1514
f 1591//1518 1623//1549 1625//1551
f 1591//1518 1737//1657 1911//1827
f 1737//1657 1591//1518 1625//1551
f 1737//1657 1930//1842 1911//1827
f 1737//1657 1739//1659 1741//1661
f 1737//1657 1622//1548 1739//1659
f 1784//1703 1782//1701 1777//1696
f 1932//1844 1777//1696 1933//1844
f 1777//1696 1776//1695 1934//1845
f 1777//1696 1932//1844 1784//1703
f 1933//1844 1777//1696 1934//1845
f 1935//1846 1936//1847 1937//1848
f 1931//1843 1936//1847 1935//1846
f 1930//1842 1737//1657 1741//1661
f 1930//1842 1912//1828 1911//1827
f 1741//1661 1936//1847 1930//1842
f 1740//1660 1721//1641 1720//1640
f 1740//1660 1720//1640 1727//1647
f 1729//1649 1709//1629 1708//1628
f 1729//1649 1704//1624 1937//1848
f 1936//1847 1729//1649 1937//1848
f 1936//1847 1740//1660 1727//1647
f 1936//1847 1741//1661 1740//1660
f 1936//1847 1709//1629 1729//1649
f 1936//1847 1931//1843 1930//1842
f 1709//1629 1723//1643 1706//1626
f 1709//1629 1936//1847 1727//1647
f 1724//1644 1723//1643 1720//1640
f 1842//1759 1938//1849 1939//1850
f 1843//1760 1725//1645 1724//1644
f 1843//1760 1940//1851 1841//1758
f 1725//1645 1843//1760 1842//1759
f 1725//1645 1939//1850 1726//1646
f 1885//1801 1923//1838 1941//1852
f 1885//1801 1894//1810 1886//1802
f 1885//1801 1867//1783 1942//1853
f 1885//1801 1884//1800 1943//1854
f 1867//1783 1885//1801 1943//1854
f 1867//1783 1943//1854 1868//1784
f 1944//1855 1867//1783 1866//1782
f 1819//1736 1888//1804 1806//1725
f 1819//1736 1818//1735 1889//1805
f 1870//1786 1820//1737 1819//1736
f 1820//1737 1943//1854 1884//1800
f 1868//1784 1872//1788 1866//1782
f 1868//1784 1943//1854 1820//1737
f 1868//1784 1820//1737 1870//1786
f 1923//1838 1603//1530 1578//1505
f 1923//1838 1885//1801 1942//1853
f 1923//1838 1942//1853 1605//1532
f 1923//1838 1928//1840 1941//1852
f 1942//1853 1867//1783 1944//1855
f 1945//1856 1605//1532 1942//1853
f 1945//1856 1942//1853 1944//1855
f 1946//1857 1947//1858 1948//1859
f 1947//1858 1946//1857 1949//1860
f 1950//1861 1711//1631 1948//1859
f 1712//1632 1950//1861 1951//1862
f 1712//1632 1952//1863 1710//1630
f 1582//1509 1581//1508 1953//1864
f 1582//1509 1627//1553 1583//1510
f 1711//1631 1710//1630 1716//1636
f 1711//1631 1715//1635 1628//1554
f 1711//1631 1950//1861 1712//1632
f 1948//1859 1582//1509 1953//1864
f 1948//1859 1953//1864 1946//1857
f 1948//1859 1628//1554 1582//1509
f 1628//1554 1715//1635 1633//1559
f 1628//1554 1948//1859 1711//1631
f 1954//1865 1955//1866 1956//1867
f 1726//1646 1723//1643 1725//1645
f 1707//1627 1726//1646 1957//1868
f 1707//1627 1706//1626 1726//1646
f 1707//1627 1958//1869 1705//1625
f 1957//1868 1726//1646 1939//1850
f 1938//1849 1842//1759 1841//1758
f 1939//1850 1725//1645 1842//1759
f 1939//1850 1959//1870 1957//1868
f 1959//1870 1939//1850 1938//1849
f 1955//1866 1954//1865 1960//1871
f 1955//1866 1961//1872 1722//1642
f 1961//1872 1720//1640 1722//1642
f 1961//1872 1955//1866 1960//1871
f 1962//1873 1957//1868 1959//1870
f 1963//1874 1958//1869 1962//1873
f 1921//1836 1918//1833 1919//1834
f 1921//1836 1964//1875 1963//1874
f 1920//1835 1732//1652 1734//1654
f 1734//1654 1964//1875 1920//1835
f 1964//1875 1921//1836 1920//1835
f 1964//1875 1734//1654 1735//1655
f 1958//1869 1735//1655 1705//1625
f 1958//1869 1963//1874 1964//1875
f 1958//1869 1707//1627 1957//1868
f 1958//1869 1957//1868 1962//1873
f 1735//1655 1958//1869 1964//1875
f 1735//1655 1733//1653 1701//1621
f 1735//1655 1701//1621 1705//1625
f 1703//1623 1965//1876 1728//1648
f 1703//1623 1704//1624 1701//1621
f 1702//1622 1966//1877 1703//1623
f 1702//1622 1701//1621 1733//1653
f 1634//1560 1633//1559 1717//1637
f 1730//1650 1909//1825 1966//1877
f 1730//1650 1733//1653 1731//1651
f 1730//1650 1629//1555 1634//1560
f 1965//1876 1703//1623 1966//1877
f 1966//1877 1702//1622 1730//1650
f 1966//1877 1967//1878 1965//1876
f 1909//1825 1908//1824 1967//1878
f 1909//1825 1730//1650 1634//1560
f 1909//1825 1967//1878 1966//1877
f 1968//1879 1969//1879 1970//1879
f 1971//1879 1968//1879 1970//1879
f 1547//1484 1972//1880 1530//1469
f 1973//1881 1974//1882 1975//1882
f 1976//1883 1973//1881 1975//1882
f 1977//1884 1978//1885 1979//1884
f 1978//1885 1977//1884 1980//1886
f 1980//1886 1516//1456 1978//1885
f 1516//1456 1980//1886 1517//1456
f 1516//1456 1514//1454 1513//1453
f 1981//1887 1982//1888 1983//1889
f 1984//1890 1985//1891 1986//1892
f 1987//1893 1988//1894 1989//1895
f 1990//1896 1988//1894 1991//1897
f 1553//1489 1992//1898 1993//1899
f 1553//1489 1552//1488 1549//1486
f 1994//1900 1995//1901 1996//1902
f 1994//1900 1997//1903 1998//1904
f 1999//1905 2000//1906 2001//1905
f 2002//1907 2003//1908 2004//1907
f 2005//1909 2006//1910 2007//1911
f 2008//1912 2009//1913 2010//1914
f 2011//1912 2009//1913 2008//1912
f 1972//1880 1547//1484 1996//1902
f 1995//1901 1994//1900 2012//1915
f 1996//1902 1547//1484 1997//1903
f 1996//1902 1997//1903 1994//1900
f 1996//1902 1548//1485 1972//1880
f 1548//1485 1996//1902 1995//1901
f 1548//1485 1530//1469 1972//1880
f 1992//1898 2013//1916 2014//1917
f 1993//1899 1992//1898 2014//1917
f 1993//1899 1554//1490 1553//1489
f 2019//1918 2020//1919 2021//1920
f 2022//1921 2023//1922 2019//1918
f 2023//1922 2020//1919 2019//1918
f 2024//1921 2023//1922 2022//1921
f 2025//1923 2026//1924 2027//1925
f 2026//1924 2025//1923 2028//1923
f 2026//1924 2029//1926 2030//1927
f 2026//1924 2030//1927 2027//1925
f 2031//1928 2001//1905 2000//1906
f 2000//1906 2032//1929 2031//1928
f 2032//1929 2000//1906 2033//1930
f 2010//1914 2034//1931 2035//1932
f 2009//1913 2034//1931 2010//1914
f 2003//1908 2036//1933 2004//1907
f 2003//1908 2037//1934 2036//1933
f 2037//1934 2003//1908 2038//1934
f 2039//1935 1580//1507 2040//1936
f 2041//1937 1580//1507 2039//1935
f 2041//1937 1577//1504 1580//1507
f 2042//1938 2043//1939 2044//1940
f 2045//1941 2046//1942 2047//1943
f 2045//1941 2042//1938 2048//1944
f 2049//1945 2050//1946 2051//1947
f 2049//1945 2051//1947 2052//1948
f 2053//1949 2054//1950 2049//1945
f 2053//1949 2049//1945 2052//1948
f 1593//1520 2051//1947 1594//1521
f 1593//1520 1589//1516 1588//1515
f 2052//1948 2051//1947 1593//1520
f 2051//1947 1626//1552 1594//1521
f 2055//1951 2056//1952 2057//1953
f 2058//1954 2059//1955 2056//1952
f 2060//1956 2061//1957 2062//1957
f 2060//1956 2063//1958 2058//1954
f 2064//1959 2065//1960 2060//1956
f 2064//1959 2060//1956 2062//1957
f 2066//1961 2067//1962 2068//1963
f 2069//1964 2070//1965 2071//1966
f 2072//1967 2073//1968 2067//1962
f 2072//1967 2066//1961 2074//1969
f 2071//1966 1614//1541 2075//1970
f 2074//1969 2070//1965 2072//1967
f 2070//1965 2069//1964 2072//1967
f 2070//1965 2074//1969 2076//1971
f 1614//1541 1613//1540 2075//1970
f 1614//1541 1615//1542 1612//1539
f 1614//1541 2071//1966 2070//1965
f 2076//1971 1614//1541 2070//1965
f 2077//1972 2078//1973 2079//1974
f 2077//1972 1619//1545 1618//1545
f 2079//1974 2080//1975 2081//1976
f 2082//1977 2054//1950 2083//1978
f 2078//1973 2082//1977 2083//1978
f 2078//1973 2050//1946 2082//1977
f 2078//1973 2077//1972 2084//1979
f 2050//1946 2049//1945 2082//1977
f 1626//1552 1589//1516 1594//1521
f 1626//1552 2051//1947 2050//1946
f 2084//1979 2077//1972 1618//1545
f 2084//1979 1626//1552 2050//1946
f 2084//1979 2050//1946 2078//1973
f 2085//1980 2043//1939 2045//1941
f 2085//1980 2045//1941 2047//1943
f 2085//1980 2086//1981 2087//1982
f 2088//1983 2089//1984 2090//1985
f 2087//1982 2091//1986 2085//1980
f 2087//1982 2086//1981 2092//1987
f 2093//1988 1635//1561 1988//1894
f 2094//1989 2007//1911 2006//1910
f 2095//1990 2006//1910 2096//1990
f 2006//1910 2095//1990 2094//1989
f 1988//1894 1987//1893 1991//1897
f 1988//1894 1644//1569 1989//1895
f 1988//1894 1990//1896 2093//1988
f 1644//1569 1635//1561 1525//1464
f 1635//1561 1644//1569 1988//1894
f 1635//1561 2093//1988 1636//1562
f 1635//1561 1528//1467 1525//1464
f 2097//1991 1645//1570 1985//1891
f 2098//1992 2099//1993 1986//1892
f 2098//1992 1986//1892 2100//1994
f 1645//1570 2097//1991 1646//1571
f 1645//1570 1523//1462 1522//1461
f 1652//1577 1985//1891 1645//1570
f 1652//1577 1522//1461 1648//1573
f 1985//1891 1984//1890 2097//1991
f 2100//1994 1985//1891 1652//1577
f 2100//1994 1986//1892 1985//1891
f 2101//1995 2102//1996 2103//1997
f 2101//1995 1657//1582 2104//1998
f 2101//1995 2104//1998 2105//1999
f 1669//1594 1668//1593 1653//1578
f 1669//1594 1657//1582 2101//1995
f 1669//1594 1653//1578 1657//1582
f 1669//1594 2103//1997 1670//1595
f 2106//2000 2107//2001 2108//2002
f 2105//1999 2109//2003 2102//1996
f 2105//1999 2104//1998 2107//2001
f 2110//2004 1661//1586 2089//1984
f 2111//2005 2112//2006 2113//2007
f 2090//1985 2111//2005 2088//1983
f 2109//2003 2105//1999 2106//2000
f 2102//1996 2089//1984 2103//1997
f 2102//1996 2114//2008 2090//1985
f 2102//1996 2101//1995 2105//1999
f 2114//2008 2102//1996 2109//2003
f 2114//2008 2112//2006 2090//1985
f 2103//1997 1669//1594 2101//1995
f 2089//1984 2088//1983 2110//2004
f 2089//1984 2102//1996 2090//1985
f 2089//1984 1670//1595 2103//1997
f 1670//1595 1661//1586 1631//1557
f 1661//1586 2110//2004 1662//1587
f 1661//1586 1632//1558 1631//1557
f 1661//1586 1670//1595 2089//1984
f 2115//2009 2116//2010 2099//1993
f 2117//2011 2118//2012 2119//2013
f 2120//2014 2119//2013 2121//2015
f 2121//2015 2122//2016 2123//2017
f 2119//2013 2120//2014 2117//2011
f 2124//2018 2122//2016 2119//2013
f 2124//2018 2119//2013 2118//2012
f 2122//2016 2124//2018 2125//2019
f 2122//2016 2121//2015 2119//2013
f 2116//2010 2126//2020 2127//2021
f 2128//2022 2099//1993 2116//2010
f 2099//1993 2098//1992 2115//2009
f 2099//1993 2128//2022 2129//2022
f 2130//2023 2127//2021 2131//2024
f 2126//2020 2116//2010 2115//2009
f 2127//2021 2130//2023 2132//2023
f 2127//2021 2133//2025 2131//2024
f 2133//2025 2127//2021 2126//2020
f 2081//1976 2134//2026 2135//2027
f 2136//2028 2137//2029 2138//2028
f 2139//2030 2140//2031 2141//2032
f 2140//2031 2142//2033 2143//2033
f 2140//2031 2139//2030 2144//2030
f 2141//2032 2140//2031 2143//2033
f 2137//2029 2136//2028 2145//2034
f 2146//2035 2145//2034 2147//2036
f 2145//2034 2146//2035 2137//2029
f 2148//2037 2149//2038 2150//2039
f 2148//2037 2151//2040 2152//2041
f 2153//2042 2154//2043 2155//2044
f 1952//1863 2156//2045 2157//2046
f 1952//1863 1712//1632 1951//1862
f 2158//2047 2159//2048 2160//2049
f 2157//2046 1714//1634 1952//1863
f 2157//2046 2161//2050 2159//2048
f 1714//1634 2157//2046 2158//2047
f 1714//1634 1710//1630 1952//1863
f 2162//2051 2163//2052 2164//2053
f 2162//2051 2161//2050 2091//1986
f 2164//2053 2159//2048 2162//2051
f 2159//2048 2158//2047 2157//2046
f 2160//2049 2159//2048 2164//2053
f 2165//2054 2166//2055 2167//2056
f 2165//2054 2168//2057 2169//2058
f 2170//2059 2169//2058 2171//2060
f 2170//2059 2172//2061 2165//2054
f 2170//2059 2155//2044 2173//2062
f 2174//2063 2149//2038 2154//2043
f 2174//2063 2153//2042 2171//2060
f 2150//2039 2175//2064 2176//2065
f 2150//2039 2151//2040 2148//2037
f 2086//1981 2177//2066 2092//1987
f 2086//1981 2047//1943 2178//2067
f 2086//1981 2085//1980 2047//1943
f 2178//2067 2179//2068 2180//2069
f 2178//2067 2047//1943 2181//2070
f 2180//2069 2177//2066 2178//2067
f 2180//2069 2148//2037 2152//2041
f 2180//2069 2182//2071 2148//2037
f 2080//1975 2183//2072 2134//2026
f 2080//1975 2079//1974 2078//1973
f 2135//2027 2167//2056 2166//2055
f 2134//2026 2183//2072 2184//2073
f 2134//2026 2081//1976 2080//1975
f 2167//2056 2135//2027 2134//2026
f 2167//2056 2168//2057 2165//2054
f 2073//1968 2072//1967 2069//1964
f 2185//2074 2186//2075 2187//2076
f 2185//2074 2187//2076 2188//2077
f 2189//2078 2190//2079 2191//2080
f 2187//2076 2192//2081 2190//2079
f 2187//2076 2189//2078 2188//2077
f 2193//2082 2194//2083 2195//2084
f 2196//2085 2197//2086 2198//2087
f 2199//2088 2200//2089 2196//2085
f 2201//2090 2202//2091 2203//2092
f 2204//2093 2205//2094 2201//2090
f 2204//2093 2201//2090 2203//2092
f 2205//2094 2204//2093 2206//2095
f 2207//2096 2208//2097 2206//2095
f 2207//2096 2209//2098 2208//2097
f 2210//2099 2211//2100 2212//2101
f 2208//2097 2209//2098 2213//2102
f 2208//2097 2205//2094 2206//2095
f 2214//2103 2215//2104 2216//2105
f 2217//2106 2214//2103 2216//2105
f 2216//2105 2218//2107 2219//2108
f 2216//2105 2220//2106 2217//2106
f 2221//2109 2219//2108 2222//2110
f 2219//2108 2221//2109 2216//2105
f 2222//2110 2223//2111 2224//2112
f 2222//2110 2219//2108 2223//2111
f 2225//2113 2226//2114 2227//2115
f 2227//2115 2228//2116 2225//2113
f 2229//2117 2227//2115 2226//2114
f 2229//2117 2230//2118 2227//2115
f 2230//2118 2229//2117 2231//2119
f 2230//2118 2232//2120 2223//2111
f 2228//2116 2227//2115 2233//2121
f 2234//2122 2233//2121 2235//2123
f 2236//2124 2235//2123 2237//2124
f 2238//2125 2237//2124 2235//2123
f 2238//2125 2215//2104 2239//2126
f 2233//2121 2234//2122 2228//2116
f 2218//2107 2233//2121 2227//2115
f 2218//2107 2227//2115 2230//2118
f 2218//2107 2223//2111 2219//2108
f 2235//2123 2233//2121 2218//2107
f 2215//2104 2238//2125 2235//2123
f 2215//2104 2235//2123 2218//2107
f 2215//2104 2214//2103 2239//2126
f 2215//2104 2218//2107 2216//2105
f 2240//2127 2241//2128 2242//2129
f 2241//2128 2243//2130 2242//2129
f 2244//2131 2245//2132 2246//2133
f 2244//2131 2247//2134 2248//2135
f 2249//2136 2250//2137 2251//2138
f 2250//2137 2249//2136 2252//2139
f 2252//2139 2253//2140 2254//2141
f 2252//2139 2254//2141 2250//2137
f 2255//2142 2190//2079 2192//2081
f 2255//2142 2256//2143 2257//2144
f 2258//2145 2259//2146 2191//2080
f 2190//2079 2189//2078 2187//2076
f 2190//2079 2255//2142 2258//2145
f 2191//2080 2190//2079 2258//2145
f 2247//2134 2244//2131 2246//2133
f 2247//2134 2260//2147 2248//2135
f 2260//2147 2247//2134 2261//2148
f 2261//2148 2262//2149 2260//2147
f 2262//2149 2261//2148 2263//2149
f 2264//2150 2265//2151 2266//2152
f 2267//2153 2268//2154 2269//2155
f 2270//2156 2195//2084 2194//2083
f 2270//2156 2271//2157 2267//2153
f 2272//2158 2186//2075 2273//2159
f 2272//2158 2274//2160 2275//2161
f 2186//2075 2272//2158 2275//2161
f 2186//2075 2185//2074 2273//2159
f 2192//2081 2187//2076 2186//2075
f 2192//2081 2275//2161 2256//2143
f 2275//2161 2192//2081 2186//2075
f 2256//2143 2255//2142 2192//2081
f 2256//2143 2276//2162 2277//2163
f 2256//2143 2277//2163 2257//2144
f 2278//2164 2209//2098 2279//2165
f 2209//2098 2243//2130 2213//2102
f 2209//2098 2278//2164 2280//2166
f 2209//2098 2207//2096 2279//2165
f 2280//2166 2278//2164 2281//2167
f 2243//2130 2282//2168 2213//2102
f 2243//2130 2283//2169 2242//2129
f 2243//2130 2209//2098 2280//2166
f 2283//2169 2243//2130 2280//2166
f 2283//2169 2280//2166 2281//2167
f 2271//2157 2284//2170 2268//2154
f 2271//2157 2270//2156 2194//2083
f 2285//2171 2286//2172 2284//2170
f 2285//2171 2271//2157 2194//2083
f 2200//2089 2199//2088 2285//2171
f 2200//2089 2194//2083 2193//2082
f 2200//2089 2197//2086 2196//2085
f 2194//2083 2200//2089 2285//2171
f 2287//2173 2275//2161 2274//2160
f 2287//2173 2288//2174 2289//2175
f 2276//2162 2256//2143 2275//2161
f 2290//2176 2291//2177 2292//2178
f 2203//2092 2293//2179 2294//2180
f 2286//2172 2285//2171 2199//2088
f 2286//2172 2294//2180 2293//2179
f 2284//2170 2271//2157 2285//2171
f 2284//2170 2295//2181 2268//2154
f 2202//2091 2296//2182 2297//2183
f 2293//2179 2203//2092 2202//2091
f 2293//2179 2284//2170 2286//2172
f 2293//2179 2297//2183 2295//2181
f 2298//2184 2299//2185 2300//2186
f 2112//2006 2301//2187 2113//2007
f 2112//2006 2302//2188 2300//2186
f 2112//2006 2111//2005 2090//1985
f 2112//2006 2114//2008 2302//2188
f 2301//2187 2112//2006 2300//2186
f 2300//2186 2303//2189 2301//2187
f 2300//2186 2302//2188 2298//2184
f 2304//2190 2305//2191 2306//2190
f 2305//2191 2304//2190 2307//2192
f 2305//2191 2307//2192 2308//2193
f 2303//2189 2300//2186 2299//2185
f 2299//2185 2298//2184 2308//2193
f 2299//2185 2309//2194 2303//2189
f 2307//2192 2299//2185 2308//2193
f 2307//2192 2310//2195 2311//2196
f 2309//2194 2299//2185 2307//2192
f 2312//2197 2313//2198 2314//2199
f 2311//2196 2309//2194 2307//2192
f 2315//2200 2310//2195 2316//2201
f 2315//2200 2313//2198 2312//2197
f 2310//2195 2315//2200 2311//2196
f 2288//2174 2287//2173 2274//2160
f 2289//2175 2317//2202 2277//2163
f 2289//2175 2288//2174 2198//2087
f 2197//2086 2317//2202 2289//2175
f 2197//2086 2200//2089 2193//2082
f 2198//2087 2197//2086 2289//2175
f 2107//2001 2318//2203 2319//2204
f 2107//2001 2106//2000 2105//1999
f 2107//2001 2319//2204 2108//2002
f 2319//2204 2320//2205 2321//2206
f 2319//2204 2321//2206 2322//2207
f 2319//2204 2322//2207 2108//2002
f 1882//1798 1883//1799 1877//1793
f 2318//2203 2107//2001 2104//1998
f 2318//2203 1882//1798 2323//2208
f 2318//2203 2323//2208 2319//2204
f 1883//1799 1882//1798 2318//2203
f 1883//1799 2104//1998 1657//1582
f 1883//1799 1656//1581 1877//1793
f 2104//1998 1883//1799 2318//2203
f 2324//2209 2325//2210 2326//2211
f 2327//2212 2326//2211 2328//2213
f 2327//2212 2329//2214 2264//2150
f 2330//2215 2193//2082 2195//2084
f 2277//2163 2276//2162 2289//2175
f 2331//2216 2317//2202 2330//2215
f 2331//2216 2257//2144 2277//2163
f 2317//2202 2193//2082 2330//2215
f 2317//2202 2331//2216 2277//2163
f 2317//2202 2197//2086 2193//2082
f 2253//2140 2265//2151 2254//2141
f 2268//2154 2267//2153 2271//2157
f 2269//2155 2295//2181 2332//2217
f 2295//2181 2333//2218 2332//2217
f 2295//2181 2269//2155 2268//2154
f 2295//2181 2284//2170 2293//2179
f 2325//2210 2324//2209 2334//2219
f 2334//2219 2335//2220 2325//2210
f 2335//2220 2334//2219 2336//2221
f 2213//2102 2211//2100 2208//2097
f 2282//2168 2243//2130 2241//2128
f 2282//2168 2211//2100 2213//2102
f 2337//2222 2338//2223 2212//2101
f 2211//2100 2210//2099 2208//2097
f 2211//2100 2337//2222 2212//2101
f 2211//2100 2282//2168 2337//2222
f 2339//2224 2340//2225 2341//2226
f 2342//2227 2245//2132 2343//2228
f 2342//2227 2340//2225 2339//2224
f 2245//2132 2244//2131 2343//2228
f 2245//2132 2342//2227 2339//2224
f 2212//2101 2296//2182 2344//2229
f 2212//2101 2344//2229 2210//2099
f 2338//2223 2296//2182 2212//2101
f 2297//2183 2293//2179 2202//2091
f 2296//2182 2338//2223 2345//2230
f 2296//2182 2345//2230 2297//2183
f 2296//2182 2202//2091 2344//2229
f 2346//2231 2335//2220 2336//2221
f 2346//2231 2336//2221 2333//2218
f 2333//2218 2295//2181 2297//2183
f 2333//2218 2347//2232 2346//2231
f 2345//2230 2333//2218 2297//2183
f 2347//2232 2341//2226 2340//2225
f 2347//2232 2333//2218 2345//2230
f 2341//2226 2347//2232 2345//2230
f 2163//2052 2067//1962 2073//1968
f 2163//2052 2087//1982 2092//1987
f 2163//2052 2162//2051 2087//1982
f 2348//2233 2349//2234 2350//2235
f 2351//2236 2348//2233 2068//1963
f 2351//2236 2092//1987 2349//2234
f 2067//1962 2066//1961 2072//1967
f 2067//1962 2163//2052 2351//2236
f 2068//1963 2067//1962 2351//2236
f 1983//1889 1914//1830 2352//2237
f 1914//1830 1913//1829 2352//2237
f 1914//1830 1983//1889 1982//1888
f 1982//1888 1981//1887 2353//2238
f 1982//1888 2354//2239 1914//1830
f 2353//2238 2355//2240 1982//1888
f 2056//1952 2055//1951 2058//1954
f 2056//1952 2356//2241 2353//2238
f 2357//2242 2046//1942 2048//1944
f 2046//1942 2045//1941 2048//1944
f 2046//1942 2357//2242 2358//2243
f 2047//1943 2358//2243 2181//2070
f 2047//1943 2046//1942 2358//2243
f 2358//2243 2359//2244 2360//2245
f 2181//2070 2360//2245 2179//2068
f 2181//2070 2179//2068 2178//2067
f 2065//1960 2064//1959 2361//2246
f 2065//1960 2362//2247 2063//1958
f 2065//1960 2363//2248 2364//2249
f 2356//2241 2040//1936 2355//2240
f 2356//2241 2056//1952 2059//1955
f 2059//1955 2362//2247 2356//2241
f 2059//1955 2058//1954 2063//1958
f 2362//2247 2065//1960 2364//2249
f 2063//1958 2060//1956 2065//1960
f 2063//1958 2362//2247 2059//1955
f 2354//2239 1982//1888 2355//2240
f 2354//2239 1915//1831 1519//1458
f 2354//2239 1519//1458 1914//1830
f 2040//1936 2364//2249 2039//1935
f 2040//1936 2356//2241 2362//2247
f 2355//2240 2353//2238 2356//2241
f 2355//2240 1580//1507 2354//2239
f 1580//1507 1915//1831 2354//2239
f 1580//1507 2355//2240 2040//1936
f 2365//2250 2366//2251 2367//2251
f 2366//2251 2365//2250 2368//2252
f 2369//2253 2363//2248 2370//2254
f 2364//2249 2369//2253 2321//2206
f 2364//2249 2040//1936 2362//2247
f 2320//2205 2364//2249 2321//2206
f 2320//2205 2319//2204 2323//2208
f 2371//2255 2372//2256 2373//2257
f 2371//2255 2373//2257 2374//2258
f 2373//2257 2054//1950 2374//2258
f 2083//1978 2080//1975 2078//1973
f 2183//2072 2372//2256 2184//2073
f 2183//2072 2080//1975 2083//1978
f 2183//2072 2054//1950 2373//2257
f 2054//1950 2053//1949 2374//2258
f 2054//1950 2082//1977 2049//1945
f 2054//1950 2183//2072 2083//1978
f 2224//2112 2223//2111 2375//2259
f 2232//2120 2230//2118 2231//2119
f 2223//2111 2232//2120 2376//2260
f 2223//2111 2218//2107 2230//2118
f 2376//2260 2375//2259 2223//2111
f 2176//2065 2377//2261 2378//2262
f 2378//2262 2377//2261 2379//2263
f 2372//2256 2371//2255 2379//2263
f 2372//2256 2183//2072 2373//2257
f 2184//2073 2372//2256 2377//2261
f 2184//2073 2167//2056 2134//2026
f 2184//2073 2377//2261 2168//2057
f 2168//2057 2167//2056 2184//2073
f 2168//2057 2377//2261 2169//2058
f 2175//2064 2150//2039 2174//2063
f 2175//2064 2174//2063 2171//2060
f 2171//2060 2153//2042 2170//2059
f 2377//2261 2372//2256 2379//2263
f 2377//2261 2176//2065 2175//2064
f 2377//2261 2175//2064 2171//2060
f 2169//2058 2170//2059 2165//2054
f 2169//2058 2377//2261 2171//2060
f 2172//2061 2170//2059 2173//2062
f 2291//2177 2172//2061 2173//2062
f 2291//2177 2290//2176 2380//2264
f 2292//2178 2381//2265 2290//2176
f 2173//2062 2292//2178 2291//2177
f 2173//2062 2382//2266 2292//2178
f 2326//2211 2363//2248 2383//2267
f 2326//2211 2314//2199 2328//2213
f 2326//2211 2327//2212 2324//2209
f 2314//2199 2326//2211 2383//2267
f 2314//2199 2313//2198 2328//2213
f 2384//2268 2312//2197 2314//2199
f 2265//2151 2253//2140 2266//2152
f 2265//2151 2264//2150 2329//2214
f 2329//2214 2327//2212 2328//2213
f 2385//2269 2265//2151 2329//2214
f 2385//2269 2386//2270 2254//2141
f 2385//2269 2254//2141 2265//2151
f 2313//2198 2385//2269 2329//2214
f 2313//2198 2329//2214 2328//2213
f 2313//2198 2315//2200 2316//2201
f 2387//2271 2384//2268 2383//2267
f 2363//2248 2369//2253 2364//2249
f 2363//2248 2326//2211 2370//2254
f 2363//2248 2065//1960 2361//2246
f 2383//2267 2384//2268 2314//2199
f 2383//2267 2361//2246 2387//2271
f 2383//2267 2363//2248 2361//2246
f 2388//2272 2389//2273 2390//2274
f 2388//2272 1949//1860 2389//2273
f 1949//1860 2391//2275 1947//1858
f 2391//2275 1949//1860 2388//2272
f 2156//2045 1952//1863 1951//1862
f 1951//1862 1950//1861 2392//2276
f 1951//1862 2393//2277 2156//2045
f 2393//2277 1951//1862 2392//2276
f 2393//2277 2161//2050 2156//2045
f 2043//1939 2085//1980 2091//1986
f 2043//1939 2042//1938 2045//1941
f 2091//1986 2087//1982 2162//2051
f 2390//2274 2044//1940 2043//1939
f 2390//2274 2389//2273 2044//1940
f 2390//2274 2043//1939 2091//1986
f 2161//2050 2162//2051 2159//2048
f 2161//2050 2390//2274 2091//1986
f 2161//2050 2157//2046 2156//2045
f 2161//2050 2393//2277 2390//2274
f 2394//2278 2395//2279 2396//2280
f 2155//2044 2170//2059 2153//2042
f 2154//2043 2397//2281 2155//2044
f 2154//2043 2153//2042 2174//2063
f 2154//2043 2398//2282 2397//2281
f 2381//2265 2292//2178 2382//2266
f 2397//2281 2399//2283 2400//2284
f 2397//2281 2382//2266 2155//2044
f 2382//2266 2400//2284 2381//2265
f 2382//2266 2173//2062 2155//2044
f 2400//2284 2382//2266 2397//2281
f 2401//2285 2395//2279 2166//2055
f 2401//2285 2166//2055 2165//2054
f 2395//2279 2401//2285 2396//2280
f 2395//2279 2394//2278 2402//2286
f 2399//2283 2397//2281 2398//2282
f 2403//2287 2398//2282 2404//2288
f 2359//2244 2404//2288 2360//2245
f 2359//2244 2358//2243 2357//2242
f 2360//2245 2181//2070 2358//2243
f 2179//2068 2360//2245 2404//2288
f 2404//2288 2182//2071 2179//2068
f 2404//2288 2359//2244 2403//2287
f 2149//2038 2174//2063 2150//2039
f 2398//2282 2182//2071 2404//2288
f 2398//2282 2403//2287 2399//2283
f 2398//2282 2154//2043 2149//2038
f 2182//2071 2149//2038 2148//2037
f 2182//2071 2398//2282 2149//2038
f 2182//2071 2180//2069 2179//2068
f 2151//2040 2150//2039 2405//2289
f 2151//2040 2406//2290 2407//2291
f 2152//2041 2151//2040 2407//2291
f 2092//1987 2351//2236 2163//2052
f 2177//2066 2086//1981 2178//2067
f 2177//2066 2180//2069 2152//2041
f 2177//2066 2349//2234 2092//1987
f 2406//2290 2151//2040 2405//2289
f 2407//2291 2177//2066 2152//2041
f 2407//2291 2406//2290 2350//2235
f 2349//2234 2348//2233 2351//2236
f 2349//2234 2177//2066 2407//2291
f 2350//2235 2349//2234 2407//2291
