# Blender v3.1.2 OBJ File: ''
# www.blender.org
mtllib Skeleton.mtl
o Armor
v -0.141995 1.982094 -0.570074
v -0.141995 1.781143 -0.769769
v -0.141995 1.781143 -0.570074
v -0.130009 1.781143 -0.541137
v -0.141995 1.982094 -0.769769
v -0.141995 1.781143 -0.570074
v -0.130009 1.982094 -0.541137
v -0.141995 2.023018 -0.570074
v -0.141995 2.023018 -0.769769
v -0.130009 1.752206 -0.810692
v -0.130009 1.752206 -0.769769
v -0.130009 1.752206 -0.570074
v -0.141995 1.982094 -0.810692
v -0.124699 1.757516 -0.546447
v 0.101072 2.475747 -0.810692
v 0.130009 2.516670 -0.798706
v 0.130009 2.475747 -0.798706
v 0.101072 2.063941 -0.810692
v -0.101072 2.475747 -0.810692
v 0.130009 2.063941 -0.798706
v -0.101072 2.063941 -0.810692
v -0.130009 2.063941 -0.798706
v 0.101072 2.035004 -0.822679
v -0.101072 2.035004 -0.822679
v 0.141995 2.915327 0.142240
v 0.130009 2.944264 -0.769769
v 0.130009 2.944264 0.142240
v 0.141995 2.557594 0.142240
v 0.141995 2.557594 -0.529151
v 0.124699 2.938954 0.165867
v 0.130009 2.915327 0.171177
v 0.141995 2.557594 -0.529151
v 0.141995 2.915328 -0.769769
v 0.132285 2.512875 -0.530210
v 0.141995 2.534210 -0.557648
v 0.141995 2.557594 0.142240
v 0.141995 2.557594 -0.769769
v 0.130009 2.915327 -0.798706
v 0.124699 2.938955 -0.793396
v 0.141995 2.557594 -0.769769
v 0.130009 2.528657 -0.508689
v 0.124699 2.533967 0.165867
v 0.130009 2.528657 0.142240
v 0.141995 2.516670 -0.769769
v -0.141995 2.915328 -0.769769
v -0.141995 2.557594 -0.769769
v -0.141995 2.557594 -0.529151
v -0.124699 2.938955 -0.793396
v -0.130009 2.915327 -0.798706
v -0.141995 2.557594 -0.529151
v -0.141995 2.915327 0.142240
v -0.132285 2.512875 -0.530210
v -0.130009 2.528657 -0.508689
v -0.141995 2.557594 -0.769769
v -0.141995 2.557594 0.142240
v -0.130009 2.915327 0.171177
v -0.124699 2.938954 0.165867
v -0.130009 2.944264 -0.769769
v -0.141995 2.557594 0.142240
v -0.141995 2.534210 -0.557648
v -0.130009 2.528657 0.142240
v -0.124699 2.533967 0.165867
v 0.141995 2.475747 -0.570074
v 0.130009 2.063941 -0.541137
v 0.141995 2.063941 -0.570074
v 0.141995 2.475747 -0.769769
v 0.130009 2.475747 -0.541137
v 0.132285 2.512875 -0.530210
v 0.141995 2.534210 -0.557648
v 0.141995 2.516670 -0.769769
v 0.141995 2.063941 -0.769769
v 0.141995 2.475747 -0.769769
v 0.130009 2.023018 -0.541137
v 0.141995 2.023018 -0.570074
v 0.130009 2.023018 -0.541137
v 0.141995 2.023018 -0.570074
v 0.141995 2.063941 -0.769769
v 0.130009 2.063941 -0.798706
v 0.130009 2.475747 -0.798706
v 0.141995 2.023018 -0.769769
v -0.141995 1.982094 -0.942333
v -0.141995 1.781143 -0.851616
v -0.141995 1.982094 -0.851616
v -0.141995 1.781143 -0.942333
v -0.130009 1.752206 -0.851616
v -0.130009 1.752206 -0.942333
v -0.141995 1.781143 -0.810692
v -0.141995 1.982094 -0.983256
v 0.101072 2.956251 0.142240
v 0.101072 2.944264 0.171177
v 0.124699 2.938954 0.165867
v 0.101072 2.956251 -0.769769
v -0.101072 2.956251 -0.769769
v -0.101072 2.956251 0.142240
v -0.101072 2.944264 0.171177
v 0.130009 2.944264 -0.769769
v 0.124699 2.938955 -0.793396
v -0.124699 2.938955 -0.793396
v -0.130009 2.944264 -0.769769
v -0.130009 2.944264 0.142240
v -0.124699 2.938954 0.165867
v 0.141995 1.781143 -0.942333
v 0.130009 1.752206 -0.942333
v 0.130009 1.752206 -0.983256
v 0.130009 1.752206 -0.851616
v 0.141995 1.781143 -0.851616
v 0.141995 1.982094 -0.942333
v 0.141995 1.982094 -0.851616
v 0.141995 1.781143 -0.983256
v 0.141995 1.982094 -0.983256
v 0.130009 1.752206 -0.810692
v 0.141995 1.982094 -0.810692
v 0.141995 1.781143 -0.810692
v -0.141995 1.982094 -1.153724
v -0.141995 1.781143 -1.153724
v -0.141995 1.982094 -1.024180
v -0.130009 1.781143 -1.182661
v -0.141995 1.781143 -1.153724
v -0.141995 1.781143 -1.024180
v -0.130009 1.752206 -1.153724
v -0.130009 1.752206 -1.024180
v -0.130009 1.752206 -0.983257
v -0.141995 1.781143 -1.024180
v -0.141995 1.982094 -0.983256
v -0.141995 1.781143 -0.983256
v -0.141995 2.023018 -1.153724
v -0.124699 1.757516 -1.177351
v 0.101072 1.982094 -0.529151
v -0.101072 1.982094 -0.529151
v -0.101072 1.781143 -0.529151
v 0.101072 1.781143 -0.529151
v 0.130009 1.781143 -0.541137
v -0.124699 1.757516 -0.546447
v -0.101072 1.752206 -0.541137
v -0.130009 1.982094 -0.541137
v 0.101072 1.752206 -0.541137
v 0.124699 1.757516 -0.546447
v -0.101072 1.740219 -0.570074
v -0.130009 1.752206 -0.769769
v -0.101072 1.740220 -0.769769
v 0.101072 1.740220 -0.769769
v 0.101072 1.740219 -0.570074
v -0.124699 1.757516 -0.546447
v -0.130009 1.752206 -0.570074
v -0.101072 1.740220 -0.810692
v 0.101072 1.740220 -0.810692
v 0.130009 1.752206 -0.769769
v 0.130009 1.752206 -0.570074
v 0.124699 1.757516 -0.546447
v 0.141995 1.982094 -0.769769
v 0.141995 1.982094 -0.570074
v 0.141995 1.781143 -0.570074
v 0.141995 1.781143 -0.769769
v 0.124699 1.757516 -0.546447
v 0.130009 1.752206 -0.570074
v 0.130009 1.982094 -0.541137
v 0.130009 1.752206 -0.769769
v -0.101072 2.196451 -1.194647
v -0.130009 2.063941 -1.182661
v -0.130009 2.196451 -1.182661
v -0.124699 2.220078 -1.177351
v 0.101072 2.063941 -1.194647
v -0.101072 2.063941 -1.194647
v 0.101072 2.196451 -1.194647
v 0.130009 2.063941 -1.182661
v 0.124699 2.220078 -1.177351
v 0.130009 2.196451 -1.182661
v 0.130009 2.023018 -1.182661
v 0.101072 2.023018 -1.194647
v -0.101072 2.023018 -1.194647
v -0.130009 2.023018 -1.182661
v -0.101072 2.023018 -1.194647
v 0.101072 2.196451 -1.194647
v 0.101072 2.237374 -1.153724
v -0.101072 2.237374 -1.153724
v -0.101072 2.237374 -1.024180
v 0.101072 2.237374 -1.024180
v 0.130009 2.225388 -1.153724
v 0.124699 2.220078 -1.177351
v -0.124699 2.220078 -1.177351
v -0.130009 2.225388 -1.153724
v -0.124699 2.220078 -1.000553
v -0.101072 2.225388 -0.995242
v 0.101072 2.225388 -0.995242
v 0.124699 2.220078 -1.000553
v 0.141995 1.982094 -1.153724
v 0.130009 1.781143 -1.182661
v 0.130009 1.982094 -1.182661
v 0.141995 2.023018 -1.024180
v 0.141995 1.982094 -1.024180
v 0.141995 1.781143 -1.153724
v 0.141995 1.781143 -1.024180
v 0.141995 1.781143 -1.153724
v 0.135283 2.023018 -0.983256
v 0.141995 1.982094 -0.983256
v 0.135283 2.023018 -0.983256
v 0.141995 1.781143 -1.024180
v 0.141995 1.781143 -0.983256
v 0.130009 1.752206 -1.153724
v 0.124699 1.757516 -1.177351
v 0.130009 1.752206 -1.024180
v 0.101072 2.196451 -0.983256
v 0.130009 2.063941 -0.995243
v 0.130009 2.196451 -0.995243
v -0.101072 2.196451 -0.983256
v -0.101072 2.063941 -0.983256
v 0.124699 2.220078 -1.000553
v 0.101072 2.063941 -0.983256
v -0.130009 2.063941 -0.995243
v -0.124699 2.220078 -1.000553
v -0.130009 2.196451 -0.995243
v 0.101072 2.035004 -0.971270
v -0.101072 2.516670 0.142240
v -0.124699 2.533967 0.165867
v -0.130009 2.528657 0.142240
v 0.101072 2.528657 0.171177
v -0.101072 2.528657 0.171177
v -0.101072 2.516670 -0.488227
v 0.101072 2.516670 0.142240
v 0.101072 2.516670 -0.488227
v 0.130009 2.528657 0.142240
v 0.124699 2.533967 0.165867
v -0.101072 2.504684 -0.517165
v 0.101072 2.504684 -0.517165
v -0.141995 2.196451 -1.024180
v -0.130009 2.196451 -0.995243
v -0.124699 2.220078 -1.000553
v -0.141995 2.196451 -1.153724
v -0.141995 2.063941 -1.153724
v -0.141995 2.063941 -1.024180
v -0.130009 2.063941 -0.995243
v -0.130009 2.225388 -1.153724
v -0.130009 2.063941 -0.995243
v -0.124699 2.220078 -1.177351
v -0.130009 2.196451 -1.182661
v -0.130009 2.063941 -1.182661
v -0.141995 2.063941 -1.153724
v -0.130009 2.063941 -1.182661
v -0.130009 2.023018 -1.182661
v -0.141995 2.023018 -1.024180
v -0.101072 1.982094 -1.194647
v 0.101072 1.982094 -1.194647
v 0.101072 1.781143 -1.194647
v -0.101072 1.781143 -1.194647
v -0.130009 1.982094 -1.182661
v -0.101072 1.781143 -1.194647
v -0.130009 1.781143 -1.182661
v 0.130009 1.781143 -1.182661
v 0.101072 1.781143 -1.194647
v 0.124699 1.757516 -1.177351
v 0.101072 1.752206 -1.182661
v 0.130009 1.982094 -1.182661
v -0.101072 1.752206 -1.182661
v -0.124699 1.757516 -1.177351
v 0.141995 2.196451 -1.153724
v 0.130009 2.063941 -1.182661
v 0.130009 2.196451 -1.182661
v 0.141995 2.196451 -1.024180
v 0.141995 2.063941 -1.024180
v 0.141995 2.063941 -1.153724
v 0.130009 2.063941 -1.182661
v 0.130009 2.196451 -1.182661
v 0.124699 2.220078 -1.177351
v 0.124699 2.220078 -1.000553
v 0.130009 2.196451 -0.995243
v 0.130009 2.063941 -0.995243
v 0.130009 2.225388 -1.153724
v 0.130009 2.225388 -1.024180
v 0.130009 2.063941 -0.995243
v 0.141995 2.023018 -1.153724
v 0.130009 2.023018 -1.182661
v 0.101072 2.023018 -0.942333
v -0.101072 2.023018 -0.851616
v 0.101072 2.023018 -0.851616
v -0.101072 2.023018 -0.942333
v -0.130009 2.011032 -0.851616
v 0.101072 2.035004 -0.822679
v 0.130009 2.011032 -0.942333
v -0.101072 1.740220 -1.153724
v -0.124699 1.757516 -1.177351
v -0.101072 1.752206 -1.182661
v -0.101072 1.740220 -1.024180
v -0.130009 1.752206 -1.024180
v 0.101072 1.740220 -1.024180
v 0.101072 1.740220 -1.153724
v -0.130009 1.752206 -0.983257
v 0.130009 1.752206 -1.024180
v 0.101072 1.752206 -1.182661
v 0.124699 1.757516 -1.177351
v -0.141995 2.475747 -0.769769
v -0.141995 2.063941 -0.769769
v -0.141995 2.475747 -0.570074
v -0.130009 2.475747 -0.798706
v -0.141995 2.063941 -0.570074
v -0.130009 2.063941 -0.541137
v -0.132285 2.512875 -0.530210
v -0.141995 2.534210 -0.557648
v -0.141995 2.063941 -0.570074
v -0.130009 2.475747 -0.541137
v -0.141995 2.516670 -0.769769
v -0.130009 2.023018 -0.541137
v -0.101072 2.475747 -0.529151
v -0.101072 2.063941 -0.529151
v 0.101072 2.475747 -0.529151
v -0.130009 2.475747 -0.541137
v -0.130009 2.023018 -0.541137
v -0.101072 2.023018 -0.529151
v 0.101072 2.063941 -0.529151
v 0.130009 2.063941 -0.541137
v -0.101072 2.504684 -0.517165
v 0.101072 2.023018 -0.529151
v 0.130009 2.023018 -0.541137
v -0.101072 2.915327 0.183163
v -0.124699 2.938954 0.165867
v -0.130009 2.915327 0.171177
v -0.101072 2.557594 0.183163
v 0.101072 2.915327 0.183163
v -0.124699 2.533967 0.165867
v -0.101072 2.528657 0.171177
v 0.130009 2.915327 0.171177
v 0.124699 2.938954 0.165867
v 0.101072 2.557594 0.183163
v 0.101072 2.528657 0.171177
v 0.124699 2.533967 0.165867
v 0.101072 2.915328 -0.810692
v 0.124699 2.938955 -0.793396
v 0.130009 2.915327 -0.798706
v 0.101072 2.557594 -0.810692
v -0.101072 2.915328 -0.810692
v 0.130009 2.557594 -0.798706
v -0.101072 2.557594 -0.810692
v -0.130009 2.915327 -0.798706
v -0.124699 2.938955 -0.793396
v 0.101072 2.516670 -0.810692
v -0.101072 2.516670 -0.810692
v -0.130009 2.516670 -0.798706
v -0.130009 1.752206 -0.851616
v -0.101072 1.740220 -0.851616
v -0.130009 1.752206 -0.810692
v -0.130009 1.752206 -0.942333
v -0.101072 1.740220 -0.942333
v 0.130009 1.752206 -0.851616
v 0.130009 1.752206 -0.810692
v 0.101072 1.740220 -0.851616
v 0.101072 1.740220 -0.942333
v 0.130009 1.752206 -0.942333
v -0.130009 1.781143 -0.541137
v -0.101072 1.781143 -0.529151
v -0.101072 1.740219 -0.570074
v -0.101072 1.752206 -0.541137
v -0.101072 1.752206 -0.541137
v 0.130009 1.982094 -0.541137
v 0.101072 1.781143 -0.529151
v 0.101072 1.752206 -0.541137
v 0.101072 1.740219 -0.570074
v 0.101072 1.752206 -0.541137
v 0.130009 1.781143 -0.541137
v 0.141995 1.781143 -0.570074
v -0.101072 2.956251 -0.769769
v -0.101072 2.944264 -0.798706
v -0.101072 2.944264 -0.798706
v -0.101072 2.956251 0.142240
v -0.101072 2.944264 -0.798706
v -0.101072 2.944264 -0.798706
v -0.101072 2.915328 -0.810692
v 0.101072 2.944264 -0.798706
v -0.130009 2.557594 -0.798706
v -0.101072 2.557594 -0.810692
v -0.130009 2.557594 -0.798706
v -0.130009 2.944264 0.142240
v -0.130009 2.557594 -0.798706
v 0.101072 2.944264 -0.798706
v 0.101072 2.956251 -0.769769
v 0.101072 2.944264 -0.798706
v 0.130009 2.944264 0.142240
v 0.101072 2.956251 0.142240
v 0.130009 2.557594 -0.798706
v 0.130009 2.557594 -0.798706
v 0.101072 2.915328 -0.810692
v 0.101072 2.944264 -0.798706
v 0.101072 2.557594 -0.810692
v 0.130009 2.011032 -0.851616
v 0.135283 2.023018 -0.810692
v 0.130009 2.011032 -0.851616
v 0.135283 2.023018 -0.810692
v -0.101072 2.035004 -0.822679
v 0.135283 2.023018 -0.810692
v 0.130009 2.475747 -0.541137
v -0.130009 2.063941 -0.541137
v -0.141995 2.023018 -0.570074
v -0.130009 2.011032 -0.851616
v -0.135283 2.023018 -0.810692
v -0.130009 2.011032 -0.942333
v -0.130009 2.063941 -0.798706
v -0.135283 2.023018 -0.810692
v -0.130009 2.475747 -0.798706
v -0.130009 2.011032 -0.942333
v -0.135283 2.023018 -0.810692
v -0.101072 1.740220 -0.983256
v -0.130009 1.752206 -1.153724
v 0.101072 1.740220 -0.983256
v 0.130009 1.752206 -0.983256
v 0.130009 1.752206 -1.153724
v -0.135283 2.023018 -0.983256
v -0.101072 2.035004 -0.971270
v -0.135283 2.023018 -0.983256
v -0.101072 2.035004 -0.971270
v -0.135283 2.023018 -0.983256
v 0.130009 2.011032 -0.942333
v 0.135283 2.023018 -0.983256
v 0.101072 2.035004 -0.971270
v 0.135283 2.023018 -0.983256
v -0.130009 1.982094 -1.182661
v -0.101072 2.196451 -1.194647
v -0.101072 2.196451 -0.983256
v -0.101072 2.225388 -0.995242
v -0.101072 2.225388 -0.995242
v -0.101072 2.237374 -1.024180
v -0.130009 2.225388 -1.024180
v -0.130009 2.225388 -1.024180
v 0.101072 2.225388 -0.995242
v 0.101072 2.196451 -0.983256
v 0.101072 2.225388 -0.995242
v 0.130009 2.225388 -1.024180
v 0.130009 2.225388 -1.024180
v -0.101072 2.225388 -1.182661
v -0.101072 2.225388 -1.182661
v 0.101072 2.225388 -1.182661
v -0.101072 2.237374 -1.153724
v -0.101072 2.225388 -1.182661
v -0.101072 2.225388 -1.182661
v 0.101072 2.225388 -1.182661
v 0.101072 2.225388 -1.182661
v 0.101072 2.225388 -1.182661
v 0.101072 2.237374 -1.153724
v 0.130009 2.225388 -1.153724
v 0.130009 2.516670 -0.798706
v 0.130009 2.528657 -0.508689
v 0.101072 2.504684 -0.517165
v 0.132285 2.512875 -0.530210
v 0.101072 2.504684 -0.517165
v 0.132285 2.512875 -0.530210
v 0.101072 2.063941 -0.529151
v 0.130009 2.063941 -0.541137
v 0.101072 2.504684 -0.517165
v 0.101072 2.475747 -0.529151
v -0.130009 2.063941 -0.541137
v -0.101072 2.475747 -0.529151
v -0.132285 2.512875 -0.530210
v -0.101072 2.504684 -0.517165
v -0.101072 2.504684 -0.517165
v -0.130009 2.528657 -0.508689
v -0.132285 2.512875 -0.530210
v -0.130009 2.063941 -0.541137
v -0.130009 2.516670 -0.798706
v -0.130009 2.557594 0.171177
v -0.101072 2.944264 0.171177
v -0.101072 2.915327 0.183163
v -0.101072 2.944264 0.171177
v -0.130009 2.557594 0.171177
v -0.101072 2.557594 0.183163
v 0.124699 2.938954 0.165867
v 0.101072 2.944264 0.171177
v 0.101072 2.915327 0.183163
v 0.101072 2.944264 0.171177
v 0.101072 2.557594 0.183163
v 0.130009 2.557594 0.171177
v 0.130009 2.557594 0.171177
v 0.101072 2.516670 0.142240
v -0.101072 2.528657 0.171177
v -0.101072 2.516670 0.142240
v 0.141995 1.982094 -0.570074
v 0.141995 1.982094 -0.769769
v 0.141995 1.781143 -0.769769
v 0.130009 1.752206 -0.769769
v 0.130009 1.752206 -0.810692
v 0.130009 1.752206 -0.570074
v 0.141995 1.982094 -0.810692
v 0.101072 2.475747 -0.810692
v 0.130009 2.516670 -0.798706
v 0.130009 2.475747 -0.798706
v 0.130009 2.063941 -0.798706
v 0.101072 2.063941 -0.810692
v -0.101072 2.063941 -0.810692
v -0.101072 2.475747 -0.810692
v 0.101072 2.516670 -0.810692
v -0.101072 2.035004 -0.822679
v -0.130009 2.475747 -0.798706
v -0.130009 2.528657 -0.508689
v -0.130009 2.557594 -0.798706
v -0.130009 2.528657 0.142240
v 0.130009 2.528657 -0.508689
v 0.130009 2.528657 0.142240
v -0.141995 2.475747 -0.769769
v -0.130009 2.063941 -0.798706
v -0.141995 2.063941 -0.769769
v -0.130009 2.516670 -0.798706
v -0.130009 2.475747 -0.798706
v -0.141995 2.516670 -0.769769
v -0.130009 2.023018 -0.541137
v 0.141995 1.982094 -0.851616
v 0.141995 1.781143 -0.810692
v 0.141995 1.781143 -0.851616
v 0.141995 1.982094 -0.942333
v 0.130009 1.752206 -0.851616
v 0.141995 1.781143 -0.942333
v 0.130009 2.011032 -0.851616
v 0.130009 1.752206 -0.942333
v -0.124699 2.938954 0.165867
v -0.101072 2.944264 0.171177
v 0.101072 2.944264 0.171177
v -0.141995 1.781143 -0.942333
v -0.130009 1.752206 -0.851616
v -0.141995 1.781143 -0.851616
v -0.141995 1.982094 -0.851616
v -0.141995 1.982094 -0.942333
v -0.130009 1.752206 -0.983256
v -0.130009 1.752206 -0.942333
v -0.141995 1.982094 -0.810692
v -0.130009 2.011032 -0.942333
v -0.141995 1.781143 -0.983256
v -0.130009 1.752206 -0.810692
v 0.130009 1.752206 -0.983257
v 0.130009 1.752206 -1.024180
v 0.130009 1.752206 -1.153724
v -0.101072 1.982094 -0.529151
v 0.101072 1.982094 -0.529151
v -0.101072 2.023018 -0.529151
v 0.101072 1.752206 -0.541137
v 0.130009 1.982094 -0.541137
v -0.101072 1.752206 -0.541137
v -0.101072 1.740220 -0.769769
v 0.101072 1.740220 -0.769769
v 0.130009 1.752206 -0.570074
v 0.130009 1.752206 -0.769769
v -0.130009 1.752206 -0.570074
v -0.130009 1.752206 -0.769769
v 0.101072 1.740220 -0.810692
v -0.141995 1.982094 -0.769769
v -0.141995 2.023018 -0.769769
v -0.135283 2.023018 -0.810692
v -0.141995 1.781143 -0.810692
v -0.141995 1.781143 -0.769769
v -0.130009 1.752206 -0.570074
v -0.130009 1.752206 -0.769769
v 0.101072 2.237374 -1.024180
v 0.101072 2.225388 -0.995242
v 0.130009 2.225388 -1.153724
v -0.101072 2.225388 -0.995242
v -0.130009 1.752206 -1.153724
v -0.130009 1.752206 -1.024180
v -0.130009 2.063941 -0.995243
v -0.101072 2.063941 -0.983256
v -0.130009 2.196451 -0.995243
v 0.101072 2.063941 -0.983256
v -0.101072 2.035004 -0.971270
v 0.101072 2.035004 -0.971270
v 0.130009 2.196451 -0.995243
v 0.130009 2.063941 -0.995243
v 0.101072 2.516670 -0.488227
v -0.130009 2.528657 0.142240
v -0.101072 2.516670 -0.488227
v 0.101072 2.504684 -0.517165
v 0.130009 2.528657 0.142240
v -0.130009 2.528657 -0.508689
v -0.101072 1.752206 -1.182661
v 0.101072 1.752206 -1.182661
v -0.101072 2.023018 -0.942333
v 0.101072 2.023018 -0.851616
v 0.101072 2.023018 -0.942333
v -0.101072 2.023018 -0.851616
v -0.101072 2.035004 -0.822679
v 0.101072 2.035004 -0.822679
v -0.101072 2.035004 -0.971270
v 0.130009 2.011032 -0.851616
v 0.130009 2.011032 -0.942333
v -0.130009 2.011032 -0.942333
v -0.130009 2.011032 -0.851616
v 0.101072 1.740220 -1.024180
v 0.101072 1.740220 -1.153724
v 0.130009 1.752206 -1.024180
v -0.101072 1.740220 -0.983256
v -0.101072 1.740220 -1.024180
v -0.101072 1.740220 -1.153724
v 0.101072 1.752206 -1.182661
v -0.101072 1.752206 -1.182661
v -0.130009 1.752206 -1.024180
v -0.130009 1.752206 -1.153724
v 0.141995 2.023018 -0.769769
v 0.130009 2.475747 -0.798706
v -0.101072 2.063941 -0.529151
v 0.101072 2.023018 -0.529151
v 0.130009 2.023018 -0.541137
v -0.130009 2.023018 -0.541137
v 0.101072 2.528657 0.171177
v -0.101072 2.528657 0.171177
v -0.101072 2.516670 -0.810692
v 0.130009 2.557594 -0.798706
v -0.101072 1.740220 -0.810692
v 0.130009 1.752206 -0.851616
v 0.130009 1.752206 -0.810692
v 0.101072 1.740220 -0.851616
v 0.130009 1.752206 -0.942333
v -0.101072 1.740220 -0.851616
v 0.101072 1.740220 -0.942333
v -0.130009 1.752206 -0.810692
v -0.130009 1.752206 -0.851616
v -0.101072 1.740220 -0.942333
v -0.130009 2.011032 -0.851616
v -0.135283 2.023018 -0.810692
v -0.130009 2.063941 -0.798706
v -0.135283 2.023018 -0.810692
v -0.130009 1.982094 -0.541137
v 0.130009 1.982094 -0.541137
v 0.130009 2.011032 -0.942333
v 0.135283 2.023018 -0.810692
v 0.130009 2.063941 -0.798706
v 0.101072 2.035004 -0.822679
v 0.135283 2.023018 -0.810692
v 0.135283 2.023018 -0.810692
v 0.130009 1.752206 -0.983257
v 0.101072 1.740220 -0.983256
v 0.130009 1.752206 -1.153724
v -0.130009 1.752206 -0.942333
v -0.130009 1.752206 -0.983256
v 0.101072 2.035004 -0.971270
v 0.135283 2.023018 -0.983256
v -0.135283 2.023018 -0.983256
v -0.135283 2.023018 -0.983256
v 0.130009 2.225388 -1.024180
v -0.130009 2.516670 -0.798706
v -0.101072 2.504684 -0.517165
v -0.132285 2.512875 -0.530210
v 0.130009 2.528657 -0.508689
v 0.101072 2.504684 -0.517165
v 0.132285 2.512875 -0.530210
v 0.130009 2.516670 -0.798706
v -0.101072 2.504684 -0.517165
v 0.498052 2.592547 0.288239
v 0.498052 2.592547 -0.486582
v 0.432477 2.592547 -0.486582
v 0.432477 2.592547 0.316528
v 0.498052 2.592547 0.316528
v 0.432477 2.592547 0.288239
v 0.518055 2.584261 0.316528
v 0.518055 2.584261 -0.486582
v 0.432477 2.592547 -0.514872
v 0.404188 2.592547 -0.514872
v 0.404188 2.592547 -0.486582
v 0.404188 2.592547 0.288239
v 0.404188 2.592547 0.316528
v 0.375899 2.421273 0.420800
v 0.404188 2.421273 0.344818
v 0.404188 2.421273 0.420800
v -0.375458 2.421273 0.344818
v 0.375899 2.421273 0.344818
v -0.375458 2.421273 0.420800
v -0.403747 2.429559 0.440803
v -0.403747 2.421273 0.420800
v -0.403747 2.421273 0.344818
v -0.403747 2.416633 0.316528
v -0.375458 2.421273 0.316528
v 0.375899 2.421273 0.316528
v 0.404188 2.416633 0.316528
v 0.375899 2.449563 -0.628286
v -0.375458 2.449563 -0.628286
v 0.375899 2.564258 -0.628286
v 0.404188 2.421274 -0.628286
v 0.375899 2.421274 -0.628286
v 0.404188 2.564258 -0.628286
v -0.375458 2.421274 -0.628286
v -0.403747 2.421274 -0.628286
v 0.404188 2.584262 -0.620000
v -0.375458 2.564258 -0.628286
v -0.403747 2.449563 -0.628286
v 0.526341 2.392984 0.288239
v 0.518055 2.112183 0.308243
v 0.526341 2.112183 0.288239
v 0.526341 2.112183 -0.486582
v 0.526341 2.392984 -0.486582
v 0.518055 2.092180 -0.486582
v 0.518055 2.092180 -0.514872
v 0.526341 2.112183 -0.514872
v 0.514385 2.095850 0.304572
v 0.518055 2.092180 0.288239
v -0.432036 2.592547 -0.486582
v -0.497611 2.592547 0.288239
v -0.432036 2.592547 0.288239
v -0.403747 2.592547 0.288239
v -0.403747 2.592547 -0.486582
v -0.517614 2.584261 0.316528
v -0.497611 2.592547 0.316528
v -0.517614 2.584261 -0.486582
v -0.517614 2.584261 0.288239
v -0.497611 2.592547 -0.486582
v -0.432036 2.592547 0.316528
v -0.403747 2.592547 0.316528
v -0.517614 2.584262 -0.514872
v -0.525900 2.564258 0.420800
v -0.517614 2.449563 0.440803
v -0.517614 2.564258 0.440803
v -0.517614 2.584261 0.344818
v -0.525900 2.564258 0.344818
v -0.525900 2.449563 0.420800
v -0.513944 2.580591 0.437132
v -0.525900 2.449563 0.344818
v -0.517614 2.429559 0.344818
v -0.517614 2.429559 0.420800
v -0.513944 2.433230 0.437132
v -0.525900 2.564258 0.316528
v -0.525900 2.449563 0.316528
v -0.497611 2.083894 0.288239
v -0.513944 2.095850 0.304572
v -0.517614 2.092179 0.288239
v -0.432036 2.083894 -0.486582
v -0.432036 2.083894 0.288239
v -0.497611 2.083894 -0.486582
v -0.412033 2.092180 -0.486582
v -0.412033 2.092180 0.288239
v -0.415703 2.095850 0.304572
v -0.432036 2.083894 -0.514872
v -0.517614 2.092180 -0.514872
v -0.497611 2.083894 -0.514872
v 0.526341 2.564258 0.420800
v 0.514385 2.580591 0.437132
v 0.518055 2.564258 0.440803
v 0.526341 2.449563 0.344818
v 0.526341 2.564258 0.344818
v 0.518055 2.449563 0.440803
v 0.526341 2.449563 0.420800
v 0.518055 2.429559 0.420800
v 0.518055 2.429559 0.344818
v 0.526341 2.449563 0.316528
v 0.526341 2.564258 0.316528
v 0.514385 2.433230 0.437132
v -0.525900 2.564258 -0.599997
v -0.525900 2.449563 -0.543161
v -0.525900 2.564258 -0.543161
v -0.513944 2.580591 -0.616329
v -0.517614 2.564258 -0.620000
v -0.525900 2.449563 -0.599997
v -0.525900 2.421274 -0.543161
v -0.525900 2.421274 -0.514872
v -0.525900 2.421274 -0.599997
v -0.525900 2.449563 -0.514872
v -0.517614 2.421274 -0.620000
v -0.525900 2.392984 -0.599997
v -0.525900 2.112183 -0.599997
v -0.525900 2.392984 -0.543161
v -0.517614 2.112183 -0.620000
v -0.517614 2.392984 -0.620000
v -0.513944 2.095850 -0.616329
v -0.517614 2.092180 -0.599997
v -0.525900 2.112183 -0.543161
v -0.525900 2.112183 -0.514872
v -0.517614 2.092180 -0.543161
v 0.432477 2.592547 0.344818
v 0.432477 2.592547 0.420800
v 0.498052 2.592547 0.344818
v 0.404188 2.592547 0.344818
v 0.404188 2.584262 0.440803
v 0.432477 2.584261 0.440803
v 0.498052 2.592547 0.420800
v 0.518055 2.584262 0.420800
v 0.498052 2.584262 0.440803
v 0.514385 2.580591 0.437132
v -0.497611 2.592547 0.420800
v -0.513944 2.580591 0.437132
v -0.497611 2.584262 0.440803
v -0.432036 2.592547 0.344818
v -0.497611 2.592547 0.344818
v -0.432036 2.584261 0.440803
v -0.432036 2.592547 0.420800
v -0.517614 2.584261 0.344818
v -0.517614 2.584262 0.420800
v -0.403747 2.592547 0.420800
v -0.403747 2.592547 0.344818
v -0.403747 2.584261 0.440803
v -0.525900 2.449563 -0.486582
v -0.525900 2.564258 -0.486582
v -0.525900 2.564258 -0.514872
v -0.525900 2.449563 0.288239
v -0.525900 2.421273 -0.486582
v -0.525900 2.421273 0.288239
v -0.521260 2.421273 0.316528
v -0.517614 2.584262 -0.514872
v -0.525900 2.564258 0.288239
v -0.517614 2.584261 -0.486582
v -0.497611 2.392984 0.316528
v -0.497611 2.112183 0.316528
v -0.432036 2.392984 0.316528
v -0.432036 2.412988 0.324814
v -0.497611 2.412988 0.324814
v -0.513944 2.095850 0.304572
v -0.497611 2.092179 0.308243
v -0.432036 2.092180 0.308243
v -0.432036 2.112183 0.316528
v -0.517614 2.392984 0.308243
v -0.517614 2.112183 0.308243
v -0.412033 2.112183 0.308243
v -0.415703 2.095850 0.304572
v 0.498052 2.564258 -0.628286
v 0.518055 2.449563 -0.620000
v 0.498052 2.449563 -0.628286
v 0.514385 2.580591 -0.616329
v 0.518055 2.564258 -0.620000
v 0.432477 2.449563 -0.628286
v 0.432477 2.564258 -0.628286
v 0.432477 2.421274 -0.628286
v 0.498052 2.421274 -0.628286
v 0.404188 2.449563 -0.628286
v 0.518055 2.421274 -0.620000
v 0.375899 2.112183 -0.628286
v 0.375899 2.392984 -0.628286
v 0.404188 2.392984 -0.628286
v 0.404188 2.092180 -0.620000
v 0.375899 2.092180 -0.620000
v -0.375458 2.392984 -0.628286
v -0.375458 2.092180 -0.620000
v -0.375458 2.112183 -0.628286
v -0.403747 2.112183 -0.628286
v -0.497611 2.449563 -0.628286
v -0.432036 2.421274 -0.628286
v -0.497611 2.421274 -0.628286
v -0.497611 2.564258 -0.628286
v -0.432036 2.564258 -0.628286
v -0.432036 2.584262 -0.620000
v -0.517614 2.564258 -0.620000
v -0.513944 2.580591 -0.616329
v -0.517614 2.449563 -0.620000
v -0.432036 2.449563 -0.628286
v -0.403747 2.564258 -0.628286
v -0.403747 2.392984 0.288239
v -0.403747 2.112183 -0.486582
v -0.403747 2.392984 -0.486582
v -0.412033 2.112183 0.308243
v -0.403747 2.112183 0.288239
v -0.395461 2.112183 -0.506586
v -0.395461 2.392984 -0.506586
v -0.412033 2.092180 -0.486582
v -0.415703 2.095850 0.304572
v -0.412033 2.092180 0.288239
v 0.526341 2.392984 -0.543161
v 0.526341 2.112183 -0.543161
v 0.526341 2.392984 -0.599997
v 0.526341 2.421274 -0.514872
v 0.526341 2.392984 -0.514872
v 0.518055 2.092180 -0.543161
v 0.518055 2.092180 -0.599997
v 0.526341 2.112183 -0.599997
v 0.518055 2.112183 -0.620000
v 0.518055 2.392984 -0.620000
v 0.514385 2.095850 -0.616329
v 0.432477 2.592547 -0.599997
v 0.404188 2.584262 -0.620000
v 0.404188 2.592547 -0.599997
v 0.498052 2.592547 -0.543161
v 0.498052 2.592547 -0.599997
v 0.498052 2.592547 -0.514872
v 0.518055 2.584262 -0.514872
v 0.432477 2.592547 -0.543161
v 0.518055 2.584262 -0.599997
v 0.514385 2.580591 -0.616329
v 0.432477 2.584262 -0.620000
v -0.432036 2.592547 -0.599997
v -0.403747 2.592547 -0.543161
v -0.403747 2.592547 -0.599997
v -0.497611 2.592547 -0.599997
v -0.497611 2.592547 -0.543161
v -0.432036 2.592547 -0.543161
v -0.513944 2.580591 -0.616329
v -0.517614 2.584262 -0.599997
v -0.517614 2.584262 -0.543161
v -0.497611 2.592547 -0.514872
v -0.432036 2.592547 -0.514872
v -0.403747 2.592547 -0.514872
v 0.498052 2.421273 0.420800
v 0.498052 2.421273 0.344818
v 0.518055 2.429559 0.344818
v 0.432477 2.421273 0.420800
v 0.432477 2.421273 0.344818
v 0.432477 2.429559 0.440803
v 0.518055 2.429559 0.420800
v 0.514385 2.433230 0.437132
v 0.404188 2.429560 0.440803
v 0.432477 2.412988 0.324814
v 0.498052 2.412988 0.324814
v 0.375899 2.083894 -0.543161
v -0.375458 2.083894 -0.599997
v 0.375899 2.083894 -0.599997
v -0.375458 2.083894 -0.543161
v 0.404188 2.083894 -0.599997
v -0.403747 2.092180 -0.620000
v -0.375458 2.092180 -0.620000
v -0.403747 2.083894 -0.543161
v 0.375899 2.092180 -0.620000
v 0.404188 2.092180 -0.620000
v 0.432477 2.083894 -0.543161
v 0.404188 2.088535 -0.514872
v 0.404188 2.083894 -0.543161
v 0.432477 2.083894 -0.599997
v 0.498052 2.083894 -0.543161
v 0.432477 2.092180 -0.620000
v 0.498052 2.083894 -0.599997
v 0.518055 2.092180 -0.599997
v 0.518055 2.092180 -0.543161
v 0.498052 2.092180 -0.620000
v 0.514385 2.095850 -0.616329
v -0.337647 2.140651 -0.444485
v -0.337647 1.751314 0.282654
v -0.337647 1.751314 -0.444485
v -0.337647 2.140651 0.282654
v -0.329361 1.751314 -0.464489
v -0.329361 2.140651 -0.464488
v -0.345932 1.751314 0.302658
v -0.349603 2.156985 0.298987
v -0.345932 2.140652 0.302658
v -0.349603 1.734981 0.298987
v -0.345932 1.731311 0.282654
v -0.345932 1.731311 -0.444485
v -0.497611 2.083894 -0.543161
v -0.517614 2.092180 -0.599997
v -0.497611 2.083894 -0.599997
v -0.432036 2.083894 -0.599997
v -0.432036 2.083894 -0.543161
v -0.517614 2.092180 -0.543161
v -0.432036 2.092180 -0.620000
v -0.403747 2.083894 -0.599997
v -0.513944 2.095850 -0.616329
v -0.497611 2.092180 -0.620000
v 0.498052 2.083894 0.288239
v 0.432477 2.092179 0.308243
v 0.432477 2.083894 0.288239
v 0.432477 2.083894 -0.486582
v 0.498052 2.083894 -0.486582
v 0.518055 2.092180 -0.486582
v 0.518055 2.092180 0.288239
v 0.514385 2.095850 0.304572
v 0.498052 2.083894 -0.514872
v 0.518055 2.092180 -0.514872
v 0.432477 2.083894 -0.514872
v 0.416144 2.095850 0.304572
v 0.412473 2.092179 0.288239
v 0.412473 2.092180 -0.486582
v 0.526341 2.449563 -0.599997
v 0.526341 2.564258 -0.599997
v 0.526341 2.564258 -0.543161
v 0.526341 2.421274 -0.599997
v 0.518055 2.421274 -0.620000
v 0.526341 2.449563 -0.543161
v 0.526341 2.421274 -0.543161
v 0.518055 2.564258 -0.620000
v 0.518055 2.584262 -0.543161
v 0.514385 2.580591 -0.616329
v 0.526341 2.564258 -0.514872
v -0.525900 2.392984 0.288239
v -0.525900 2.392984 -0.486582
v -0.525900 2.112183 -0.486582
v -0.525900 2.112183 0.288239
v -0.525900 2.392984 -0.514872
v -0.517614 2.092180 -0.514872
v -0.517614 2.092180 -0.486582
v -0.517614 2.092179 0.288239
v -0.513944 2.095850 0.304572
v -0.517614 2.392984 0.308243
v 0.404188 2.392984 0.288239
v 0.404188 2.112183 -0.486582
v 0.404188 2.112183 0.288239
v 0.404188 2.392984 -0.486582
v 0.393759 2.410845 -0.504442
v 0.395902 2.392984 -0.506586
v 0.412473 2.092180 -0.486582
v 0.412473 2.092179 0.288239
v 0.416144 2.095850 0.304572
v 0.412473 2.392984 0.308243
v -0.432036 2.421273 0.420800
v -0.497611 2.421273 0.420800
v -0.497611 2.421273 0.344818
v -0.432036 2.421273 0.344818
v -0.432036 2.429559 0.440803
v -0.497611 2.429559 0.440803
v -0.513944 2.433230 0.437132
v -0.517614 2.429559 0.420800
v -0.517614 2.429559 0.344818
v -0.497611 2.412988 0.324814
v -0.432036 2.412988 0.324814
v 0.498052 2.392984 -0.628286
v 0.518055 2.112183 -0.620000
v 0.498052 2.112183 -0.628286
v 0.432477 2.392984 -0.628286
v 0.514385 2.095850 -0.616329
v 0.498052 2.092180 -0.620000
v 0.432477 2.092180 -0.620000
v 0.432477 2.112183 -0.628286
v 0.404188 2.112183 -0.628286
v -0.432036 2.392984 -0.628286
v -0.432036 2.112183 -0.628286
v -0.497611 2.392984 -0.628286
v -0.403747 2.392984 -0.628286
v -0.403747 2.092180 -0.620000
v -0.432036 2.092180 -0.620000
v -0.497611 2.112183 -0.628286
v -0.517614 2.112183 -0.620000
v -0.517614 2.392984 -0.620000
v -0.497611 2.092180 -0.620000
v -0.513944 2.095850 -0.616329
v 0.526341 2.449563 0.288239
v 0.526341 2.449563 -0.486582
v 0.526341 2.564258 0.288239
v 0.521701 2.421273 0.316528
v 0.526341 2.421273 0.288239
v 0.526341 2.421273 -0.486582
v 0.526341 2.564258 -0.486582
v 0.526341 2.449563 -0.514872
v -0.411523 2.140651 0.310943
v -0.427856 2.156985 0.298987
v -0.431526 2.140652 0.302658
v -0.431526 1.751314 0.302658
v -0.411523 1.751314 0.310943
v -0.365936 2.140651 0.310943
v -0.427856 1.734981 0.298987
v -0.411523 1.731311 0.302658
v -0.345932 1.751314 0.302658
v -0.345932 2.140652 0.302658
v -0.349603 2.156985 0.298987
v -0.365936 1.751314 0.310943
v -0.365936 1.731311 0.302658
v -0.349603 1.734981 0.298987
v 0.366377 2.168941 -0.539341
v 0.411964 2.168941 -0.501063
v 0.411964 2.168941 -0.539341
v 0.366377 2.168941 -0.501063
v 0.366377 2.168941 -0.472774
v 0.411964 2.168941 -0.472774
v 0.431967 2.160655 -0.539341
v 0.428297 2.156984 -0.555674
v 0.431967 2.160655 -0.501063
v 0.338087 2.168941 -0.539341
v 0.338087 2.168941 -0.501063
v 0.366377 2.140651 0.310943
v 0.366377 1.751314 0.310943
v 0.411964 2.140651 0.310943
v 0.350044 2.156984 0.298987
v 0.346373 2.140651 0.302658
v 0.411964 1.731311 0.302658
v 0.411964 1.751314 0.310943
v 0.350044 1.734981 0.298987
v 0.366377 1.731311 0.302658
v 0.346373 1.751314 0.302658
v 0.366377 2.160655 0.302658
v 0.431967 2.140652 0.302658
v 0.428297 2.156985 0.298987
v 0.431967 1.751314 0.302658
v 0.428297 1.734981 0.298987
v -0.411523 2.168941 -0.539341
v -0.431526 2.160655 -0.501063
v -0.411523 2.168941 -0.501063
v -0.365936 2.168941 -0.501063
v -0.365936 2.168941 -0.539341
v -0.427856 2.156984 -0.555674
v -0.431526 2.160655 -0.539341
v -0.411523 2.168941 -0.472774
v -0.365936 2.168941 -0.472774
v -0.337647 2.164301 -0.472774
v -0.337647 2.168941 -0.501063
v -0.337647 2.168941 -0.539341
v -0.431526 2.160655 -0.472774
v 0.338087 2.140651 0.282654
v 0.338087 2.140651 -0.444485
v 0.338087 1.751314 -0.444485
v 0.346373 1.751314 0.302658
v 0.346373 2.140651 0.302658
v 0.350044 2.156984 0.298987
v 0.346373 2.160655 -0.444485
v 0.338087 1.751314 0.282654
v 0.329802 2.140651 -0.464488
v 0.346373 1.731311 -0.444485
v 0.346373 1.731311 0.282654
v 0.350044 1.734981 0.298987
v 0.309798 1.723025 -0.501063
v 0.309798 1.723025 -0.539342
v 0.338087 1.723025 -0.539342
v -0.309357 1.723025 -0.539342
v -0.309357 1.723025 -0.501063
v -0.337647 1.723025 -0.501063
v -0.337647 1.731311 -0.559345
v -0.309357 1.731311 -0.559345
v 0.309798 1.731311 -0.559345
v 0.338087 1.731311 -0.559345
v 0.366377 1.723025 -0.501063
v 0.366377 1.723025 -0.539342
v 0.411964 1.723025 -0.501063
v 0.338087 1.727665 -0.472774
v 0.338087 1.723025 -0.501063
v 0.366377 1.731311 -0.559345
v 0.431967 1.731311 -0.539342
v 0.431967 1.731311 -0.501063
v 0.411964 1.723025 -0.539342
v 0.411964 1.731311 -0.559345
v 0.428297 1.734981 -0.555674
v -0.375458 2.449563 0.449089
v -0.403747 2.564258 0.449089
v -0.403747 2.449563 0.449089
v 0.375899 2.449563 0.449089
v -0.375458 2.564258 0.449089
v 0.375899 2.429559 0.440803
v 0.404188 2.429560 0.440803
v -0.375458 2.429559 0.440803
v 0.375899 2.564258 0.449089
v 0.404188 2.449563 0.449089
v 0.404188 2.564258 0.449089
v -0.411523 1.723025 -0.501063
v -0.431526 1.731311 -0.472774
v -0.431526 1.731311 -0.501063
v -0.411523 1.723025 -0.539342
v -0.365936 1.723025 -0.501063
v -0.427856 1.734981 -0.555674
v -0.411523 1.731311 -0.559345
v -0.431526 1.731311 -0.539342
v -0.365936 1.723025 -0.539342
v -0.337647 1.723025 -0.539342
v -0.365936 1.731311 -0.559345
v 0.411964 1.723025 -0.444485
v 0.411964 1.723025 -0.472774
v 0.431967 1.731311 -0.472774
v 0.411964 1.723025 0.282654
v 0.366377 1.723025 0.282654
v 0.366377 1.723025 -0.444485
v 0.366377 1.723025 -0.472774
v 0.431967 1.731311 0.282654
v 0.428297 1.734981 0.298987
v 0.431967 1.731311 -0.444485
v 0.350044 1.734981 0.298987
v 0.346373 1.731311 0.282654
v 0.346373 1.731311 -0.444485
v -0.309357 1.751314 -0.472774
v -0.329361 2.140651 -0.464488
v -0.329361 1.751314 -0.464489
v 0.309798 2.140651 -0.472774
v -0.309357 2.140651 -0.472774
v 0.309798 1.751314 -0.472774
v 0.329802 1.751314 -0.464489
v -0.309357 1.731311 -0.481060
v 0.309798 1.731311 -0.481060
v -0.411523 1.723025 0.282654
v -0.365936 1.723025 -0.444485
v -0.365936 1.723025 0.282654
v -0.427856 1.734981 0.298987
v -0.431526 1.731311 0.282654
v -0.431527 1.731311 -0.444485
v -0.411523 1.723025 -0.444485
v -0.411523 1.723025 -0.472774
v -0.365936 1.723025 -0.472774
v -0.345932 1.731311 0.282654
v -0.349603 1.734981 0.298987
v -0.345932 1.731311 -0.444485
v 0.366377 2.168941 -0.444485
v 0.366377 2.168941 0.282654
v 0.411964 2.168941 -0.444485
v 0.411964 2.160655 0.302658
v 0.411964 2.168941 0.282654
v 0.346373 2.160655 -0.444485
v 0.346373 2.160655 0.282654
v 0.350044 2.156984 0.298987
v 0.366377 2.160655 0.302658
v 0.431967 2.160655 -0.444485
v 0.428297 2.156985 0.298987
v 0.440253 2.140651 -0.501063
v 0.440253 1.751314 -0.501063
v 0.440253 2.140652 -0.539341
v 0.431967 2.160655 -0.472774
v 0.440253 2.140651 -0.472774
v 0.431967 1.731311 -0.472774
v 0.431967 1.731311 -0.501063
v 0.440253 1.751314 -0.472774
v 0.431967 2.140652 -0.559345
v 0.428297 2.156984 -0.555674
v 0.440253 1.751314 -0.539342
v 0.431967 1.751314 -0.559345
v 0.431967 1.731311 -0.539342
v 0.428297 1.734981 -0.555674
v 0.309798 1.751314 -0.567631
v -0.309357 2.140652 -0.567631
v 0.309798 2.140652 -0.567631
v 0.338087 2.140652 -0.567631
v 0.338087 1.751314 -0.567631
v 0.338087 1.731311 -0.559345
v 0.309798 1.731311 -0.559345
v -0.309357 1.751314 -0.567631
v -0.337647 1.751314 -0.567631
v 0.338087 2.160655 -0.559345
v -0.309357 1.731311 -0.559345
v -0.337647 1.731311 -0.559345
v 0.440253 2.140651 -0.444485
v 0.440253 2.140651 0.282654
v 0.440253 1.751314 0.282654
v 0.440253 1.751314 -0.444485
v 0.431967 1.751314 0.302658
v 0.428297 2.156985 0.298987
v 0.431967 2.140652 0.302658
v 0.431967 1.731311 -0.444485
v 0.428297 1.734981 0.298987
v 0.431967 1.731311 0.282654
v 0.411964 2.140652 -0.567631
v 0.428297 2.156984 -0.555674
v 0.431967 2.140652 -0.559345
v 0.411964 1.751314 -0.567631
v 0.366377 2.140652 -0.567631
v 0.366377 1.731311 -0.559345
v 0.366377 1.751314 -0.567631
v 0.428297 1.734981 -0.555674
v 0.411964 1.731311 -0.559345
v 0.411964 2.160655 -0.559345
v -0.411523 2.168941 -0.444485
v -0.411523 2.168941 0.282654
v -0.365936 2.168941 -0.444485
v -0.431526 2.160655 -0.444485
v -0.431526 2.160655 0.282654
v -0.427856 2.156985 0.298987
v -0.411523 2.160655 0.302658
v -0.365936 2.168941 0.282654
v -0.365936 2.160655 0.302658
v -0.349603 2.156985 0.298987
v -0.345932 2.160655 -0.444485
v -0.439812 2.140652 -0.539341
v -0.427856 2.156984 -0.555674
v -0.431526 2.140652 -0.559345
v -0.439812 1.751314 -0.539342
v -0.439812 2.140651 -0.501063
v -0.431526 1.751314 -0.559345
v -0.431526 1.731311 -0.501063
v -0.439812 1.751314 -0.501063
v -0.427856 1.734981 -0.555674
v -0.431526 1.731311 -0.539342
v -0.439812 1.751314 -0.472774
v -0.431526 2.160655 -0.539341
v -0.431526 1.731311 -0.472774
v -0.365936 2.140652 -0.567631
v -0.365936 1.751314 -0.567631
v -0.411523 2.140652 -0.567631
v -0.337647 2.160655 -0.559345
v -0.337647 2.140652 -0.567631
v -0.365936 1.731311 -0.559345
v -0.411523 1.751314 -0.567631
v -0.431526 1.751314 -0.559345
v -0.431526 2.140652 -0.559345
v -0.427856 2.156984 -0.555674
v -0.411523 1.731311 -0.559345
v -0.427856 1.734981 -0.555674
v -0.439812 2.140651 0.282654
v -0.439812 2.140651 -0.444485
v -0.439812 1.751314 -0.444485
v -0.439812 1.751314 0.282654
v -0.431526 2.140652 0.302658
v -0.427856 2.156985 0.298987
v -0.431526 2.160655 -0.444485
v -0.431526 1.751314 0.302658
v -0.431526 2.160655 -0.472774
v -0.439812 2.140651 -0.472774
v -0.431527 1.731311 -0.444485
v -0.431526 1.731311 0.282654
v -0.427856 1.734981 0.298987
v -0.309357 2.168941 -0.539341
v 0.309798 2.168941 -0.501063
v 0.309798 2.168941 -0.539341
v -0.309357 2.168941 -0.501063
v -0.309357 2.160655 -0.481060
v 0.309798 2.160655 -0.481060
v 0.498052 2.449563 0.449089
v 0.498052 2.564258 0.449089
v 0.432477 2.564258 0.449089
v 0.498052 2.429559 0.440803
v 0.514385 2.433230 0.437132
v 0.432477 2.449563 0.449089
v 0.432477 2.429559 0.440803
v 0.518055 2.449563 0.440803
v 0.518055 2.564258 0.440803
v 0.514385 2.580591 0.437132
v 0.432477 2.584261 0.440803
v -0.497611 2.564258 0.449089
v -0.432036 2.449563 0.449089
v -0.432036 2.564258 0.449089
v -0.513944 2.580591 0.437132
v -0.517614 2.564258 0.440803
v -0.517614 2.449563 0.440803
v -0.497611 2.449563 0.449089
v -0.513944 2.433230 0.437132
v -0.497611 2.429559 0.440803
v -0.432036 2.429559 0.440803
v 0.375899 2.421273 0.288239
v -0.375458 2.421273 0.288239
v -0.375458 2.421273 -0.486582
v 0.375899 2.421273 -0.486582
v 0.395902 2.412988 -0.486582
v -0.393318 2.410845 -0.504442
v -0.375458 2.412988 -0.506586
v -0.395461 2.412988 0.288239
v 0.375899 2.412988 -0.506586
v 0.393759 2.410845 -0.504442
v -0.375458 2.112183 -0.514872
v 0.375899 2.092180 -0.523157
v 0.375899 2.112183 -0.514872
v -0.395461 2.392984 -0.506586
v -0.395461 2.112183 -0.506586
v 0.375899 2.392984 -0.514872
v -0.375458 2.392984 -0.514872
v 0.395902 2.112183 -0.506586
v -0.393318 2.410845 -0.504442
v 0.375899 2.592547 -0.599997
v -0.375458 2.592547 -0.599997
v -0.375458 2.592547 -0.543161
v 0.375899 2.592547 -0.543161
v 0.404188 2.592547 -0.543161
v -0.403747 2.584262 -0.620000
v -0.375458 2.592547 -0.514872
v 0.375899 2.592547 -0.514872
v 0.432477 2.392984 0.316528
v 0.432477 2.112183 0.316528
v 0.498052 2.392984 0.316528
v 0.416144 2.095850 0.304572
v 0.432477 2.092179 0.308243
v 0.498052 2.092180 0.308243
v 0.498052 2.112183 0.316528
v 0.412473 2.392984 0.308243
v 0.412473 2.112183 0.308243
v 0.518055 2.112183 0.308243
v 0.518055 2.392984 0.308243
v 0.514385 2.095850 0.304572
v 0.375899 2.592547 -0.486582
v -0.375458 2.592547 -0.486582
v 0.375899 2.592547 0.288239
v -0.375458 2.592547 0.288239
v -0.375458 2.592547 0.316528
v 0.375899 2.592547 0.316528
v 0.375899 2.592547 0.344818
v -0.375458 2.592547 0.344818
v 0.375899 2.592547 0.420800
v 0.404188 2.592547 0.420800
v -0.375458 2.592547 0.420800
v -0.395461 2.412988 0.288239
v -0.412033 2.392984 0.308243
v -0.403747 2.416633 0.316528
v -0.395461 2.412988 -0.486582
v -0.412033 2.392984 0.308243
v -0.403747 2.416633 0.316528
v -0.393318 2.410845 -0.504442
v -0.395461 2.412988 -0.486582
v -0.375458 2.412988 -0.506586
v 0.393759 2.410845 -0.504442
v 0.395902 2.392984 -0.506586
v 0.375899 2.412988 -0.506586
v 0.395902 2.412988 -0.486582
v 0.395902 2.112183 -0.506586
v 0.395902 2.412988 0.288239
v 0.395902 2.412988 0.288239
v 0.404188 2.416633 0.316528
v 0.412473 2.112183 0.308243
v 0.432477 2.412988 0.324814
v 0.404188 2.416633 0.316528
v 0.521701 2.421273 0.316528
v 0.498052 2.412988 0.324814
v 0.521701 2.421273 0.316528
v 0.518055 2.392984 0.308243
v -0.521260 2.421273 0.316528
v -0.517614 2.112183 0.308243
v -0.521260 2.421273 0.316528
v 0.518055 2.584261 0.288239
v 0.518055 2.584262 -0.514872
v 0.518055 2.584261 -0.486582
v 0.518055 2.584261 0.288239
v 0.518055 2.584262 -0.599997
v 0.518055 2.584262 -0.543161
v 0.518055 2.584261 0.344818
v 0.518055 2.584261 0.316528
v 0.518055 2.584261 0.344818
v 0.518055 2.584262 0.420800
v -0.517614 2.584262 -0.543161
v -0.517614 2.584262 -0.599997
v -0.517614 2.584261 0.288239
v -0.517614 2.584261 0.316528
v -0.517614 2.584262 0.420800
v 0.375899 2.584262 -0.620000
v -0.375458 2.584262 -0.620000
v 0.498052 2.584262 -0.620000
v 0.432477 2.584262 -0.620000
v 0.498052 2.584262 -0.620000
v 0.375899 2.584262 -0.620000
v -0.432036 2.584262 -0.620000
v -0.403747 2.584262 -0.620000
v -0.375458 2.584262 -0.620000
v -0.497611 2.584262 -0.620000
v -0.497611 2.584262 -0.620000
v -0.517614 2.449563 -0.620000
v -0.517614 2.421274 -0.620000
v 0.518055 2.449563 -0.620000
v 0.518055 2.392984 -0.620000
v -0.432036 2.092180 0.308243
v -0.497611 2.092179 0.308243
v -0.403747 2.088534 -0.514872
v -0.403747 2.088534 -0.514872
v -0.375458 2.092180 -0.523157
v -0.375458 2.092180 -0.523157
v -0.403747 2.088534 -0.514872
v 0.404188 2.088535 -0.514872
v 0.404188 2.088535 -0.514872
v 0.375899 2.092180 -0.523157
v 0.498052 2.092180 0.308243
v -0.517614 2.092180 -0.486582
v -0.345932 2.160655 0.282654
v -0.345932 2.160655 0.282654
v -0.365936 2.160655 0.302658
v -0.411523 2.160655 0.302658
v -0.345932 2.160655 -0.444485
v -0.337647 2.164301 -0.472774
v -0.309357 2.160655 -0.481060
v -0.337647 2.164301 -0.472774
v 0.309798 2.160655 -0.481060
v 0.329802 2.140651 -0.464488
v 0.338087 2.164301 -0.472774
v 0.346373 2.160655 0.282654
v 0.338087 2.164301 -0.472774
v 0.329802 1.751314 -0.464489
v 0.338087 2.164301 -0.472774
v 0.411964 2.160655 0.302658
v 0.431967 2.160655 -0.539341
v 0.431967 2.160655 -0.501063
v 0.366377 2.160655 -0.559345
v 0.431967 1.751314 -0.559345
v 0.411964 2.160655 -0.559345
v 0.366377 2.160655 -0.559345
v 0.431967 2.160655 -0.444485
v 0.431967 2.160655 -0.472774
v 0.431967 2.160655 0.282654
v 0.431967 2.160655 0.282654
v 0.338087 2.160655 -0.559345
v 0.309798 2.160655 -0.559345
v 0.309798 2.160655 -0.559345
v -0.309357 2.160655 -0.559345
v -0.431526 2.160655 0.282654
v -0.431526 2.160655 -0.501063
v -0.309357 2.160655 -0.559345
v -0.365936 2.160655 -0.559345
v -0.365936 2.160655 -0.559345
v -0.411523 2.160655 -0.559345
v -0.337647 2.160655 -0.559345
v -0.411523 2.160655 -0.559345
v -0.365936 1.731311 0.302658
v -0.411523 1.731311 0.302658
v -0.337647 1.727665 -0.472774
v -0.337647 1.727665 -0.472774
v -0.309357 1.731311 -0.481060
v -0.337647 1.727665 -0.472774
v 0.338087 1.727665 -0.472774
v 0.309798 1.731311 -0.481060
v 0.338087 1.727665 -0.472774
v 0.366377 1.731311 0.302658
v 0.411964 1.731311 0.302658
v -0.375458 2.584261 0.440803
v -0.403747 2.584261 0.440803
v -0.432036 2.584261 0.440803
v -0.497611 2.584262 0.440803
v -0.375458 2.584261 0.440803
v 0.375899 2.584261 0.440803
v 0.375899 2.584261 0.440803
v 0.404188 2.584262 0.440803
v 0.498052 2.584262 0.440803
v -0.375458 2.429559 0.440803
v -0.403747 2.429559 0.440803
v 0.375899 2.429559 0.440803
v 0.498052 2.429559 0.440803
v 0.909948 1.509061 0.021477
v 0.759151 1.422263 -0.012090
v 0.907008 1.525306 0.017601
v 0.927375 1.503686 0.040541
v 0.913439 1.491375 0.034879
v 0.739105 1.533020 -0.038519
v 0.762794 1.404665 0.001346
v 0.719233 1.536344 -0.037471
v 0.927802 1.520581 0.033352
v 0.903351 1.547109 0.021580
v 0.920091 1.543934 0.030937
v 0.699419 1.703483 0.203664
v 0.720642 1.614576 -0.148962
v 0.699513 1.619097 -0.150046
v 0.700850 1.700188 0.225016
v 0.717567 1.698609 0.221623
v 0.630891 1.607191 -0.147224
v 0.630798 1.691577 0.206486
v 0.717669 1.606643 -0.163861
v 0.700954 1.606517 -0.167610
v 0.632333 1.594611 -0.164787
v 0.616889 1.589157 -0.159717
v 0.612635 1.595837 -0.144520
v 0.612541 1.680223 0.209190
v 0.616787 1.681123 0.225768
v 0.935206 1.530566 0.061666
v 0.927789 1.532810 0.084609
v 0.927363 1.514489 0.085820
v 0.935208 1.528937 0.054840
v 0.934707 1.531704 0.054180
v 0.931300 1.505430 0.058470
v 0.927375 1.503686 0.040541
v 0.931297 1.507951 0.069037
v 0.934705 1.533333 0.061006
v 0.920091 1.543934 0.030937
v 0.922937 1.551633 0.047445
v 0.920079 1.554736 0.076216
v 0.926660 1.539043 0.083121
v 0.922935 1.554154 0.058012
v 0.710950 1.576235 0.122976
v 0.734281 1.413285 0.010114
v 0.734243 1.447538 0.153686
v 0.719990 1.593101 0.131632
v 0.715700 1.593888 0.115407
v 0.710988 1.541982 -0.020596
v 0.741495 1.413344 -0.008120
v 0.747700 1.400267 0.000545
v 0.719233 1.536344 -0.037471
v 0.745209 1.398317 0.017046
v 0.719185 1.578823 0.140583
v 0.745172 1.431054 0.154263
v 0.747656 1.440243 0.168107
v 0.720034 1.553125 -0.035930
v 0.906987 1.544134 0.096519
v 0.759103 1.465575 0.169458
v 0.909927 1.527889 0.100396
v 0.920079 1.554736 0.076216
v 0.903335 1.561792 0.083124
v 0.739057 1.576332 0.143028
v 0.913422 1.506058 0.096423
v 0.719185 1.578823 0.140583
v 0.741448 1.455823 0.169933
v 0.927363 1.514489 0.085820
v 0.735574 1.593958 0.129586
v 0.914889 1.492734 0.078375
v 0.927363 1.514489 0.085820
v 0.913422 1.506058 0.096423
v 0.764403 1.401012 0.023501
v 0.914895 1.487634 0.057000
v 0.764370 1.430547 0.147297
v 0.913439 1.491375 0.034879
v 0.931297 1.507951 0.069037
v 0.927375 1.503686 0.040541
v 0.745209 1.398317 0.017046
v 0.754402 1.309307 -0.105207
v 0.773309 1.299225 -0.090505
v 0.757868 1.292067 -0.092575
v 0.635803 1.573526 -0.168274
v 0.704425 1.585432 -0.171097
v 0.616108 1.572032 -0.159405
v 0.616889 1.589157 -0.159717
v 0.685780 1.297401 -0.102385
v 0.632333 1.594611 -0.164787
v 0.700954 1.606517 -0.167610
v 0.717669 1.606643 -0.163861
v 0.774092 1.314646 -0.097958
v 0.672529 1.281739 -0.086360
v 0.666085 1.295907 -0.093515
v 0.754293 1.406823 0.303537
v 0.757764 1.385737 0.300050
v 0.773207 1.391192 0.294979
v 0.635695 1.671042 0.240470
v 0.685672 1.394916 0.306360
v 0.704316 1.682948 0.237648
v 0.632229 1.688282 0.227838
v 0.717567 1.698609 0.221623
v 0.700850 1.700188 0.225016
v 0.616787 1.681123 0.225768
v 0.616004 1.665702 0.233220
v 0.665981 1.389577 0.299110
v 0.672427 1.373706 0.299124
v 0.759299 1.288772 -0.071223
v 0.759206 1.373158 0.282487
v 0.690584 1.361252 0.285309
v 0.690678 1.276866 -0.068401
v 0.689246 1.280161 -0.089753
v 0.777462 1.384512 0.279783
v 0.757868 1.292067 -0.092575
v 0.773309 1.299225 -0.090505
v 0.773207 1.391192 0.294979
v 0.757764 1.385737 0.300050
v 0.689142 1.373831 0.302873
v 0.672427 1.373706 0.299124
v 0.669455 1.365772 0.284225
v 0.669548 1.281386 -0.069485
v 0.672529 1.281739 -0.086360
v 0.607852 1.659645 0.214098
v 0.657923 1.299133 -0.073722
v 0.657829 1.383519 0.279988
v 0.612635 1.595837 -0.144520
v 0.607946 1.575259 -0.139612
v 0.616787 1.681123 0.225768
v 0.612541 1.680223 0.209190
v 0.616108 1.572032 -0.159405
v 0.666085 1.295907 -0.093515
v 0.669455 1.365772 0.284225
v 0.672529 1.281739 -0.086360
v 0.616004 1.665702 0.233220
v 0.672427 1.373706 0.299124
v 0.616889 1.589157 -0.159717
v 0.782244 1.320704 -0.078836
v 0.777462 1.384512 0.279783
v 0.777555 1.300126 -0.073927
v 0.773309 1.299225 -0.090505
v 0.732174 1.681215 0.208985
v 0.782151 1.405090 0.274875
v 0.773988 1.408317 0.294668
v 0.720642 1.614576 -0.148962
v 0.720548 1.698962 0.204748
v 0.717567 1.698609 0.221623
v 0.724011 1.684442 0.228778
v 0.732268 1.596829 -0.144725
v 0.773207 1.391192 0.294979
v 0.717669 1.606643 -0.163861
v 0.735618 1.554815 -0.034483
v 0.715737 1.561152 -0.021810
v 0.734160 1.568104 -0.016371
v 0.720034 1.553125 -0.035930
v 0.715700 1.593888 0.115407
v 0.734127 1.597638 0.107425
v 0.901724 1.560406 0.039635
v 0.903351 1.547109 0.021580
v 0.735618 1.554815 -0.034483
v 0.720034 1.553125 -0.035930
v 0.741495 1.413344 -0.008120
v 0.715737 1.561152 -0.021810
v 0.735574 1.593958 0.129586
v 0.719990 1.593101 0.131632
v 0.903335 1.561792 0.083124
v 0.901718 1.565505 0.061010
v 0.741448 1.455823 0.169933
v 0.719990 1.593101 0.131632
v 0.762794 1.404665 0.001346
v 0.747700 1.400267 0.000545
v 0.745172 1.431054 0.154263
v 0.747700 1.400267 0.000545
v 0.762751 1.443808 0.165415
v 0.747656 1.440243 0.168107
v 0.762751 1.443808 0.165415
v 0.747656 1.440243 0.168107
v 0.920079 1.554736 0.076216
v 0.922935 1.554154 0.058012
v 0.922937 1.551633 0.047445
v 0.926660 1.539043 0.083121
v 0.927789 1.532810 0.084609
v 0.920091 1.543934 0.030937
v 0.926674 1.526814 0.031864
v 0.927802 1.520581 0.033352
v 0.926674 1.526814 0.031864
v 0.931300 1.505430 0.058470
v 0.720548 1.698962 0.204748
v 0.724115 1.590772 -0.163847
v 0.724115 1.590772 -0.163847
v 0.632229 1.688282 0.227838
v 0.724011 1.684442 0.228778
v 0.777555 1.300126 -0.073927
v 0.689246 1.280161 -0.089753
v 0.774092 1.314646 -0.097958
v 0.773988 1.408317 0.294668
v 0.689142 1.373831 0.302873
v 0.665981 1.389577 0.299110
v 0.669548 1.281386 -0.069485
v -0.759741 1.428514 -0.041587
v -0.907394 1.528096 -0.001050
v -0.739432 1.541427 -0.055928
v -0.719553 1.544574 -0.054518
v -0.742107 1.419180 -0.038592
v -0.928210 1.521749 0.014090
v -0.927067 1.528104 0.013283
v -0.920445 1.545209 0.014208
v -0.903692 1.549335 0.005255
v -0.910372 1.511534 0.001054
v -0.735901 1.562653 -0.049567
v -0.913912 1.492517 0.012472
v -0.927825 1.504178 0.019419
v -0.630961 1.672440 0.204779
v -0.630975 1.626626 -0.155960
v -0.699554 1.684736 0.203220
v -0.701008 1.679164 0.224092
v -0.632415 1.666868 0.225651
v -0.616988 1.659940 0.222830
v -0.612731 1.660819 0.206254
v -0.612745 1.615005 -0.154485
v -0.617003 1.610010 -0.170315
v -0.720708 1.634358 -0.156939
v -0.720694 1.680172 0.203801
v -0.717726 1.677998 0.220541
v -0.699568 1.638921 -0.157519
v -0.701024 1.628309 -0.176336
v -0.717741 1.628068 -0.172604
v -0.935613 1.527760 0.036349
v -0.935613 1.528645 0.043311
v -0.935106 1.530581 0.035991
v -0.927825 1.504178 0.019419
v -0.931759 1.503990 0.037429
v -0.931759 1.505359 0.048207
v -0.927823 1.510043 0.065598
v -0.928208 1.528388 0.066366
v -0.928210 1.521749 0.014090
v -0.935106 1.531465 0.042953
v -0.923288 1.551093 0.031447
v -0.920445 1.545209 0.014208
v -0.927065 1.534743 0.065559
v -0.920444 1.551074 0.060387
v -0.711303 1.566940 0.109295
v -0.734907 1.417142 -0.020466
v -0.711309 1.548344 -0.037130
v -0.716009 1.585317 0.103669
v -0.720312 1.582797 0.119712
v -0.734901 1.435738 0.125959
v -0.719553 1.544574 -0.054518
v -0.748347 1.405260 -0.031387
v -0.742107 1.419180 -0.038592
v -0.720319 1.561093 -0.051179
v -0.719546 1.567636 0.127074
v -0.742100 1.442242 0.143000
v -0.748341 1.426963 0.139505
v -0.745867 1.419312 0.124753
v -0.745873 1.401540 -0.015191
v -0.759734 1.452029 0.143568
v -0.913909 1.500488 0.075239
v -0.763426 1.430832 0.137204
v -0.907391 1.538318 0.079437
v -0.910369 1.521756 0.081540
v -0.719546 1.567636 0.127074
v -0.739425 1.564942 0.129228
v -0.903690 1.557307 0.068023
v -0.920444 1.551074 0.060387
v -0.927823 1.510043 0.065598
v -0.765066 1.403567 -0.008494
v -0.915391 1.489188 0.055860
v -0.915392 1.486419 0.034061
v -0.913912 1.492517 0.012472
v -0.763433 1.409581 -0.030126
v -0.765061 1.419602 0.117762
v -0.913909 1.500488 0.075239
v -0.927823 1.510043 0.065598
v -0.931759 1.505359 0.048207
v -0.931759 1.503990 0.037429
v -0.927825 1.504178 0.019419
v -0.745873 1.401540 -0.015191
v -0.745867 1.419312 0.124753
v -0.635944 1.595434 -0.180515
v -0.755169 1.326229 -0.146322
v -0.704538 1.607730 -0.182074
v -0.617003 1.610010 -0.170315
v -0.616260 1.592949 -0.171848
v -0.686576 1.313934 -0.144763
v -0.758682 1.307738 -0.135621
v -0.774110 1.314666 -0.132800
v -0.717741 1.628068 -0.172604
v -0.701024 1.628309 -0.176336
v -0.632431 1.616014 -0.174777
v -0.774854 1.330802 -0.138549
v -0.724222 1.612302 -0.174302
v -0.666891 1.311449 -0.136096
v -0.673372 1.296608 -0.130510
v -0.686560 1.366876 0.272105
v -0.635928 1.648376 0.236352
v -0.755153 1.379172 0.270546
v -0.758667 1.358592 0.264807
v -0.690074 1.346297 0.266366
v -0.673357 1.346538 0.262635
v -0.666875 1.362303 0.264332
v -0.616244 1.643804 0.228580
v -0.616988 1.659940 0.222830
v -0.774095 1.364596 0.260345
v -0.704522 1.660672 0.234793
v -0.774838 1.381657 0.261879
v -0.632415 1.666868 0.225651
v -0.701008 1.679164 0.224092
v -0.717726 1.677998 0.220541
v -0.691544 1.289870 -0.113190
v -0.673372 1.296608 -0.130510
v -0.670404 1.294434 -0.113770
v -0.691530 1.335685 0.247550
v -0.760137 1.302166 -0.114749
v -0.670390 1.340248 0.246969
v -0.673357 1.346538 0.262635
v -0.778352 1.359601 0.244516
v -0.778366 1.313787 -0.116224
v -0.774110 1.314666 -0.132800
v -0.758682 1.307738 -0.135621
v -0.690089 1.295442 -0.134062
v -0.760123 1.347980 0.245991
v -0.758667 1.358592 0.264807
v -0.774095 1.364596 0.260345
v -0.690074 1.346297 0.266366
v -0.608091 1.639822 0.208921
v -0.658736 1.312508 -0.116066
v -0.608105 1.594008 -0.151819
v -0.612731 1.660819 0.206254
v -0.616988 1.659940 0.222830
v -0.612745 1.615005 -0.154485
v -0.616260 1.592949 -0.171848
v -0.670390 1.340248 0.246969
v -0.670404 1.294434 -0.113770
v -0.673372 1.296608 -0.130510
v -0.666891 1.311449 -0.136096
v -0.658723 1.358322 0.244674
v -0.617003 1.610010 -0.170315
v -0.673357 1.346538 0.262635
v -0.616244 1.643804 0.228580
v -0.666875 1.362303 0.264332
v -0.783007 1.334784 -0.118890
v -0.732361 1.662099 0.206097
v -0.732375 1.616284 -0.154643
v -0.774110 1.314666 -0.132800
v -0.778366 1.313787 -0.116224
v -0.778352 1.359601 0.244516
v -0.782993 1.380598 0.241849
v -0.724207 1.663157 0.226126
v -0.717726 1.677998 0.220541
v -0.774838 1.381657 0.261879
v -0.720708 1.634358 -0.156939
v -0.717741 1.628068 -0.172604
v -0.774854 1.330802 -0.138549
v -0.774095 1.364596 0.260345
v -0.735901 1.562653 -0.049567
v -0.716015 1.567544 -0.036275
v -0.720319 1.561093 -0.051179
v -0.734427 1.573912 -0.030129
v -0.716009 1.585317 0.103669
v -0.720319 1.561093 -0.051179
v -0.716015 1.567544 -0.036275
v -0.735894 1.583904 0.117763
v -0.734422 1.589946 0.096127
v -0.720312 1.582797 0.119712
v -0.902049 1.560607 0.024638
v -0.902048 1.563376 0.046437
v -0.903690 1.557307 0.068023
v -0.735894 1.583904 0.117763
v -0.720312 1.582797 0.119712
v -0.748347 1.405260 -0.031387
v -0.763433 1.409581 -0.030126
v -0.748347 1.405260 -0.031387
v -0.742100 1.442242 0.143000
v -0.748341 1.426963 0.139505
v -0.763426 1.430832 0.137204
v -0.748341 1.426963 0.139505
v -0.920444 1.551074 0.060387
v -0.923287 1.552461 0.042224
v -0.923288 1.551093 0.031447
v -0.927065 1.534743 0.065559
v -0.923287 1.552461 0.042224
v -0.920445 1.545209 0.014208
v -0.903692 1.549335 0.005255
v -0.927067 1.528104 0.013283
v -0.928208 1.528388 0.066366
v -0.632431 1.616014 -0.174777
v -0.724222 1.612302 -0.174302
v -0.720694 1.680172 0.203801
v -0.724207 1.663157 0.226126
v -0.690089 1.295442 -0.134062
vt 0.141905 0.982886
vt 0.141905 0.982886
vt 0.141905 0.982886
vt 0.141905 0.982886
vt 0.141905 0.982886
vt 0.141905 0.982886
vt 0.141905 0.982886
vt 0.141905 0.982886
vt 0.141905 0.982886
vt 0.141905 0.982886
vt 0.141905 0.982886
vt 0.141905 0.982886
vt 0.141905 0.982886
vt 0.141905 0.982886
vt 0.141905 0.982886
vt 0.141905 0.982886
vt 0.141905 0.982886
vt 0.141905 0.982886
vt 0.141905 0.982886
vt 0.141905 0.982886
vt 0.141905 0.982886
vt 0.141905 0.982886
vt 0.141905 0.982886
vt 0.141905 0.982886
vt 0.141905 0.982886
vt 0.141905 0.982886
vt 0.141905 0.982886
vt 0.141905 0.982886
vt 0.141905 0.982886
vt 0.141905 0.982886
vt 0.141905 0.982886
vt 0.141905 0.982886
vt 0.141905 0.982886
vt 0.141905 0.982886
vt 0.141905 0.982886
vt 0.141905 0.982886
vt 0.141905 0.982886
vt 0.141905 0.982886
vt 0.141905 0.982886
vt 0.141905 0.982886
vt 0.141905 0.982886
vt 0.141905 0.982886
vt 0.141905 0.982886
vt 0.141905 0.982886
vt 0.141905 0.982886
vt 0.141905 0.982886
vt 0.141905 0.982886
vt 0.141905 0.982886
vt 0.141905 0.982886
vt 0.141905 0.982886
vt 0.141905 0.982886
vt 0.141905 0.982886
vt 0.141905 0.982886
vt 0.141905 0.982886
vt 0.141905 0.982886
vt 0.141905 0.982886
vt 0.141905 0.982886
vt 0.141905 0.982886
vt 0.141905 0.982886
vt 0.141905 0.982886
vt 0.141905 0.982886
vt 0.141905 0.982886
vt 0.141905 0.982886
vt 0.141905 0.982886
vt 0.141905 0.982886
vt 0.141905 0.982886
vt 0.141905 0.982886
vt 0.141905 0.982886
vt 0.141905 0.982886
vt 0.141905 0.982886
vt 0.141905 0.982886
vt 0.141905 0.982886
vt 0.141905 0.982886
vt 0.141905 0.982886
vt 0.141905 0.982886
vt 0.141905 0.982886
vt 0.141905 0.982886
vt 0.141905 0.982886
vt 0.141905 0.982886
vt 0.141905 0.982886
vt 0.141905 0.982886
vt 0.141905 0.982886
vt 0.141905 0.982886
vt 0.141905 0.982886
vt 0.141905 0.982886
vt 0.141905 0.982886
vt 0.141905 0.982886
vt 0.141905 0.982886
vt 0.141905 0.982886
vt 0.141905 0.982886
vt 0.141905 0.982886
vt 0.141905 0.982886
vt 0.141905 0.982886
vt 0.141905 0.982886
vt 0.141905 0.982886
vt 0.141905 0.982886
vt 0.141905 0.982886
vt 0.141905 0.982886
vt 0.141905 0.982886
vt 0.141905 0.982886
vt 0.141905 0.982886
vt 0.141905 0.982886
vt 0.141905 0.982886
vt 0.141905 0.982886
vt 0.141905 0.982886
vt 0.141905 0.982886
vt 0.141905 0.982886
vt 0.141905 0.982886
vt 0.141905 0.982886
vt 0.141905 0.982886
vt 0.141905 0.982886
vt 0.141905 0.982886
vt 0.141905 0.982886
vt 0.141905 0.982886
vt 0.141905 0.982886
vt 0.141905 0.982886
vt 0.141905 0.982886
vt 0.141905 0.982886
vt 0.141905 0.982886
vt 0.141905 0.982886
vt 0.141905 0.982886
vt 0.141905 0.982886
vt 0.141905 0.982886
vt 0.141905 0.982886
vt 0.141905 0.982886
vt 0.141905 0.982886
vt 0.141905 0.982886
vt 0.141905 0.982886
vt 0.141905 0.982886
vt 0.141905 0.982886
vt 0.141905 0.982886
vt 0.141905 0.982886
vt 0.141905 0.982886
vt 0.141905 0.982886
vt 0.141905 0.982886
vt 0.141905 0.982886
vt 0.141905 0.982886
vt 0.141905 0.982886
vt 0.141905 0.982886
vt 0.141905 0.982886
vt 0.141905 0.982886
vt 0.141905 0.982886
vt 0.141905 0.982886
vt 0.141905 0.982886
vt 0.141905 0.982886
vt 0.141905 0.982886
vt 0.141905 0.982886
vt 0.141905 0.982886
vt 0.141905 0.982886
vt 0.141905 0.982886
vt 0.141905 0.982886
vt 0.141905 0.982886
vt 0.141905 0.982886
vt 0.141905 0.982886
vt 0.141905 0.982886
vt 0.141905 0.982886
vt 0.141905 0.982886
vt 0.141905 0.982886
vt 0.141905 0.982886
vt 0.141905 0.982886
vt 0.141905 0.982886
vt 0.141905 0.982886
vt 0.141905 0.982886
vt 0.141905 0.982886
vt 0.141905 0.982886
vt 0.141905 0.982886
vt 0.141905 0.982886
vt 0.141905 0.982886
vt 0.141905 0.982886
vt 0.141905 0.982886
vt 0.141905 0.982886
vt 0.141905 0.982886
vt 0.141905 0.982886
vt 0.141905 0.982886
vt 0.141905 0.982886
vt 0.141905 0.982886
vt 0.141905 0.982886
vt 0.141905 0.982886
vt 0.141905 0.982886
vt 0.141905 0.982886
vt 0.141905 0.982886
vt 0.141905 0.982886
vt 0.141905 0.982886
vt 0.141905 0.982886
vt 0.141905 0.982886
vt 0.141905 0.982886
vt 0.141905 0.982886
vt 0.141905 0.982886
vt 0.141905 0.982886
vt 0.141905 0.982886
vt 0.141905 0.982886
vt 0.141905 0.982886
vt 0.141905 0.982886
vt 0.141905 0.982886
vt 0.141905 0.982886
vt 0.141905 0.982886
vt 0.141905 0.982886
vt 0.141905 0.982886
vt 0.141905 0.982886
vt 0.141905 0.982886
vt 0.141905 0.982886
vt 0.141905 0.982886
vt 0.141905 0.982886
vt 0.141905 0.982886
vt 0.141905 0.982886
vt 0.141905 0.982886
vt 0.141905 0.982886
vt 0.141905 0.982886
vt 0.141905 0.982886
vt 0.141905 0.982886
vt 0.141905 0.982886
vt 0.141905 0.982886
vt 0.141905 0.982886
vt 0.141905 0.982886
vt 0.141905 0.982886
vt 0.141905 0.982886
vt 0.141905 0.982886
vt 0.141905 0.982886
vt 0.141905 0.982886
vt 0.141905 0.982886
vt 0.141905 0.982886
vt 0.141905 0.982886
vt 0.141905 0.982886
vt 0.141905 0.982886
vt 0.141905 0.982886
vt 0.141905 0.982886
vt 0.141905 0.982886
vt 0.141905 0.982886
vt 0.141905 0.982886
vt 0.141905 0.982886
vt 0.141905 0.982886
vt 0.141905 0.982886
vt 0.141905 0.982886
vt 0.141905 0.982886
vt 0.141905 0.982886
vt 0.141905 0.982886
vt 0.141905 0.982886
vt 0.141905 0.982886
vt 0.141905 0.982886
vt 0.141905 0.982886
vt 0.141905 0.982886
vt 0.141905 0.982886
vt 0.141905 0.982886
vt 0.141905 0.982886
vt 0.141905 0.982886
vt 0.141905 0.982886
vt 0.141905 0.982886
vt 0.141905 0.982886
vt 0.141905 0.982886
vt 0.141905 0.982886
vt 0.141905 0.982886
vt 0.141905 0.982886
vt 0.141905 0.982886
vt 0.141905 0.982886
vt 0.141905 0.982886
vt 0.141905 0.982886
vt 0.141905 0.982886
vt 0.141905 0.982886
vt 0.141905 0.982886
vt 0.141905 0.982886
vt 0.141905 0.982886
vt 0.141905 0.982886
vt 0.141905 0.982886
vt 0.141905 0.982886
vt 0.141905 0.982886
vt 0.141905 0.982886
vt 0.141905 0.982886
vt 0.141905 0.982886
vt 0.141905 0.982886
vt 0.141905 0.982886
vt 0.141905 0.982886
vt 0.141905 0.982886
vt 0.141905 0.982886
vt 0.141905 0.982886
vt 0.141905 0.982886
vt 0.141905 0.982886
vt 0.141905 0.982886
vt 0.141905 0.982886
vt 0.141905 0.982886
vt 0.141905 0.982886
vt 0.141905 0.982886
vt 0.141905 0.982886
vt 0.141905 0.982886
vt 0.141905 0.982886
vt 0.141905 0.982886
vt 0.141905 0.982886
vt 0.141905 0.982886
vt 0.141905 0.982886
vt 0.141905 0.982886
vt 0.141905 0.982886
vt 0.141905 0.982886
vt 0.141905 0.982886
vt 0.141905 0.982886
vt 0.141905 0.982886
vt 0.141905 0.982886
vt 0.141905 0.982886
vt 0.141905 0.982886
vt 0.141905 0.982886
vt 0.141905 0.982886
vt 0.141905 0.982886
vt 0.141905 0.982886
vt 0.141905 0.982886
vt 0.141905 0.982886
vt 0.141905 0.982886
vt 0.141905 0.982886
vt 0.141905 0.982886
vt 0.141905 0.982886
vt 0.141905 0.982886
vt 0.141905 0.982886
vt 0.141905 0.982886
vt 0.141905 0.982886
vt 0.141905 0.982886
vt 0.141905 0.982886
vt 0.141905 0.982886
vt 0.141905 0.982886
vt 0.141905 0.982886
vt 0.141905 0.982886
vt 0.141905 0.982886
vt 0.141905 0.982886
vt 0.141905 0.982886
vt 0.141905 0.982886
vt 0.141905 0.982886
vt 0.141905 0.982886
vt 0.141905 0.982886
vt 0.141905 0.982886
vt 0.141905 0.982886
vt 0.141905 0.982886
vt 0.141905 0.982886
vt 0.141905 0.982886
vt 0.141905 0.982886
vt 0.141905 0.982886
vt 0.141905 0.982886
vt 0.141905 0.982886
vt 0.141905 0.982886
vt 0.141905 0.982886
vt 0.141905 0.982886
vt 0.141905 0.982886
vt 0.141905 0.982886
vt 0.141905 0.982886
vt 0.141905 0.982886
vt 0.141905 0.982886
vt 0.141905 0.982886
vt 0.141905 0.982886
vt 0.141905 0.982886
vt 0.141905 0.982886
vt 0.141905 0.982886
vt 0.141905 0.982886
vt 0.141905 0.982886
vt 0.141905 0.982886
vt 0.141905 0.982886
vt 0.141905 0.982886
vt 0.141905 0.982886
vt 0.141905 0.982886
vt 0.141905 0.982886
vt 0.141905 0.982886
vt 0.141905 0.982886
vt 0.141905 0.982886
vt 0.141905 0.982886
vt 0.141905 0.982886
vt 0.141905 0.982886
vt 0.141905 0.982886
vt 0.141905 0.982886
vt 0.141905 0.982886
vt 0.141905 0.982886
vt 0.141905 0.982886
vt 0.141905 0.982886
vt 0.141905 0.982886
vt 0.141905 0.982886
vt 0.141905 0.982886
vt 0.141905 0.982886
vt 0.141905 0.982886
vt 0.141905 0.982886
vt 0.141905 0.982886
vt 0.141905 0.982886
vt 0.141905 0.982886
vt 0.141905 0.982886
vt 0.141905 0.982886
vt 0.141905 0.982886
vt 0.141905 0.982886
vt 0.141905 0.982886
vt 0.141905 0.982886
vt 0.141905 0.982886
vt 0.141905 0.982886
vt 0.141905 0.982886
vt 0.141905 0.982886
vt 0.141905 0.982886
vt 0.141905 0.982886
vt 0.141905 0.982886
vt 0.141905 0.982886
vt 0.141905 0.982886
vt 0.141905 0.982886
vt 0.141905 0.982886
vt 0.141905 0.982886
vt 0.141905 0.982886
vt 0.141905 0.982886
vt 0.141905 0.982886
vt 0.141905 0.982886
vt 0.141905 0.982886
vt 0.141905 0.982886
vt 0.141905 0.982886
vt 0.141905 0.982886
vt 0.141905 0.982886
vt 0.141905 0.982886
vt 0.141905 0.982886
vt 0.141905 0.982886
vt 0.141905 0.982886
vt 0.141905 0.982886
vt 0.141905 0.982886
vt 0.141905 0.982886
vt 0.141905 0.982886
vt 0.141905 0.982886
vt 0.141905 0.982886
vt 0.141905 0.982886
vt 0.141905 0.982886
vt 0.141905 0.982886
vt 0.141905 0.982886
vt 0.141905 0.982886
vt 0.141905 0.982886
vt 0.141905 0.982886
vt 0.141905 0.982886
vt 0.141905 0.982886
vt 0.141905 0.982886
vt 0.141905 0.982886
vt 0.141905 0.982886
vt 0.141905 0.982886
vt 0.141905 0.982886
vt 0.141905 0.982886
vt 0.141905 0.982886
vt 0.141905 0.982886
vt 0.141905 0.982886
vt 0.141905 0.982886
vt 0.141905 0.982886
vt 0.141905 0.982886
vt 0.141905 0.982886
vt 0.141905 0.982886
vt 0.141905 0.982886
vt 0.141905 0.982886
vt 0.141905 0.982886
vt 0.141905 0.982886
vt 0.141905 0.982886
vt 0.141905 0.982886
vt 0.141905 0.982886
vt 0.141905 0.982886
vt 0.141905 0.982886
vt 0.141905 0.982886
vt 0.141905 0.982886
vt 0.141905 0.982886
vt 0.141905 0.982886
vt 0.141905 0.982886
vt 0.141905 0.982886
vt 0.141905 0.982886
vt 0.141905 0.982886
vt 0.141905 0.982886
vt 0.141905 0.982886
vt 0.141905 0.982886
vt 0.141905 0.982886
vt 0.141905 0.982886
vt 0.141905 0.982886
vt 0.141905 0.982886
vt 0.141905 0.982886
vt 0.141905 0.982886
vt 0.141905 0.982886
vt 0.141905 0.982886
vt 0.141905 0.982886
vt 0.141905 0.982886
vt 0.141905 0.982886
vt 0.141905 0.982886
vt 0.141905 0.982886
vt 0.141905 0.982886
vt 0.141905 0.982886
vt 0.141905 0.982886
vt 0.141905 0.982886
vt 0.141905 0.982886
vt 0.141905 0.982886
vt 0.141905 0.982886
vt 0.141905 0.982886
vt 0.141905 0.982886
vt 0.141905 0.982886
vt 0.141905 0.982886
vt 0.141905 0.982886
vt 0.141905 0.982886
vt 0.141905 0.982886
vt 0.141905 0.982886
vt 0.141905 0.982886
vt 0.141905 0.982886
vt 0.141905 0.982886
vt 0.141905 0.982886
vt 0.141905 0.982886
vt 0.141905 0.982886
vt 0.141905 0.982886
vt 0.141905 0.982886
vt 0.141905 0.982886
vt 0.141905 0.982886
vt 0.141905 0.982886
vt 0.141905 0.982886
vt 0.141905 0.982886
vt 0.141905 0.982886
vt 0.141905 0.982886
vt 0.141905 0.982886
vt 0.141905 0.982886
vt 0.141905 0.982886
vt 0.141905 0.982886
vt 0.141905 0.982886
vt 0.141905 0.982886
vt 0.141905 0.982886
vt 0.141905 0.982886
vt 0.141905 0.982886
vt 0.141905 0.982886
vt 0.141905 0.982886
vt 0.141905 0.982886
vt 0.141905 0.982886
vt 0.141905 0.982886
vt 0.141905 0.982886
vt 0.141905 0.982886
vt 0.141905 0.982886
vt 0.141905 0.982886
vt 0.141905 0.982886
vt 0.141905 0.982886
vt 0.141905 0.982886
vt 0.141905 0.982886
vt 0.141905 0.982886
vt 0.141905 0.982886
vt 0.141905 0.982886
vt 0.141905 0.982886
vt 0.141905 0.982886
vt 0.141905 0.982886
vt 0.141905 0.982886
vt 0.141905 0.982886
vt 0.141905 0.982886
vt 0.141905 0.982886
vt 0.141905 0.982886
vt 0.141905 0.982886
vt 0.141905 0.982886
vt 0.141905 0.982886
vt 0.141905 0.982886
vt 0.141905 0.982886
vt 0.141905 0.982886
vt 0.141905 0.982886
vt 0.141905 0.982886
vt 0.141905 0.982886
vt 0.141905 0.982886
vt 0.141905 0.982886
vt 0.141905 0.982886
vt 0.141905 0.982886
vt 0.141905 0.982886
vt 0.141905 0.982886
vt 0.141905 0.982886
vt 0.141905 0.982886
vt 0.141905 0.982886
vt 0.141905 0.982886
vt 0.141905 0.982886
vt 0.141905 0.982886
vt 0.141905 0.982886
vt 0.141905 0.982886
vt 0.141905 0.982886
vt 0.141905 0.982886
vt 0.141905 0.982886
vt 0.141905 0.982886
vt 0.141905 0.982886
vt 0.141905 0.982886
vt 0.141905 0.982886
vt 0.141905 0.982886
vt 0.141905 0.982886
vt 0.141905 0.982886
vt 0.141905 0.982886
vt 0.141905 0.982886
vt 0.141905 0.982886
vt 0.141905 0.982886
vt 0.141905 0.982886
vt 0.141905 0.982886
vt 0.141905 0.982886
vt 0.141905 0.982886
vt 0.141905 0.982886
vt 0.141905 0.982886
vt 0.141905 0.982886
vt 0.141905 0.982886
vt 0.141905 0.982886
vt 0.141905 0.982886
vt 0.141905 0.982886
vt 0.141905 0.982886
vt 0.141905 0.982886
vt 0.141905 0.982886
vt 0.141905 0.982886
vt 0.141905 0.982886
vt 0.141905 0.982886
vt 0.141905 0.982886
vt 0.141905 0.982886
vt 0.141905 0.982886
vt 0.141905 0.982886
vt 0.141905 0.982886
vt 0.141905 0.982886
vt 0.141905 0.982886
vt 0.141905 0.982886
vt 0.141905 0.982886
vt 0.141905 0.982886
vt 0.141905 0.982886
vt 0.141905 0.982886
vt 0.141905 0.982886
vt 0.141905 0.982886
vt 0.141905 0.982886
vt 0.141905 0.982886
vt 0.141905 0.982886
vt 0.141905 0.982886
vt 0.141905 0.982886
vt 0.141905 0.982886
vt 0.141905 0.982886
vt 0.141905 0.982886
vt 0.141905 0.982886
vt 0.141905 0.982886
vt 0.141905 0.982886
vt 0.141905 0.982886
vt 0.141905 0.982886
vt 0.141905 0.982886
vt 0.141905 0.982886
vt 0.141905 0.982886
vt 0.141905 0.982886
vt 0.141905 0.982886
vt 0.141905 0.982886
vt 0.141905 0.982886
vt 0.141905 0.982886
vt 0.141905 0.982886
vt 0.141905 0.982886
vt 0.141905 0.982886
vt 0.141905 0.982886
vt 0.141905 0.982886
vt 0.141905 0.982886
vt 0.141905 0.982886
vt 0.141905 0.982886
vt 0.141905 0.982886
vt 0.141905 0.982886
vt 0.141905 0.982886
vt 0.141905 0.982886
vt 0.141905 0.982886
vt 0.141905 0.982886
vt 0.141905 0.982886
vt 0.141905 0.982886
vt 0.141905 0.982886
vt 0.141905 0.982886
vt 0.110901 0.983661
vt 0.110901 0.983661
vt 0.110901 0.983661
vt 0.110901 0.983661
vt 0.110901 0.983661
vt 0.110901 0.983661
vt 0.110901 0.983661
vt 0.110901 0.983661
vt 0.110901 0.983661
vt 0.110901 0.983661
vt 0.110901 0.983661
vt 0.110901 0.983661
vt 0.110901 0.983661
vt 0.110901 0.983661
vt 0.110901 0.983661
vt 0.110901 0.983661
vt 0.110901 0.983661
vt 0.110901 0.983661
vt 0.110901 0.983661
vt 0.110901 0.983661
vt 0.110901 0.983661
vt 0.110901 0.983661
vt 0.110901 0.983661
vt 0.110901 0.983661
vt 0.110901 0.983661
vt 0.110901 0.983661
vt 0.110901 0.983661
vt 0.110901 0.983661
vt 0.110901 0.983661
vt 0.110901 0.983661
vt 0.110901 0.983661
vt 0.110901 0.983661
vt 0.110901 0.983661
vt 0.110901 0.983661
vt 0.110901 0.983661
vt 0.110901 0.983661
vt 0.110901 0.983661
vt 0.110901 0.983661
vt 0.110901 0.983661
vt 0.110901 0.983661
vt 0.110901 0.983661
vt 0.110901 0.983661
vt 0.110901 0.983661
vt 0.110901 0.983661
vt 0.110901 0.983661
vt 0.110901 0.983661
vt 0.110901 0.983661
vt 0.110901 0.983661
vt 0.110901 0.983661
vt 0.110901 0.983661
vt 0.110901 0.983661
vt 0.110901 0.983661
vt 0.110901 0.983661
vt 0.110901 0.983661
vt 0.110901 0.983661
vt 0.110901 0.983661
vt 0.110901 0.983661
vt 0.110901 0.983661
vt 0.110901 0.983661
vt 0.110901 0.983661
vt 0.110901 0.983661
vt 0.110901 0.983661
vt 0.110901 0.983661
vt 0.110901 0.983661
vt 0.110901 0.983661
vt 0.110901 0.983661
vt 0.110901 0.983661
vt 0.110901 0.983661
vt 0.110901 0.983661
vt 0.110901 0.983661
vt 0.110901 0.983661
vt 0.110901 0.983661
vt 0.110901 0.983661
vt 0.110901 0.983661
vt 0.110901 0.983661
vt 0.110901 0.983661
vt 0.110901 0.983661
vt 0.110901 0.983661
vt 0.110901 0.983661
vt 0.110901 0.983661
vt 0.110901 0.983661
vt 0.110901 0.983661
vt 0.110901 0.983661
vt 0.110901 0.983661
vt 0.110901 0.983661
vt 0.110901 0.983661
vt 0.110901 0.983661
vt 0.110901 0.983661
vt 0.110901 0.983661
vt 0.110901 0.983661
vt 0.110901 0.983661
vt 0.110901 0.983661
vt 0.110901 0.983661
vt 0.110901 0.983661
vt 0.110901 0.983661
vt 0.110901 0.983661
vt 0.110901 0.983661
vt 0.110901 0.983661
vt 0.110901 0.983661
vt 0.110901 0.983661
vt 0.110901 0.983661
vt 0.110901 0.983661
vt 0.110901 0.983661
vt 0.110901 0.983661
vt 0.110901 0.983661
vt 0.110901 0.983661
vt 0.110901 0.983661
vt 0.110901 0.983661
vt 0.110901 0.983661
vt 0.110901 0.983661
vt 0.110901 0.983661
vt 0.110901 0.983661
vt 0.110901 0.983661
vt 0.110901 0.983661
vt 0.110901 0.983661
vt 0.110901 0.983661
vt 0.110901 0.983661
vt 0.110901 0.983661
vt 0.110901 0.983661
vt 0.110901 0.983661
vt 0.110901 0.983661
vt 0.110901 0.983661
vt 0.110901 0.983661
vt 0.110901 0.983661
vt 0.110901 0.983661
vt 0.110901 0.983661
vt 0.110901 0.983661
vt 0.110901 0.983661
vt 0.110901 0.983661
vt 0.110901 0.983661
vt 0.110901 0.983661
vt 0.110901 0.983661
vt 0.110901 0.983661
vt 0.110901 0.983661
vt 0.110901 0.983661
vt 0.110901 0.983661
vt 0.110901 0.983661
vt 0.110901 0.983661
vt 0.110901 0.983661
vt 0.110901 0.983661
vt 0.110901 0.983661
vt 0.110901 0.983661
vt 0.110901 0.983661
vt 0.110901 0.983661
vt 0.110901 0.983661
vt 0.110901 0.983661
vt 0.110901 0.983661
vt 0.110901 0.983661
vt 0.110901 0.983661
vt 0.110901 0.983661
vt 0.110901 0.983661
vt 0.110901 0.983661
vt 0.110901 0.983661
vt 0.110901 0.983661
vt 0.110901 0.983661
vt 0.110901 0.983661
vt 0.110901 0.983661
vt 0.110901 0.983661
vt 0.110901 0.983661
vt 0.110901 0.983661
vt 0.110901 0.983661
vt 0.110901 0.983661
vt 0.110901 0.983661
vt 0.110901 0.983661
vt 0.110901 0.983661
vt 0.110901 0.983661
vt 0.110901 0.983661
vt 0.110901 0.983661
vt 0.110901 0.983661
vt 0.110901 0.983661
vt 0.110901 0.983661
vt 0.110901 0.983661
vt 0.110901 0.983661
vt 0.110901 0.983661
vt 0.110901 0.983661
vt 0.110901 0.983661
vt 0.110901 0.983661
vt 0.110901 0.983661
vt 0.110901 0.983661
vt 0.110901 0.983661
vt 0.110901 0.983661
vt 0.110901 0.983661
vt 0.110901 0.983661
vt 0.110901 0.983661
vt 0.110901 0.983661
vt 0.110901 0.983661
vt 0.110901 0.983661
vt 0.110901 0.983661
vt 0.110901 0.983661
vt 0.110901 0.983661
vt 0.110901 0.983661
vt 0.110901 0.983661
vt 0.110901 0.983661
vt 0.110901 0.983661
vt 0.110901 0.983661
vt 0.110901 0.983661
vt 0.110901 0.983661
vt 0.110901 0.983661
vt 0.110901 0.983661
vt 0.110901 0.983661
vt 0.110901 0.983661
vt 0.110901 0.983661
vt 0.110901 0.983661
vt 0.110901 0.983661
vt 0.110901 0.983661
vt 0.110901 0.983661
vt 0.110901 0.983661
vt 0.110901 0.983661
vt 0.110901 0.983661
vt 0.110901 0.983661
vt 0.110901 0.983661
vt 0.110901 0.983661
vt 0.110901 0.983661
vt 0.110901 0.983661
vt 0.110901 0.983661
vt 0.110901 0.983661
vt 0.110901 0.983661
vt 0.110901 0.983661
vt 0.110901 0.983661
vt 0.110901 0.983661
vt 0.110901 0.983661
vt 0.110901 0.983661
vt 0.110901 0.983661
vt 0.110901 0.983661
vt 0.110901 0.983661
vt 0.110901 0.983661
vt 0.110901 0.983661
vt 0.110901 0.983661
vt 0.110901 0.983661
vt 0.110901 0.983661
vt 0.110901 0.983661
vt 0.110901 0.983661
vt 0.110901 0.983661
vt 0.110901 0.983661
vt 0.110901 0.983661
vt 0.110901 0.983661
vt 0.110901 0.983661
vt 0.110901 0.983661
vt 0.110901 0.983661
vt 0.110901 0.983661
vt 0.110901 0.983661
vt 0.110901 0.983661
vt 0.110901 0.983661
vt 0.110901 0.983661
vt 0.110901 0.983661
vt 0.110901 0.983661
vt 0.110901 0.983661
vt 0.110901 0.983661
vt 0.110901 0.983661
vt 0.110901 0.983661
vt 0.110901 0.983661
vt 0.110901 0.983661
vt 0.110901 0.983661
vt 0.110901 0.983661
vt 0.110901 0.983661
vt 0.110901 0.983661
vt 0.110901 0.983661
vt 0.110901 0.983661
vt 0.110901 0.983661
vt 0.110901 0.983661
vt 0.110901 0.983661
vt 0.110901 0.983661
vt 0.110901 0.983661
vt 0.110901 0.983661
vt 0.110901 0.983661
vt 0.110901 0.983661
vt 0.110901 0.983661
vt 0.110901 0.983661
vt 0.110901 0.983661
vt 0.110901 0.983661
vt 0.110901 0.983661
vt 0.110901 0.983661
vt 0.110901 0.983661
vt 0.110901 0.983661
vt 0.110901 0.983661
vt 0.110901 0.983661
vt 0.110901 0.983661
vt 0.110901 0.983661
vt 0.110901 0.983661
vt 0.110901 0.983661
vt 0.110901 0.983661
vt 0.110901 0.983661
vt 0.110901 0.983661
vt 0.110901 0.983661
vt 0.110901 0.983661
vt 0.110901 0.983661
vt 0.110901 0.983661
vt 0.110901 0.983661
vt 0.110901 0.983661
vt 0.110901 0.983661
vt 0.110901 0.983661
vt 0.110901 0.983661
vt 0.110901 0.983661
vt 0.110901 0.983661
vt 0.110901 0.983661
vt 0.110901 0.983661
vt 0.110901 0.983661
vt 0.110901 0.983661
vt 0.110901 0.983661
vt 0.110901 0.983661
vt 0.110901 0.983661
vt 0.110901 0.983661
vt 0.110901 0.983661
vt 0.110901 0.983661
vt 0.110901 0.983661
vt 0.110901 0.983661
vt 0.110901 0.983661
vt 0.110901 0.983661
vt 0.110901 0.983661
vt 0.110901 0.983661
vt 0.110901 0.983661
vt 0.110901 0.983661
vt 0.110901 0.983661
vt 0.110901 0.983661
vt 0.110901 0.983661
vt 0.110901 0.983661
vt 0.110901 0.983661
vt 0.110901 0.983661
vt 0.110901 0.983661
vt 0.110901 0.983661
vt 0.110901 0.983661
vt 0.110901 0.983661
vt 0.110901 0.983661
vt 0.110901 0.983661
vt 0.110901 0.983661
vt 0.110901 0.983661
vt 0.110901 0.983661
vt 0.110901 0.983661
vt 0.110901 0.983661
vt 0.110901 0.983661
vt 0.110901 0.983661
vt 0.110901 0.983661
vt 0.110901 0.983661
vt 0.110901 0.983661
vt 0.110901 0.983661
vt 0.110901 0.983661
vt 0.110901 0.983661
vt 0.110901 0.983661
vt 0.110901 0.983661
vt 0.110901 0.983661
vt 0.110901 0.983661
vt 0.110901 0.983661
vt 0.110901 0.983661
vt 0.110901 0.983661
vt 0.110901 0.983661
vt 0.110901 0.983661
vt 0.110901 0.983661
vt 0.110901 0.983661
vt 0.110901 0.983661
vt 0.110901 0.983661
vt 0.110901 0.983661
vt 0.110901 0.983661
vt 0.110901 0.983661
vt 0.110901 0.983661
vt 0.110901 0.983661
vt 0.110901 0.983661
vt 0.110901 0.983661
vt 0.110901 0.983661
vt 0.110901 0.983661
vt 0.110901 0.983661
vt 0.110901 0.983661
vt 0.110901 0.983661
vt 0.110901 0.983661
vt 0.110901 0.983661
vt 0.110901 0.983661
vt 0.110901 0.983661
vt 0.110901 0.983661
vt 0.110901 0.983661
vt 0.110901 0.983661
vt 0.110901 0.983661
vt 0.110901 0.983661
vt 0.110901 0.983661
vt 0.110901 0.983661
vt 0.110901 0.983661
vt 0.110901 0.983661
vt 0.110901 0.983661
vt 0.110901 0.983661
vt 0.110901 0.983661
vt 0.110901 0.983661
vt 0.110901 0.983661
vt 0.110901 0.983661
vt 0.110901 0.983661
vt 0.110901 0.983661
vt 0.110901 0.983661
vt 0.110901 0.983661
vt 0.110901 0.983661
vt 0.110901 0.983661
vt 0.110901 0.983661
vt 0.110901 0.983661
vt 0.110901 0.983661
vt 0.110901 0.983661
vt 0.110901 0.983661
vt 0.110901 0.983661
vt 0.110901 0.983661
vt 0.110901 0.983661
vt 0.110901 0.983661
vt 0.110901 0.983661
vt 0.110901 0.983661
vt 0.110901 0.983661
vt 0.110901 0.983661
vt 0.110901 0.983661
vt 0.110901 0.983661
vt 0.110901 0.983661
vt 0.110901 0.983661
vt 0.110901 0.983661
vt 0.110901 0.983661
vt 0.110901 0.983661
vt 0.110901 0.983661
vt 0.110901 0.983661
vt 0.110901 0.983661
vt 0.110901 0.983661
vt 0.110901 0.983661
vt 0.110901 0.983661
vt 0.110901 0.983661
vt 0.110901 0.983661
vt 0.110901 0.983661
vt 0.110901 0.983661
vt 0.110901 0.983661
vt 0.110901 0.983661
vt 0.110901 0.983661
vt 0.110901 0.983661
vt 0.110901 0.983661
vt 0.110901 0.983661
vt 0.110901 0.983661
vt 0.110901 0.983661
vt 0.110901 0.983661
vt 0.110901 0.983661
vt 0.110901 0.983661
vt 0.110901 0.983661
vt 0.110901 0.983661
vt 0.110901 0.983661
vt 0.110901 0.983661
vt 0.110901 0.983661
vt 0.110901 0.983661
vt 0.110901 0.983661
vt 0.110901 0.983661
vt 0.110901 0.983661
vt 0.110901 0.983661
vt 0.110901 0.983661
vt 0.110901 0.983661
vt 0.110901 0.983661
vt 0.110901 0.983661
vt 0.110901 0.983661
vt 0.110901 0.983661
vt 0.110901 0.983661
vt 0.110901 0.983661
vt 0.110901 0.983661
vt 0.110901 0.983661
vt 0.110901 0.983661
vt 0.110901 0.983661
vt 0.110901 0.983661
vt 0.110901 0.983661
vt 0.110901 0.983661
vt 0.110901 0.983661
vt 0.110901 0.983661
vt 0.110901 0.983661
vt 0.110901 0.983661
vt 0.110901 0.983661
vt 0.110901 0.983661
vt 0.110901 0.983661
vt 0.110901 0.983661
vt 0.110901 0.983661
vt 0.110901 0.983661
vt 0.110901 0.983661
vt 0.110901 0.983661
vt 0.110901 0.983661
vt 0.110901 0.983661
vt 0.110901 0.983661
vt 0.110901 0.983661
vt 0.110901 0.983661
vt 0.110901 0.983661
vt 0.110901 0.983661
vt 0.110901 0.983661
vt 0.110901 0.983661
vt 0.110901 0.983661
vt 0.110901 0.983661
vt 0.110901 0.983661
vt 0.110901 0.983661
vt 0.110901 0.983661
vt 0.110901 0.983661
vt 0.110901 0.983661
vt 0.110901 0.983661
vt 0.110901 0.983661
vt 0.110901 0.983661
vt 0.110901 0.983661
vt 0.110901 0.983661
vt 0.110901 0.983661
vt 0.110901 0.983661
vt 0.110901 0.983661
vt 0.110901 0.983661
vt 0.110901 0.983661
vt 0.110901 0.983661
vt 0.110901 0.983661
vt 0.110901 0.983661
vt 0.110901 0.983661
vt 0.110901 0.983661
vt 0.110901 0.983661
vt 0.110901 0.983661
vt 0.110901 0.983661
vt 0.110901 0.983661
vt 0.110901 0.983661
vt 0.110901 0.983661
vt 0.110901 0.983661
vt 0.110901 0.983661
vt 0.110901 0.983661
vt 0.110901 0.983661
vt 0.110901 0.983661
vt 0.110901 0.983661
vt 0.110901 0.983661
vt 0.110901 0.983661
vt 0.110901 0.983661
vt 0.110901 0.983661
vt 0.110901 0.983661
vt 0.110901 0.983661
vt 0.110901 0.983661
vt 0.110901 0.983661
vt 0.110901 0.983661
vt 0.110901 0.983661
vt 0.110901 0.983661
vt 0.110901 0.983661
vt 0.110901 0.983661
vt 0.110901 0.983661
vt 0.110901 0.983661
vt 0.110901 0.983661
vt 0.110901 0.983661
vt 0.110901 0.983661
vt 0.110901 0.983661
vt 0.110901 0.983661
vt 0.110901 0.983661
vt 0.110901 0.983661
vt 0.110901 0.983661
vt 0.110901 0.983661
vt 0.110901 0.983661
vt 0.110901 0.983661
vt 0.110901 0.983661
vt 0.110901 0.983661
vt 0.110901 0.983661
vt 0.110901 0.983661
vt 0.110901 0.983661
vt 0.110901 0.983661
vt 0.110901 0.983661
vt 0.110901 0.983661
vt 0.110901 0.983661
vt 0.110901 0.983661
vt 0.110901 0.983661
vt 0.110901 0.983661
vt 0.110901 0.983661
vt 0.110901 0.983661
vt 0.110901 0.983661
vt 0.110901 0.983661
vt 0.110901 0.983661
vt 0.110901 0.983661
vt 0.110901 0.983661
vt 0.110901 0.983661
vt 0.110901 0.983661
vt 0.110901 0.983661
vt 0.110901 0.983661
vt 0.110901 0.983661
vt 0.110901 0.983661
vt 0.110901 0.983661
vt 0.110901 0.983661
vt 0.110901 0.983661
vt 0.110901 0.983661
vt 0.110901 0.983661
vt 0.110901 0.983661
vt 0.110901 0.983661
vt 0.110901 0.983661
vt 0.110901 0.983661
vt 0.110901 0.983661
vt 0.110901 0.983661
vt 0.110901 0.983661
vt 0.110901 0.983661
vt 0.110901 0.983661
vt 0.110901 0.983661
vt 0.110901 0.983661
vt 0.110901 0.983661
vt 0.110901 0.983661
vt 0.110901 0.983661
vt 0.110901 0.983661
vt 0.110901 0.983661
vt 0.110901 0.983661
vt 0.110901 0.983661
vt 0.110901 0.983661
vt 0.110901 0.983661
vt 0.110901 0.983661
vt 0.110901 0.983661
vt 0.110901 0.983661
vt 0.110901 0.983661
vt 0.110901 0.983661
vt 0.110901 0.983661
vt 0.110901 0.983661
vt 0.110901 0.983661
vt 0.110901 0.983661
vt 0.110901 0.983661
vt 0.110901 0.983661
vt 0.110901 0.983661
vt 0.110901 0.983661
vt 0.110901 0.983661
vt 0.110901 0.983661
vt 0.110901 0.983661
vt 0.110901 0.983661
vt 0.110901 0.983661
vt 0.110901 0.983661
vt 0.110901 0.983661
vt 0.110901 0.983661
vt 0.110901 0.983661
vt 0.110901 0.983661
vt 0.110901 0.983661
vt 0.110901 0.983661
vt 0.110901 0.983661
vt 0.110901 0.983661
vt 0.110901 0.983661
vt 0.110901 0.983661
vt 0.110901 0.983661
vt 0.110901 0.983661
vt 0.110901 0.983661
vt 0.110901 0.983661
vt 0.110901 0.983661
vt 0.110901 0.983661
vt 0.110901 0.983661
vt 0.110901 0.983661
vt 0.110901 0.983661
vt 0.110901 0.983661
vt 0.110901 0.983661
vt 0.110901 0.983661
vt 0.110901 0.983661
vt 0.110901 0.983661
vt 0.110901 0.983661
vt 0.110901 0.983661
vt 0.110901 0.983661
vt 0.110901 0.983661
vt 0.110901 0.983661
vt 0.110901 0.983661
vt 0.110901 0.983661
vt 0.110901 0.983661
vt 0.110901 0.983661
vt 0.110901 0.983661
vt 0.110901 0.983661
vt 0.110901 0.983661
vt 0.110901 0.983661
vt 0.110901 0.983661
vt 0.110901 0.983661
vt 0.110901 0.983661
vt 0.110901 0.983661
vt 0.110901 0.983661
vt 0.110901 0.983661
vt 0.110901 0.983661
vt 0.110901 0.983661
vt 0.110901 0.983661
vt 0.110901 0.983661
vt 0.110901 0.983661
vt 0.110901 0.983661
vt 0.110901 0.983661
vt 0.110901 0.983661
vt 0.110901 0.983661
vt 0.110901 0.983661
vt 0.110901 0.983661
vt 0.110901 0.983661
vt 0.110901 0.983661
vt 0.110901 0.983661
vt 0.110901 0.983661
vt 0.110901 0.983661
vt 0.110901 0.983661
vt 0.110901 0.983661
vt 0.110901 0.983661
vt 0.110901 0.983661
vt 0.110901 0.983661
vt 0.110901 0.983661
vt 0.110901 0.983661
vt 0.110901 0.983661
vt 0.110901 0.983661
vt 0.110901 0.983661
vt 0.110901 0.983661
vt 0.110901 0.983661
vt 0.110901 0.983661
vt 0.110901 0.983661
vt 0.110901 0.983661
vt 0.110901 0.983661
vt 0.110901 0.983661
vt 0.110901 0.983661
vt 0.110901 0.983661
vt 0.110901 0.983661
vt 0.110901 0.983661
vt 0.110901 0.983661
vt 0.110901 0.983661
vt 0.110901 0.983661
vt 0.110901 0.983661
vt 0.110901 0.983661
vt 0.110901 0.983661
vt 0.110901 0.983661
vt 0.110901 0.983661
vt 0.110901 0.983661
vt 0.110901 0.983661
vt 0.110901 0.983661
vt 0.110901 0.983661
vt 0.110901 0.983661
vt 0.110901 0.983661
vt 0.110901 0.983661
vt 0.110901 0.983661
vt 0.110901 0.983661
vt 0.110901 0.983661
vt 0.110901 0.983661
vt 0.110901 0.983661
vt 0.110901 0.983661
vt 0.110901 0.983661
vt 0.110901 0.983661
vt 0.110901 0.983661
vt 0.110901 0.983661
vt 0.110901 0.983661
vt 0.110901 0.983661
vt 0.110901 0.983661
vt 0.110901 0.983661
vt 0.110901 0.983661
vt 0.110901 0.983661
vt 0.110901 0.983661
vt 0.110901 0.983661
vt 0.110901 0.983661
vt 0.110901 0.983661
vt 0.110901 0.983661
vt 0.110901 0.983661
vt 0.110901 0.983661
vt 0.110901 0.983661
vt 0.110901 0.983661
vt 0.110901 0.983661
vt 0.110901 0.983661
vt 0.110901 0.983661
vt 0.110901 0.983661
vt 0.110901 0.983661
vt 0.110901 0.983661
vt 0.110901 0.983661
vt 0.110901 0.983661
vt 0.110901 0.983661
vt 0.110901 0.983661
vt 0.110901 0.983661
vt 0.110901 0.983661
vt 0.110901 0.983661
vt 0.110901 0.983661
vt 0.110901 0.983661
vt 0.110901 0.983661
vt 0.110901 0.983661
vt 0.110901 0.983661
vt 0.110901 0.983661
vt 0.110901 0.983661
vt 0.110901 0.983661
vt 0.110901 0.983661
vt 0.110901 0.983661
vt 0.110901 0.983661
vt 0.110901 0.983661
vt 0.110901 0.983661
vt 0.110901 0.983661
vt 0.110901 0.983661
vt 0.110901 0.983661
vt 0.110901 0.983661
vt 0.110901 0.983661
vt 0.110901 0.983661
vt 0.110901 0.983661
vt 0.110901 0.983661
vt 0.110901 0.983661
vt 0.110901 0.983661
vt 0.110901 0.983661
vt 0.110901 0.983661
vt 0.110901 0.983661
vt 0.110901 0.983661
vt 0.110901 0.983661
vt 0.110901 0.983661
vt 0.110901 0.983661
vt 0.110901 0.983661
vt 0.110901 0.983661
vt 0.110901 0.983661
vt 0.110901 0.983661
vt 0.110901 0.983661
vt 0.110901 0.983661
vt 0.110901 0.983661
vt 0.110901 0.983661
vt 0.110901 0.983661
vt 0.110901 0.983661
vt 0.110901 0.983661
vt 0.110901 0.983661
vt 0.110901 0.983661
vt 0.110901 0.983661
vt 0.110901 0.983661
vt 0.110901 0.983661
vt 0.110901 0.983661
vt 0.110901 0.983661
vt 0.110901 0.983661
vt 0.110901 0.983661
vt 0.110901 0.983661
vt 0.110901 0.983661
vt 0.110901 0.983661
vt 0.110901 0.983661
vt 0.110901 0.983661
vt 0.110901 0.983661
vt 0.110901 0.983661
vt 0.110901 0.983661
vt 0.110901 0.983661
vt 0.110901 0.983661
vt 0.110901 0.983661
vt 0.110901 0.983661
vt 0.110901 0.983661
vt 0.110901 0.983661
vt 0.110901 0.983661
vt 0.110901 0.983661
vt 0.110901 0.983661
vt 0.110901 0.983661
vt 0.110901 0.983661
vt 0.110901 0.983661
vt 0.110901 0.983661
vt 0.110901 0.983661
vt 0.110901 0.983661
vt 0.110901 0.983661
vt 0.110901 0.983661
vt 0.110901 0.983661
vt 0.110901 0.983661
vt 0.110901 0.983661
vt 0.110901 0.983661
vt 0.110901 0.983661
vt 0.110901 0.983661
vt 0.110901 0.983661
vt 0.110901 0.983661
vt 0.110901 0.983661
vt 0.110901 0.983661
vt 0.110901 0.983661
vt 0.110901 0.983661
vt 0.110901 0.983661
vt 0.110901 0.983661
vt 0.110901 0.983661
vt 0.110901 0.983661
vt 0.110901 0.983661
vt 0.110901 0.983661
vt 0.110901 0.983661
vt 0.110901 0.983661
vt 0.110901 0.983661
vt 0.110901 0.983661
vt 0.110901 0.983661
vt 0.110901 0.983661
vt 0.110901 0.983661
vt 0.110901 0.983661
vt 0.110901 0.983661
vt 0.110901 0.983661
vt 0.110901 0.983661
vt 0.110901 0.983661
vt 0.110901 0.983661
vt 0.110901 0.983661
vt 0.110901 0.983661
vt 0.110901 0.983661
vt 0.110901 0.983661
vt 0.110901 0.983661
vt 0.110901 0.983661
vt 0.110901 0.983661
vt 0.110901 0.983661
vt 0.110901 0.983661
vt 0.110901 0.983661
vt 0.110901 0.983661
vt 0.110901 0.983661
vt 0.110901 0.983661
vt 0.110901 0.983661
vt 0.110901 0.983661
vt 0.110901 0.983661
vt 0.110901 0.983661
vt 0.110901 0.983661
vt 0.110901 0.983661
vt 0.110901 0.983661
vt 0.110901 0.983661
vt 0.110901 0.983661
vt 0.110901 0.983661
vt 0.110901 0.983661
vt 0.110901 0.983661
vt 0.110901 0.983661
vt 0.110901 0.983661
vt 0.110901 0.983661
vt 0.110901 0.983661
vt 0.110901 0.983661
vt 0.110901 0.983661
vt 0.110901 0.983661
vt 0.110901 0.983661
vt 0.110901 0.983661
vt 0.110901 0.983661
vt 0.110901 0.983661
vt 0.110901 0.983661
vt 0.110901 0.983661
vt 0.110901 0.983661
vt 0.110901 0.983661
vt 0.110901 0.983661
vt 0.110901 0.983661
vt 0.110901 0.983661
vt 0.110901 0.983661
vt 0.110901 0.983661
vt 0.110901 0.983661
vt 0.110901 0.983661
vt 0.110901 0.983661
vt 0.110901 0.983661
vt 0.110901 0.983661
vt 0.110901 0.983661
vt 0.110901 0.983661
vt 0.110901 0.983661
vt 0.110901 0.983661
vt 0.110901 0.983661
vt 0.110901 0.983661
vt 0.110901 0.983661
vt 0.110901 0.983661
vt 0.110901 0.983661
vt 0.110901 0.983661
vt 0.110901 0.983661
vt 0.110901 0.983661
vt 0.110901 0.983661
vt 0.110901 0.983661
vt 0.110901 0.983661
vt 0.110901 0.983661
vt 0.110901 0.983661
vt 0.110901 0.983661
vt 0.110901 0.983661
vt 0.110901 0.983661
vt 0.110901 0.983661
vt 0.110901 0.983661
vt 0.110901 0.983661
vt 0.110901 0.983661
vt 0.110901 0.983661
vt 0.110901 0.983661
vt 0.110901 0.983661
vt 0.110901 0.983661
vt 0.110901 0.983661
vt 0.110901 0.983661
vt 0.110901 0.983661
vt 0.110901 0.983661
vt 0.110901 0.983661
vt 0.110901 0.983661
vt 0.110901 0.983661
vt 0.110901 0.983661
vt 0.110901 0.983661
vt 0.110901 0.983661
vt 0.110901 0.983661
vt 0.110901 0.983661
vt 0.110901 0.983661
vt 0.110901 0.983661
vt 0.110901 0.983661
vt 0.110901 0.983661
vt 0.110901 0.983661
vt 0.110901 0.983661
vt 0.110901 0.983661
vt 0.110901 0.983661
vt 0.110901 0.983661
vt 0.110901 0.983661
vt 0.110901 0.983661
vt 0.110901 0.983661
vt 0.110901 0.983661
vt 0.110901 0.983661
vt 0.110901 0.983661
vt 0.110901 0.983661
vt 0.110901 0.983661
vt 0.110901 0.983661
vt 0.110901 0.983661
vt 0.110901 0.983661
vt 0.110901 0.983661
vt 0.110901 0.983661
vt 0.110901 0.983661
vt 0.110901 0.983661
vt 0.110901 0.983661
vt 0.110901 0.983661
vt 0.110901 0.983661
vt 0.110901 0.983661
vt 0.110901 0.983661
vt 0.110901 0.983661
vt 0.110901 0.983661
vt 0.110901 0.983661
vt 0.110901 0.983661
vt 0.110901 0.983661
vt 0.110901 0.983661
vt 0.110901 0.983661
vt 0.110901 0.983661
vt 0.110901 0.983661
vt 0.110901 0.983661
vt 0.110901 0.983661
vt 0.110901 0.983661
vt 0.110901 0.983661
vt 0.110901 0.983661
vt 0.110901 0.983661
vt 0.110901 0.983661
vt 0.110901 0.983661
vt 0.110901 0.983661
vt 0.110901 0.983661
vt 0.110901 0.983661
vt 0.110901 0.983661
vt 0.110901 0.983661
vt 0.110901 0.983661
vt 0.110901 0.983661
vt 0.110901 0.983661
vt 0.110901 0.983661
vt 0.110901 0.983661
vt 0.110901 0.983661
vt 0.110901 0.983661
vt 0.110901 0.983661
vt 0.110901 0.983661
vt 0.110901 0.983661
vt 0.110901 0.983661
vt 0.110901 0.983661
vt 0.110901 0.983661
vt 0.110901 0.983661
vt 0.110901 0.983661
vt 0.110901 0.983661
vt 0.110901 0.983661
vt 0.110901 0.983661
vt 0.110901 0.983661
vt 0.110901 0.983661
vt 0.110901 0.983661
vt 0.110901 0.983661
vt 0.110901 0.983661
vt 0.110901 0.983661
vt 0.110901 0.983661
vt 0.110901 0.983661
vt 0.110901 0.983661
vt 0.110901 0.983661
vt 0.110901 0.983661
vt 0.110901 0.983661
vt 0.110901 0.983661
vt 0.110901 0.983661
vt 0.110901 0.983661
vt 0.110901 0.983661
vt 0.110901 0.983661
vt 0.110901 0.983661
vt 0.110901 0.983661
vt 0.110901 0.983661
vt 0.110901 0.983661
vt 0.110901 0.983661
vt 0.110901 0.983661
vt 0.110901 0.983661
vt 0.110901 0.983661
vt 0.110901 0.983661
vt 0.110901 0.983661
vt 0.110901 0.983661
vt 0.110901 0.983661
vt 0.110901 0.983661
vt 0.110901 0.983661
vt 0.110901 0.983661
vt 0.110901 0.983661
vt 0.110901 0.983661
vt 0.110901 0.983661
vt 0.110901 0.983661
vt 0.110901 0.983661
vt 0.110901 0.983661
vt 0.110901 0.983661
vt 0.110901 0.983661
vt 0.110901 0.983661
vt 0.110901 0.983661
vt 0.110901 0.983661
vt 0.110901 0.983661
vt 0.110901 0.983661
vt 0.110901 0.983661
vt 0.110901 0.983661
vt 0.110901 0.983661
vt 0.110901 0.983661
vt 0.110901 0.983661
vt 0.110901 0.983661
vt 0.110901 0.983661
vt 0.110901 0.983661
vt 0.110901 0.983661
vt 0.110901 0.983661
vt 0.110901 0.983661
vt 0.110901 0.983661
vt 0.110901 0.983661
vt 0.110901 0.983661
vt 0.110901 0.983661
vt 0.110901 0.983661
vt 0.110901 0.983661
vt 0.110901 0.983661
vt 0.110901 0.983661
vt 0.110901 0.983661
vt 0.110901 0.983661
vt 0.110901 0.983661
vt 0.110901 0.983661
vt 0.110901 0.983661
vt 0.110901 0.983661
vt 0.110901 0.983661
vt 0.110901 0.983661
vt 0.110901 0.983661
vt 0.110901 0.983661
vt 0.110901 0.983661
vt 0.110901 0.983661
vt 0.110901 0.983661
vt 0.110901 0.983661
vt 0.110901 0.983661
vt 0.110901 0.983661
vt 0.110901 0.983661
vt 0.110901 0.983661
vt 0.110901 0.983661
vt 0.110901 0.983661
vt 0.110901 0.983661
vt 0.110901 0.983661
vt 0.110901 0.983661
vt 0.110901 0.983661
vt 0.110901 0.983661
vt 0.110901 0.983661
vt 0.110901 0.983661
vt 0.110901 0.983661
vt 0.110901 0.983661
vt 0.110901 0.983661
vt 0.110901 0.983661
vt 0.110901 0.983661
vt 0.110901 0.983661
vt 0.110901 0.983661
vt 0.110901 0.983661
vt 0.110901 0.983661
vt 0.110901 0.983661
vt 0.110901 0.983661
vt 0.110901 0.983661
vt 0.110901 0.983661
vt 0.110901 0.983661
vt 0.110901 0.983661
vt 0.110901 0.983661
vt 0.110901 0.983661
vt 0.110901 0.983661
vt 0.110901 0.983661
vt 0.110901 0.983661
vt 0.110901 0.983661
vt 0.110901 0.983661
vt 0.110901 0.983661
vt 0.110901 0.983661
vt 0.110901 0.983661
vt 0.110901 0.983661
vt 0.110901 0.983661
vt 0.110901 0.983661
vt 0.110901 0.983661
vt 0.110901 0.983661
vt 0.110901 0.983661
vt 0.110901 0.983661
vt 0.110901 0.983661
vt 0.110901 0.983661
vt 0.110901 0.983661
vt 0.110901 0.983661
vt 0.110901 0.983661
vt 0.110901 0.983661
vt 0.110901 0.983661
vt 0.110901 0.983661
vt 0.110901 0.983661
vt 0.110901 0.983661
vt 0.110901 0.983661
vt 0.110901 0.983661
vt 0.110901 0.983661
vt 0.110901 0.983661
vt 0.110901 0.983661
vt 0.110901 0.983661
vt 0.110901 0.983661
vt 0.110901 0.983661
vt 0.110901 0.983661
vt 0.110901 0.983661
vt 0.110901 0.983661
vt 0.110901 0.983661
vt 0.110901 0.983661
vt 0.110901 0.983661
vt 0.110901 0.983661
vt 0.110901 0.983661
vt 0.110901 0.983661
vt 0.110901 0.983661
vt 0.110901 0.983661
vt 0.110901 0.983661
vt 0.110901 0.983661
vt 0.110901 0.983661
vt 0.110901 0.983661
vt 0.110901 0.983661
vt 0.110901 0.983661
vt 0.110901 0.983661
vt 0.110901 0.983661
vt 0.110901 0.983661
vt 0.110901 0.983661
vt 0.110901 0.983661
vt 0.110901 0.983661
vt 0.110901 0.983661
vt 0.110901 0.983661
vt 0.110901 0.983661
vt 0.110901 0.983661
vt 0.110901 0.983661
vt 0.110901 0.983661
vt 0.110901 0.983661
vt 0.110901 0.983661
vt 0.110901 0.983661
vt 0.110901 0.983661
vt 0.110901 0.983661
vt 0.110901 0.983661
vt 0.110901 0.983661
vt 0.110901 0.983661
vt 0.110901 0.983661
vt 0.110901 0.983661
vt 0.110901 0.983661
vt 0.110901 0.983661
vt 0.110901 0.983661
vt 0.110901 0.983661
vt 0.110901 0.983661
vt 0.110901 0.983661
vt 0.110901 0.983661
vt 0.110901 0.983661
vt 0.110901 0.983661
vt 0.110901 0.983661
vt 0.110901 0.983661
vt 0.110901 0.983661
vt 0.110901 0.983661
vt 0.110901 0.983661
vt 0.110901 0.983661
vt 0.110901 0.983661
vt 0.110901 0.983661
vt 0.110901 0.983661
vt 0.110901 0.983661
vt 0.110901 0.983661
vt 0.110901 0.983661
vt 0.110901 0.983661
vt 0.110901 0.983661
vt 0.110901 0.983661
vt 0.110901 0.983661
vt 0.110901 0.983661
vt 0.110901 0.983661
vt 0.110901 0.983661
vt 0.110901 0.983661
vt 0.110901 0.983661
vt 0.110901 0.983661
vt 0.110901 0.983661
vt 0.110901 0.983661
vt 0.110901 0.983661
vt 0.110901 0.983661
vn -0.9808 -0.0000 0.1951
vn -0.9808 -0.1951 0.0000
vn -0.9673 -0.1794 0.1794
vn -0.9194 -0.1585 0.3600
vn -0.9996 0.0204 -0.0204
vn -0.9239 0.0000 0.3827
vn -0.9953 0.0456 -0.0852
vn -0.9239 -0.3827 0.0000
vn -0.9194 -0.3600 0.1585
vn -0.9953 0.0853 -0.0456
vn -0.8881 -0.3251 0.3251
vn 0.1951 -0.0000 -0.9808
vn 0.3827 0.0000 -0.9239
vn 0.2048 0.1871 -0.9607
vn -0.1951 -0.0000 -0.9808
vn 0.3912 0.1652 -0.9054
vn -0.2048 0.1871 -0.9607
vn -0.3912 0.1652 -0.9054
vn 0.2087 0.3595 -0.9095
vn -0.2087 0.3596 -0.9095
vn 0.9673 0.1794 0.1794
vn 0.9194 0.3600 -0.1585
vn 0.9194 0.3600 0.1585
vn 0.9673 -0.1794 0.1794
vn 0.9924 -0.1122 0.0506
vn 0.9924 -0.1122 0.0507
vn 0.9673 0.1794 -0.1794
vn 0.8881 0.3251 0.3251
vn 0.9194 0.1585 0.3600
vn 0.9505 -0.1561 0.2688
vn 0.9924 -0.0648 0.1048
vn 0.9808 0.0000 -0.1951
vn 0.9194 0.1585 -0.3600
vn 0.9194 0.1585 -0.3599
vn 0.8881 0.3251 -0.3251
vn 0.9453 -0.3138 0.0890
vn 0.8881 -0.3251 0.3251
vn 0.9194 -0.3600 0.1585
vn -0.9673 0.1794 -0.1794
vn -0.9808 0.0000 -0.1951
vn -0.9924 -0.1122 0.0507
vn -0.8881 0.3251 -0.3251
vn -0.9194 0.1585 -0.3599
vn -0.9924 -0.1122 0.0508
vn -0.9673 0.1794 0.1794
vn -0.9505 -0.1560 0.2688
vn -0.9453 -0.3138 0.0890
vn -0.9194 0.3600 -0.1585
vn -0.9194 0.1585 0.3600
vn -0.8881 0.3251 0.3251
vn -0.9194 0.1585 -0.3600
vn -0.9924 -0.0648 0.1048
vn 0.9853 -0.0226 0.1692
vn 0.9239 -0.0000 0.3827
vn 0.9808 0.0000 0.1951
vn 0.9345 -0.0544 0.3517
vn 0.9864 0.0253 -0.1625
vn 0.9469 0.0531 -0.3171
vn 0.9239 -0.0000 -0.3827
vn 0.9953 0.0456 -0.0853
vn -0.9864 0.1625 0.0253
vn -0.9864 0.1625 -0.0253
vn -0.9953 0.0852 0.0456
vn 0.1794 0.9673 0.1794
vn 0.1585 0.9194 0.3600
vn 0.3251 0.8881 0.3251
vn 0.1794 0.9673 -0.1794
vn -0.1794 0.9673 -0.1794
vn -0.1794 0.9673 0.1794
vn -0.1585 0.9194 0.3600
vn 0.3600 0.9194 -0.1585
vn 0.3251 0.8881 -0.3251
vn -0.3251 0.8881 -0.3251
vn -0.3600 0.9194 -0.1585
vn -0.3600 0.9194 0.1585
vn -0.3251 0.8881 0.3251
vn 0.9808 -0.1951 0.0000
vn 0.9239 -0.3827 0.0000
vn 0.9864 0.1625 0.0253
vn 0.9864 0.1625 -0.0253
vn 0.9953 0.0853 0.0456
vn 0.9953 0.0852 -0.0456
vn -0.9673 -0.1794 -0.1794
vn -0.9996 0.0204 0.0204
vn -0.9194 -0.1585 -0.3600
vn -0.9194 -0.3600 -0.1585
vn -0.9953 0.0853 0.0456
vn -0.8881 -0.3251 -0.3251
vn 0.1951 0.0000 0.9808
vn -0.1951 0.0000 0.9808
vn -0.1794 -0.1794 0.9673
vn 0.1794 -0.1794 0.9673
vn 0.3600 -0.1585 0.9194
vn -0.3251 -0.3251 0.8881
vn -0.1585 -0.3600 0.9194
vn -0.3827 0.0000 0.9239
vn 0.1585 -0.3600 0.9194
vn 0.3251 -0.3251 0.8881
vn -0.1794 -0.9673 0.1794
vn -0.3827 -0.9239 -0.0000
vn -0.1951 -0.9808 -0.0000
vn 0.1951 -0.9808 -0.0000
vn 0.1794 -0.9673 0.1794
vn -0.3251 -0.8881 0.3251
vn -0.3600 -0.9194 0.1585
vn 0.3827 -0.9239 -0.0000
vn 0.3600 -0.9194 0.1585
vn 0.3251 -0.8881 0.3251
vn 0.9996 0.0204 -0.0204
vn -0.1794 0.1794 -0.9673
vn -0.3827 0.0000 -0.9239
vn -0.3600 0.1585 -0.9194
vn -0.3251 0.3251 -0.8881
vn 0.1794 0.1794 -0.9673
vn 0.3251 0.3251 -0.8881
vn 0.3600 0.1585 -0.9194
vn 0.3599 0.9194 -0.1585
vn 0.3251 0.8881 -0.3250
vn -0.3251 0.8881 -0.3250
vn -0.3599 0.9194 -0.1585
vn -0.3251 0.8881 0.3250
vn 0.9953 0.0456 0.0853
vn 0.9996 0.0204 0.0204
vn 0.9194 -0.1585 -0.3600
vn 0.9673 -0.1794 -0.1794
vn 0.9808 -0.0001 -0.1951
vn 0.9792 0.1434 0.1434
vn 0.9953 0.0852 0.0456
vn 0.9194 -0.3600 -0.1585
vn 0.8881 -0.3251 -0.3251
vn 0.1794 0.1794 0.9673
vn 0.3912 0.1652 0.9054
vn 0.3600 0.1585 0.9194
vn -0.1794 0.1794 0.9673
vn -0.2048 0.1871 0.9607
vn 0.3251 0.3251 0.8881
vn 0.2048 0.1871 0.9607
vn -0.3912 0.1652 0.9054
vn -0.3251 0.3251 0.8881
vn -0.3600 0.1585 0.9194
vn 0.2086 0.3596 0.9095
vn -0.3599 -0.9194 0.1585
vn 0.1585 -0.9194 0.3600
vn -0.1585 -0.9194 0.3600
vn -0.2282 -0.9567 0.1810
vn 0.2282 -0.9567 0.1809
vn 0.0000 -0.9239 0.3827
vn -0.9864 0.0253 0.1625
vn -0.9469 0.0531 0.3171
vn -0.9239 0.0000 -0.3827
vn -0.9953 0.0456 0.0853
vn 0.1794 -0.1794 -0.9673
vn -0.1794 -0.1794 -0.9673
vn -0.3600 -0.1585 -0.9194
vn 0.3600 -0.1585 -0.9194
vn 0.1951 0.0001 -0.9808
vn 0.3251 -0.3251 -0.8881
vn 0.1585 -0.3600 -0.9194
vn -0.1585 -0.3600 -0.9194
vn -0.3251 -0.3251 -0.8881
vn 0.9864 0.0253 0.1625
vn 0.8881 0.3251 -0.3250
vn 0.9673 0.1794 0.1793
vn 0.9469 0.0531 0.3171
vn 0.9808 0.0001 -0.1951
vn 0.2048 0.9607 0.1871
vn -0.2048 0.9607 -0.1871
vn 0.2048 0.9607 -0.1871
vn -0.2048 0.9607 0.1871
vn -0.3912 0.9053 -0.1652
vn 0.2087 0.9095 -0.3595
vn 0.3913 0.9053 0.1651
vn -0.1794 -0.9673 -0.1794
vn -0.3251 -0.8881 -0.3251
vn -0.1585 -0.9194 -0.3600
vn 0.1794 -0.9673 -0.1794
vn 0.1585 -0.9194 -0.3600
vn 0.3251 -0.8881 -0.3251
vn -0.9864 0.0253 -0.1625
vn -0.9853 -0.0226 0.1691
vn -0.9853 -0.0226 0.1692
vn -0.9505 -0.1561 0.2688
vn -0.9345 -0.0544 0.3517
vn -0.2082 -0.1836 0.9607
vn 0.2082 -0.1837 0.9607
vn -0.3968 -0.1555 0.9047
vn 0.3827 0.0000 0.9239
vn -0.2095 -0.3544 0.9113
vn -0.3600 -0.1585 0.9194
vn 0.9194 -0.1585 0.3600
vn -0.1585 0.9194 -0.3600
vn -0.1585 0.3600 -0.9194
vn 0.1585 0.3600 -0.9194
vn -0.9194 0.3600 0.1585
vn 0.1585 0.9194 -0.3600
vn 0.3600 0.9194 0.1585
vn 0.9469 0.3171 -0.0532
vn 0.9792 0.1434 -0.1434
vn 0.3912 0.9054 -0.1652
vn 0.3889 0.8620 -0.3251
vn -0.2086 0.9095 -0.3597
vn 0.3889 0.3251 -0.8620
vn 0.3967 -0.1555 0.9047
vn -0.9469 0.3171 -0.0531
vn -0.9792 0.1434 -0.1434
vn -0.9469 0.3171 0.0531
vn -0.9469 0.0531 -0.3171
vn -0.3889 0.3251 -0.8620
vn -0.3912 0.9054 0.1652
vn -0.3889 0.8620 -0.3251
vn -0.3600 -0.9194 -0.1585
vn 0.3600 -0.9194 -0.1585
vn -0.9792 0.1434 0.1434
vn -0.9953 0.0456 0.0852
vn -0.2087 0.9095 0.3596
vn -0.3889 0.8620 0.3252
vn -0.2086 0.3597 0.9095
vn -0.3889 0.3251 0.8620
vn 0.9953 0.0456 0.0852
vn 0.9469 0.3171 0.0532
vn 0.3889 0.3251 0.8620
vn 0.2087 0.9095 0.3595
vn 0.3889 0.8620 0.3251
vn -0.9808 0.0001 -0.1951
vn -0.1585 0.3600 0.9194
vn 0.1585 0.3600 0.9194
vn 0.9673 0.1793 -0.1794
vn 0.4688 -0.8330 0.2938
vn 0.4950 -0.7516 0.4360
vn 0.2095 -0.3544 0.9113
vn 0.4009 -0.3125 0.8612
vn 0.2082 -0.1836 0.9607
vn -0.3967 -0.1555 0.9047
vn -0.2082 -0.1837 0.9607
vn -0.4009 -0.3125 0.8612
vn -0.2097 -0.3543 0.9113
vn -0.4950 -0.7516 0.4360
vn -0.4688 -0.8330 0.2938
vn -0.4950 -0.7516 0.4359
vn 0.3912 0.1652 -0.9053
vn -0.2087 0.3595 -0.9095
vn 0.9469 0.3171 -0.0531
vn -0.9953 0.0852 -0.0456
vn -0.9469 0.3171 0.0532
vn -0.9953 0.0456 -0.0853
vn -0.3912 0.1652 0.9053
vn 0.2085 0.3598 0.9095
vn 0.2282 -0.9567 0.1810
vn -0.2282 -0.9567 0.1809
vn -0.2086 0.9095 -0.3596
vn 0.2086 0.9095 -0.3597
vn -0.2086 0.9095 0.3597
vn 0.3912 0.9054 0.1652
vn 0.9953 0.0456 -0.0852
vn -0.9469 0.3171 -0.0532
vn 0.9469 0.3171 0.0531
vn 0.2087 0.3596 -0.9095
vn 0.2086 0.9095 0.3597
vn 0.0000 1.0000 0.0000
vn 0.0000 -0.0000 -1.0000
vn -1.0000 0.0000 0.0000
vn 1.0000 0.0000 0.0000
vn 0.1951 0.9808 0.0000
vn 0.3827 0.9239 0.0000
vn 0.0000 -0.9808 0.1951
vn -0.0456 -0.9953 0.0853
vn 0.0204 -0.9996 0.0204
vn -0.0204 -0.9996 0.0204
vn 0.0456 -0.9953 0.0852
vn 0.1434 -0.9792 0.1434
vn 0.0853 -0.9953 0.0456
vn -0.0853 -0.9953 0.0456
vn -0.1434 -0.9792 0.1434
vn 0.0000 0.1951 -0.9808
vn -0.0000 0.3827 -0.9239
vn 0.9864 -0.0253 0.1625
vn -0.1951 0.9808 0.0000
vn -0.3827 0.9239 0.0000
vn -0.9239 0.3827 0.0000
vn -0.9808 0.1951 0.0000
vn -0.9864 -0.1625 0.0253
vn -0.9469 -0.3171 0.0531
vn -0.9953 -0.0853 0.0456
vn 0.1625 -0.9864 0.0253
vn 0.3171 -0.9469 0.0531
vn 0.3251 -0.8881 0.3250
vn 0.9864 -0.1625 0.0253
vn 0.9808 0.1951 -0.0000
vn 0.9469 -0.3171 0.0531
vn 0.9953 -0.0852 0.0456
vn 0.0000 0.9808 0.1951
vn 0.0000 0.9239 0.3827
vn 0.3600 0.9194 0.1584
vn -0.9996 -0.0204 0.0204
vn -0.9953 -0.0456 0.0853
vn -0.9792 -0.1434 0.1434
vn -0.2048 -0.1871 0.9607
vn 0.1871 -0.2048 0.9607
vn 0.1652 -0.3912 0.9054
vn -0.2086 -0.3597 0.9095
vn -0.3912 -0.1652 0.9053
vn 0.0000 -0.1951 -0.9808
vn -0.0000 -0.3827 -0.9239
vn 0.9607 -0.2048 0.1871
vn 0.9722 -0.1655 0.1655
vn 0.9095 -0.2087 0.3595
vn 0.9341 -0.1336 0.3310
vn 0.9053 -0.3912 0.1652
vn 0.0000 0.9808 -0.1951
vn 0.0000 0.9239 -0.3827
vn 0.2048 -0.9607 0.1871
vn 0.3912 -0.9054 0.1652
vn -0.0253 -0.9864 0.1625
vn -0.0531 -0.9469 0.3171
vn 0.2088 -0.9095 0.3595
vn -0.0000 -0.9808 -0.1951
vn 0.0253 -0.9864 0.1625
vn -0.0000 -0.9239 -0.3827
vn 0.9608 0.2048 0.1871
vn 0.9095 -0.2086 0.3597
vn 0.9095 0.2086 0.3597
vn -0.1585 -0.9194 0.3599
vn -0.1625 -0.9864 0.0253
vn -0.3171 -0.9469 0.0531
vn 0.9239 0.3827 0.0000
vn -0.9864 -0.0253 0.1625
vn -0.9469 -0.0531 0.3171
vn -0.9607 -0.2048 0.1871
vn -0.9722 -0.1655 0.1655
vn -0.9243 -0.2699 0.2699
vn -0.9341 -0.1336 0.3310
vn -0.9054 -0.3912 0.1652
vn -0.9095 -0.2086 0.3596
vn -0.2048 -0.9607 0.1871
vn -0.3913 -0.9053 0.1651
vn -0.2087 -0.9095 0.3596
vn 0.0531 -0.9469 0.3171
vn 0.9996 -0.0204 0.0204
vn 0.9792 -0.1434 0.1434
vn 0.9953 -0.0456 0.0853
vn -0.0204 0.9996 0.0204
vn -0.0852 0.9953 0.0456
vn -0.0456 0.9953 0.0852
vn 0.0204 0.9996 0.0204
vn 0.0852 0.9953 0.0456
vn 0.1434 0.9792 0.1434
vn 0.0456 0.9953 0.0853
vn -0.9607 0.2048 0.1871
vn -0.9053 0.3913 0.1651
vn -0.9095 0.2086 0.3596
vn -0.9053 -0.3912 0.1652
vn 0.0456 -0.9953 0.0853
vn 0.3251 -0.8881 -0.3250
vn 0.0000 -0.1951 0.9808
vn -0.0000 0.1951 0.9808
vn 0.0000 -0.3827 0.9239
vn -0.0852 -0.9953 0.0456
vn 0.3597 0.2086 0.9095
vn 0.3597 -0.2086 0.9095
vn -0.1871 0.2048 0.9607
vn 0.1871 0.2048 0.9608
vn -0.1871 -0.2048 0.9607
vn -0.3595 -0.2087 0.9095
vn 0.1651 -0.3913 0.9053
vn -0.1652 -0.3912 0.9053
vn 0.0853 -0.9953 0.0455
vn -0.1625 0.9864 0.0253
vn -0.3171 0.9469 0.0531
vn 0.3251 0.8881 0.3250
vn 0.1625 0.9864 0.0253
vn -0.3599 0.9194 0.1585
vn 0.1585 0.9194 0.3599
vn 0.3171 0.9469 0.0531
vn -0.0253 0.9864 0.1625
vn 0.0253 0.9864 0.1625
vn 0.0531 0.9469 0.3171
vn -0.0531 0.9469 0.3171
vn 0.3599 -0.1585 0.9194
vn -0.0000 0.3827 0.9239
vn -0.3599 -0.1585 0.9194
vn 0.1655 -0.9722 0.1655
vn -0.1655 -0.9722 0.1655
vn -0.3310 -0.9341 0.1335
vn 0.2699 -0.9243 0.2699
vn 0.1335 -0.9341 0.3310
vn -0.1335 -0.9341 0.3310
vn -0.2699 -0.9243 0.2698
vn 0.3310 -0.1336 0.9341
vn 0.3596 -0.2087 0.9095
vn -0.1655 -0.1655 0.9722
vn 0.1655 -0.1655 0.9722
vn -0.3598 -0.2085 0.9095
vn 0.2699 -0.2699 0.9243
vn 0.2048 -0.1871 0.9607
vn -0.3596 -0.2086 0.9095
vn 0.3912 -0.1652 0.9054
vn 0.9054 -0.3912 0.1652
vn 0.8620 -0.3889 0.3251
vn 0.3310 -0.9341 0.1335
vn 0.3251 -0.3889 0.8620
vn 0.9243 -0.2699 0.2699
vn 0.9341 -0.3310 0.1336
vn 0.1335 -0.3310 0.9341
vn -0.2699 -0.2699 0.9243
vn -0.3310 -0.1335 0.9341
vn -0.1336 -0.3310 0.9341
vn -0.9341 -0.3310 0.1335
vn -0.9095 -0.2087 0.3596
vn -0.3171 -0.9469 0.0532
vn -0.9053 -0.3913 0.1652
vn -0.8620 -0.3889 0.3251
vn -0.1652 -0.3912 0.9054
vn -0.3251 -0.3889 0.8620
vn 0.3889 -0.8620 0.3252
vn 0.2086 -0.3597 0.9095
vn 0.3889 -0.3251 0.8620
vn 0.9469 -0.0531 0.3171
vn -0.3889 -0.8620 0.3252
vn -0.3889 -0.3251 0.8620
vn 0.0532 -0.9469 0.3171
vn 0.1652 -0.3912 0.9053
vn 0.3599 0.9194 0.1585
vn -0.1585 0.3599 0.9194
vn 0.9054 0.3912 0.1652
vn 0.8620 0.3889 0.3251
vn 0.1652 0.3912 0.9054
vn 0.3252 0.3889 0.8620
vn -0.1652 0.3912 0.9053
vn -0.3597 0.2086 0.9095
vn -0.3251 0.3889 0.8620
vn -0.8620 0.3889 0.3252
vn -0.9095 -0.2086 0.3597
vn -0.1434 0.9792 0.1434
vn 0.1585 0.9194 -0.3599
vn 0.1585 -0.9194 0.3599
vn 0.8620 -0.3889 0.3252
vn 0.3252 -0.3889 0.8620
vn -0.3252 -0.3889 0.8620
vn -0.8620 -0.3889 0.3252
vn 0.4962 -0.2755 -0.8233
vn 0.1964 -0.3717 -0.9073
vn 0.4401 0.0344 -0.8973
vn 0.6400 -0.3505 -0.6838
vn 0.5356 -0.4277 -0.7282
vn 0.1331 -0.0217 -0.9909
vn 0.2898 -0.5239 -0.8009
vn -0.0296 -0.0222 -0.9993
vn 0.6173 -0.1993 -0.7611
vn 0.4191 0.2163 -0.8818
vn 0.5392 0.2059 -0.8166
vn 0.0069 0.9985 -0.0538
vn 0.1933 0.9050 -0.3789
vn 0.0070 0.9153 -0.4028
vn -0.0054 0.9910 0.1338
vn 0.1642 0.9813 0.1004
vn -0.3462 0.8541 -0.3882
vn -0.3463 0.9373 -0.0393
vn 0.1644 0.8303 -0.5325
vn -0.0053 0.8239 -0.5667
vn -0.3173 0.7699 -0.5537
vn -0.4757 0.7197 -0.5058
vn -0.5155 0.7823 -0.3496
vn -0.5156 0.8559 -0.0415
vn -0.4758 0.8704 0.1261
vn 0.9889 0.0555 0.1375
vn 0.9543 0.0950 0.2834
vn 0.9582 -0.0423 0.2830
vn 0.9890 -0.0124 -0.1473
vn 0.9371 0.2745 -0.2157
vn 0.9814 -0.1633 -0.1012
vn 0.9583 -0.1652 -0.2332
vn 0.9813 -0.0999 0.1645
vn 0.9370 0.3424 0.0691
vn 0.8643 0.3545 -0.3570
vn 0.8762 0.4181 -0.2399
vn 0.8641 0.4776 0.1588
vn 0.9060 0.3618 0.2197
vn 0.8761 0.4815 0.0258
vn -0.9772 0.0893 0.1927
vn -0.9039 -0.4115 -0.1167
vn -0.9040 -0.3147 0.2895
vn -0.8945 0.3183 0.3139
vn -0.9564 0.2752 0.0976
vn -0.9770 -0.0076 -0.2131
vn -0.8587 -0.4023 -0.3176
vn -0.7597 -0.6014 -0.2472
vn -0.9155 -0.0882 -0.3925
vn -0.8151 -0.5787 -0.0257
vn -0.9157 0.0984 0.3896
vn -0.8152 -0.5049 0.2838
vn -0.7599 -0.4255 0.4914
vn -0.8943 0.1422 -0.4243
vn 0.4397 0.4358 0.7853
vn 0.1959 0.0780 0.9775
vn 0.4959 0.1261 0.8592
vn 0.5389 0.5524 0.6360
vn 0.4186 0.5911 0.6894
vn 0.1326 0.4280 0.8940
vn 0.5352 -0.0528 0.8431
vn -0.0300 0.4313 0.9017
vn 0.0436 0.0246 0.9987
vn 0.6396 -0.0040 0.7687
vn 0.1614 0.6012 0.7826
vn 0.6072 -0.7201 0.3358
vn 0.7135 -0.5553 0.4273
vn 0.6091 -0.6227 0.4913
vn 0.3171 -0.9475 0.0405
vn 0.6070 -0.7943 0.0252
vn 0.3170 -0.8637 0.3918
vn 0.6092 -0.7773 -0.1569
vn 0.7242 -0.6322 0.2755
vn 0.7136 -0.6883 -0.1302
vn 0.1608 -0.9868 0.0179
vn 0.2083 -0.3659 -0.9070
vn 0.3773 -0.4624 -0.8024
vn 0.2193 -0.5313 -0.8183
vn -0.2078 -0.0830 -0.9746
vn 0.1455 -0.0224 -0.9891
vn -0.3820 -0.1225 -0.9160
vn -0.3769 0.0503 -0.9249
vn -0.1450 -0.4266 -0.8928
vn -0.2188 0.1047 -0.9701
vn 0.0934 0.1581 -0.9830
vn 0.2634 0.1601 -0.9513
vn 0.3825 -0.3041 -0.8725
vn -0.2629 -0.5723 -0.7767
vn -0.3264 -0.4261 -0.8437
vn 0.2078 0.0830 0.9746
vn 0.2188 -0.1047 0.9701
vn 0.3769 -0.0503 0.9249
vn -0.2083 0.3659 0.9070
vn -0.1455 0.0224 0.9891
vn 0.1450 0.4266 0.8928
vn -0.2193 0.5313 0.8183
vn 0.2629 0.5723 0.7767
vn 0.0929 0.5849 0.8058
vn -0.3773 0.4624 0.8024
vn -0.3825 0.3041 0.8725
vn -0.3269 0.0007 0.9451
vn -0.2634 -0.1601 0.9513
vn 0.3463 -0.9373 0.0393
vn 0.3462 -0.8541 0.3882
vn -0.0070 -0.9153 0.4028
vn -0.0069 -0.9985 0.0538
vn 0.0054 -0.9910 -0.1337
vn 0.5155 -0.7823 0.3496
vn 0.3175 -0.9369 -0.1463
vn 0.4758 -0.8704 -0.1262
vn 0.4757 -0.7197 0.5058
vn 0.3173 -0.7699 0.5537
vn 0.0052 -0.8239 0.5667
vn -0.1644 -0.8303 0.5325
vn -0.1933 -0.9050 0.3789
vn -0.1932 -0.9786 0.0704
vn -0.1642 -0.9813 -0.1003
vn -0.9838 0.0501 0.1722
vn -0.9214 -0.3768 -0.0948
vn -0.9215 -0.2936 0.2542
vn -0.9679 0.1527 -0.1995
vn -0.9837 -0.0331 -0.1767
vn -0.9312 0.2367 0.2772
vn -0.9680 0.2262 0.1086
vn -0.9329 -0.0868 -0.3495
vn -0.8779 -0.3905 -0.2772
vn -0.8429 -0.4634 0.2734
vn -0.8180 -0.5369 -0.2065
vn -0.9331 0.0802 0.3506
vn -0.8182 -0.3859 0.4263
vn -0.9310 0.0860 -0.3547
vn 0.9838 -0.0501 -0.1722
vn 0.9679 -0.1527 0.1995
vn 0.9680 -0.2262 -0.1086
vn 0.9312 -0.2367 -0.2772
vn 0.9214 0.3768 0.0948
vn 0.9837 0.0331 0.1767
vn 0.9329 0.0868 0.3495
vn 0.8429 0.4634 -0.2734
vn 0.8429 0.5370 0.0351
vn 0.8180 0.5369 0.2065
vn 0.8779 0.3905 0.2773
vn 0.9215 0.2936 -0.2542
vn 0.9310 -0.0860 0.3547
vn 0.8182 0.3859 -0.4263
vn 0.0528 0.8200 -0.5699
vn -0.1781 0.8856 -0.4289
vn -0.0199 0.9146 -0.4038
vn -0.0954 0.8224 -0.5609
vn -0.1782 0.9838 -0.0172
vn -0.0200 0.9984 -0.0526
vn 0.3049 0.8763 -0.3729
vn 0.3268 0.7830 -0.5293
vn 0.1619 0.1831 -0.9697
vn 0.0178 0.1443 -0.9894
vn 0.0441 -0.4289 -0.9023
vn -0.9563 0.2014 -0.2118
vn 0.0526 0.9890 0.1384
vn -0.0956 0.9870 0.1292
vn 0.3266 0.9376 0.1190
vn 0.3045 0.9505 -0.0623
vn -0.8589 -0.2157 0.4646
vn 0.0173 0.5754 0.8177
vn 0.3672 -0.9170 -0.1555
vn 0.2280 -0.9643 -0.1346
vn 0.1607 -0.8886 0.4297
vn 0.1430 -0.5479 -0.8242
vn 0.2894 -0.1058 0.9513
vn 0.1426 -0.1168 0.9829
vn 0.3670 -0.7480 0.5529
vn 0.2278 -0.7997 0.5555
vn 0.4522 0.8881 0.0829
vn 0.4488 0.8893 -0.0875
vn 0.4489 0.8331 -0.3231
vn 0.5739 0.4034 0.7127
vn 0.6169 0.1659 0.7694
vn 0.4523 0.7550 -0.4747
vn 0.9061 0.2237 -0.3589
vn 0.9544 -0.0431 -0.2953
vn 0.5743 0.0382 -0.8178
vn 0.7243 -0.6884 0.0399
vn 0.1932 0.9786 -0.0704
vn 0.8780 0.2234 -0.4233
vn 0.3269 -0.0007 -0.9451
vn -0.3175 0.9369 0.1463
vn 0.3264 0.4261 0.8437
vn 0.5156 -0.8558 0.0415
vn -0.0929 -0.5849 -0.8058
vn 0.9331 -0.0802 -0.3506
vn 0.3820 0.1225 0.9160
vn -0.0934 -0.1581 0.9830
vn -0.8781 -0.2234 0.4232
vn -0.8429 -0.5370 -0.0352
vn -0.1966 -0.2714 -0.9422
vn -0.4395 0.1317 -0.8886
vn -0.1324 0.0855 -0.9875
vn 0.0302 0.0855 -0.9959
vn -0.0444 -0.3292 -0.9432
vn -0.6172 -0.1148 -0.7784
vn -0.5736 0.1273 -0.8092
vn -0.5382 0.2939 -0.7900
vn -0.4179 0.3109 -0.8536
vn -0.4962 -0.1841 -0.8485
vn -0.1608 0.2868 -0.9444
vn -0.5360 -0.3456 -0.7703
vn -0.6402 -0.2734 -0.7179
vn 0.3484 0.9353 0.0620
vn 0.3483 0.8901 -0.2938
vn -0.0047 0.9985 0.0540
vn 0.0075 0.9708 0.2397
vn 0.3195 0.9150 0.2465
vn 0.4776 0.8507 0.2194
vn 0.5175 0.8542 0.0512
vn 0.5175 0.8143 -0.2631
vn 0.4776 0.7689 -0.4251
vn -0.1910 0.9410 -0.2794
vn -0.1910 0.9810 0.0353
vn -0.1622 0.9652 0.2053
vn -0.0047 0.9533 -0.3019
vn 0.0075 0.8801 -0.4747
vn -0.1622 0.8832 -0.4401
vn -0.9889 0.0057 -0.1483
vn -0.9889 0.0426 0.1422
vn -0.9363 0.2982 -0.1854
vn -0.9585 -0.1372 -0.2499
vn -0.9817 -0.1492 -0.1187
vn -0.9816 -0.1148 0.1523
vn -0.9585 -0.0701 0.2765
vn -0.9543 0.0661 0.2915
vn -0.9543 -0.0089 -0.2987
vn -0.9363 0.3351 0.1050
vn -0.8751 0.4435 -0.1940
vn -0.8632 0.3928 -0.3172
vn -0.9054 0.3381 0.2569
vn -0.8632 0.4597 0.2089
vn 0.9773 0.0659 0.2016
vn 0.9031 -0.3986 -0.1598
vn 0.9772 0.0133 -0.2119
vn 0.9569 0.2610 0.1272
vn 0.8949 0.2806 0.3469
vn 0.9031 -0.3463 0.2538
vn 0.9156 -0.0476 -0.3993
vn 0.7586 -0.5731 -0.3100
vn 0.8580 -0.3677 -0.3586
vn 0.8949 0.1850 -0.4061
vn 0.9156 0.0538 0.3984
vn 0.8580 -0.2664 0.4391
vn 0.7586 -0.4777 0.4432
vn 0.8139 -0.5343 0.2282
vn 0.8139 -0.5744 -0.0875
vn -0.1965 -0.0272 0.9801
vn -0.5359 -0.1421 0.8322
vn -0.2903 -0.2070 0.9343
vn -0.4393 0.3497 0.8275
vn -0.4961 0.0338 0.8676
vn 0.0303 0.3317 0.9429
vn -0.1323 0.3296 0.9348
vn -0.4179 0.5144 0.7489
vn -0.5381 0.4820 0.6915
vn -0.6401 -0.0853 0.7635
vn -0.3192 -0.9457 -0.0619
vn -0.6090 -0.7507 0.2562
vn -0.6091 -0.7908 -0.0601
vn -0.6108 -0.7545 -0.2400
vn -0.3691 -0.8942 -0.2535
vn -0.3192 -0.9002 0.2963
vn -0.6108 -0.6706 0.4211
vn -0.7150 -0.5965 0.3646
vn -0.7258 -0.6565 0.2055
vn -0.7258 -0.6870 -0.0348
vn -0.7150 -0.6687 -0.2039
vn -0.1629 -0.9827 -0.0886
vn -0.1629 -0.9293 0.3314
vn 0.2084 0.0220 -0.9778
vn -0.2085 -0.2657 -0.9413
vn -0.1448 0.0846 -0.9858
vn 0.3777 0.1488 -0.9139
vn 0.3825 -0.0241 -0.9237
vn 0.1447 -0.3283 -0.9334
vn -0.2198 -0.4397 -0.8708
vn -0.3777 -0.3725 -0.8477
vn -0.2623 0.2621 -0.9287
vn -0.0923 0.2632 -0.9603
vn 0.2197 0.2080 -0.9531
vn -0.3825 -0.2076 -0.9003
vn -0.3262 0.1018 -0.9398
vn 0.3261 -0.3335 -0.8845
vn 0.2622 -0.4860 -0.8337
vn 0.1448 -0.0846 0.9858
vn 0.2085 0.2657 0.9413
vn -0.2084 -0.0220 0.9778
vn -0.2197 -0.2080 0.9531
vn 0.0923 -0.2632 0.9603
vn 0.2623 -0.2621 0.9287
vn 0.3262 -0.1018 0.9398
vn 0.3825 0.2076 0.9003
vn 0.3777 0.3725 0.8477
vn -0.3777 -0.1488 0.9139
vn -0.1447 0.3283 0.9334
vn -0.3825 0.0241 0.9237
vn 0.2198 0.4397 0.8709
vn -0.0922 0.4949 0.8640
vn -0.2622 0.4860 0.8337
vn 0.0047 -0.9985 -0.0540
vn 0.1622 -0.9652 -0.2053
vn 0.1910 -0.9810 -0.0352
vn 0.0047 -0.9533 0.3019
vn -0.3484 -0.9353 -0.0620
vn 0.1910 -0.9410 0.2794
vn 0.1622 -0.8832 0.4401
vn -0.5175 -0.8143 0.2631
vn -0.5175 -0.8542 -0.0512
vn -0.4776 -0.8507 -0.2194
vn -0.3194 -0.9150 -0.2465
vn -0.0075 -0.9708 -0.2397
vn -0.3483 -0.8901 0.2938
vn -0.3194 -0.8243 0.4674
vn -0.4776 -0.7689 0.4251
vn -0.0075 -0.8801 0.4747
vn 0.9838 0.0290 0.1771
vn 0.9207 -0.3665 -0.1343
vn 0.9838 -0.0162 -0.1788
vn 0.9684 0.2110 0.1328
vn 0.9315 0.2034 0.3016
vn 0.9684 0.1711 -0.1814
vn 0.9330 -0.0508 -0.3563
vn 0.8417 -0.4920 0.2223
vn 0.8417 -0.5319 -0.0923
vn 0.8170 -0.5133 -0.2627
vn 0.8772 -0.3604 -0.3172
vn 0.9207 -0.3213 0.2216
vn 0.9315 0.1216 -0.3429
vn 0.8170 -0.4314 0.3826
vn 0.9330 0.0399 0.3577
vn 0.8772 -0.2696 0.3972
vn -0.9838 -0.0290 -0.1771
vn -0.9207 0.3665 0.1343
vn -0.9207 0.3213 -0.2216
vn -0.9315 -0.2034 -0.3016
vn -0.9684 -0.2110 -0.1328
vn -0.9684 -0.1711 0.1814
vn -0.9838 0.0162 0.1788
vn -0.8772 0.3604 0.3172
vn -0.8170 0.5134 0.2627
vn -0.9330 0.0508 0.3563
vn -0.8417 0.4920 -0.2223
vn -0.8170 0.4314 -0.3827
vn -0.9330 -0.0399 -0.3576
vn -0.9315 -0.1216 0.3429
vn -0.0506 0.8767 -0.4784
vn 0.1804 0.9262 -0.3310
vn 0.0976 0.8777 -0.4691
vn 0.0222 0.9527 -0.3030
vn 0.1804 0.9796 0.0889
vn -0.0167 0.2500 -0.9681
vn 0.9569 0.2209 -0.1884
vn -0.0506 0.9684 0.2441
vn 0.0223 0.9982 0.0552
vn 0.0977 0.9671 0.2348
vn -0.3027 0.9121 -0.2766
vn -0.3024 0.9523 0.0403
vn -0.3247 0.9201 0.2190
vn -0.1607 0.5138 0.8427
vn -0.0166 0.4841 0.8749
vn -0.2300 -0.9437 -0.2377
vn -0.2904 -0.4340 -0.8528
vn -0.1436 -0.4557 -0.8785
vn -0.0443 -0.0829 0.9956
vn -0.1436 -0.2216 0.9645
vn -0.3691 -0.8024 0.4690
vn -0.2300 -0.8543 0.4661
vn -0.4503 0.8750 0.1778
vn -0.4468 0.8946 0.0085
vn -0.4468 0.8641 -0.2318
vn -0.5735 0.3256 0.7517
vn -0.8750 0.4779 0.0770
vn -0.4503 0.8028 -0.3908
vn -0.3247 0.8362 -0.4421
vn -0.9054 0.2631 -0.3332
vn -0.6171 0.0835 0.7825
vn 0.3194 0.8243 -0.4674
vn -0.8772 0.2696 -0.3972
vn -0.8417 0.5320 0.0923
vn -0.3261 0.3335 0.8845
vn 0.0922 -0.4949 -0.8640
usemtl Atlas.003
s 1
f 1/1/1 2/2/2 3/3/3
f 1/1/1 3/3/3 4/4/4
f 1/1/1 5/5/5 2/2/2
f 1/1/1 6/6/3 7/7/6
f 5/5/5 8/8/1 9/9/7
f 2/2/2 10/10/8 11/11/8
f 2/2/2 12/12/9 3/3/3
f 2/2/2 5/5/5 13/13/10
f 3/3/3 12/12/9 14/14/11
f 15/15/12 16/16/13 17/17/13
f 15/15/12 18/18/14 19/19/15
f 18/18/14 17/17/13 20/20/16
f 19/19/15 18/18/14 21/21/17
f 19/19/15 21/21/17 22/22/18
f 21/21/17 23/23/19 24/24/20
f 25/25/21 26/26/22 27/27/23
f 25/25/21 28/28/24 29/29/25
f 25/25/21 32/30/26 33/31/27
f 25/25/21 30/32/28 31/33/29
f 32/30/26 34/34/30 35/35/31
f 32/30/26 25/25/21 36/36/24
f 33/31/27 37/37/32 38/38/33
f 33/31/27 32/30/26 40/39/32
f 33/31/27 38/38/34 39/40/35
f 33/31/27 29/29/25 37/37/32
f 36/36/24 41/41/36 32/30/26
f 36/36/24 42/42/37 43/43/38
f 36/36/24 25/25/21 31/33/29
f 40/39/32 32/30/26 35/35/31
f 40/39/32 35/35/31 44/44/32
f 40/39/32 38/38/33 33/31/27
f 45/45/39 46/46/40 47/47/41
f 45/45/39 48/48/42 49/49/43
f 45/45/39 50/50/44 51/51/45
f 50/50/44 52/52/46 53/53/47
f 50/50/44 45/45/39 54/54/40
f 51/51/45 50/50/44 55/55/3
f 51/51/45 58/56/48 45/45/39
f 51/51/45 47/47/41 59/57/3
f 51/51/45 59/57/3 56/58/49
f 51/51/45 56/58/49 57/59/50
f 54/54/40 45/45/39 49/49/51
f 54/54/40 60/60/52 50/50/44
f 55/55/3 56/58/49 51/51/45
f 55/55/3 50/50/44 53/53/47
f 55/55/3 61/61/9 62/62/11
f 55/55/3 53/53/47 61/61/9
f 63/63/53 64/64/54 65/65/55
f 63/63/53 65/65/55 66/66/32
f 63/63/53 34/34/30 67/67/56
f 63/63/53 35/35/31 34/34/30
f 63/63/53 68/68/30 67/67/56
f 63/63/53 69/69/31 68/68/30
f 63/63/53 70/70/32 69/69/31
f 63/63/53 71/71/57 72/72/32
f 65/65/55 63/63/53 67/67/56
f 65/65/55 73/73/54 74/74/55
f 65/65/55 75/75/54 76/76/55
f 66/66/32 65/65/55 77/77/57
f 66/66/32 78/78/58 79/79/59
f 77/77/57 76/76/55 80/80/60
f 77/77/57 65/65/55 76/76/55
f 81/81/61 82/82/2 83/83/62
f 82/82/2 81/81/61 84/84/2
f 82/82/2 85/85/8 10/10/8
f 82/82/2 86/86/8 85/85/8
f 83/83/62 82/82/2 87/87/2
f 84/84/2 81/81/61 88/88/63
f 89/89/64 90/90/65 91/91/66
f 89/89/64 92/92/67 93/93/68
f 89/89/64 94/94/69 95/95/70
f 89/89/64 96/96/71 92/92/67
f 89/89/64 95/95/70 90/90/65
f 92/92/67 96/96/71 97/97/72
f 93/93/68 94/94/69 89/89/64
f 93/93/68 98/98/73 99/99/74
f 94/94/69 99/99/74 100/100/75
f 94/94/69 101/101/76 95/95/70
f 102/102/77 103/103/78 104/104/78
f 102/102/77 105/105/78 103/103/78
f 102/102/77 106/106/77 105/105/78
f 102/102/77 107/107/79 108/108/80
f 107/107/79 109/109/77 110/110/81
f 108/108/80 106/106/77 102/102/77
f 106/106/77 111/111/78 105/105/78
f 106/106/77 112/112/82 113/113/77
f 114/114/40 115/115/83 116/116/84
f 114/114/40 117/117/85 118/118/83
f 114/114/40 117/117/85 115/115/83
f 114/114/40 119/119/2 116/116/84
f 119/119/2 120/120/86 121/121/8
f 119/119/2 118/118/83 120/120/86
f 119/119/2 114/114/40 118/118/83
f 119/119/2 121/121/8 122/122/8
f 116/116/84 123/123/2 124/124/87
f 116/116/84 115/115/83 123/123/2
f 116/116/84 119/119/2 125/125/2
f 116/116/84 126/126/40 114/114/40
f 118/118/83 127/127/88 120/120/86
f 128/128/89 129/129/90 130/130/91
f 128/128/89 130/130/91 131/131/92
f 128/128/89 131/131/92 132/132/93
f 130/130/91 133/133/94 134/134/95
f 130/130/91 129/129/90 135/135/96
f 131/131/92 130/130/91 134/134/95
f 131/131/92 136/136/97 137/137/98
f 131/131/92 134/134/95 136/136/97
f 138/138/99 139/139/100 140/140/101
f 138/138/99 141/141/102 142/142/103
f 138/138/99 143/143/104 144/144/105
f 141/141/102 140/140/101 145/145/101
f 141/141/102 145/145/101 146/146/102
f 141/141/102 138/138/99 140/140/101
f 142/142/103 141/141/102 147/147/106
f 142/142/103 148/148/107 149/149/108
f 150/150/109 151/151/55 152/152/24
f 150/150/109 113/113/77 112/112/82
f 150/150/109 152/152/24 153/153/77
f 152/152/24 154/154/37 155/155/38
f 152/152/24 151/151/55 156/156/54
f 153/153/77 152/152/24 155/155/38
f 153/153/77 155/155/38 157/157/78
f 153/153/77 157/157/78 111/111/78
f 158/158/110 159/159/111 160/160/112
f 158/158/110 160/160/112 161/161/113
f 158/158/110 162/162/12 163/163/15
f 158/158/110 164/164/114 162/162/12
f 164/164/114 165/165/13 162/162/12
f 164/164/114 166/166/115 167/167/116
f 162/162/12 168/168/13 169/169/12
f 163/163/15 162/162/12 169/169/12
f 163/163/15 170/170/15 171/171/111
f 163/163/15 162/162/12 172/172/15
f 163/163/15 169/169/12 170/170/15
f 163/163/15 173/173/114 162/162/12
f 163/163/15 172/172/15 171/171/111
f 174/174/67 175/175/68 176/176/69
f 174/174/67 176/176/69 177/177/64
f 174/174/67 178/178/117 179/179/118
f 175/175/68 180/180/119 181/181/120
f 176/176/69 182/182/121 183/183/70
f 176/176/69 175/175/68 181/181/120
f 177/177/64 184/184/65 185/185/66
f 177/177/64 183/183/70 184/184/65
f 177/177/64 176/176/69 183/183/70
f 177/177/64 178/178/117 174/174/67
f 186/186/32 189/187/122 190/188/123
f 186/186/32 187/189/124 188/190/59
f 186/186/32 190/188/123 191/191/125
f 186/186/126 192/192/77 193/193/125
f 186/186/126 190/188/123 192/192/77
f 190/188/123 194/194/127 195/195/128
f 190/188/123 196/196/127 110/110/81
f 190/188/123 197/197/77 191/191/125
f 190/188/123 198/198/77 192/192/77
f 191/191/125 199/199/129 200/200/130
f 197/197/77 110/110/81 109/109/77
f 197/197/77 199/199/129 191/191/125
f 197/197/77 104/104/78 201/201/78
f 202/202/131 203/203/132 204/204/133
f 202/202/131 205/205/134 206/206/135
f 202/202/131 204/204/133 207/207/136
f 202/202/131 206/206/135 208/208/137
f 205/205/134 209/209/138 206/206/135
f 205/205/134 210/210/139 211/211/140
f 206/206/135 212/212/141 208/208/137
f 213/213/99 214/214/104 215/215/142
f 213/213/99 216/216/143 217/217/144
f 213/213/99 218/218/145 219/219/103
f 219/219/103 218/218/145 220/220/146
f 219/219/103 221/221/107 222/222/108
f 220/220/146 221/221/107 219/219/103
f 220/220/146 223/223/147 224/224/147
f 225/225/45 226/226/49 227/227/50
f 225/225/45 228/228/39 229/229/40
f 225/225/45 230/230/148 231/231/149
f 225/225/45 229/229/40 230/230/148
f 225/225/45 232/232/48 228/228/39
f 225/225/45 233/233/149 226/226/49
f 228/228/39 234/234/42 235/235/43
f 228/228/39 236/236/150 237/237/40
f 228/228/39 230/230/148 225/225/45
f 228/228/39 238/238/150 229/229/40
f 229/229/40 239/239/150 126/126/40
f 230/230/148 228/228/39 237/237/40
f 230/230/148 126/126/40 240/240/151
f 230/230/148 229/229/40 126/126/40
f 241/241/15 242/242/12 243/243/152
f 241/241/15 244/244/153 245/245/111
f 241/241/15 246/246/153 247/247/154
f 241/241/15 243/243/152 246/246/153
f 242/242/12 248/248/155 249/249/152
f 242/242/156 241/241/15 169/169/12
f 242/242/12 244/244/153 241/241/15
f 243/243/152 250/250/157 251/251/158
f 243/243/152 252/252/13 248/248/155
f 246/246/153 253/253/159 254/254/160
f 246/246/153 251/251/158 253/253/159
f 255/255/27 256/256/59 257/257/33
f 255/255/27 258/258/21 259/259/161
f 255/255/27 260/260/32 261/261/59
f 255/255/27 259/259/161 260/260/32
f 255/255/27 262/262/33 263/263/162
f 255/255/27 257/257/33 263/263/162
f 258/258/163 264/264/28 265/265/29
f 258/258/21 266/266/164 259/259/161
f 258/258/21 267/267/22 268/268/23
f 258/258/21 260/260/32 255/255/27
f 258/258/21 269/269/164 259/259/161
f 259/259/161 270/270/32 260/260/165
f 260/260/32 258/258/21 259/259/161
f 260/260/32 270/270/32 271/271/59
f 260/260/165 259/259/161 189/187/122
f 260/260/165 189/187/122 270/270/32
f 272/272/166 273/273/167 274/274/168
f 272/272/166 275/275/169 273/273/167
f 275/275/169 276/276/170 273/273/167
f 273/273/167 277/277/171 274/274/168
f 274/274/168 278/278/172 272/272/166
f 279/279/173 280/280/174 281/281/175
f 279/279/173 282/282/101 283/283/100
f 279/279/173 284/284/102 282/282/101
f 284/284/102 279/279/173 285/285/176
f 282/282/101 286/286/100 283/283/100
f 285/285/176 287/287/106 284/284/102
f 285/285/176 288/288/177 289/289/178
f 285/285/176 281/281/175 288/288/177
f 285/285/176 279/279/173 281/281/175
f 290/290/40 291/291/179 292/292/180
f 291/291/179 290/290/40 293/293/150
f 292/292/180 291/291/179 294/294/1
f 292/292/180 294/294/1 295/295/6
f 292/292/180 52/52/46 60/60/52
f 292/292/181 296/296/182 297/297/52
f 292/292/181 298/298/1 299/299/183
f 292/292/180 300/300/40 290/290/40
f 294/294/1 9/9/7 8/8/1
f 294/294/1 8/8/1 301/301/6
f 302/302/184 303/303/90 304/304/185
f 303/303/90 302/302/184 305/305/186
f 303/303/90 306/306/96 307/307/90
f 304/304/185 308/308/89 309/309/187
f 304/304/185 303/303/90 308/308/89
f 304/304/185 310/310/188 302/302/184
f 308/308/89 311/311/89 312/312/187
f 308/308/89 307/307/90 311/311/89
f 308/308/89 303/303/90 307/307/90
f 313/313/134 314/314/139 315/315/140
f 313/313/134 316/316/91 317/317/131
f 316/316/91 318/318/94 319/319/95
f 316/316/91 313/313/134 315/315/140
f 317/317/131 320/320/133 321/321/136
f 317/317/131 316/316/91 322/322/92
f 322/322/92 319/319/95 323/323/97
f 322/322/92 323/323/97 324/324/98
f 322/322/92 320/320/133 317/317/131
f 325/325/114 326/326/115 327/327/116
f 325/325/114 328/328/12 329/329/110
f 328/328/12 327/327/116 330/330/13
f 329/329/110 328/328/12 331/331/15
f 329/329/110 332/332/112 333/333/113
f 331/331/15 334/334/12 335/335/15
f 331/331/15 328/328/12 334/334/12
f 331/331/15 332/332/112 329/329/110
f 331/331/15 335/335/15 336/336/111
f 145/145/101 337/337/100 338/338/101
f 145/145/101 139/139/100 339/339/100
f 337/337/100 145/145/101 339/339/100
f 338/338/101 340/340/100 341/341/101
f 139/139/100 145/145/101 140/140/101
f 139/139/100 138/138/99 144/144/105
f 10/10/8 2/2/2 87/87/2
f 87/87/2 13/13/10 83/83/62
f 87/87/2 82/82/2 10/10/8
f 146/146/102 342/342/106 343/343/106
f 146/146/102 147/147/106 141/141/102
f 146/146/102 338/338/101 344/344/102
f 146/146/102 145/145/101 338/338/101
f 342/342/106 146/146/102 344/344/102
f 342/342/106 345/345/102 346/346/106
f 344/344/102 341/341/101 345/345/102
f 344/344/102 338/338/101 341/341/101
f 111/111/78 106/106/77 113/113/77
f 113/113/77 153/153/77 111/111/78
f 113/113/77 150/150/109 153/153/77
f 147/147/106 148/148/107 142/142/103
f 147/147/106 146/146/102 343/343/106
f 347/347/189 133/133/94 130/130/91
f 347/347/189 133/133/94 348/348/91
f 4/4/4 6/6/3 14/14/11
f 4/4/4 7/7/6 1/1/1
f 4/4/4 3/3/3 14/14/11
f 12/12/9 2/2/2 11/11/8
f 143/143/104 349/349/99 350/350/144
f 143/143/104 138/138/99 351/351/144
f 132/132/93 352/352/187 128/128/89
f 132/132/93 131/131/92 137/137/98
f 132/132/93 353/353/92 137/137/98
f 149/149/108 354/354/143 355/355/103
f 149/149/108 356/356/143 142/142/103
f 356/356/143 138/138/99 142/142/103
f 356/356/143 351/351/144 138/138/99
f 357/357/190 154/154/37 358/358/24
f 357/357/190 154/154/37 152/152/24
f 98/98/73 359/359/68 360/360/191
f 98/98/73 93/93/68 361/361/191
f 99/99/74 94/94/69 93/93/68
f 99/99/74 362/362/69 359/359/68
f 333/333/113 363/363/192 329/329/110
f 333/333/113 364/364/192 365/365/110
f 363/363/192 325/325/114 329/329/110
f 363/363/192 366/366/193 325/325/114
f 332/332/112 331/331/15 367/367/111
f 332/332/112 368/368/15 369/369/111
f 48/48/42 45/45/39 58/56/48
f 58/56/48 51/51/45 370/370/194
f 49/49/51 46/46/40 45/45/39
f 49/49/51 371/371/150 54/54/40
f 97/97/72 372/372/195 373/373/67
f 97/97/72 374/374/195 92/92/67
f 374/374/195 93/93/68 92/92/67
f 374/374/195 361/361/191 93/93/68
f 96/96/71 89/89/64 375/375/196
f 96/96/71 376/376/64 375/375/196
f 39/40/35 26/26/22 33/31/27
f 26/26/22 25/25/21 33/31/27
f 38/38/33 37/37/32 377/377/59
f 38/38/33 40/39/32 378/378/59
f 326/326/115 379/379/114 380/380/193
f 326/326/115 325/325/114 366/366/193
f 327/327/116 381/381/12 379/379/114
f 327/327/116 328/328/12 325/325/114
f 382/382/197 112/112/82 108/108/80
f 112/112/82 382/382/197 383/383/198
f 112/112/82 106/106/77 108/108/80
f 383/383/198 150/150/109 112/112/82
f 383/383/198 80/80/60 150/150/109
f 384/384/199 277/277/171 385/385/200
f 277/277/171 384/384/199 274/274/168
f 277/277/171 273/273/167 386/386/201
f 20/20/16 23/23/19 18/18/14
f 23/23/19 20/20/16 387/387/202
f 23/23/19 21/21/17 18/18/14
f 80/80/60 151/151/55 150/150/109
f 80/80/60 76/76/55 151/151/55
f 80/80/60 78/78/58 77/77/57
f 78/78/58 66/66/32 77/77/57
f 78/78/58 80/80/60 383/383/198
f 76/76/55 156/156/54 151/151/55
f 156/156/54 76/76/55 75/75/54
f 156/156/54 357/357/190 152/152/24
f 75/75/54 65/65/55 64/64/54
f 64/64/54 73/73/54 65/65/55
f 309/309/187 388/388/203 304/304/185
f 309/309/187 308/308/89 312/312/187
f 311/311/89 129/129/90 128/128/89
f 311/311/89 307/307/90 129/129/90
f 311/311/89 352/352/187 312/312/187
f 352/352/187 311/311/89 128/128/89
f 307/307/90 135/135/96 129/129/90
f 135/135/96 347/347/189 130/130/91
f 135/135/96 307/307/90 306/306/96
f 306/306/96 303/303/90 389/389/96
f 295/295/6 299/299/183 292/292/180
f 295/295/6 294/294/1 301/301/6
f 8/8/1 7/7/6 301/301/6
f 8/8/1 5/5/5 1/1/1
f 7/7/6 390/390/1 1/1/1
f 7/7/6 8/8/1 1/1/1
f 7/7/6 6/6/3 4/4/4
f 391/391/204 13/13/10 392/392/205
f 391/391/204 393/393/206 81/81/61
f 391/391/204 81/81/61 83/83/62
f 13/13/10 87/87/2 2/2/2
f 13/13/10 391/391/204 83/83/62
f 13/13/10 9/9/7 392/392/205
f 9/9/7 294/294/1 291/291/179
f 9/9/7 394/394/207 392/392/205
f 9/9/7 13/13/10 5/5/5
f 394/394/207 9/9/7 291/291/179
f 22/22/18 24/24/20 395/395/208
f 22/22/18 396/396/111 19/19/15
f 24/24/20 22/22/18 21/21/17
f 276/276/170 386/386/201 273/273/167
f 276/276/170 275/275/169 397/397/209
f 386/386/201 276/276/170 398/398/210
f 286/286/100 282/282/101 399/399/101
f 399/399/101 340/340/100 286/286/100
f 283/283/100 400/400/211 279/279/173
f 340/340/100 399/399/101 341/341/101
f 340/340/100 338/338/101 337/337/100
f 125/125/2 88/88/63 116/116/84
f 125/125/2 119/119/2 122/122/8
f 125/125/2 86/86/8 84/84/2
f 86/86/8 125/125/2 122/122/8
f 86/86/8 82/82/2 84/84/2
f 401/401/102 346/346/106 345/345/102
f 401/401/102 287/287/106 402/402/106
f 401/401/102 282/282/101 284/284/102
f 401/401/102 399/399/101 282/282/101
f 287/287/106 401/401/102 284/284/102
f 287/287/106 285/285/176 403/403/212
f 104/104/78 197/197/77 109/109/77
f 109/109/77 102/102/77 104/104/78
f 109/109/77 107/107/79 102/102/77
f 346/346/106 401/401/102 402/402/106
f 345/345/102 341/341/101 399/399/101
f 345/345/102 399/399/101 401/401/102
f 345/345/102 342/342/106 344/344/102
f 404/404/213 240/240/214 116/116/84
f 404/404/213 116/116/84 88/88/63
f 240/240/214 231/231/149 230/230/148
f 240/240/151 237/237/40 126/126/40
f 240/240/151 126/126/40 114/114/40
f 240/240/151 114/114/40 116/116/84
f 240/240/214 233/233/149 230/230/148
f 88/88/63 393/393/206 404/404/213
f 88/88/63 125/125/2 84/84/2
f 393/393/206 88/88/63 81/81/61
f 405/405/215 397/397/209 275/275/169
f 397/397/209 405/405/215 406/406/216
f 209/209/138 205/205/134 211/211/140
f 209/209/138 407/407/217 206/206/135
f 407/407/217 209/209/138 408/408/218
f 231/231/149 226/226/49 225/225/45
f 231/231/149 240/240/214 404/404/213
f 196/196/127 190/188/123 189/187/219
f 189/187/219 266/266/164 194/194/127
f 189/187/122 186/186/32 270/270/32
f 189/187/219 269/269/164 196/196/127
f 110/110/81 409/409/220 107/107/79
f 110/110/81 197/197/77 190/188/123
f 269/269/164 258/258/21 265/265/29
f 269/269/164 189/187/219 259/259/161
f 203/203/132 212/212/141 410/410/221
f 203/203/132 202/202/131 208/208/137
f 212/212/141 206/206/135 407/407/217
f 212/212/141 203/203/132 208/208/137
f 411/411/222 275/275/169 272/272/166
f 411/411/222 405/405/215 275/275/169
f 411/411/222 278/278/172 412/412/223
f 278/278/172 274/274/168 384/384/199
f 278/278/172 411/411/222 272/272/166
f 409/409/220 108/108/80 107/107/79
f 409/409/220 110/110/81 196/196/127
f 409/409/220 382/382/197 108/108/80
f 400/400/211 280/280/174 279/279/173
f 117/117/85 114/114/40 413/413/150
f 117/117/85 127/127/88 115/115/83
f 117/117/85 127/127/88 118/118/83
f 247/247/154 244/244/153 254/254/160
f 247/247/154 245/245/111 241/241/15
f 247/247/154 246/246/153 254/254/160
f 403/403/212 285/285/176 289/289/178
f 248/248/155 250/250/157 249/249/152
f 248/248/155 250/250/157 243/243/152
f 251/251/158 246/246/153 243/243/152
f 187/189/124 191/191/125 200/200/130
f 187/189/124 186/186/126 193/193/125
f 187/189/124 186/186/32 191/191/125
f 187/189/124 193/193/125 200/200/130
f 199/199/129 197/197/77 201/201/78
f 126/126/224 413/413/150 114/114/40
f 126/126/40 116/116/84 240/240/151
f 413/413/150 126/126/224 239/239/150
f 238/238/150 228/228/39 235/235/51
f 238/238/150 239/239/150 229/229/40
f 159/159/111 414/414/110 163/163/15
f 159/159/111 163/163/15 171/171/111
f 159/159/111 158/158/110 163/163/15
f 170/170/15 242/242/156 241/241/15
f 170/170/15 169/169/12 242/242/156
f 170/170/15 245/245/111 171/171/111
f 245/245/111 172/172/15 241/241/15
f 245/245/111 244/244/153 247/247/154
f 245/245/111 170/170/15 241/241/15
f 270/270/32 188/190/59 271/271/59
f 270/270/32 259/259/161 189/187/122
f 270/270/32 190/188/123 186/186/32
f 270/270/32 189/187/122 190/188/123
f 188/190/59 270/270/32 186/186/32
f 169/169/12 172/172/15 162/162/12
f 169/169/12 252/252/13 242/242/12
f 252/252/13 248/248/155 242/242/12
f 252/252/13 169/169/12 168/168/13
f 252/252/13 243/243/152 242/242/12
f 168/168/13 162/162/12 165/165/13
f 165/165/13 164/164/114 167/167/116
f 261/261/59 260/260/32 271/271/59
f 261/261/59 262/262/33 255/255/27
f 210/210/139 415/415/134 416/416/225
f 210/210/139 205/205/134 417/417/225
f 182/182/121 418/418/69 419/419/75
f 182/182/121 176/176/69 419/419/75
f 227/227/50 420/420/194 225/225/45
f 207/207/136 421/421/226 422/422/131
f 207/207/136 423/423/226 202/202/131
f 423/423/226 205/205/134 202/202/131
f 423/423/226 417/417/225 205/205/134
f 264/264/28 258/258/21 424/424/23
f 264/264/28 258/258/21 268/268/23
f 265/265/29 266/266/164 258/258/21
f 425/425/196 177/177/64 185/185/66
f 161/161/113 426/426/192 158/158/110
f 161/161/113 427/427/192 414/414/110
f 426/426/192 164/164/114 158/158/110
f 426/426/192 428/428/193 164/164/114
f 234/234/42 228/228/39 232/232/48
f 232/232/48 225/225/45 420/420/194
f 235/235/51 236/236/150 228/228/39
f 180/180/119 429/429/68 430/430/191
f 180/180/119 175/175/68 431/431/191
f 181/181/120 419/419/75 176/176/69
f 181/181/120 418/418/69 429/429/68
f 166/166/115 173/173/114 432/432/193
f 166/166/115 164/164/114 428/428/193
f 167/167/116 165/165/13 173/173/114
f 179/179/118 433/433/195 174/174/67
f 179/179/118 434/434/195 435/435/67
f 433/433/195 175/175/68 174/174/67
f 433/433/195 431/431/191 175/175/68
f 178/178/117 177/177/64 425/425/196
f 263/263/35 436/436/22 255/255/227
f 263/263/35 267/267/22 255/255/227
f 436/436/22 258/258/21 255/255/227
f 436/436/22 424/424/23 258/258/21
f 378/378/59 44/44/32 437/437/59
f 44/44/32 378/378/59 40/39/32
f 44/44/32 63/63/53 66/66/32
f 44/44/32 35/35/31 63/63/53
f 437/437/59 66/66/32 79/79/59
f 437/437/59 44/44/32 66/66/32
f 16/16/13 15/15/12 334/334/12
f 334/334/12 330/330/13 16/16/13
f 17/17/13 18/18/14 15/15/12
f 330/330/13 334/334/12 328/328/12
f 34/34/30 32/30/26 41/41/36
f 67/67/56 64/64/54 63/63/53
f 67/67/56 64/64/54 65/65/55
f 41/41/36 36/36/24 43/43/38
f 438/438/228 439/439/229 440/440/229
f 439/439/229 438/438/228 220/220/146
f 441/441/230 388/388/203 442/442/231
f 388/388/203 443/443/89 444/444/187
f 388/388/203 445/445/230 446/446/232
f 388/388/203 441/441/230 304/304/185
f 310/310/188 304/304/185 441/441/230
f 310/310/188 305/305/186 302/302/184
f 305/305/233 447/447/96 448/448/234
f 305/305/186 310/310/188 449/449/235
f 305/305/186 389/389/96 303/303/90
f 305/305/233 450/450/236 449/449/235
f 451/451/237 452/452/238 453/453/239
f 452/452/238 451/451/237 218/218/145
f 52/52/46 50/50/44 60/60/52
f 52/52/46 292/292/180 299/299/183
f 60/60/52 54/54/40 300/300/40
f 299/299/183 298/298/1 454/454/6
f 300/300/40 292/292/180 60/60/52
f 300/300/40 371/371/150 455/455/150
f 300/300/40 293/293/150 290/290/40
f 293/293/150 300/300/40 455/455/150
f 293/293/150 394/394/207 291/291/179
f 371/371/150 300/300/40 54/54/40
f 367/367/111 331/331/15 336/336/111
f 336/336/111 19/19/15 396/396/111
f 336/336/111 335/335/15 19/19/15
f 335/335/15 334/334/12 15/15/12
f 335/335/15 15/15/12 19/19/15
f 101/101/76 94/94/69 100/100/75
f 57/59/50 370/370/194 51/51/45
f 56/58/49 55/55/3 456/456/4
f 56/58/49 59/57/3 456/456/4
f 314/314/139 313/313/134 457/457/225
f 314/314/139 458/458/134 459/459/225
f 315/315/140 460/460/189 316/316/91
f 315/315/140 461/461/91 458/458/134
f 375/375/196 376/376/64 462/462/66
f 375/375/196 89/89/64 91/91/66
f 321/321/136 463/463/226 464/464/131
f 321/321/136 465/465/226 317/317/131
f 465/465/226 457/457/225 313/313/134
f 465/465/226 313/313/134 317/317/131
f 320/320/133 466/466/92 467/467/93
f 320/320/133 322/322/92 467/467/93
f 30/32/28 25/25/21 27/27/23
f 31/33/29 468/468/190 36/36/24
f 31/33/29 28/28/24 25/25/21
f 468/468/190 42/42/37 36/36/24
f 468/468/190 42/42/37 28/28/24
f 467/467/93 322/322/92 324/324/98
f 467/467/93 466/466/92 324/324/98
f 222/222/108 216/216/143 219/219/103
f 222/222/108 216/216/143 469/469/103
f 216/216/143 213/213/99 219/219/103
f 216/216/143 470/470/144 469/469/103
f 221/221/107 220/220/146 438/438/228
f 456/456/4 55/55/3 62/62/11
f 456/456/4 59/57/3 62/62/11
f 214/214/104 213/213/99 217/217/144
f 214/214/104 471/471/99 470/470/144
f 215/215/142 452/452/238 218/218/145
f 215/215/142 218/218/145 213/213/99
f 460/460/189 318/318/94 461/461/91
f 460/460/189 318/318/94 316/316/91
f 319/319/95 322/322/92 316/316/91
f 223/223/147 220/220/146 218/218/145
f 472/472/55 473/473/109 74/74/55
f 472/472/55 474/474/77 473/473/109
f 472/472/55 357/357/190 358/358/24
f 474/474/77 475/475/78 476/476/78
f 474/474/77 477/477/38 475/475/78
f 474/474/77 472/472/55 358/358/24
f 473/473/109 474/474/77 478/478/82
f 358/358/24 154/154/37 477/477/38
f 479/479/12 480/480/13 481/481/13
f 479/479/12 482/482/240 483/483/14
f 479/479/12 484/484/17 485/485/15
f 479/479/12 485/485/15 486/486/12
f 484/484/17 479/479/12 483/483/14
f 484/484/17 483/483/14 487/487/241
f 485/485/15 484/484/17 488/488/111
f 47/47/41 51/51/45 45/45/39
f 47/47/41 296/296/182 489/489/47
f 47/47/41 46/46/40 297/297/52
f 46/46/40 49/49/51 490/490/150
f 59/57/3 489/489/47 491/491/9
f 59/57/3 491/491/9 62/62/11
f 29/29/25 68/68/30 69/69/31
f 29/29/25 33/31/27 25/25/21
f 29/29/25 28/28/24 492/492/36
f 37/37/32 69/69/31 70/70/32
f 28/28/24 42/42/37 493/493/38
f 28/28/24 31/33/29 468/468/190
f 494/494/40 495/495/207 496/496/179
f 494/494/40 298/298/1 292/292/181
f 494/494/40 497/497/150 498/498/150
f 494/494/40 292/292/181 499/499/40
f 298/298/1 494/494/40 496/496/179
f 298/298/1 390/390/1 500/500/6
f 298/298/1 496/496/179 390/390/1
f 501/501/80 502/502/77 503/503/77
f 501/501/80 503/503/77 504/504/79
f 503/503/77 476/476/78 505/505/78
f 504/504/79 503/503/77 506/506/77
f 504/504/79 506/506/77 195/195/128
f 504/504/79 507/507/242 501/501/80
f 506/506/77 503/503/77 508/508/78
f 359/359/68 98/98/73 99/99/74
f 359/359/68 362/362/69 373/373/67
f 362/362/69 99/99/74 100/100/75
f 362/362/69 509/509/76 510/510/70
f 362/362/69 511/511/65 376/376/64
f 373/373/67 362/362/69 376/376/64
f 373/373/67 360/360/191 359/359/68
f 373/373/67 96/96/71 97/97/72
f 373/373/67 376/376/64 96/96/71
f 376/376/64 511/511/65 462/462/66
f 512/512/2 513/513/8 514/514/2
f 512/512/2 515/515/62 516/516/61
f 512/512/2 517/517/8 518/518/8
f 515/515/62 514/514/2 519/519/243
f 515/515/62 512/512/2 514/514/2
f 515/515/62 520/520/244 516/516/61
f 516/516/61 521/521/2 512/512/2
f 514/514/2 513/513/8 522/522/8
f 192/192/77 523/523/78 524/524/78
f 193/193/125 192/192/77 525/525/129
f 193/193/125 525/525/129 200/200/130
f 526/526/90 353/353/92 527/527/89
f 526/526/90 527/527/89 528/528/90
f 526/526/90 347/347/189 348/348/91
f 353/353/92 529/529/97 137/137/98
f 353/353/92 526/526/90 348/348/91
f 527/527/89 353/353/92 530/530/187
f 348/348/91 133/133/94 531/531/95
f 348/348/91 529/529/97 353/353/92
f 355/355/103 532/532/101 533/533/102
f 355/355/103 534/534/107 149/149/108
f 355/355/103 535/535/106 534/534/107
f 355/355/103 350/350/144 349/349/99
f 355/355/103 349/349/99 532/532/101
f 349/349/99 143/143/104 536/536/105
f 349/349/99 537/537/100 532/532/101
f 532/532/101 538/538/102 533/533/102
f 539/539/5 6/6/3 1/1/1
f 539/539/5 1/1/1 540/540/245
f 539/539/5 541/541/205 519/519/243
f 539/539/5 542/542/2 543/543/2
f 6/6/3 539/539/5 543/543/2
f 6/6/3 544/544/9 14/14/11
f 543/543/2 522/522/8 545/545/8
f 543/543/2 544/544/9 6/6/3
f 173/173/114 414/414/110 432/432/193
f 173/173/114 166/166/115 167/167/116
f 173/173/114 163/163/15 414/414/110
f 173/173/114 165/165/13 162/162/12
f 414/414/110 159/159/111 160/160/112
f 414/414/110 160/160/112 161/161/113
f 429/429/68 546/546/64 435/435/67
f 429/429/68 180/180/119 181/181/120
f 546/546/64 547/547/65 185/185/66
f 546/546/64 429/429/68 418/418/69
f 546/546/64 548/548/117 435/435/67
f 435/435/67 430/430/191 429/429/68
f 435/435/67 548/548/117 179/179/118
f 418/418/69 547/547/65 546/546/64
f 418/418/69 181/181/120 419/419/75
f 418/418/69 182/182/121 549/549/70
f 115/115/83 127/127/88 550/550/86
f 123/123/2 550/550/86 551/551/8
f 123/123/2 551/551/8 517/517/8
f 415/415/134 552/552/246 553/553/135
f 415/415/134 210/210/139 554/554/140
f 415/415/134 555/555/137 422/422/131
f 555/555/137 556/556/217 557/557/247
f 555/555/137 415/415/134 553/553/135
f 422/422/131 416/416/225 415/415/134
f 422/422/131 558/558/133 207/207/136
f 422/422/131 559/559/132 558/558/133
f 471/471/99 469/469/103 470/470/144
f 471/471/99 560/560/248 469/469/103
f 471/471/99 214/214/104 561/561/105
f 560/560/248 471/471/99 562/562/249
f 560/560/248 562/562/249 563/563/147
f 469/469/103 560/560/248 564/564/107
f 469/469/103 564/564/107 222/222/108
f 562/562/249 561/561/105 565/565/238
f 244/244/153 242/242/12 249/249/152
f 244/244/153 249/249/152 566/566/159
f 244/244/153 566/566/159 254/254/160
f 249/249/152 250/250/157 567/567/158
f 237/237/40 239/239/150 126/126/40
f 237/237/40 240/240/151 230/230/148
f 568/568/169 569/569/168 570/570/166
f 569/569/168 568/568/169 571/571/167
f 569/569/168 572/572/250 573/573/251
f 570/570/166 574/574/252 568/568/169
f 570/570/166 575/575/199 576/576/253
f 571/571/167 577/577/209 578/578/170
f 579/579/102 580/580/176 581/581/106
f 579/579/102 582/582/101 583/583/101
f 579/579/102 583/583/101 580/580/176
f 583/583/101 584/584/173 580/580/176
f 580/580/176 585/585/177 289/289/178
f 584/584/173 280/280/174 586/586/175
f 584/584/173 587/587/100 588/588/211
f 584/584/173 585/585/177 580/580/176
f 71/71/57 63/63/53 65/65/55
f 71/71/57 65/65/55 589/589/254
f 72/72/32 71/71/57 590/590/59
f 448/448/234 443/443/89 446/446/232
f 448/448/234 445/445/230 450/450/236
f 448/448/234 447/447/96 591/591/90
f 443/443/89 592/592/89 593/593/187
f 443/443/89 591/591/90 592/592/89
f 443/443/89 448/448/234 591/591/90
f 446/446/232 443/443/89 388/388/203
f 591/591/90 594/594/96 528/528/90
f 458/458/134 466/466/92 464/464/131
f 458/458/134 314/314/139 315/315/140
f 466/466/92 458/458/134 461/461/91
f 466/466/92 595/595/97 324/324/98
f 466/466/92 461/461/91 595/595/97
f 464/464/131 459/459/225 458/458/134
f 464/464/131 466/466/92 320/320/133
f 464/464/131 320/320/133 321/321/136
f 461/461/91 318/318/94 596/596/95
f 461/461/91 315/315/140 460/460/189
f 379/379/114 326/326/115 327/327/116
f 379/379/114 368/368/15 365/365/110
f 379/379/114 365/365/110 380/380/193
f 368/368/15 381/381/12 597/597/15
f 368/368/15 379/379/114 381/381/12
f 365/365/110 332/332/112 333/333/113
f 365/365/110 368/368/15 332/332/112
f 381/381/12 480/480/13 486/486/12
f 381/381/12 327/327/116 598/598/13
f 538/538/102 532/532/101 599/599/101
f 538/538/102 600/600/106 601/601/106
f 538/538/102 535/535/106 533/533/102
f 600/600/106 538/538/102 602/602/102
f 602/602/102 603/603/106 600/600/106
f 602/602/102 604/604/101 605/605/102
f 602/602/102 599/599/101 604/604/101
f 535/535/106 538/538/102 601/601/106
f 535/535/106 355/355/103 533/533/102
f 502/502/77 474/474/77 476/476/78
f 476/476/78 503/503/77 502/502/77
f 505/505/78 508/508/78 503/503/77
f 599/599/101 602/602/102 538/538/102
f 599/599/101 537/537/100 606/606/100
f 599/599/101 607/607/100 604/604/101
f 607/607/100 599/599/101 606/606/100
f 607/607/100 608/608/101 604/604/101
f 542/542/2 514/514/2 522/522/8
f 522/522/8 543/543/2 542/542/2
f 513/513/8 512/512/2 518/518/8
f 537/537/100 599/599/101 532/532/101
f 529/529/97 348/348/91 531/531/95
f 477/477/38 474/474/77 358/358/24
f 350/350/144 355/355/103 354/354/143
f 536/536/105 537/537/100 349/349/99
f 544/544/9 543/543/2 545/545/8
f 360/360/191 373/373/67 372/372/195
f 364/364/192 380/380/193 365/365/110
f 609/609/255 519/519/243 541/541/205
f 519/519/243 609/609/255 515/515/62
f 519/519/243 514/514/2 542/542/2
f 519/519/243 542/542/2 539/539/5
f 541/541/205 539/539/5 540/540/245
f 578/578/170 572/572/250 571/571/167
f 572/572/250 569/569/168 571/571/167
f 572/572/250 578/578/170 610/610/210
f 611/611/18 487/487/241 612/612/208
f 487/487/241 611/611/18 484/484/17
f 495/495/207 540/540/245 496/496/179
f 540/540/245 495/495/207 541/541/205
f 540/540/245 390/390/1 496/496/179
f 390/390/1 540/540/245 1/1/1
f 390/390/1 7/7/6 500/500/6
f 454/454/6 298/298/1 500/500/6
f 594/594/96 591/591/90 447/447/96
f 528/528/90 613/613/96 526/526/90
f 528/528/90 592/592/89 591/591/90
f 613/613/96 528/528/90 594/594/96
f 613/613/96 347/347/189 526/526/90
f 592/592/89 528/528/90 527/527/89
f 592/592/89 530/530/187 593/593/187
f 530/530/187 592/592/89 527/527/89
f 530/530/187 353/353/92 132/132/93
f 444/444/187 443/443/89 593/593/187
f 74/74/55 614/614/54 472/472/55
f 74/74/55 589/589/254 65/65/55
f 614/614/54 74/74/55 73/73/54
f 614/614/54 357/357/190 472/472/55
f 507/507/242 504/504/79 615/615/256
f 507/507/242 478/478/82 501/501/80
f 478/478/82 507/507/242 616/616/198
f 478/478/82 502/502/77 501/501/80
f 478/478/82 474/474/77 502/502/77
f 478/478/82 589/589/254 473/473/109
f 589/589/254 478/478/82 616/616/198
f 589/589/254 74/74/55 473/473/109
f 589/589/254 617/617/58 71/71/57
f 617/617/58 589/589/254 616/616/198
f 482/482/240 618/618/257 483/483/14
f 618/618/257 487/487/241 483/483/14
f 618/618/257 482/482/240 619/619/202
f 575/575/199 573/573/251 620/620/200
f 575/575/199 570/570/166 569/569/168
f 573/573/251 575/575/199 569/569/168
f 621/621/106 622/622/102 579/579/102
f 621/621/106 579/579/102 581/581/106
f 622/622/102 608/608/101 582/582/101
f 622/622/102 603/603/106 605/605/102
f 581/581/106 580/580/176 623/623/212
f 603/603/106 602/602/102 605/605/102
f 603/603/106 622/622/102 621/621/106
f 198/198/77 508/508/78 523/523/78
f 198/198/77 190/188/123 195/195/128
f 508/508/78 198/198/77 506/506/77
f 523/523/78 192/192/77 198/198/77
f 524/524/78 525/525/129 192/192/77
f 582/582/101 587/587/100 583/583/101
f 582/582/101 624/624/100 625/625/100
f 582/582/101 579/579/102 622/622/102
f 587/587/100 584/584/173 583/583/101
f 587/587/100 582/582/101 625/625/100
f 521/521/2 123/123/2 517/517/8
f 517/517/8 512/512/2 521/521/2
f 624/624/100 582/582/101 608/608/101
f 608/608/101 622/622/102 605/605/102
f 608/608/101 607/607/100 624/624/100
f 608/608/101 605/605/102 604/604/101
f 194/194/127 190/188/123 189/187/219
f 195/195/128 506/506/77 198/198/77
f 195/195/128 615/615/256 504/504/79
f 615/615/256 195/195/128 194/194/127
f 626/626/258 576/576/253 627/627/223
f 576/576/253 626/626/258 570/570/166
f 559/559/132 557/557/247 410/410/221
f 559/559/132 422/422/131 555/555/137
f 557/557/247 559/559/132 555/555/137
f 266/266/164 189/187/219 259/259/161
f 628/628/213 240/240/214 116/116/84
f 628/628/213 116/116/84 124/124/87
f 124/124/87 123/123/2 521/521/2
f 124/124/87 521/521/2 516/516/61
f 124/124/87 520/520/244 628/628/213
f 233/233/149 240/240/214 628/628/213
f 233/233/149 225/225/45 230/230/148
f 552/552/246 556/556/217 553/553/135
f 556/556/217 555/555/137 553/553/135
f 556/556/217 552/552/246 408/408/218
f 574/574/252 570/570/166 626/626/258
f 574/574/252 577/577/209 568/568/169
f 577/577/209 571/571/167 568/568/169
f 577/577/209 574/574/252 629/629/216
f 520/520/244 124/124/87 516/516/61
f 520/520/244 515/515/62 609/609/255
f 623/623/212 580/580/176 289/289/178
f 585/585/177 584/584/173 586/586/175
f 567/567/158 566/566/159 249/249/152
f 588/588/211 280/280/174 584/584/173
f 550/550/86 123/123/2 115/115/83
f 256/256/59 255/255/27 260/260/32
f 256/256/59 260/260/32 271/271/59
f 172/172/15 169/169/12 241/241/15
f 172/172/15 245/245/111 171/171/111
f 236/236/150 239/239/150 237/237/40
f 630/630/196 546/546/64 185/185/66
f 547/547/65 418/418/69 549/549/70
f 416/416/225 422/422/131 421/421/226
f 554/554/140 552/552/246 415/415/134
f 267/267/22 258/258/21 255/255/227
f 548/548/117 546/546/64 630/630/196
f 427/427/192 432/432/193 414/414/110
f 430/430/191 435/435/67 434/434/195
f 490/490/150 499/499/40 46/46/40
f 499/499/40 297/297/52 46/46/40
f 499/499/40 490/490/150 497/497/150
f 497/497/150 494/494/40 499/499/40
f 498/498/150 495/495/207 494/494/40
f 631/631/111 485/485/15 488/488/111
f 631/631/111 597/597/15 485/485/15
f 597/597/15 486/486/12 485/485/15
f 597/597/15 369/369/111 368/368/15
f 488/488/111 484/484/17 611/611/18
f 369/369/111 597/597/15 631/631/111
f 296/296/182 292/292/181 299/299/183
f 296/296/182 47/47/41 297/297/52
f 297/297/52 499/499/40 292/292/181
f 489/489/47 59/57/3 47/47/41
f 632/632/237 565/565/238 633/633/237
f 565/565/238 632/632/237 562/562/249
f 450/450/236 305/305/233 448/448/234
f 445/445/230 448/448/234 446/446/232
f 445/445/230 388/388/203 442/442/231
f 634/634/228 635/635/229 636/636/229
f 635/635/229 634/634/228 560/560/248
f 68/68/30 29/29/25 492/492/36
f 69/69/31 37/37/32 29/29/25
f 492/492/36 28/28/24 493/493/38
f 70/70/32 590/590/59 637/637/59
f 70/70/32 63/63/53 72/72/32
f 70/70/32 377/377/59 37/37/32
f 590/590/59 70/70/32 72/72/32
f 590/590/59 71/71/57 617/617/58
f 377/377/59 70/70/32 637/637/59
f 480/480/13 381/381/12 598/598/13
f 480/480/13 479/479/12 486/486/12
f 486/486/12 597/597/15 381/381/12
f 481/481/13 482/482/240 479/479/12
f 511/511/65 362/362/69 510/510/70
f 509/509/76 362/362/69 100/100/75
f 459/459/225 464/464/131 463/463/226
f 596/596/95 595/595/97 461/461/91
f 561/561/105 562/562/249 471/471/99
f 564/564/107 560/560/248 634/634/228
f 638/638/147 563/563/147 562/562/249
usemtl Material.002
s off
f 641/639/259 648/640/259 649/641/259
f 644/642/259 649/641/259 650/643/259
f 644/642/259 651/644/259 642/645/259
f 665/646/260 668/647/260 669/648/260
f 666/649/260 669/648/260 671/650/260
f 666/649/260 671/650/260 672/651/260
f 666/649/260 665/646/260 669/648/260
f 686/652/259 689/653/259 690/654/259
f 688/655/259 696/656/259 697/657/259
f 737/658/261 742/659/261 743/660/261
f 757/661/259 651/644/259 760/662/259
f 779/663/261 743/660/261 783/664/261
f 807/665/260 809/666/260 668/647/260
f 814/667/260 668/647/260 815/668/260
f 831/669/260 672/651/260 823/670/260
f 843/671/262 846/672/262 847/673/262
f 861/674/259 648/640/259 647/675/259
f 870/676/259 875/677/259 876/678/259
f 950/679/262 846/672/262 951/680/262
f 957/681/261 743/660/261 960/682/261
f 996/683/260 672/651/260 999/684/260
f 1008/685/262 1012/686/262 846/672/262
f 1311/687/259 876/678/259 1315/688/259
f 1312/689/259 1311/687/259 1315/688/259
f 1312/689/259 1316/690/259 648/640/259
f 1312/689/259 1315/688/259 1316/690/259
f 1329/691/259 650/643/259 649/641/259
f 1329/691/259 1330/692/259 1331/693/259
f 1330/692/259 1332/694/259 1331/693/259
f 1330/692/259 876/678/259 690/654/259
f 1331/693/259 1332/694/259 1333/695/259
f 1331/693/259 1334/696/259 651/644/259
f 1331/693/259 1333/695/259 1334/696/259
f 1332/694/259 697/657/259 1333/695/259
f 1332/694/259 690/654/259 689/653/259
f 651/644/259 1335/697/259 760/662/259
f 651/644/259 757/661/259 642/645/259
f 651/644/259 1334/696/259 1335/697/259
f 1334/696/259 1336/698/259 1335/697/259
f 1334/696/259 1333/695/259 1336/698/259
f 650/643/259 1329/691/259 1331/693/259
f 650/643/259 651/644/259 644/642/259
f 650/643/259 1331/693/259 651/644/259
f 689/653/259 688/655/259 697/657/259
f 689/653/259 686/652/259 688/655/259
f 689/653/259 697/657/259 1332/694/259
f 697/657/259 696/656/259 770/699/259
f 697/657/259 770/699/259 777/700/259
f 697/657/259 1336/698/259 1333/695/259
f 1336/698/259 697/657/259 777/700/259
f 876/678/259 1311/687/259 866/701/259
f 876/678/259 875/677/259 686/652/259
f 876/678/259 686/652/259 690/654/259
f 876/678/259 1330/692/259 1315/688/259
f 690/654/259 1332/694/259 1330/692/259
f 866/701/259 870/676/259 876/678/259
f 1313/702/259 1312/689/259 648/640/259
f 1313/702/259 648/640/259 861/674/259
f 648/640/259 641/639/259 647/675/259
f 648/640/259 1329/691/259 649/641/259
f 648/640/259 1316/690/259 1329/691/259
f 1316/690/259 1330/692/259 1329/691/259
f 1316/690/259 1315/688/259 1330/692/259
f 649/641/259 644/642/259 641/639/259
f 846/672/262 680/703/262 847/673/262
f 846/672/262 1012/686/262 680/703/262
f 846/672/262 950/679/262 1014/704/262
f 846/672/262 843/671/262 951/680/262
f 1014/704/262 1008/685/262 846/672/262
f 745/705/261 743/660/261 779/663/261
f 745/705/261 737/658/261 743/660/261
f 743/660/261 957/681/261 783/664/261
f 743/660/261 749/706/261 960/682/261
f 743/660/261 742/659/261 749/706/261
f 668/647/260 814/667/260 669/648/260
f 668/647/260 665/646/260 811/707/260
f 668/647/260 809/666/260 990/708/260
f 668/647/260 990/708/260 815/668/260
f 811/707/260 807/665/260 668/647/260
f 672/651/260 671/650/260 818/709/260
f 672/651/260 818/709/260 999/684/260
f 672/651/260 996/683/260 823/670/260
f 672/651/260 831/669/260 675/710/260
f 671/650/260 669/648/260 814/667/260
f 671/650/260 814/667/260 818/709/260
f 675/710/260 666/649/260 672/651/260
s 1
f 639/711/263 640/712/263 641/639/259
f 639/711/263 642/645/259 643/713/263
f 639/711/263 644/642/259 642/645/259
f 639/711/263 643/713/263 645/714/264
f 639/711/263 646/715/264 640/712/263
f 640/712/263 647/675/259 641/639/259
f 641/639/259 644/642/259 639/711/263
f 652/716/265 653/717/266 654/718/265
f 652/716/265 655/719/267 656/720/268
f 652/716/265 657/721/265 655/719/267
f 657/721/265 658/722/147 659/723/265
f 655/719/267 659/723/265 660/724/269
f 655/719/267 661/725/270 662/726/271
f 656/720/268 655/719/267 662/726/271
f 656/720/268 662/726/271 663/727/272
f 656/720/268 663/727/272 664/728/273
f 665/646/260 666/649/260 667/729/274
f 665/646/260 667/729/274 670/730/274
f 667/729/274 673/731/275 670/730/274
f 674/732/274 666/649/260 675/710/260
f 674/732/274 667/729/274 666/649/260
f 676/733/276 677/734/190 678/735/24
f 676/733/276 679/736/77 680/703/262
f 679/736/77 676/733/276 678/735/24
f 679/736/77 681/737/78 682/738/78
f 680/703/262 679/736/77 683/739/77
f 678/735/24 684/740/37 685/741/38
f 678/735/24 681/737/78 679/736/77
f 686/652/259 687/742/277 688/655/259
f 687/742/277 691/743/278 692/744/277
f 687/742/277 693/745/278 694/746/278
f 687/742/277 686/652/259 695/747/277
f 688/655/259 687/742/277 692/744/277
f 688/655/259 692/744/277 696/656/259
f 695/747/277 698/748/278 693/745/278
f 699/749/45 700/750/4 701/751/49
f 699/749/45 702/752/279 703/753/280
f 699/749/45 703/753/280 704/754/3
f 699/749/45 701/751/49 705/755/50
f 703/753/280 706/756/281 704/754/3
f 704/754/3 706/756/281 707/757/282
f 704/754/3 708/758/9 709/759/11
f 704/754/3 707/757/282 708/758/9
f 706/756/281 710/760/280 711/761/283
f 712/762/99 713/763/104 714/764/105
f 712/762/99 715/765/284 716/766/103
f 715/765/284 712/762/99 717/767/101
f 716/766/103 715/765/284 718/768/285
f 716/766/103 719/769/107 720/770/286
f 717/767/101 721/771/271 715/765/284
f 717/767/101 712/762/99 714/764/105
f 717/767/101 722/772/100 723/773/101
f 724/774/21 725/775/28 726/776/29
f 724/774/21 727/777/287 728/778/288
f 724/774/21 729/779/190 730/780/24
f 727/777/287 731/781/38 732/782/289
f 727/777/287 730/780/24 731/781/38
f 727/777/287 724/774/21 730/780/24
f 728/778/288 733/783/290 734/784/288
f 730/780/24 735/785/37 731/781/38
f 736/786/39 737/658/261 738/787/280
f 736/786/39 739/788/42 740/789/51
f 737/658/261 736/786/39 741/790/40
f 737/658/261 741/790/40 744/791/40
f 737/658/261 744/791/40 742/659/261
f 738/787/280 737/658/261 745/705/261
f 741/790/40 736/786/39 740/789/51
f 741/790/40 746/792/150 744/791/40
f 747/793/40 748/794/83 749/706/261
f 747/793/40 750/795/85 748/794/83
f 747/793/40 746/792/150 751/796/150
f 748/794/83 752/797/88 753/798/86
f 749/706/261 754/799/2 755/800/2
f 749/706/261 748/794/83 754/799/2
f 754/799/2 753/798/86 756/801/8
f 754/799/2 748/794/83 753/798/86
f 757/661/259 758/802/291 759/803/263
f 758/802/291 757/661/259 760/662/259
f 758/802/291 761/804/292 762/805/292
f 759/803/263 763/806/64 764/807/293
f 759/803/263 758/802/291 763/806/64
f 763/806/64 765/808/65 766/809/66
f 763/806/64 758/802/291 762/805/292
f 763/806/64 762/805/292 765/808/65
f 767/810/69 768/811/76 769/812/70
f 767/810/69 770/699/259 771/813/277
f 767/810/69 772/814/292 773/815/291
f 767/810/69 774/816/278 775/817/75
f 770/699/259 767/810/69 773/815/291
f 770/699/259 776/818/291 777/700/259
f 773/815/291 772/814/292 778/819/292
f 779/663/261 780/820/280 781/821/280
f 779/663/261 782/822/294 780/820/280
f 782/822/294 783/664/261 784/823/295
f 782/822/294 779/663/261 783/664/261
f 782/822/294 784/823/295 785/824/296
f 780/820/280 786/825/279 781/821/280
f 787/826/280 780/820/280 782/822/294
f 787/826/280 711/761/283 710/760/280
f 787/826/280 788/827/279 780/820/280
f 789/828/297 790/829/91 791/830/298
f 789/828/297 792/831/299 793/832/300
f 790/829/91 794/833/94 795/834/95
f 790/829/91 796/835/97 797/836/92
f 790/829/91 798/837/301 799/838/189
f 791/830/298 797/836/92 800/839/93
f 791/830/298 790/829/91 797/836/92
f 797/836/92 796/835/97 801/840/98
f 802/841/114 803/842/13 804/843/12
f 802/841/114 805/844/115 806/845/116
f 802/841/114 807/665/260 808/846/274
f 807/665/260 810/847/12 809/666/260
f 807/665/260 802/841/114 804/843/12
f 808/846/274 807/665/260 811/707/260
f 804/843/12 812/848/13 810/847/12
f 813/849/302 814/667/260 815/668/260
f 813/849/302 816/850/303 817/851/303
f 813/849/302 818/709/260 814/667/260
f 813/849/302 819/852/303 820/853/302
f 818/709/260 813/849/302 820/853/302
f 818/709/260 820/853/302 821/854/302
f 822/855/15 823/670/260 824/856/15
f 822/855/15 825/857/110 826/858/274
f 825/857/110 827/859/275 826/858/274
f 825/857/110 828/860/112 829/861/113
f 825/857/110 822/855/15 830/862/111
f 826/858/274 831/669/260 822/855/15
f 831/669/260 826/858/274 832/863/274
f 833/864/304 834/865/304 835/866/305
f 833/864/304 836/867/190 837/868/24
f 834/865/304 833/864/304 837/868/24
f 835/866/305 838/869/306 839/870/307
f 837/868/24 840/871/308 834/865/304
f 837/868/24 841/872/37 842/873/38
f 843/671/262 844/874/77 845/875/32
f 844/874/77 682/738/78 848/876/78
f 844/874/77 843/671/262 847/673/262
f 844/874/77 849/877/129 850/878/125
f 845/875/32 851/879/124 852/880/59
f 845/875/32 844/874/77 850/878/125
f 850/878/125 849/877/129 853/881/130
f 854/882/309 855/883/310 856/884/309
f 854/882/309 857/885/263 858/886/67
f 857/885/263 859/887/263 860/888/264
f 857/885/263 854/882/309 861/674/259
f 857/885/263 862/889/71 858/886/67
f 858/886/67 862/889/71 863/890/72
f 858/886/67 864/891/310 854/882/309
f 861/674/259 854/882/309 856/884/309
f 861/674/259 859/887/263 857/885/263
f 865/892/309 866/701/259 867/893/309
f 865/892/309 868/894/68 869/895/277
f 865/892/309 869/895/277 870/676/259
f 868/894/68 871/896/119 872/897/74
f 869/895/277 872/897/74 873/898/278
f 869/895/277 698/748/278 874/899/277
f 870/676/259 869/895/277 874/899/277
f 870/676/259 874/899/277 875/677/259
f 877/900/103 878/901/311 879/902/312
f 877/900/103 880/903/265 881/904/313
f 877/900/103 881/904/313 878/901/311
f 877/900/103 882/905/147 880/903/265
f 877/900/103 883/906/107 884/907/108
f 880/903/265 885/908/147 654/718/265
f 881/904/313 654/718/265 653/717/266
f 878/901/311 886/909/314 887/910/315
f 878/901/311 881/904/313 886/909/314
f 888/911/313 889/912/316 890/913/316
f 888/911/313 891/914/317 889/912/316
f 888/911/313 890/913/316 892/915/316
f 889/912/316 893/916/318 894/917/318
f 889/912/316 891/914/317 895/918/269
f 890/913/316 894/917/318 896/919/318
f 890/913/316 896/919/318 897/920/318
f 890/913/316 889/912/316 894/917/318
f 898/921/268 899/922/273 900/923/266
f 898/921/268 901/924/316 902/925/102
f 901/924/316 898/921/268 900/923/266
f 901/924/316 897/920/318 903/926/318
f 902/925/102 901/924/316 904/927/176
f 902/925/102 905/928/212 906/929/106
f 904/927/176 907/930/177 908/931/178
f 904/927/176 903/926/318 907/930/177
f 904/927/176 901/924/316 903/926/318
f 909/932/319 910/933/24 911/934/304
f 909/932/319 912/935/21 910/933/24
f 909/932/319 913/936/320 914/937/321
f 912/935/21 915/938/190 910/933/24
f 912/935/21 916/939/28 917/940/29
f 910/933/24 918/941/37 919/942/38
f 910/933/24 920/943/308 911/934/304
f 921/944/101 922/945/211 923/946/173
f 921/944/101 924/947/316 925/948/267
f 921/944/101 722/772/100 926/949/100
f 924/947/316 927/950/318 893/916/318
f 924/947/316 921/944/101 923/946/173
f 925/948/267 924/947/316 928/951/316
f 925/948/267 723/773/101 921/944/101
f 923/946/173 929/952/174 930/953/175
f 923/946/173 927/950/318 924/947/316
f 931/954/103 932/955/322 933/956/99
f 931/954/103 934/957/323 935/958/102
f 931/954/103 935/958/102 936/959/106
f 931/954/103 937/960/107 938/961/108
f 934/957/323 931/954/103 933/956/99
f 935/958/102 939/962/102 940/963/106
f 935/958/102 934/957/323 941/964/272
f 935/958/102 941/964/272 939/962/102
f 933/956/99 942/965/104 943/966/142
f 933/956/99 944/967/324 934/957/323
f 945/968/32 946/969/27 947/970/288
f 945/968/32 948/971/32 949/972/59
f 945/968/32 950/679/262 951/680/262
f 945/968/32 951/680/262 948/971/32
f 945/968/32 952/973/34 946/969/27
f 946/969/27 953/974/325 947/970/288
f 946/969/27 952/973/34 954/975/35
f 947/970/288 950/679/262 945/968/32
f 950/679/262 947/970/288 955/976/288
f 956/977/326 957/681/261 958/978/2
f 956/977/326 958/978/2 959/979/3
f 958/978/2 961/980/8 962/981/8
f 958/978/2 957/681/261 960/682/261
f 959/979/3 958/978/2 962/981/8
f 959/979/3 963/982/9 964/983/11
f 959/979/3 965/984/327 956/977/326
f 959/979/3 962/981/8 963/982/9
f 966/985/328 967/986/328 968/987/3
f 966/985/328 969/988/329 967/986/328
f 969/988/329 970/989/330 971/990/331
f 967/986/328 969/988/329 971/990/331
f 968/987/3 972/991/332 973/992/9
f 968/987/3 967/986/328 972/991/332
f 968/987/3 973/992/9 974/993/11
f 968/987/3 975/994/333 966/985/328
f 976/995/265 660/724/269 659/723/265
f 976/995/265 977/996/99 978/997/334
f 976/995/265 978/997/334 979/998/317
f 977/996/99 980/999/147 981/1000/144
f 977/996/99 982/1001/104 983/1002/105
f 978/997/334 983/1002/105 984/1003/335
f 979/998/317 985/1004/336 986/1005/337
f 979/998/317 978/997/334 985/1004/336
f 987/1006/12 809/666/260 810/847/12
f 987/1006/12 988/1007/155 989/1008/152
f 987/1006/12 989/1008/152 990/708/260
f 989/1008/152 991/1009/157 992/1010/158
f 989/1008/152 993/1011/303 994/1012/302
f 990/708/260 989/1008/152 994/1012/302
f 990/708/260 994/1012/302 995/1013/302
f 996/683/260 997/1014/302 998/1015/15
f 996/683/260 824/856/15 823/670/260
f 997/1014/302 996/683/260 999/684/260
f 997/1014/302 1000/1016/303 1001/1017/303
f 998/1015/15 997/1014/302 1002/1018/153
f 998/1015/15 1003/1019/154 1004/1020/111
f 1002/1018/153 1001/1017/303 1005/1021/159
f 1002/1018/153 997/1014/302 1001/1017/303
f 1002/1018/153 1005/1021/159 1006/1022/160
f 1007/1023/338 734/784/288 733/783/290
f 1007/1023/338 1008/685/262 1009/1024/288
f 1007/1023/338 1010/1025/339 1011/1026/340
f 1008/685/262 1011/1026/340 1012/686/262
f 1008/685/262 1007/1023/338 1011/1026/340
f 1013/1027/288 1008/685/262 1014/704/262
f 1013/1027/288 1009/1024/288 1008/685/262
f 1015/1028/134 1016/1029/139 1017/1030/140
f 1015/1028/134 1018/1031/189 1019/1032/91
f 1015/1028/134 1019/1032/91 1020/1033/131
f 1019/1032/91 1021/1034/94 1022/1035/95
f 1020/1033/131 1023/1036/93 1024/1037/133
f 1020/1033/131 1024/1037/133 1025/1038/136
f 1020/1033/131 1019/1032/91 1026/1039/92
f 1026/1039/92 1019/1032/91 1022/1035/95
f 1026/1039/92 1027/1040/97 1028/1041/98
f 1026/1039/92 1022/1035/95 1027/1040/97
f 1029/1042/309 1030/1043/263 1031/1044/67
f 1030/1043/263 1032/1045/341 1033/1046/342
f 1030/1043/263 1029/1042/309 1032/1045/341
f 1030/1043/263 1033/1046/342 1034/1047/263
f 1031/1044/67 1035/1048/71 1036/1049/72
f 1031/1044/67 1030/1043/263 1037/1050/264
f 1032/1045/341 1038/1051/309 1039/1052/343
f 1040/1053/134 1041/1054/91 1042/1055/131
f 1040/1053/134 1043/1056/139 1044/1057/140
f 1041/1054/91 1045/1058/97 1046/1059/92
f 1041/1054/91 1047/1060/94 1048/1061/95
f 1041/1054/91 1044/1057/140 1049/1062/189
f 1042/1055/131 1041/1054/91 1046/1059/92
f 1042/1055/131 1050/1063/225 1040/1053/134
f 1042/1055/131 1051/1064/133 1052/1065/136
f 1042/1055/131 1053/1066/93 1051/1064/133
f 1046/1059/92 1045/1058/97 1054/1067/98
f 1055/1068/68 1056/1069/278 1057/1070/277
f 1055/1068/68 1058/1071/344 1059/1072/309
f 1055/1068/68 1060/1073/73 1061/1074/74
f 1058/1071/344 1055/1068/68 1057/1070/277
f 1058/1071/344 1062/1075/277 1063/1076/345
f 1058/1071/344 1057/1070/277 1062/1075/277
f 1058/1071/344 1063/1076/345 1064/1077/346
f 1059/1072/309 1065/1078/347 1066/1079/309
f 1057/1070/277 1067/1080/278 1062/1075/277
f 1068/1081/45 1069/1082/348 1070/1083/328
f 1068/1081/45 1071/1084/4 1072/1085/49
f 1068/1081/45 1072/1085/49 1073/1086/50
f 1068/1081/45 1074/1087/349 1069/1082/348
f 1068/1081/45 1070/1083/328 1075/1088/3
f 1070/1083/328 1069/1082/348 1076/1089/350
f 1075/1088/3 1077/1090/351 1078/1091/9
f 1075/1088/3 1070/1083/328 1077/1090/351
f 1075/1088/3 1078/1091/9 1079/1092/11
f 1080/1093/313 1081/1094/316 1082/1095/316
f 1080/1093/313 1083/1096/316 1081/1094/316
f 1080/1093/313 1084/1097/317 1083/1096/316
f 1084/1097/317 1085/1098/352 1083/1096/316
f 1083/1096/316 1086/1099/318 1087/1100/318
f 1081/1094/316 1083/1096/316 1087/1100/318
f 1081/1094/316 1088/1101/318 1089/1102/318
f 1081/1094/316 1087/1100/318 1088/1101/318
f 1090/1103/268 1091/1104/316 1092/1105/102
f 1090/1103/268 1093/1106/273 1094/1107/266
f 1090/1103/268 1094/1107/266 1091/1104/316
f 1091/1104/316 1089/1102/318 1095/1108/318
f 1092/1105/102 1096/1109/212 1097/1110/106
f 1092/1105/102 1091/1104/316 1098/1111/176
f 1098/1111/176 1091/1104/316 1095/1108/318
f 1098/1111/176 1095/1108/318 1099/1112/177
f 1098/1111/176 1099/1112/177 1100/1113/353
f 1101/1114/354 1102/1115/355 1103/1116/354
f 1101/1114/354 1104/1117/354 1105/1118/355
f 1104/1117/354 1106/1119/356 1107/1120/356
f 1104/1117/354 1101/1114/354 1108/1121/356
f 1104/1117/354 1108/1121/356 1106/1119/356
f 1109/1122/355 1110/1123/354 1111/1124/355
f 1109/1122/355 1105/1118/355 1104/1117/354
f 1112/1125/101 1113/1126/100 1114/1127/100
f 1112/1125/101 1115/1128/173 1116/1129/267
f 1115/1128/173 1117/1130/174 1118/1131/175
f 1115/1128/173 1114/1127/100 1119/1132/211
f 1116/1129/267 1120/1133/316 1121/1134/316
f 1116/1129/267 1115/1128/173 1120/1133/316
f 1120/1133/316 1122/1135/318 1086/1099/318
f 1120/1133/316 1115/1128/173 1118/1131/175
f 1120/1133/316 1118/1131/175 1122/1135/318
f 1123/1136/102 1124/1137/102 1125/1138/106
f 1123/1136/102 1126/1139/103 1127/1140/99
f 1123/1136/102 1128/1141/323 1129/1142/357
f 1123/1136/102 1129/1142/357 1124/1137/102
f 1126/1139/103 1130/1143/107 1131/1144/108
f 1126/1139/103 1123/1136/102 1132/1145/106
f 1127/1140/99 1133/1146/104 1134/1147/105
f 1127/1140/99 1135/1148/324 1128/1141/323
f 1127/1140/99 1128/1141/323 1123/1136/102
f 1136/1149/298 1137/1150/358 1138/1151/359
f 1136/1149/298 1139/1152/360 1140/1153/361
f 1139/1152/360 1136/1149/298 1141/1154/362
f 1139/1152/360 1141/1154/362 1142/1155/363
f 1141/1154/362 1143/1156/364 1144/1157/365
f 1145/1158/99 1146/1159/284 1147/1160/103
f 1145/1158/99 1148/1161/104 1149/1162/105
f 1145/1158/99 1150/1163/100 1151/1164/101
f 1146/1159/284 1152/1165/101 1153/1166/366
f 1146/1159/284 1145/1158/99 1151/1164/101
f 1146/1159/284 1151/1164/101 1152/1165/101
f 1147/1160/103 1154/1167/107 1155/1168/108
f 1147/1160/103 1146/1159/284 1156/1169/285
f 1151/1164/101 1113/1126/100 1152/1165/101
f 1157/1170/367 1158/1171/69 1159/1172/263
f 1158/1171/69 1160/1173/65 1161/1174/64
f 1158/1171/69 1162/1175/368 1163/1176/75
f 1158/1171/69 1164/1177/76 1165/1178/70
f 1159/1172/263 1158/1171/69 1161/1174/64
f 1161/1174/64 1166/1179/264 1159/1172/263
f 1161/1174/64 1160/1173/65 1167/1180/369
f 1168/1181/288 1169/1182/77 1170/1183/27
f 1168/1181/288 1171/1184/325 1172/1185/288
f 1169/1182/77 1173/1186/78 1174/1187/78
f 1169/1182/77 1172/1185/288 1175/1188/77
f 1170/1183/27 1176/1189/33 1177/1190/35
f 1170/1183/27 1178/1191/125 1179/1192/124
f 1170/1183/27 1169/1182/77 1178/1191/125
f 1178/1191/125 1174/1187/78 1180/1193/129
f 1178/1191/125 1180/1193/129 1181/1194/130
f 1182/1195/302 1183/1196/274 1184/1197/274
f 1182/1195/302 1185/1198/274 1186/1199/302
f 1182/1195/302 1187/1200/303 1188/1201/303
f 1183/1196/274 1189/1202/302 1190/1203/302
f 1183/1196/274 1182/1195/302 1189/1202/302
f 1184/1197/274 1191/1204/275 1185/1198/274
f 1189/1202/302 1182/1195/302 1188/1201/303
f 1189/1202/302 1188/1201/303 1192/1205/303
f 1189/1202/302 1192/1205/303 1193/1206/303
f 1194/1207/288 1195/1208/21 1196/1209/24
f 1194/1207/288 1175/1188/77 1172/1185/288
f 1194/1207/288 1196/1209/24 1197/1210/77
f 1195/1208/21 1198/1211/190 1196/1209/24
f 1195/1208/21 1199/1212/28 1200/1213/29
f 1196/1209/24 1201/1214/78 1197/1210/77
f 1196/1209/24 1202/1215/37 1203/1216/38
f 1197/1210/77 1201/1214/78 1173/1186/78
f 1204/1217/114 1205/1218/115 1206/1219/116
f 1204/1217/114 1207/1220/152 1208/1221/274
f 1207/1220/152 1209/1222/303 1210/1223/302
f 1207/1220/152 1211/1224/157 1212/1225/158
f 1207/1220/152 1204/1217/114 1206/1219/116
f 1208/1221/274 1213/1226/193 1204/1217/114
f 1208/1221/274 1207/1220/152 1210/1223/302
f 1208/1221/274 1186/1199/302 1185/1198/274
f 1210/1223/302 1209/1222/303 1187/1200/303
f 1214/1227/277 1215/1228/69 1216/1229/370
f 1214/1227/277 1067/1080/278 1217/1230/278
f 1215/1228/69 1217/1230/278 1218/1231/371
f 1215/1228/69 1219/1232/121 1220/1233/70
f 1216/1229/370 1215/1228/69 1221/1234/64
f 1221/1234/64 1222/1235/372 1223/1236/66
f 1221/1234/64 1215/1228/69 1220/1233/70
f 1221/1234/64 1220/1233/70 1222/1235/372
f 1221/1234/64 1224/1237/373 1216/1229/370
f 1225/1238/39 1226/1239/42 1227/1240/51
f 1225/1238/39 1228/1241/83 1229/1242/280
f 1228/1241/83 1227/1240/51 1230/1243/85
f 1228/1241/83 1231/1244/8 1232/1245/2
f 1228/1241/83 1233/1246/88 1234/1247/86
f 1229/1242/280 1232/1245/2 1235/1248/2
f 1229/1242/280 1236/1249/48 1225/1238/39
f 1229/1242/280 1228/1241/83 1232/1245/2
f 1232/1245/2 1231/1244/8 1237/1250/8
f 1238/1251/274 1239/1252/302 1240/1253/110
f 1238/1251/274 1241/1254/275 1242/1255/274
f 1239/1252/302 1238/1251/274 1242/1255/274
f 1239/1252/302 1193/1206/303 1243/1256/303
f 1240/1253/110 1239/1252/302 1244/1257/153
f 1240/1253/110 1245/1258/154 1246/1259/112
f 1240/1253/110 1246/1259/112 1247/1260/113
f 1244/1257/153 1243/1256/303 1248/1261/159
f 1244/1257/153 1248/1261/159 1249/1262/160
f 1244/1257/153 1239/1252/302 1243/1256/303
f 1250/1263/45 1251/1264/280 1252/1265/2
f 1250/1263/45 1252/1265/2 1253/1266/3
f 1250/1263/45 1254/1267/49 1255/1268/50
f 1250/1263/45 1256/1269/279 1251/1264/280
f 1250/1263/45 1253/1266/3 1257/1270/4
f 1251/1264/280 1258/1271/279 1259/1272/280
f 1252/1265/2 1237/1250/8 1260/1273/8
f 1252/1265/2 1251/1264/280 1259/1272/280
f 1253/1266/3 1252/1265/2 1260/1273/8
f 1253/1266/3 1261/1274/9 1262/1275/11
f 1253/1266/3 1260/1273/8 1261/1274/9
f 1263/1276/309 1264/1277/374 1265/1278/309
f 1264/1277/374 1266/1279/375 1267/1280/376
f 1264/1277/374 1267/1280/376 1268/1281/377
f 1264/1277/374 1263/1276/309 1266/1279/375
f 1265/1278/309 1039/1052/343 1038/1051/309
f 1266/1279/375 1066/1079/309 1065/1078/347
f 1269/1282/92 1270/1283/131 1271/1284/355
f 1269/1282/92 1272/1285/97 1273/1286/98
f 1269/1282/92 1274/1287/354 1275/1288/356
f 1269/1282/92 1275/1288/356 1272/1285/97
f 1270/1283/131 1276/1289/378 1277/1290/133
f 1270/1283/131 1277/1290/133 1278/1291/136
f 1270/1283/131 1279/1292/379 1271/1284/355
f 1271/1284/355 1274/1287/354 1269/1282/92
f 1274/1287/354 1107/1120/356 1275/1288/356
f 1274/1287/354 1111/1124/355 1110/1123/354
f 1280/1293/134 1281/1294/354 1282/1295/355
f 1280/1293/134 1283/1296/139 1284/1297/140
f 1280/1293/134 1285/1298/380 1286/1299/91
f 1281/1294/354 1280/1293/134 1286/1299/91
f 1282/1295/355 1103/1116/354 1102/1115/355
f 1286/1299/91 1287/1300/94 1288/1301/95
f 1286/1299/91 1289/1302/356 1281/1294/354
f 1290/1303/323 1291/1304/284 1292/1305/381
f 1290/1303/323 1292/1305/381 1293/1306/382
f 1290/1303/323 1293/1306/382 1294/1307/383
f 1292/1305/381 1295/1308/384 1296/1309/385
f 1292/1305/381 1291/1304/284 1297/1310/285
f 1293/1306/382 1296/1309/385 1298/1311/386
f 1293/1306/382 1292/1305/381 1296/1309/385
f 1293/1306/382 1298/1311/386 1299/1312/387
f 1300/1313/298 1301/1314/365 1302/1315/362
f 1300/1313/298 1303/1316/388 1304/1317/389
f 1300/1313/298 1305/1318/390 1306/1319/391
f 1305/1318/390 1300/1313/298 1302/1315/362
f 1305/1318/390 1302/1315/362 1307/1320/392
f 1306/1319/391 1308/1321/393 1303/1316/388
f 1309/1322/309 1310/1323/309 1311/687/259
f 1309/1322/309 1311/687/259 1312/689/259
f 1309/1322/309 1312/689/259 1313/702/259
f 1310/1323/309 1314/1324/310 867/893/309
f 1311/687/259 867/893/309 866/701/259
f 1317/1325/362 1318/1326/91 1319/1327/394
f 1318/1326/91 1320/1328/94 1321/1329/95
f 1318/1326/91 1322/1330/97 1323/1331/92
f 1318/1326/91 1324/1332/395 1325/1333/189
f 1319/1327/394 1326/1334/93 1327/1335/396
f 1319/1327/394 1318/1326/91 1323/1331/92
f 1323/1331/92 1322/1330/97 1328/1336/98
f 1335/697/259 1337/1337/291 1338/1338/291
f 1335/697/259 1339/1339/291 1337/1337/291
f 1335/697/259 1336/698/259 1339/1339/291
f 760/662/259 1338/1338/291 758/802/291
f 696/656/259 692/744/277 771/813/277
f 696/656/259 771/813/277 770/699/259
f 777/700/259 1339/1339/291 1336/698/259
f 875/677/259 874/899/277 695/747/277
f 875/677/259 695/747/277 686/652/259
f 866/701/259 865/892/309 870/676/259
f 1313/702/259 856/884/309 1309/1322/309
f 647/675/259 640/712/263 859/887/263
f 1340/1340/397 1341/1341/320 833/864/304
f 1341/1341/320 1340/1340/397 1342/1342/398
f 662/726/271 1297/1310/285 1291/1304/284
f 1297/1310/285 1343/1343/399 1292/1305/381
f 1297/1310/285 662/726/271 661/725/270
f 661/725/270 655/719/267 660/724/269
f 660/724/269 986/1005/337 661/725/270
f 660/724/269 976/995/265 979/998/317
f 986/1005/337 660/724/269 979/998/317
f 792/831/299 789/828/297 791/830/298
f 792/831/299 1344/1344/389 1345/1345/400
f 1344/1344/389 792/831/299 791/830/298
f 1346/1346/401 835/866/305 839/870/307
f 1346/1346/401 1347/1347/402 835/866/305
f 1347/1347/402 833/864/304 835/866/305
f 1347/1347/402 1340/1340/397 833/864/304
f 1308/1321/393 1306/1319/391 1348/1348/403
f 1303/1316/388 1300/1313/298 1306/1319/391
f 1295/1308/384 1292/1305/381 1343/1343/399
f 1349/1349/404 1305/1318/390 1350/1350/405
f 1349/1349/404 1351/1351/406 1305/1318/390
f 1351/1351/406 1348/1348/403 1306/1319/391
f 1351/1351/406 1306/1319/391 1305/1318/390
f 970/989/330 969/988/329 1352/1352/407
f 971/990/331 1353/1353/408 967/986/328
f 1294/1307/383 1293/1306/382 1299/1312/387
f 1294/1307/383 1354/1354/409 1290/1303/323
f 653/717/266 656/720/268 664/728/273
f 653/717/266 886/909/314 881/904/313
f 653/717/266 652/716/265 656/720/268
f 663/727/272 1354/1354/409 664/728/273
f 663/727/272 1291/1304/284 1290/1303/323
f 663/727/272 662/726/271 1291/1304/284
f 1354/1354/409 663/727/272 1290/1303/323
f 1355/1355/410 975/994/333 1356/1356/411
f 1355/1355/410 1352/1352/407 969/988/329
f 1355/1355/410 969/988/329 966/985/328
f 975/994/333 1355/1355/410 966/985/328
f 975/994/333 968/987/3 1357/1357/4
f 1358/1358/412 1324/1332/395 1317/1325/362
f 1324/1332/395 1358/1358/412 1359/1359/413
f 1324/1332/395 1318/1326/91 1317/1325/362
f 886/909/314 653/717/266 664/728/273
f 847/673/262 683/739/77 844/874/77
f 1014/704/262 955/976/288 1013/1027/288
f 1012/686/262 676/733/276 680/703/262
f 1012/686/262 1011/1026/340 676/733/276
f 879/902/312 887/910/315 1360/1360/414
f 879/902/312 883/906/107 877/900/103
f 887/910/315 879/902/312 878/901/311
f 1361/1361/415 1358/1358/412 1317/1325/362
f 1361/1361/415 1327/1335/396 1362/1362/416
f 1361/1361/415 1317/1325/362 1319/1327/394
f 1327/1335/396 1361/1361/415 1319/1327/394
f 1011/1026/340 1363/1363/417 676/733/276
f 1363/1363/417 1011/1026/340 1010/1025/339
f 1010/1025/339 1007/1023/338 733/783/290
f 733/783/290 732/782/289 1010/1025/339
f 733/783/290 728/778/288 727/777/287
f 732/782/289 733/783/290 727/777/287
f 745/705/261 781/821/280 738/787/280
f 742/659/261 744/791/40 747/793/40
f 742/659/261 747/793/40 749/706/261
f 960/682/261 755/800/2 958/978/2
f 984/1003/335 985/1004/336 978/997/334
f 985/1004/336 984/1003/335 1364/1364/418
f 711/761/283 787/826/280 782/822/294
f 711/761/283 707/757/282 706/756/281
f 711/761/283 782/822/294 785/824/296
f 707/757/282 711/761/283 785/824/296
f 784/823/295 965/984/327 785/824/296
f 784/823/295 957/681/261 956/977/326
f 784/823/295 783/664/261 957/681/261
f 965/984/327 959/979/3 1365/1365/4
f 965/984/327 784/823/295 956/977/326
f 793/832/300 798/837/301 789/828/297
f 798/837/301 790/829/91 789/828/297
f 798/837/301 793/832/300 1366/1366/419
f 860/888/264 640/712/263 646/715/264
f 860/888/264 859/887/263 640/712/263
f 859/887/263 861/674/259 647/675/259
f 646/715/264 639/711/263 1367/1367/264
f 1368/1368/325 1369/1369/325 1013/1027/288
f 1368/1368/325 1013/1027/288 955/976/288
f 1369/1369/325 1009/1024/288 1013/1027/288
f 1369/1369/325 1370/1370/325 1009/1024/288
f 955/976/288 1014/704/262 950/679/262
f 955/976/288 953/974/325 1368/1368/325
f 953/974/325 955/976/288 947/970/288
f 953/974/325 946/969/27 1371/1371/22
f 1372/1372/264 857/885/263 860/888/264
f 645/714/264 759/803/263 1373/1373/264
f 645/714/264 643/713/263 759/803/263
f 643/713/263 642/645/259 757/661/259
f 643/713/263 757/661/259 759/803/263
f 1374/1374/325 1375/1375/325 728/778/288
f 1374/1374/325 728/778/288 734/784/288
f 1375/1375/325 1376/1376/23 724/774/21
f 1375/1375/325 724/774/21 728/778/288
f 734/784/288 1007/1023/338 1009/1024/288
f 734/784/288 1370/1370/325 1374/1374/325
f 1370/1370/325 734/784/288 1009/1024/288
f 1367/1367/264 639/711/263 645/714/264
f 786/825/279 738/787/280 781/821/280
f 786/825/279 780/820/280 788/827/279
f 786/825/279 1377/1377/279 738/787/280
f 1377/1377/279 736/786/39 738/787/280
f 1377/1377/279 1378/1378/48 736/786/39
f 781/821/280 745/705/261 779/663/261
f 788/827/279 787/826/280 1379/1379/279
f 698/748/278 695/747/277 874/899/277
f 693/745/278 687/742/277 695/747/277
f 873/898/278 698/748/278 869/895/277
f 692/744/277 774/816/278 771/813/277
f 774/816/278 692/744/277 691/743/278
f 774/816/278 767/810/69 771/813/277
f 694/746/278 691/743/278 687/742/277
f 1380/1380/279 1379/1379/279 787/826/280
f 1380/1380/279 787/826/280 710/760/280
f 710/760/280 706/756/281 703/753/280
f 710/760/280 702/752/279 1380/1380/279
f 702/752/279 699/749/45 1381/1381/194
f 702/752/279 710/760/280 703/753/280
f 855/883/310 1309/1322/309 856/884/309
f 855/883/310 1382/1382/310 1309/1322/309
f 855/883/310 854/882/309 864/891/310
f 1382/1382/310 1310/1323/309 1309/1322/309
f 1382/1382/310 1383/1383/310 1310/1323/309
f 856/884/309 1313/702/259 861/674/259
f 864/891/310 858/886/67 1384/1384/195
f 1385/1385/275 802/841/114 808/846/274
f 1385/1385/275 1386/1386/193 802/841/114
f 1385/1385/275 670/730/274 673/731/275
f 670/730/274 811/707/260 665/646/260
f 670/730/274 1385/1385/275 808/846/274
f 673/731/275 667/729/274 1387/1387/275
f 1314/1324/310 1310/1323/309 1383/1383/310
f 867/893/309 1311/687/259 1310/1323/309
f 867/893/309 1388/1388/310 865/892/309
f 1389/1389/275 1390/1390/275 674/732/274
f 1389/1389/275 674/732/274 832/863/274
f 1390/1390/275 667/729/274 674/732/274
f 1390/1390/275 1387/1387/275 667/729/274
f 832/863/274 675/710/260 831/669/260
f 832/863/274 827/859/275 1389/1389/275
f 827/859/275 825/857/110 1391/1391/192
f 827/859/275 832/863/274 826/858/274
f 1388/1388/310 868/894/68 865/892/309
f 1388/1388/310 1392/1392/191 868/894/68
f 1388/1388/310 867/893/309 1314/1324/310
f 815/668/260 995/1013/302 813/849/302
f 811/707/260 670/730/274 808/846/274
f 809/666/260 987/1006/12 990/708/260
f 999/684/260 821/854/302 997/1014/302
f 823/670/260 822/855/15 831/669/260
f 675/710/260 832/863/274 674/732/274
f 739/788/42 736/786/39 1378/1378/48
f 740/789/51 1393/1393/150 741/790/40
f 871/896/119 868/894/68 1392/1392/191
f 872/897/74 869/895/277 868/894/68
f 829/861/113 1391/1391/192 825/857/110
f 746/792/150 747/793/40 744/791/40
f 746/792/150 741/790/40 1393/1393/150
f 830/862/111 824/856/15 1394/1394/111
f 830/862/111 828/860/112 825/857/110
f 824/856/15 1004/1020/111 1394/1394/111
f 824/856/15 830/862/111 822/855/15
f 824/856/15 996/683/260 998/1015/15
f 1004/1020/111 824/856/15 998/1015/15
f 954/975/35 1371/1371/22 946/969/27
f 952/973/34 945/968/32 1395/1395/59
f 805/844/115 802/841/114 1386/1386/193
f 863/890/72 1384/1384/195 858/886/67
f 862/889/71 857/885/263 1372/1372/264
f 948/971/32 951/680/262 843/671/262
f 948/971/32 852/880/59 949/972/59
f 948/971/32 843/671/262 845/875/32
f 852/880/59 948/971/32 845/875/32
f 810/847/12 1396/1396/13 987/1006/12
f 810/847/12 807/665/260 804/843/12
f 1396/1396/13 810/847/12 812/848/13
f 812/848/13 804/843/12 803/842/13
f 803/842/13 802/841/114 806/845/116
f 1395/1395/59 945/968/32 949/972/59
f 800/839/93 797/836/92 801/840/98
f 800/839/93 1344/1344/389 791/830/298
f 796/835/97 790/829/91 795/834/95
f 720/770/286 1397/1397/143 716/766/103
f 1397/1397/143 712/762/99 716/766/103
f 1397/1397/143 1398/1398/322 712/762/99
f 836/867/190 841/872/37 837/868/24
f 836/867/190 833/864/304 1341/1341/320
f 840/871/308 838/869/306 834/865/304
f 840/871/308 837/868/24 842/873/38
f 838/869/306 835/866/305 834/865/304
f 838/869/306 840/871/308 1399/1399/398
f 721/771/271 717/767/101 723/773/101
f 721/771/271 718/768/285 715/765/284
f 718/768/285 721/771/271 1400/1400/270
f 718/768/285 719/769/107 716/766/103
f 1400/1400/270 925/948/267 895/918/269
f 1400/1400/270 721/771/271 925/948/267
f 895/918/269 928/951/316 889/912/316
f 895/918/269 1401/1401/420 1400/1400/270
f 1401/1401/420 895/918/269 891/914/317
f 1304/1317/389 1402/1402/421 1300/1313/298
f 1402/1402/421 1304/1317/389 1403/1403/400
f 1353/1353/408 972/991/332 967/986/328
f 972/991/332 1353/1353/408 1404/1404/411
f 1301/1314/365 1300/1313/298 1402/1402/421
f 1301/1314/365 1307/1320/392 1302/1315/362
f 1307/1320/392 1350/1350/405 1305/1318/390
f 1307/1320/392 1301/1314/365 1405/1405/413
f 1406/1406/314 900/923/266 899/922/273
f 1406/1406/314 891/914/317 888/911/313
f 1406/1406/314 1401/1401/420 891/914/317
f 900/923/266 1406/1406/314 888/911/313
f 900/923/266 892/915/316 901/924/316
f 899/922/273 898/921/268 941/964/272
f 941/964/272 944/967/324 899/922/273
f 944/967/324 933/956/99 943/966/142
f 944/967/324 941/964/272 934/957/323
f 1320/1328/94 1318/1326/91 1325/1333/189
f 1357/1357/4 968/987/3 974/993/11
f 942/965/104 933/956/99 932/955/322
f 932/955/322 931/954/103 1407/1407/143
f 851/879/124 845/875/32 850/878/125
f 851/879/124 850/878/125 853/881/130
f 849/877/129 844/874/77 848/876/78
f 905/928/212 904/927/176 908/931/178
f 905/928/212 902/925/102 904/927/176
f 988/1007/155 987/1006/12 1396/1396/13
f 988/1007/155 991/1009/157 989/1008/152
f 683/739/77 682/738/78 844/874/77
f 683/739/77 847/673/262 680/703/262
f 683/739/77 679/736/77 682/738/78
f 681/737/78 678/735/24 685/741/38
f 936/959/106 935/958/102 940/963/106
f 936/959/106 937/960/107 931/954/103
f 940/963/106 902/925/102 906/929/106
f 940/963/106 939/962/102 902/925/102
f 939/962/102 941/964/272 898/921/268
f 939/962/102 898/921/268 902/925/102
f 892/915/316 900/923/266 888/911/313
f 892/915/316 890/913/316 897/920/318
f 892/915/316 897/920/318 901/924/316
f 995/1013/302 815/668/260 990/708/260
f 995/1013/302 993/1011/303 816/850/303
f 995/1013/302 816/850/303 813/849/302
f 993/1011/303 995/1013/302 994/1012/302
f 993/1011/303 989/1008/152 992/1010/158
f 794/833/94 790/829/91 799/838/189
f 1365/1365/4 959/979/3 964/983/11
f 713/763/104 712/762/99 1398/1398/322
f 714/764/105 1408/1408/100 717/767/101
f 1326/1334/93 1323/1331/92 1328/1336/98
f 1326/1334/93 1319/1327/394 1323/1331/92
f 1322/1330/97 1318/1326/91 1321/1329/95
f 938/961/108 1407/1407/143 931/954/103
f 677/734/190 684/740/37 678/735/24
f 677/734/190 676/733/276 1363/1363/417
f 755/800/2 960/682/261 749/706/261
f 755/800/2 961/980/8 958/978/2
f 755/800/2 756/801/8 961/980/8
f 756/801/8 755/800/2 754/799/2
f 722/772/100 921/944/101 723/773/101
f 722/772/100 717/767/101 1408/1408/100
f 723/773/101 925/948/267 721/771/271
f 821/854/302 1000/1016/303 997/1014/302
f 821/854/302 999/684/260 818/709/260
f 821/854/302 819/852/303 1000/1016/303
f 819/852/303 813/849/302 817/851/303
f 819/852/303 821/854/302 820/853/302
f 893/916/318 889/912/316 928/951/316
f 928/951/316 895/918/269 925/948/267
f 928/951/316 924/947/316 893/916/318
f 927/950/318 923/946/173 930/953/175
f 1003/1019/154 998/1015/15 1002/1018/153
f 1003/1019/154 1002/1018/153 1006/1022/160
f 922/945/211 921/944/101 926/949/100
f 922/945/211 929/952/174 923/946/173
f 750/795/85 752/797/88 748/794/83
f 750/795/85 747/793/40 751/796/150
f 916/939/28 912/935/21 1409/1409/23
f 1410/1410/422 1221/1234/64 1223/1236/66
f 1025/1038/136 1411/1411/226 1020/1033/131
f 1411/1411/226 1015/1028/134 1020/1033/131
f 1411/1411/226 1412/1412/423 1015/1028/134
f 1413/1413/424 1409/1409/23 912/935/21
f 1413/1413/424 914/937/321 1414/1414/425
f 1413/1413/424 912/935/21 909/932/319
f 914/937/321 1413/1413/424 909/932/319
f 1415/1415/426 1137/1150/358 1140/1153/361
f 1137/1150/358 1415/1415/426 1416/1416/427
f 1137/1150/358 1136/1149/298 1140/1153/361
f 1065/1078/347 1058/1071/344 1064/1077/346
f 1065/1078/347 1267/1280/376 1266/1279/375
f 1065/1078/347 1059/1072/309 1058/1071/344
f 1267/1280/376 1065/1078/347 1064/1077/346
f 1063/1076/345 1224/1237/373 1064/1077/346
f 1063/1076/345 1214/1227/277 1216/1229/370
f 1063/1076/345 1062/1075/277 1214/1227/277
f 1224/1237/373 1221/1234/64 1410/1410/422
f 1224/1237/373 1063/1076/345 1216/1229/370
f 1417/1417/428 1140/1153/361 1139/1152/360
f 1417/1417/428 1415/1415/426 1140/1153/361
f 1417/1417/428 1418/1418/429 1419/1419/430
f 1418/1418/429 1417/1417/428 1139/1152/360
f 1074/1087/349 1076/1089/350 1069/1082/348
f 1074/1087/349 1068/1081/45 1420/1420/194
f 1076/1089/350 1074/1087/349 1421/1421/431
f 1076/1089/350 1422/1422/432 1070/1083/328
f 1033/1046/342 1162/1175/368 1157/1170/367
f 1033/1046/342 1039/1052/343 1423/1423/433
f 1162/1175/368 1033/1046/342 1423/1423/433
f 1162/1175/368 1158/1171/69 1157/1170/367
f 1039/1052/343 1265/1278/309 1264/1277/374
f 1039/1052/343 1268/1281/377 1423/1423/433
f 1039/1052/343 1033/1046/342 1032/1045/341
f 1268/1281/377 1039/1052/343 1264/1277/374
f 1073/1086/50 1420/1420/194 1068/1081/45
f 1043/1056/139 1040/1053/134 1050/1063/225
f 1050/1063/225 1042/1055/131 1424/1424/226
f 1044/1057/140 1041/1054/91 1040/1053/134
f 1164/1177/76 1158/1171/69 1163/1176/75
f 1177/1190/35 1425/1425/22 1170/1183/27
f 1425/1425/22 1426/1426/325 1168/1181/288
f 1425/1425/22 1168/1181/288 1170/1183/27
f 1205/1218/115 1204/1217/114 1213/1226/193
f 1213/1226/193 1208/1221/274 1427/1427/275
f 1206/1219/116 1428/1428/155 1207/1220/152
f 1036/1049/72 1429/1429/434 1031/1044/67
f 1429/1429/434 1430/1430/310 1029/1042/309
f 1429/1429/434 1029/1042/309 1031/1044/67
f 1171/1184/325 1431/1431/325 1194/1207/288
f 1171/1184/325 1194/1207/288 1172/1185/288
f 1171/1184/325 1168/1181/288 1426/1426/325
f 1172/1185/288 1169/1182/77 1168/1181/288
f 1037/1050/264 1034/1047/263 1432/1432/264
f 1037/1050/264 1035/1048/71 1031/1044/67
f 1034/1047/263 1037/1050/264 1030/1043/263
f 1034/1047/263 1166/1179/264 1432/1432/264
f 1034/1047/263 1033/1046/342 1157/1170/367
f 1034/1047/263 1157/1170/367 1159/1172/263
f 1166/1179/264 1034/1047/263 1159/1172/263
f 1166/1179/264 1161/1174/64 1433/1433/196
f 1431/1431/325 1195/1208/21 1194/1207/288
f 1431/1431/325 1434/1434/23 1195/1208/21
f 1430/1430/310 1038/1051/309 1029/1042/309
f 1038/1051/309 1032/1045/341 1029/1042/309
f 1038/1051/309 1430/1430/310 1435/1435/310
f 1435/1435/310 1265/1278/309 1038/1051/309
f 1435/1435/310 1436/1436/310 1265/1278/309
f 1191/1204/275 1427/1427/275 1208/1221/274
f 1191/1204/275 1208/1221/274 1185/1198/274
f 1191/1204/275 1184/1197/274 1437/1437/275
f 1185/1198/274 1182/1195/302 1184/1197/274
f 1436/1436/310 1438/1438/310 1263/1276/309
f 1436/1436/310 1263/1276/309 1265/1278/309
f 1016/1029/139 1015/1028/134 1412/1412/423
f 1219/1232/121 1215/1228/69 1218/1231/371
f 1255/1268/50 1439/1439/194 1250/1263/45
f 1199/1212/28 1195/1208/21 1434/1434/23
f 1433/1433/196 1161/1174/64 1167/1180/369
f 1160/1173/65 1158/1171/69 1165/1178/70
f 1052/1065/136 1424/1424/226 1042/1055/131
f 1258/1271/279 1251/1264/280 1256/1269/279
f 1258/1271/279 1440/1440/279 1229/1242/280
f 1258/1271/279 1229/1242/280 1259/1272/280
f 1256/1269/279 1250/1263/45 1439/1439/194
f 1259/1272/280 1235/1248/2 1252/1265/2
f 1067/1080/278 1057/1070/277 1056/1069/278
f 1067/1080/278 1214/1227/277 1062/1075/277
f 1217/1230/278 1215/1228/69 1214/1227/277
f 1056/1069/278 1055/1068/68 1061/1074/74
f 1241/1254/275 1441/1441/275 1183/1196/274
f 1241/1254/275 1238/1251/274 1442/1442/275
f 1241/1254/275 1183/1196/274 1242/1255/274
f 1441/1441/275 1437/1437/275 1184/1197/274
f 1441/1441/275 1184/1197/274 1183/1196/274
f 1242/1255/274 1190/1203/302 1239/1252/302
f 1443/1443/310 1055/1068/68 1059/1072/309
f 1443/1443/310 1444/1444/191 1055/1068/68
f 1443/1443/310 1066/1079/309 1445/1445/310
f 1066/1079/309 1266/1279/375 1263/1276/309
f 1066/1079/309 1443/1443/310 1059/1072/309
f 1066/1079/309 1438/1438/310 1445/1445/310
f 1438/1438/310 1066/1079/309 1263/1276/309
f 1247/1260/113 1446/1446/192 1240/1253/110
f 1446/1446/192 1238/1251/274 1240/1253/110
f 1446/1446/192 1442/1442/275 1238/1251/274
f 1226/1239/42 1225/1238/39 1236/1249/48
f 1236/1249/48 1229/1242/280 1440/1440/279
f 1227/1240/51 1228/1241/83 1225/1238/39
f 1060/1073/73 1055/1068/68 1444/1444/191
f 915/938/190 918/941/37 910/933/24
f 915/938/190 912/935/21 917/940/29
f 1023/1036/93 1020/1033/131 1026/1039/92
f 1023/1036/93 1026/1039/92 1028/1041/98
f 1155/1168/108 1447/1447/435 1147/1160/103
f 1447/1447/435 1448/1448/144 1145/1158/99
f 1447/1447/435 1145/1158/99 1147/1160/103
f 920/943/308 913/936/320 911/934/304
f 920/943/308 910/933/24 919/942/38
f 913/936/320 909/932/319 911/934/304
f 913/936/320 920/943/308 1449/1449/436
f 1153/1166/366 1112/1125/101 1116/1129/267
f 1153/1166/366 1156/1169/285 1146/1159/284
f 1153/1166/366 1085/1098/352 1450/1450/270
f 1153/1166/366 1152/1165/101 1112/1125/101
f 1156/1169/285 1154/1167/107 1147/1160/103
f 1156/1169/285 1153/1166/366 1450/1450/270
f 1085/1098/352 1121/1134/316 1083/1096/316
f 1085/1098/352 1116/1129/267 1121/1134/316
f 1085/1098/352 1153/1166/366 1116/1129/267
f 1085/1098/352 1451/1451/337 1450/1450/270
f 1451/1451/337 1085/1098/352 1084/1097/317
f 1138/1151/359 1143/1156/364 1136/1149/298
f 1143/1156/364 1141/1154/362 1136/1149/298
f 1143/1156/364 1138/1151/359 1452/1452/437
f 1144/1157/365 1142/1155/363 1141/1154/362
f 1142/1155/363 1418/1418/429 1139/1152/360
f 1142/1155/363 1144/1157/365 1453/1453/438
f 1454/1454/314 1094/1107/266 1093/1106/273
f 1454/1454/314 1084/1097/317 1080/1093/313
f 1454/1454/314 1451/1451/337 1084/1097/317
f 1094/1107/266 1080/1093/313 1082/1095/316
f 1094/1107/266 1454/1454/314 1080/1093/313
f 1094/1107/266 1082/1095/316 1091/1104/316
f 1093/1106/273 1090/1103/268 1129/1142/357
f 1129/1142/357 1135/1148/324 1093/1106/273
f 1135/1148/324 1129/1142/357 1128/1141/323
f 1135/1148/324 1127/1140/99 1134/1147/105
f 1422/1422/432 1077/1090/351 1070/1083/328
f 1077/1090/351 1422/1422/432 1455/1455/439
f 1071/1084/4 1075/1088/3 1079/1092/11
f 1071/1084/4 1068/1081/45 1075/1088/3
f 1133/1146/104 1127/1140/99 1456/1456/144
f 1049/1062/189 1047/1060/94 1041/1054/91
f 1179/1192/124 1178/1191/125 1181/1194/130
f 1179/1192/124 1176/1189/33 1170/1183/27
f 1096/1109/212 1098/1111/176 1100/1113/353
f 1096/1109/212 1092/1105/102 1098/1111/176
f 1211/1224/157 1207/1220/152 1428/1428/155
f 1175/1188/77 1173/1186/78 1169/1182/77
f 1175/1188/77 1197/1210/77 1173/1186/78
f 1175/1188/77 1194/1207/288 1197/1210/77
f 1174/1187/78 1178/1191/125 1169/1182/77
f 1201/1214/78 1196/1209/24 1203/1216/38
f 1132/1145/106 1123/1136/102 1125/1138/106
f 1132/1145/106 1130/1143/107 1126/1139/103
f 1125/1138/106 1124/1137/102 1092/1105/102
f 1125/1138/106 1092/1105/102 1097/1110/106
f 1124/1137/102 1090/1103/268 1092/1105/102
f 1124/1137/102 1129/1142/357 1090/1103/268
f 1082/1095/316 1081/1094/316 1089/1102/318
f 1082/1095/316 1089/1102/318 1091/1104/316
f 1186/1199/302 1208/1221/274 1210/1223/302
f 1186/1199/302 1187/1200/303 1182/1195/302
f 1186/1199/302 1210/1223/302 1187/1200/303
f 1209/1222/303 1207/1220/152 1212/1225/158
f 1021/1034/94 1019/1032/91 1018/1031/189
f 1018/1031/189 1015/1028/134 1017/1030/140
f 1257/1270/4 1253/1266/3 1262/1275/11
f 1257/1270/4 1254/1267/49 1250/1263/45
f 1148/1161/104 1145/1158/99 1448/1448/144
f 1198/1211/190 1202/1215/37 1196/1209/24
f 1198/1211/190 1195/1208/21 1200/1213/29
f 1053/1066/93 1042/1055/131 1046/1059/92
f 1053/1066/93 1046/1059/92 1054/1067/98
f 1045/1058/97 1041/1054/91 1048/1061/95
f 1131/1144/108 1457/1457/143 1126/1139/103
f 1457/1457/143 1456/1456/144 1127/1140/99
f 1457/1457/143 1127/1140/99 1126/1139/103
f 1235/1248/2 1232/1245/2 1237/1250/8
f 1235/1248/2 1237/1250/8 1252/1265/2
f 1235/1248/2 1259/1272/280 1229/1242/280
f 1231/1244/8 1228/1241/83 1234/1247/86
f 1113/1126/100 1112/1125/101 1152/1165/101
f 1114/1127/100 1115/1128/173 1112/1125/101
f 1150/1163/100 1113/1126/100 1151/1164/101
f 1150/1163/100 1145/1158/99 1149/1162/105
f 1190/1203/302 1189/1202/302 1193/1206/303
f 1190/1203/302 1242/1255/274 1183/1196/274
f 1193/1206/303 1239/1252/302 1190/1203/302
f 1121/1134/316 1086/1099/318 1083/1096/316
f 1121/1134/316 1120/1133/316 1086/1099/318
f 1245/1258/154 1244/1257/153 1249/1262/160
f 1245/1258/154 1240/1253/110 1244/1257/153
f 1119/1132/211 1117/1130/174 1115/1128/173
f 1230/1243/85 1233/1246/88 1228/1241/83
f 778/819/292 1339/1339/291 776/818/291
f 1339/1339/291 777/700/259 776/818/291
f 1339/1339/291 778/819/292 1458/1458/292
f 776/818/291 770/699/259 773/815/291
f 776/818/291 773/815/291 778/819/292
f 772/814/292 767/810/69 769/812/70
f 1459/1459/379 1282/1295/355 1102/1115/355
f 1459/1459/379 1460/1460/379 1282/1295/355
f 1460/1460/379 1461/1461/225 1280/1293/134
f 1460/1460/379 1280/1293/134 1282/1295/355
f 1102/1115/355 1101/1114/354 1105/1118/355
f 1102/1115/355 1462/1462/379 1459/1459/379
f 1462/1462/379 1102/1115/355 1105/1118/355
f 1338/1338/291 760/662/259 1335/697/259
f 1338/1338/291 761/804/292 758/802/291
f 1338/1338/291 1337/1337/291 761/804/292
f 1337/1337/291 1339/1339/291 1458/1458/292
f 1337/1337/291 1463/1463/292 761/804/292
f 1337/1337/291 1458/1458/292 1463/1463/292
f 1464/1464/379 1462/1462/379 1105/1118/355
f 1464/1464/379 1111/1124/355 1465/1465/379
f 1464/1464/379 1105/1118/355 1109/1122/355
f 1111/1124/355 1464/1464/379 1109/1122/355
f 1111/1124/355 1279/1292/379 1465/1465/379
f 1111/1124/355 1274/1287/354 1271/1284/355
f 1279/1292/379 1270/1283/131 1466/1466/226
f 1279/1292/379 1111/1124/355 1271/1284/355
f 658/722/147 976/995/265 659/723/265
f 658/722/147 980/999/147 976/995/265
f 658/722/147 657/721/265 1467/1467/147
f 659/723/265 655/719/267 657/721/265
f 1103/1116/354 1108/1121/356 1101/1114/354
f 1103/1116/354 1289/1302/356 1468/1468/356
f 1103/1116/354 1282/1295/355 1281/1294/354
f 1108/1121/356 1103/1116/354 1468/1468/356
f 1289/1302/356 1286/1299/91 1288/1301/95
f 1289/1302/356 1103/1116/354 1281/1294/354
f 980/999/147 977/996/99 976/995/265
f 1469/1469/147 654/718/265 885/908/147
f 1469/1469/147 657/721/265 652/716/265
f 1469/1469/147 1467/1467/147 657/721/265
f 654/718/265 1469/1469/147 652/716/265
f 654/718/265 881/904/313 880/903/265
f 885/908/147 880/903/265 882/905/147
f 882/905/147 877/900/103 1470/1470/143
f 1110/1123/354 1104/1117/354 1107/1120/356
f 1110/1123/354 1109/1122/355 1104/1117/354
f 1110/1123/354 1107/1120/356 1274/1287/354
f 982/1001/104 977/996/99 981/1000/144
f 983/1002/105 978/997/334 977/996/99
f 1285/1298/380 1287/1300/94 1286/1299/91
f 1285/1298/380 1280/1293/134 1284/1297/140
f 700/750/4 704/754/3 709/759/11
f 700/750/4 699/749/45 704/754/3
f 768/811/76 767/810/69 775/817/75
f 705/755/50 1381/1381/194 699/749/45
f 1283/1296/139 1280/1293/134 1461/1461/225
f 884/907/108 1470/1470/143 877/900/103
f 729/779/190 735/785/37 730/780/24
f 729/779/190 724/774/21 726/776/29
f 1276/1289/378 1270/1283/131 1269/1282/92
f 1276/1289/378 1269/1282/92 1273/1286/98
f 764/807/293 763/806/64 766/809/66
f 764/807/293 1373/1373/264 759/803/263
f 1278/1291/136 1466/1466/226 1270/1283/131
f 725/775/28 724/774/21 1376/1376/23
f 1471/1471/440 1472/1472/441 1473/1473/442
f 1471/1471/440 1474/1474/443 1475/1475/444
f 1472/1472/441 1476/1476/445 1473/1473/442
f 1472/1472/441 1475/1475/444 1477/1477/446
f 1472/1472/441 1478/1478/447 1476/1476/445
f 1473/1473/442 1479/1479/448 1471/1471/440
f 1473/1473/442 1480/1480/449 1481/1481/450
f 1476/1476/445 1480/1480/449 1473/1473/442
f 1482/1482/451 1483/1483/452 1484/1484/453
f 1482/1482/451 1485/1485/454 1486/1486/455
f 1482/1482/451 1484/1484/453 1487/1487/456
f 1482/1482/451 1487/1487/456 1488/1488/457
f 1484/1484/453 1489/1489/458 1490/1490/459
f 1487/1487/456 1490/1490/459 1491/1491/460
f 1487/1487/456 1492/1492/461 1493/1493/462
f 1488/1488/457 1487/1487/456 1493/1493/462
f 1488/1488/457 1493/1493/462 1494/1494/463
f 1488/1488/457 1494/1494/463 1495/1495/464
f 1488/1488/457 1485/1485/454 1482/1482/451
f 1496/1496/465 1497/1497/466 1498/1498/467
f 1496/1496/465 1499/1499/468 1500/1500/469
f 1499/1499/468 1501/1501/470 1502/1502/471
f 1499/1499/468 1503/1503/472 1501/1501/470
f 1500/1500/469 1504/1504/473 1496/1496/465
f 1500/1500/469 1505/1505/474 1506/1506/475
f 1504/1504/473 1507/1507/476 1508/1508/477
f 1504/1504/473 1497/1497/466 1496/1496/465
f 1504/1504/473 1506/1506/475 1509/1509/478
f 1510/1510/479 1511/1511/480 1512/1512/481
f 1510/1510/479 1513/1513/482 1514/1514/483
f 1511/1511/480 1510/1510/479 1515/1515/484
f 1511/1511/480 1516/1516/485 1517/1517/486
f 1511/1511/480 1515/1515/484 1518/1518/487
f 1511/1511/480 1518/1518/487 1516/1516/485
f 1512/1512/481 1511/1511/480 1519/1519/488
f 1512/1512/481 1520/1520/489 1510/1510/479
f 1512/1512/481 1521/1521/490 1522/1522/491
f 1515/1515/484 1523/1523/492 1518/1518/487
f 1515/1515/484 1510/1510/479 1514/1514/483
f 1524/1524/493 1525/1525/494 1526/1526/495
f 1524/1524/493 1527/1527/496 1528/1528/497
f 1525/1525/494 1524/1524/493 1529/1529/498
f 1525/1525/494 1530/1530/499 1526/1526/495
f 1525/1525/494 1531/1531/500 1532/1532/501
f 1525/1525/494 1529/1529/498 1531/1531/500
f 1526/1526/495 1530/1530/499 1533/1533/502
f 1529/1529/498 1528/1528/497 1534/1534/503
f 1535/1535/504 1536/1536/505 1537/1537/506
f 1535/1535/504 1538/1538/507 1539/1539/508
f 1538/1538/507 1535/1535/504 1540/1540/509
f 1538/1538/507 1541/1541/510 1539/1539/508
f 1539/1539/508 1542/1542/511 1535/1535/504
f 1539/1539/508 1541/1541/510 1543/1543/512
f 1540/1540/509 1535/1535/504 1537/1537/506
f 1540/1540/509 1544/1544/513 1538/1538/507
f 1545/1545/514 1546/1546/515 1547/1547/516
f 1545/1545/514 1548/1548/517 1549/1549/518
f 1548/1548/517 1550/1550/519 1551/1551/520
f 1548/1548/517 1545/1545/514 1552/1552/521
f 1549/1549/518 1553/1553/522 1554/1554/523
f 1549/1549/518 1554/1554/523 1555/1555/524
f 1549/1549/518 1556/1556/525 1545/1545/514
f 1552/1552/521 1545/1545/514 1547/1547/516
f 1552/1552/521 1557/1557/526 1558/1558/527
f 1552/1552/521 1550/1550/519 1548/1548/517
f 1559/1559/528 1560/1560/529 1561/1561/530
f 1559/1559/528 1562/1562/531 1563/1563/532
f 1559/1559/528 1564/1564/533 1562/1562/531
f 1564/1564/533 1565/1565/534 1562/1562/531
f 1564/1564/533 1566/1566/535 1567/1567/536
f 1562/1562/531 1568/1568/537 1569/1569/538
f 1563/1563/532 1560/1560/529 1559/1559/528
f 1563/1563/532 1570/1570/539 1571/1571/540
f 1563/1563/532 1569/1569/538 1570/1570/539
f 1563/1563/532 1562/1562/531 1569/1569/538
f 1572/1572/541 1573/1573/542 1574/1574/543
f 1572/1572/541 1574/1574/543 1575/1575/544
f 1572/1572/541 1575/1575/544 1576/1576/545
f 1572/1572/541 1577/1577/546 1573/1573/542
f 1572/1572/541 1578/1578/547 1579/1579/548
f 1573/1573/542 1580/1580/549 1581/1581/550
f 1573/1573/542 1582/1582/551 1574/1574/543
f 1574/1574/543 1583/1583/552 1584/1584/553
f 1575/1575/544 1585/1585/554 1586/1586/555
f 1575/1575/544 1584/1584/553 1585/1585/554
f 1575/1575/544 1574/1574/543 1584/1584/553
f 1587/1587/556 1588/1588/557 1589/1589/558
f 1587/1587/556 1590/1590/559 1591/1591/560
f 1587/1587/556 1592/1592/561 1593/1593/562
f 1588/1588/557 1587/1587/556 1591/1591/560
f 1588/1588/557 1594/1594/563 1595/1595/564
f 1588/1588/557 1591/1591/560 1594/1594/563
f 1588/1588/557 1596/1596/565 1589/1589/558
f 1588/1588/557 1595/1595/564 1597/1597/566
f 1589/1589/558 1598/1598/567 1587/1587/556
f 1589/1589/558 1596/1596/565 1599/1599/568
f 1591/1591/560 1600/1600/569 1594/1594/563
f 1601/1601/570 1602/1602/571 1603/1603/572
f 1601/1601/570 1603/1603/572 1604/1604/573
f 1601/1601/570 1605/1605/574 1606/1606/575
f 1605/1605/574 1607/1607/576 1606/1606/575
f 1605/1605/574 1608/1608/577 1609/1609/578
f 1605/1605/574 1610/1610/579 1611/1611/580
f 1605/1605/574 1601/1601/570 1612/1612/581
f 1606/1606/575 1607/1607/576 1613/1613/582
f 1612/1612/581 1614/1614/583 1608/1608/577
f 1615/1615/584 1616/1616/585 1617/1617/586
f 1616/1616/585 1615/1615/584 1618/1618/587
f 1617/1617/586 1619/1619/588 1620/1620/589
f 1617/1617/586 1621/1621/590 1622/1622/591
f 1623/1623/592 1478/1478/447 1624/1624/593
f 1478/1478/447 1472/1472/441 1625/1625/594
f 1478/1478/447 1623/1623/592 1476/1476/445
f 1626/1626/595 1523/1523/492 1515/1515/484
f 1627/1627/596 1619/1619/588 1628/1628/597
f 1619/1619/588 1627/1627/596 1620/1620/589
f 1619/1619/588 1617/1617/586 1616/1616/585
f 1620/1620/589 1621/1621/590 1617/1617/586
f 1620/1620/589 1629/1629/598 1630/1630/599
f 1513/1513/482 1510/1510/479 1520/1520/489
f 1520/1520/489 1512/1512/481 1631/1631/600
f 1514/1514/483 1626/1626/595 1515/1515/484
f 1534/1534/503 1531/1531/500 1529/1529/498
f 1531/1531/500 1534/1534/503 1632/1632/601
f 1633/1633/602 1544/1544/513 1634/1634/603
f 1544/1544/513 1540/1540/509 1635/1635/604
f 1544/1544/513 1633/1633/602 1538/1538/507
f 1519/1519/488 1521/1521/490 1512/1512/481
f 1519/1519/488 1511/1511/480 1517/1517/486
f 1477/1477/446 1625/1625/594 1472/1472/441
f 1625/1625/594 1477/1477/446 1636/1636/605
f 1637/1637/606 1532/1532/501 1638/1638/607
f 1532/1532/501 1637/1637/606 1525/1525/494
f 1522/1522/491 1631/1631/600 1512/1512/481
f 1639/1639/608 1635/1635/604 1540/1540/509
f 1635/1635/604 1639/1639/608 1640/1640/609
f 1641/1641/610 1642/1642/611 1630/1630/599
f 1630/1630/599 1629/1629/598 1641/1641/610
f 1630/1630/599 1643/1643/612 1621/1621/590
f 1629/1629/598 1620/1620/589 1627/1627/596
f 1527/1527/496 1524/1524/493 1644/1644/613
f 1644/1644/613 1524/1524/493 1645/1645/614
f 1528/1528/497 1529/1529/498 1524/1524/493
f 1507/1507/476 1504/1504/473 1509/1509/478
f 1646/1646/615 1621/1621/590 1643/1643/612
f 1621/1621/590 1620/1620/589 1630/1630/599
f 1621/1621/590 1646/1646/615 1622/1622/591
f 1643/1643/612 1630/1630/599 1642/1642/611
f 1622/1622/591 1615/1615/584 1617/1617/586
f 1505/1505/474 1500/1500/469 1647/1647/616
f 1647/1647/616 1500/1500/469 1648/1648/617
f 1506/1506/475 1504/1504/473 1500/1500/469
f 1481/1481/450 1649/1649/618 1473/1473/442
f 1480/1480/449 1476/1476/445 1623/1623/592
f 1533/1533/502 1645/1645/614 1526/1526/495
f 1645/1645/614 1524/1524/493 1526/1526/495
f 1530/1530/499 1525/1525/494 1637/1637/606
f 1536/1536/505 1535/1535/504 1542/1542/511
f 1542/1542/511 1539/1539/508 1650/1650/619
f 1537/1537/506 1639/1639/608 1540/1540/509
f 1503/1503/472 1499/1499/468 1496/1496/465
f 1503/1503/472 1496/1496/465 1498/1498/467
f 1497/1497/466 1504/1504/473 1508/1508/477
f 1543/1543/512 1650/1650/619 1539/1539/508
f 1541/1541/510 1538/1538/507 1633/1633/602
f 1474/1474/443 1471/1471/440 1479/1479/448
f 1479/1479/448 1473/1473/442 1649/1649/618
f 1475/1475/444 1472/1472/441 1471/1471/440
f 1502/1502/471 1648/1648/617 1499/1499/468
f 1648/1648/617 1500/1500/469 1499/1499/468
f 1489/1489/458 1484/1484/453 1483/1483/452
f 1483/1483/452 1482/1482/451 1651/1651/620
f 1490/1490/459 1487/1487/456 1484/1484/453
f 1614/1614/583 1612/1612/581 1652/1652/621
f 1608/1608/577 1605/1605/574 1612/1612/581
f 1555/1555/524 1653/1653/622 1549/1549/518
f 1486/1486/455 1651/1651/620 1482/1482/451
f 1485/1485/454 1488/1488/457 1654/1654/623
f 1566/1566/535 1564/1564/533 1655/1655/624
f 1610/1610/579 1605/1605/574 1609/1609/578
f 1579/1579/548 1656/1656/625 1572/1572/541
f 1546/1546/515 1545/1545/514 1556/1556/525
f 1556/1556/525 1549/1549/518 1653/1653/622
f 1547/1547/516 1657/1657/626 1552/1552/521
f 1604/1604/573 1658/1658/627 1601/1601/570
f 1658/1658/627 1612/1612/581 1601/1601/570
f 1658/1658/627 1652/1652/621 1612/1612/581
f 1561/1561/530 1659/1659/628 1559/1559/528
f 1659/1659/628 1655/1655/624 1564/1564/533
f 1659/1659/628 1564/1564/533 1559/1559/528
f 1560/1560/529 1563/1563/532 1660/1660/629
f 1580/1580/549 1573/1573/542 1577/1577/546
f 1577/1577/546 1572/1572/541 1656/1656/625
f 1602/1602/571 1606/1606/575 1613/1613/582
f 1602/1602/571 1601/1601/570 1606/1606/575
f 1607/1607/576 1605/1605/574 1611/1611/580
f 1654/1654/623 1488/1488/457 1495/1495/464
f 1592/1592/561 1587/1587/556 1598/1598/567
f 1598/1598/567 1589/1589/558 1661/1661/630
f 1565/1565/534 1564/1564/533 1567/1567/536
f 1565/1565/534 1568/1568/537 1562/1562/531
f 1492/1492/461 1487/1487/456 1491/1491/460
f 1553/1553/522 1548/1548/517 1551/1551/520
f 1553/1553/522 1549/1549/518 1548/1548/517
f 1550/1550/519 1552/1552/521 1558/1558/527
f 1590/1590/559 1587/1587/556 1593/1593/562
f 1590/1590/559 1600/1600/569 1591/1591/560
f 1660/1660/629 1563/1563/532 1571/1571/540
f 1599/1599/568 1661/1661/630 1589/1589/558
f 1596/1596/565 1588/1588/557 1662/1662/631
f 1582/1582/551 1573/1573/542 1581/1581/550
f 1582/1582/551 1583/1583/552 1574/1574/543
f 1576/1576/545 1575/1575/544 1586/1586/555
f 1576/1576/545 1578/1578/547 1572/1572/541
f 1662/1662/631 1588/1588/557 1597/1597/566
f 1557/1557/526 1552/1552/521 1657/1657/626
f 1663/1663/632 1664/1664/633 1665/1665/634
f 1663/1663/632 1666/1666/635 1667/1667/636
f 1664/1664/633 1668/1668/637 1669/1669/638
f 1664/1664/633 1670/1670/639 1671/1671/640
f 1664/1664/633 1663/1663/632 1672/1672/641
f 1665/1665/634 1671/1671/640 1673/1673/642
f 1672/1672/641 1663/1663/632 1674/1674/643
f 1672/1672/641 1674/1674/643 1675/1675/644
f 1676/1676/645 1677/1677/646 1678/1678/647
f 1676/1676/645 1679/1679/648 1680/1680/649
f 1676/1676/645 1681/1681/650 1682/1682/651
f 1677/1677/646 1683/1683/652 1684/1684/653
f 1677/1677/646 1676/1676/645 1683/1683/652
f 1678/1678/647 1685/1685/654 1686/1686/655
f 1678/1678/647 1687/1687/656 1679/1679/648
f 1688/1688/657 1678/1678/647 1677/1677/646
f 1688/1688/657 1677/1677/646 1689/1689/658
f 1688/1688/657 1689/1689/658 1690/1690/659
f 1691/1691/660 1692/1692/661 1693/1693/662
f 1691/1691/660 1694/1694/663 1695/1695/664
f 1691/1691/660 1695/1695/664 1696/1696/665
f 1691/1691/660 1696/1696/665 1692/1692/661
f 1692/1692/661 1697/1697/666 1698/1698/667
f 1693/1693/662 1699/1699/668 1691/1691/660
f 1693/1693/662 1692/1692/661 1700/1700/669
f 1693/1693/662 1701/1701/670 1702/1702/671
f 1700/1700/669 1703/1703/672 1704/1704/673
f 1700/1700/669 1698/1698/667 1703/1703/672
f 1705/1705/674 1706/1706/675 1707/1707/676
f 1705/1705/674 1707/1707/676 1708/1708/677
f 1705/1705/674 1708/1708/677 1709/1709/678
f 1706/1706/675 1705/1705/674 1710/1710/679
f 1706/1706/675 1711/1711/680 1707/1707/676
f 1706/1706/675 1712/1712/681 1713/1713/682
f 1707/1707/676 1711/1711/680 1714/1714/683
f 1710/1710/679 1715/1715/684 1716/1716/685
f 1710/1710/679 1717/1717/686 1718/1718/687
f 1710/1710/679 1719/1719/688 1706/1706/675
f 1720/1720/689 1721/1721/690 1722/1722/691
f 1720/1720/689 1723/1723/692 1724/1724/693
f 1720/1720/689 1725/1725/694 1726/1726/695
f 1723/1723/692 1727/1727/696 1728/1728/697
f 1723/1723/692 1726/1726/695 1727/1727/696
f 1723/1723/692 1720/1720/689 1726/1726/695
f 1724/1724/693 1729/1729/698 1721/1721/690
f 1730/1730/699 1731/1731/700 1732/1732/701
f 1730/1730/699 1733/1733/702 1734/1734/703
f 1731/1731/700 1735/1735/704 1736/1736/705
f 1731/1731/700 1730/1730/699 1735/1735/704
f 1731/1731/700 1736/1736/705 1737/1737/706
f 1732/1732/701 1738/1738/707 1739/1739/708
f 1732/1732/701 1740/1740/709 1733/1733/702
f 1735/1735/704 1741/1741/710 1742/1742/711
f 1743/1743/712 1744/1744/713 1745/1745/714
f 1743/1743/712 1746/1746/715 1747/1747/716
f 1744/1744/713 1748/1748/717 1749/1749/718
f 1744/1744/713 1743/1743/712 1748/1748/717
f 1744/1744/713 1749/1749/718 1750/1750/719
f 1745/1745/714 1751/1751/720 1752/1752/721
f 1745/1745/714 1753/1753/722 1743/1743/712
f 1745/1745/714 1754/1754/723 1755/1755/724
f 1748/1748/717 1747/1747/716 1756/1756/725
f 1748/1748/717 1756/1756/725 1757/1757/726
f 1758/1758/727 1759/1759/728 1760/1760/729
f 1758/1758/727 1761/1761/730 1762/1762/731
f 1758/1758/727 1763/1763/732 1764/1764/733
f 1759/1759/728 1765/1765/734 1766/1766/735
f 1759/1759/728 1758/1758/727 1765/1765/734
f 1760/1760/729 1767/1767/736 1761/1761/730
f 1760/1760/729 1768/1768/737 1769/1769/738
f 1768/1768/737 1760/1760/729 1759/1759/728
f 1768/1768/737 1770/1770/739 1771/1771/740
f 1768/1768/737 1771/1771/740 1772/1772/741
f 1773/1773/742 1774/1774/743 1775/1775/744
f 1773/1773/742 1776/1776/745 1777/1777/746
f 1773/1773/742 1778/1778/747 1776/1776/745
f 1776/1776/745 1778/1778/747 1779/1779/748
f 1777/1777/746 1780/1780/749 1781/1781/750
f 1777/1777/746 1782/1782/751 1783/1783/752
f 1777/1777/746 1784/1784/753 1773/1773/742
f 1785/1785/754 1786/1786/755 1787/1787/756
f 1785/1785/754 1788/1788/757 1786/1786/755
f 1785/1785/754 1777/1777/746 1776/1776/745
f 1789/1789/758 1790/1790/759 1791/1791/760
f 1789/1789/758 1792/1792/761 1793/1793/762
f 1789/1789/758 1794/1794/763 1792/1792/761
f 1790/1790/759 1795/1795/764 1791/1791/760
f 1790/1790/759 1796/1796/765 1797/1797/766
f 1790/1790/759 1798/1798/767 1799/1799/768
f 1790/1790/759 1789/1789/758 1800/1800/769
f 1791/1791/760 1795/1795/764 1801/1801/770
f 1800/1800/769 1802/1802/771 1796/1796/765
f 1800/1800/769 1803/1803/772 1804/1804/773
f 1805/1805/774 1806/1806/775 1807/1807/776
f 1805/1805/774 1808/1808/777 1809/1809/778
f 1805/1805/774 1810/1810/779 1811/1811/780
f 1806/1806/775 1805/1805/774 1811/1811/780
f 1806/1806/775 1812/1812/781 1813/1813/782
f 1806/1806/775 1814/1814/783 1812/1812/781
f 1807/1807/776 1815/1815/784 1816/1816/785
f 1807/1807/776 1817/1817/786 1805/1805/774
f 1807/1807/776 1806/1806/775 1815/1815/784
f 1811/1811/780 1818/1818/787 1814/1814/783
f 1819/1819/788 1820/1820/789 1821/1821/790
f 1820/1820/789 1819/1819/788 1822/1822/791
f 1822/1822/791 1823/1823/792 1820/1820/789
f 1673/1673/642 1666/1666/635 1665/1665/634
f 1666/1666/635 1673/1673/642 1824/1824/793
f 1666/1666/635 1663/1663/632 1665/1665/634
f 1825/1825/794 1707/1707/676 1714/1714/683
f 1711/1711/680 1706/1706/675 1713/1713/682
f 1826/1826/795 1823/1823/792 1827/1827/796
f 1823/1823/792 1826/1826/795 1828/1828/797
f 1823/1823/792 1822/1822/791 1827/1827/796
f 1827/1827/796 1829/1829/798 1830/1830/799
f 1827/1827/796 1831/1831/800 1826/1826/795
f 1709/1709/678 1715/1715/684 1705/1705/674
f 1715/1715/684 1710/1710/679 1705/1705/674
f 1708/1708/677 1707/1707/676 1825/1825/794
f 1832/1832/801 1727/1727/696 1726/1726/695
f 1832/1832/801 1725/1725/694 1833/1833/802
f 1725/1725/694 1832/1832/801 1726/1726/695
f 1734/1734/703 1741/1741/710 1730/1730/699
f 1741/1741/710 1735/1735/704 1730/1730/699
f 1741/1741/710 1734/1734/703 1834/1834/803
f 1719/1719/688 1712/1712/681 1706/1706/675
f 1719/1719/688 1710/1710/679 1718/1718/687
f 1835/1835/804 1674/1674/643 1663/1663/632
f 1835/1835/804 1667/1667/636 1836/1836/805
f 1667/1667/636 1835/1835/804 1663/1663/632
f 1722/1722/691 1837/1837/806 1720/1720/689
f 1837/1837/806 1725/1725/694 1720/1720/689
f 1837/1837/806 1722/1722/691 1838/1838/807
f 1717/1717/686 1710/1710/679 1716/1716/685
f 1839/1839/808 1742/1742/711 1840/1840/809
f 1742/1742/711 1839/1839/808 1735/1735/704
f 1841/1841/810 1830/1830/799 1842/1842/811
f 1830/1830/799 1843/1843/812 1842/1842/811
f 1830/1830/799 1841/1841/810 1831/1831/800
f 1831/1831/800 1827/1827/796 1830/1830/799
f 1728/1728/697 1844/1844/813 1723/1723/692
f 1845/1845/814 1700/1700/669 1704/1704/673
f 1846/1846/815 1843/1843/812 1829/1829/798
f 1843/1843/812 1830/1830/799 1829/1829/798
f 1829/1829/798 1822/1822/791 1847/1847/816
f 1829/1829/798 1847/1847/816 1846/1846/815
f 1829/1829/798 1827/1827/796 1822/1822/791
f 1847/1847/816 1822/1822/791 1819/1819/788
f 1702/1702/671 1848/1848/817 1693/1693/662
f 1701/1701/670 1693/1693/662 1700/1700/669
f 1701/1701/670 1700/1700/669 1845/1845/814
f 1670/1670/639 1664/1664/633 1669/1669/638
f 1671/1671/640 1665/1665/634 1664/1664/633
f 1729/1729/698 1724/1724/693 1849/1849/818
f 1849/1849/818 1723/1723/692 1844/1844/813
f 1849/1849/818 1724/1724/693 1723/1723/692
f 1721/1721/690 1720/1720/689 1724/1724/693
f 1737/1737/706 1738/1738/707 1731/1731/700
f 1738/1738/707 1732/1732/701 1731/1731/700
f 1736/1736/705 1735/1735/704 1839/1839/808
f 1697/1697/666 1692/1692/661 1696/1696/665
f 1698/1698/667 1700/1700/669 1692/1692/661
f 1740/1740/709 1732/1732/701 1739/1739/708
f 1733/1733/702 1730/1730/699 1732/1732/701
f 1675/1675/644 1668/1668/637 1672/1672/641
f 1668/1668/637 1664/1664/633 1672/1672/641
f 1694/1694/663 1691/1691/660 1699/1699/668
f 1699/1699/668 1693/1693/662 1848/1848/817
f 1690/1690/659 1685/1685/654 1688/1688/657
f 1685/1685/654 1678/1678/647 1688/1688/657
f 1689/1689/658 1677/1677/646 1850/1850/819
f 1816/1816/785 1851/1851/820 1807/1807/776
f 1815/1815/784 1806/1806/775 1852/1852/821
f 1751/1751/720 1745/1745/714 1755/1755/724
f 1752/1752/721 1753/1753/722 1745/1745/714
f 1687/1687/656 1678/1678/647 1686/1686/655
f 1679/1679/648 1676/1676/645 1678/1678/647
f 1772/1772/741 1853/1853/822 1768/1768/737
f 1853/1853/822 1769/1769/738 1768/1768/737
f 1852/1852/821 1806/1806/775 1813/1813/782
f 1782/1782/751 1777/1777/746 1781/1781/750
f 1783/1783/752 1784/1784/753 1777/1777/746
f 1750/1750/719 1754/1754/723 1744/1744/713
f 1754/1754/723 1745/1745/714 1744/1744/713
f 1749/1749/718 1748/1748/717 1854/1854/823
f 1808/1808/777 1805/1805/774 1817/1817/786
f 1817/1817/786 1807/1807/776 1851/1851/820
f 1809/1809/778 1810/1810/779 1805/1805/774
f 1767/1767/736 1760/1760/729 1769/1769/738
f 1761/1761/730 1758/1758/727 1760/1760/729
f 1787/1787/756 1780/1780/749 1785/1785/754
f 1780/1780/749 1777/1777/746 1785/1785/754
f 1810/1810/779 1818/1818/787 1811/1811/780
f 1814/1814/783 1806/1806/775 1811/1811/780
f 1681/1681/650 1676/1676/645 1680/1680/649
f 1682/1682/651 1683/1683/652 1676/1676/645
f 1793/1793/762 1803/1803/772 1789/1789/758
f 1803/1803/772 1800/1800/769 1789/1789/758
f 1770/1770/739 1759/1759/728 1766/1766/735
f 1770/1770/739 1768/1768/737 1759/1759/728
f 1850/1850/819 1677/1677/646 1684/1684/653
f 1753/1753/722 1746/1746/715 1743/1743/712
f 1747/1747/716 1748/1748/717 1743/1743/712
f 1794/1794/763 1789/1789/758 1791/1791/760
f 1794/1794/763 1791/1791/760 1801/1801/770
f 1795/1795/764 1790/1790/759 1799/1799/768
f 1763/1763/732 1758/1758/727 1762/1762/731
f 1764/1764/733 1765/1765/734 1758/1758/727
f 1802/1802/771 1800/1800/769 1804/1804/773
f 1796/1796/765 1790/1790/759 1800/1800/769
f 1788/1788/757 1785/1785/754 1776/1776/745
f 1788/1788/757 1776/1776/745 1779/1779/748
f 1778/1778/747 1773/1773/742 1775/1775/744
f 1784/1784/753 1774/1774/743 1773/1773/742
f 1797/1797/766 1798/1798/767 1790/1790/759
f 1854/1854/823 1748/1748/717 1757/1757/726
o Skeleton
v -0.344566 2.412268 0.412131
v -0.062412 2.412268 0.412131
v -0.344566 2.412268 0.305783
v -0.062412 2.401220 0.438803
v -0.371238 2.401220 0.305783
v -0.371238 2.401220 0.412131
v -0.366343 2.396326 0.433909
v -0.344566 2.401220 0.438803
v -0.371238 2.401220 -0.205575
v -0.062412 2.412268 -0.205575
v -0.344566 2.412268 -0.205575
v -0.062412 2.412268 0.305783
v -0.025556 2.412268 -0.205575
v -0.025556 2.412268 0.412131
v -0.025556 2.412268 0.305783
v 0.382285 2.374549 -0.205575
v 0.382285 2.374549 0.305783
v 0.382285 2.217931 0.305783
v 0.382285 2.217931 -0.205575
v 0.371238 2.374549 -0.232246
v 0.366343 2.396326 -0.227352
v 0.371238 2.217931 -0.232246
v 0.382285 2.217931 0.412131
v 0.382285 2.374549 0.412131
v 0.382285 2.060610 0.412131
v 0.382285 2.060610 0.305783
v 0.382285 2.060610 -0.205575
v 0.371238 2.060610 -0.232246
v 0.260763 2.117809 0.365108
v 0.121522 2.117809 0.365108
v 0.121522 2.117809 0.449850
v 0.260763 2.117809 0.449850
v 0.062411 2.412268 0.412131
v 0.344566 2.401220 0.438803
v 0.344566 2.412268 0.412131
v 0.062411 2.412268 0.305783
v 0.025556 2.412268 0.305783
v 0.025556 2.412268 0.412131
v 0.366343 2.396326 0.433909
v 0.344566 2.412268 -0.205575
v 0.062411 2.412268 -0.205575
v 0.344566 2.412268 0.305783
v 0.371238 2.401220 0.412131
v 0.371238 2.401220 0.305783
v -0.124627 2.022891 0.412131
v -0.344566 2.022891 0.305783
v -0.124627 2.022891 0.305783
v -0.344566 2.022891 0.412131
v -0.366343 2.038833 0.433908
v -0.371238 2.033938 0.412131
v -0.344566 2.022891 -0.205575
v -0.124627 2.022891 -0.205575
v 0.062411 2.374549 -0.243294
v 0.344566 2.374549 -0.243294
v 0.344566 2.217931 -0.243294
v 0.025556 2.217931 -0.243294
v 0.025556 2.374549 -0.243294
v 0.062411 2.217931 -0.243294
v 0.366343 2.396326 -0.227352
v 0.371238 2.374549 -0.232246
v 0.124627 2.060610 -0.243294
v 0.025556 2.060610 -0.243294
v 0.344566 2.022891 0.412131
v 0.124627 2.022891 0.305783
v 0.344566 2.022891 0.305783
v 0.124627 2.022891 0.412131
v 0.371238 2.033938 0.305783
v 0.371238 2.033938 0.412131
v 0.366343 2.038833 0.433908
v 0.124627 2.022891 -0.205575
v 0.025556 2.022891 -0.205575
v 0.344566 2.022891 -0.205575
v 0.371238 2.033938 -0.205575
v -0.344566 2.374549 -0.243294
v -0.062412 2.217931 -0.243294
v -0.344566 2.217931 -0.243294
v -0.371238 2.217931 -0.232246
v -0.062412 2.374549 -0.243294
v -0.371238 2.374549 -0.232246
v -0.366343 2.396326 -0.227352
v -0.025556 2.401220 -0.232246
v -0.025556 2.374549 -0.243294
v -0.025556 2.060610 -0.243294
v -0.124627 2.060610 -0.243294
v -0.025556 2.217931 -0.243294
v -0.344566 2.060610 -0.243294
v -0.371238 2.060610 -0.232246
v -0.382285 2.374549 0.412131
v -0.382285 2.374549 0.305783
v -0.382285 2.217931 0.305783
v -0.382285 2.217931 0.412131
v -0.371238 2.374549 0.438803
v -0.366343 2.396326 0.433909
v -0.371238 2.217931 0.438803
v -0.382285 2.374549 -0.205575
v -0.382285 2.217931 -0.205575
v -0.371238 2.401220 0.412131
v -0.371238 2.401220 0.305783
v -0.382285 2.060610 -0.205575
v -0.382285 2.060610 0.305783
v -0.371238 2.060610 0.438803
v -0.382285 2.060610 0.412131
v 0.366343 2.396326 0.433909
v 0.371238 2.401220 0.412131
v 0.371238 2.374549 0.438803
v 0.371238 2.217931 0.438803
v 0.062411 2.401220 0.438803
v 0.366343 2.396326 0.433909
v 0.344566 2.401220 0.438803
v 0.344566 2.374549 0.449850
v 0.062411 2.374549 0.449850
v 0.062411 2.401220 0.438803
v 0.344566 2.217931 0.449850
v 0.371238 2.217931 0.438803
v 0.371238 2.374549 0.438803
v 0.260763 2.313569 0.449850
v -0.366343 2.396326 0.433909
v -0.344566 2.374549 0.449850
v -0.344566 2.401220 0.438803
v -0.371238 2.374549 0.438803
v -0.344566 2.217931 0.449850
v -0.366343 2.396326 -0.227352
v -0.371238 2.401220 -0.205575
v -0.371238 2.374549 -0.232246
v -0.371238 2.217931 -0.232246
v -0.366343 2.396326 -0.227352
v -0.344566 2.401220 -0.232246
v -0.344566 2.401220 -0.232246
v -0.062412 2.401220 -0.232246
v 0.344566 2.401220 -0.232246
v 0.371238 2.217931 -0.232246
v 0.366343 2.396326 -0.227352
v 0.344566 2.401220 -0.232246
v 0.371238 2.401220 -0.205575
v 0.062411 2.401220 -0.232246
v 0.371238 2.401220 -0.205575
v 0.371238 2.401220 0.305783
v 0.371238 2.060610 0.438803
v 0.344566 2.060610 0.449850
v 0.366343 2.038833 0.433908
v 0.344566 2.033938 0.438803
v 0.124627 2.060610 0.449850
v 0.124627 2.033938 0.438803
v 0.344566 2.033938 0.438803
v 0.124627 2.033938 0.438803
v 0.371238 2.060610 0.438803
v 0.366343 2.038833 0.433908
v 0.371238 2.033938 0.412131
v -0.371238 2.060610 0.438803
v -0.366343 2.038833 0.433908
v -0.344566 2.060610 0.449850
v -0.371238 2.217931 0.438803
v -0.344566 2.033938 0.438803
v -0.366343 2.038833 0.433908
v -0.371238 2.033938 0.305783
v -0.371238 2.033938 0.412131
v -0.344566 2.033938 0.438803
v -0.371238 2.033938 0.305783
v -0.366343 2.038833 -0.227352
v -0.344566 2.033938 -0.232246
v -0.124627 2.033938 -0.232246
v -0.371238 2.033938 -0.205575
v -0.366343 2.038833 -0.227352
v -0.344566 2.033938 -0.232246
v -0.366343 2.038833 -0.227352
v -0.371238 2.060610 -0.232246
v -0.371238 2.033938 -0.205575
v 0.366343 2.038833 -0.227352
v 0.344566 2.033938 -0.232246
v 0.124627 2.033938 -0.232246
v 0.371238 2.060610 -0.232246
v 0.366343 2.038833 -0.227352
v 0.344566 2.060610 -0.243294
v 0.344566 2.033938 -0.232246
v 0.366343 2.038833 -0.227352
v 0.371238 2.033938 -0.205575
v 0.371238 2.033938 0.305783
v -0.000000 2.022891 -0.205575
v -0.025556 2.022891 -0.205575
v -0.000000 2.033938 -0.232246
v 0.025556 2.033938 -0.232246
v 0.025556 2.022891 0.305783
v -0.000000 2.022891 0.305783
v -0.124627 2.033938 -0.232246
v -0.025556 2.033938 -0.232246
v -0.025556 2.022891 0.305783
v -0.000000 2.060610 -0.243294
v -0.000000 2.033938 -0.232246
v -0.025556 2.033938 -0.232246
v -0.000000 2.217931 -0.243294
v 0.025556 2.033938 -0.232246
v -0.025556 2.401220 -0.232246
v -0.000000 2.412268 -0.205575
v -0.000000 2.401220 -0.232246
v -0.000000 2.412268 0.305783
v 0.025556 2.412268 -0.205575
v 0.025556 2.401220 -0.232246
v -0.062412 2.401220 -0.232246
v 0.025556 2.401220 -0.232246
v -0.000000 2.374549 -0.243294
v -0.000000 2.401220 -0.232246
v 0.062411 2.401220 -0.232246
v -0.000000 2.412268 0.412131
v 0.025556 2.401220 0.438803
v -0.025556 2.401220 0.438803
v -0.000000 2.401220 0.438803
v -0.000000 2.401220 0.438803
v -0.025556 2.374549 0.449850
v -0.000000 2.374549 0.449850
v -0.025556 2.401220 0.438803
v -0.062412 2.401220 0.438803
v -0.062412 2.374549 0.449850
v -0.062412 2.217931 0.449850
v -0.025556 2.217931 0.449850
v 0.025556 2.401220 0.438803
v -0.000000 2.217931 0.449850
v 0.025556 2.374549 0.449850
v 0.025556 2.217931 0.449850
v -0.000000 2.060610 0.449850
v 0.025556 2.033938 0.438803
v 0.025556 2.060610 0.449850
v 0.025556 2.117809 0.449850
v -0.000000 2.117809 0.449850
v -0.025556 2.060610 0.449850
v -0.000000 2.033938 0.438803
v 0.062411 2.117809 0.449850
v -0.025556 2.117809 0.449850
v -0.025556 2.033938 0.438803
v -0.062412 2.117809 0.449850
v -0.124627 2.060610 0.449850
v -0.124627 2.004187 0.449850
v -0.025556 2.004187 0.449850
v -0.025556 2.033938 0.438803
v -0.000000 2.022891 0.412131
v -0.000000 2.033938 0.438803
v 0.025556 2.033938 0.438803
v -0.025556 2.022891 0.412131
v 0.025556 2.022891 0.412131
v 0.260763 2.117809 0.449850
v 0.062411 2.217931 0.449850
v 0.121522 2.313569 0.449850
v -0.260763 2.117809 0.449850
v -0.260763 2.217931 0.449850
v -0.260763 2.313569 0.449850
v 0.025556 2.004187 0.449850
v 0.124627 2.004187 0.449850
v 0.124627 2.033938 -0.232246
v -0.121522 2.313569 0.449850
v -0.124627 2.033938 0.438803
v -0.124627 2.033938 0.438803
v -0.124627 2.004187 0.449850
v -0.124627 2.060610 0.449850
v -0.124627 2.033938 0.438803
v -0.124627 1.977516 0.438803
v -0.124627 2.022891 0.412131
v -0.124627 1.966468 0.412131
v -0.121522 2.117809 0.449850
v -0.260763 2.313569 0.449850
v -0.260763 2.313569 0.365108
v -0.121522 2.313569 0.449850
v -0.121522 2.313569 0.365108
v -0.121522 2.217931 0.449850
v 0.121522 2.117809 0.449850
v 0.260763 2.217931 0.449850
v 0.121522 2.217931 0.449850
v -0.121522 2.313569 0.365108
v -0.260763 2.217931 0.365108
v -0.121522 2.217931 0.365108
v -0.260763 2.313569 0.365108
v -0.260763 2.117809 0.365108
v -0.121522 2.117809 0.365108
v 0.260763 2.313569 0.365108
v 0.121522 2.217931 0.365108
v 0.260763 2.217931 0.365108
v 0.121522 2.313569 0.365108
v 0.121522 2.117809 0.365108
v 0.260763 2.117809 0.365108
v 0.260763 2.313569 0.365108
v 0.260763 2.217931 0.449850
v 0.260763 2.313569 0.449850
v 0.260763 2.217931 0.365108
v 0.260763 2.117809 0.449850
v -0.121522 2.117809 0.365108
v -0.260763 2.117809 0.365108
v -0.260763 2.117809 0.449850
v -0.121522 2.117809 0.449850
v 0.121522 2.217931 0.365108
v 0.121522 2.217931 0.449850
v 0.121522 2.117809 0.365108
v 0.121522 2.117809 0.449850
v -0.260763 2.217931 0.365108
v -0.260763 2.217931 0.449850
v -0.260763 2.117809 0.365108
v -0.260763 2.117809 0.449850
v 0.121522 2.313569 0.449850
v 0.121522 2.313569 0.365108
v 0.260763 2.313569 0.449850
v 0.260763 2.313569 0.365108
v -0.121522 2.313569 0.365108
v -0.121522 2.217931 0.449850
v -0.121522 2.313569 0.449850
v -0.121522 2.217931 0.365108
v -0.121522 2.117809 0.449850
v -0.000000 2.217931 0.449850
v -0.025556 2.217931 0.395174
v -0.000000 2.217931 0.395174
v 0.025556 2.217931 0.449850
v 0.025556 2.217931 0.395174
v 0.062411 2.217931 0.449850
v -0.062412 2.217931 0.449850
v -0.062412 2.217931 0.395174
v -0.025556 2.217931 0.449850
v -0.121522 2.117809 0.365108
v -0.260763 2.313569 0.365108
v -0.260763 2.313569 0.449850
v 0.121522 2.313569 0.365108
v 0.121522 2.313569 0.449850
v 0.260763 2.117809 0.365108
v 0.025556 2.217931 0.395174
v 0.025556 2.117809 0.395174
v 0.062411 2.217931 0.395174
v -0.000000 2.117809 0.395174
v 0.062411 2.117809 0.395174
v -0.025556 2.217931 0.395174
v -0.025556 2.117809 0.395174
v -0.000000 2.217931 0.395174
v -0.062412 2.117809 0.395174
v -0.062412 2.117809 0.395174
v -0.062412 2.217931 0.395174
v -0.062412 2.217931 0.449850
v -0.062412 2.117809 0.449850
v 0.062411 2.217931 0.395174
v 0.062411 2.117809 0.449850
v 0.062411 2.217931 0.449850
v 0.062411 2.117809 0.395174
v -0.025556 2.117809 0.395174
v -0.062412 2.117809 0.395174
v -0.062412 2.117809 0.449850
v -0.025556 2.117809 0.449850
v -0.000000 2.117809 0.395174
v -0.000000 2.117809 0.449850
v 0.025556 2.117809 0.395174
v 0.062411 2.117809 0.395174
v 0.025556 2.117809 0.449850
v 0.062411 2.117809 0.449850
v -0.062412 2.217931 0.395174
v -0.025556 1.977516 0.438803
v 0.124627 2.022891 0.305783
v 0.124627 1.966468 0.412131
v 0.124627 1.966468 0.305783
v 0.124627 2.022891 0.412131
v 0.124627 1.977516 0.438803
v 0.062411 2.217931 0.395174
v 0.124627 2.033938 0.438803
v 0.124627 2.004187 0.449850
v 0.025556 1.977516 0.438803
v 0.124627 1.977516 0.438803
v -0.025556 2.060610 0.449850
v -0.025556 2.004187 0.449850
v -0.025556 2.033938 0.438803
v -0.025556 1.977516 0.438803
v -0.025556 2.022891 0.412131
v -0.124627 1.966468 0.412131
v -0.025556 1.966468 0.305783
v -0.025556 1.966468 0.412131
v -0.124627 1.966468 0.305783
v -0.025556 1.977516 0.438803
v -0.124627 1.977516 0.438803
v -0.124627 1.977516 0.438803
v 0.025556 1.966468 0.412131
v 0.124627 1.977516 0.438803
v 0.025556 1.977516 0.438803
v 0.124627 1.966468 0.305783
v 0.124627 1.966468 0.412131
v 0.025556 1.966468 0.305783
v -0.025556 2.022891 0.305783
v -0.025556 1.966468 0.412131
v -0.025556 1.966468 0.305783
v -0.124627 1.966468 0.305783
v -0.124627 2.022891 0.305783
v 0.025556 2.022891 0.412131
v 0.025556 2.022891 0.305783
v 0.025556 1.966468 0.305783
v 0.025556 1.966468 0.412131
v 0.025556 1.977516 0.438803
v 0.025556 2.033938 0.438803
v 0.025556 2.004187 0.449850
v 0.025556 2.060610 0.449850
v 0.124627 2.060610 0.449850
v 0.025556 2.022891 0.305783
v 0.124627 2.022891 0.305783
v 0.124627 1.966468 0.305783
v 0.025556 1.966468 0.305783
v -0.124627 2.022891 0.305783
v -0.025556 2.022891 0.305783
v -0.025556 1.966468 0.305783
v -0.124627 1.966468 0.305783
v 0.197299 1.910598 -0.077353
v 0.197299 1.910598 0.274178
v 0.273701 1.910598 -0.077353
v 0.169009 1.910598 0.274178
v 0.169009 1.902312 -0.097357
v 0.169009 1.910598 -0.077353
v 0.273701 1.902312 0.294182
v 0.273701 1.910598 0.274178
v 0.293705 1.902312 -0.077353
v 0.290034 1.898642 -0.093686
v 0.290034 1.898641 0.290511
v -0.273701 1.882309 0.302467
v -0.293705 1.717499 0.294182
v -0.273701 1.717498 0.302467
v -0.290034 1.898641 0.290511
v -0.293705 1.882309 0.294182
v -0.197299 1.717498 0.302467
v -0.197299 1.882309 0.302467
v -0.273701 1.697495 0.294182
v -0.197299 1.697495 0.294182
v -0.273701 1.902312 0.294182
v -0.177295 1.717498 0.310753
v -0.177295 1.882309 0.310753
v -0.290034 1.701166 0.290511
v -0.273701 1.689209 0.274178
v -0.290034 1.701166 0.290511
v -0.293705 1.697495 0.274178
v -0.273701 1.689209 -0.077353
v -0.197299 1.689209 0.274178
v -0.293705 1.697495 -0.077353
v -0.290034 1.701166 -0.093686
v -0.273701 1.697495 -0.097357
v -0.197299 1.689209 -0.077353
v -0.273701 1.697495 0.294182
v -0.169010 1.689209 0.274178
v -0.197299 1.697495 -0.097357
v 0.197299 1.882309 -0.105642
v 0.273701 1.717498 -0.105642
v 0.197299 1.717498 -0.105642
v 0.273701 1.902312 -0.097357
v 0.273701 1.882309 -0.105642
v 0.293705 1.882309 -0.097357
v 0.197298 1.697495 -0.097357
v 0.290034 1.701166 -0.093686
v 0.273701 1.697495 -0.097357
v 0.169009 1.697495 -0.097357
v 0.169009 1.882309 -0.105642
v 0.290034 1.898642 -0.093686
v -0.273701 1.910598 -0.077353
v -0.197299 1.910598 0.274178
v -0.197299 1.910598 -0.077353
v -0.290034 1.898642 -0.093686
v -0.293705 1.902312 -0.077353
v -0.273701 1.910598 0.274178
v -0.273701 1.902312 0.294182
v -0.197299 1.902312 0.294182
v -0.169009 1.910598 0.274178
v -0.273701 1.902312 -0.097357
v -0.290034 1.898641 0.290511
v 0.197299 1.882309 0.302467
v 0.273701 1.717498 0.302467
v 0.273701 1.882309 0.302467
v 0.197299 1.717498 0.302467
v 0.273701 1.697495 0.294182
v 0.290034 1.701166 0.290511
v 0.293705 1.882309 0.294182
v 0.290034 1.898641 0.290511
v 0.293705 1.717499 0.294182
v 0.177295 1.882309 0.310753
v 0.177295 1.717498 0.310753
v -0.028304 1.902312 -0.097357
v -0.140720 1.910598 -0.077353
v -0.028304 1.910598 -0.077353
v -0.140720 1.902312 -0.097357
v -0.028304 1.910598 0.274178
v -0.169009 1.902312 -0.097357
v -0.169009 1.910598 -0.077353
v 0.028304 1.902312 -0.097357
v 0.028304 1.910598 0.274178
v 0.197298 1.689209 0.274178
v 0.273701 1.689209 -0.077353
v 0.273701 1.689209 0.274178
v 0.273701 1.697495 -0.097357
v 0.290034 1.701166 -0.093686
v 0.197298 1.689209 -0.077353
v 0.293705 1.697495 0.274178
v 0.290034 1.701166 0.290511
v 0.293705 1.697495 -0.077353
v 0.169009 1.689209 0.274178
v 0.169009 1.689209 -0.077353
v 0.028304 1.954499 0.421310
v 0.028304 1.910598 0.383017
v 0.028304 1.910598 0.421310
v 0.028304 1.946213 0.441314
v 0.028304 1.954499 0.383017
v 0.028304 1.954499 0.302467
v 0.028304 1.910598 0.302467
v -0.169010 1.717498 0.421310
v -0.160724 1.697495 0.421310
v -0.157053 1.701166 0.437643
v -0.160724 1.697495 0.383017
v -0.169009 1.882309 0.421310
v -0.169009 1.882309 0.383017
v -0.160724 1.882309 0.441314
v -0.157053 1.898641 0.437643
v -0.160724 1.717499 0.441314
v -0.169010 1.717498 0.383017
v -0.177295 1.882309 0.310753
v -0.177295 1.717498 0.310753
v 0.028304 1.689209 0.383017
v -0.028304 1.689209 0.421310
v -0.028304 1.689209 0.383017
v 0.028304 1.689209 0.302467
v 0.140720 1.689209 0.383017
v -0.028304 1.689209 0.302467
v 0.028304 1.689209 0.274178
v 0.028304 1.689209 0.421310
v 0.140720 1.689209 0.302467
v 0.169009 1.693850 0.302467
v 0.140720 1.689209 0.274178
v 0.160724 1.697495 0.383017
v -0.273701 1.882309 -0.105642
v -0.293705 1.882309 -0.097357
v -0.290034 1.898642 -0.093686
v -0.197299 1.717498 -0.105642
v -0.273701 1.717498 -0.105642
v -0.293705 1.717499 -0.097357
v -0.197299 1.882309 -0.105642
v -0.169010 1.697495 -0.097357
v -0.197299 1.697495 -0.097357
v -0.273701 1.697495 -0.097357
v -0.290034 1.701166 -0.093686
v -0.169010 1.717498 -0.105642
v -0.301991 1.717498 -0.077353
v -0.290034 1.701166 -0.093686
v -0.293705 1.697495 -0.077353
v -0.301991 1.717498 0.274178
v -0.301991 1.882309 -0.077353
v -0.293705 1.697495 0.274178
v -0.290034 1.701166 0.290511
v -0.293705 1.717499 -0.097357
v -0.290034 1.898642 -0.093686
v -0.293705 1.882309 -0.097357
v -0.301991 1.882309 0.274178
v -0.293705 1.717499 0.294182
v -0.293705 1.902312 -0.077353
v -0.293705 1.882309 0.294182
v -0.290034 1.898641 0.290511
v -0.028304 1.926210 0.449599
v -0.028304 1.882309 0.449600
v -0.028304 1.902312 0.441314
v -0.028304 1.946213 0.441314
v -0.028304 1.910598 0.421310
v -0.028304 1.954499 0.421310
v -0.140720 1.689209 0.274178
v -0.169010 1.693850 0.302467
v -0.028304 1.689209 -0.077353
v -0.028304 1.689209 0.274178
v -0.140720 1.689209 -0.077353
v -0.140720 1.697495 -0.097357
v -0.028304 1.697495 -0.097357
v 0.028304 1.689209 -0.077353
v -0.169010 1.689209 -0.077353
v 0.140720 1.689209 -0.077353
v 0.028304 1.697495 -0.097357
v 0.140720 1.697495 -0.097357
v 0.169009 1.882309 0.421310
v 0.157053 1.898641 0.437643
v 0.160724 1.882309 0.441314
v 0.169009 1.717498 0.383017
v 0.169009 1.882309 0.383017
v 0.160724 1.717499 0.441314
v 0.169009 1.717498 0.421310
v 0.160724 1.697495 0.421310
v 0.160724 1.697495 0.383017
v 0.177295 1.717498 0.310753
v 0.177295 1.882309 0.310753
v 0.157053 1.701166 0.437643
v 0.290034 1.898642 -0.093686
v 0.293705 1.902312 -0.077353
v 0.301991 1.882309 -0.077353
v 0.293705 1.902312 0.274178
v 0.301991 1.882309 0.274178
v 0.293705 1.882309 -0.097357
v 0.301991 1.717498 0.274178
v 0.301991 1.717498 -0.077353
v 0.293705 1.717498 -0.097357
v 0.197299 1.902312 -0.097357
v 0.293705 1.717498 -0.097357
v 0.273701 1.902312 -0.097357
v 0.197299 1.902312 -0.097357
v 0.293705 1.902312 0.274178
v -0.273701 1.902312 -0.097357
v -0.197299 1.902312 -0.097357
v -0.293705 1.902312 0.274178
v -0.197299 1.902312 -0.097357
v -0.293705 1.902312 0.274178
v 0.290034 1.701166 -0.093686
v 0.293705 1.697495 -0.077353
v 0.293705 1.697495 0.274178
v 0.197298 1.697495 -0.097357
v 0.290034 1.898641 0.290511
v 0.293705 1.882309 0.294182
v 0.293705 1.717499 0.294182
v 0.197299 1.902312 0.294182
v 0.273701 1.902312 0.294182
v 0.197299 1.902312 0.294182
v 0.197298 1.697495 0.294182
v 0.273701 1.697495 0.294182
v 0.197298 1.697495 0.294182
v 0.290034 1.701166 0.290511
v -0.197299 1.697495 0.294182
v -0.197299 1.902312 0.294182
v 0.169009 1.905958 0.302467
v 0.140720 1.910598 -0.077353
v 0.140720 1.910598 0.274178
v 0.169009 1.905958 0.302467
v 0.028304 1.910598 -0.077353
v 0.028304 1.910598 0.302467
v 0.140720 1.910598 0.302467
v 0.160724 1.902312 0.383017
v 0.140720 1.910598 0.383017
v 0.140720 1.910598 0.421310
v 0.160724 1.902312 0.421310
v 0.160724 1.902312 0.383017
v 0.169009 1.905958 0.302467
v 0.160724 1.902312 0.421310
v -0.169009 1.905958 0.302467
v -0.140720 1.910598 0.302467
v -0.140720 1.910598 0.274178
v -0.160724 1.902312 0.383017
v -0.140720 1.910598 0.383017
v -0.169009 1.905958 0.302467
v -0.160724 1.902312 0.383017
v -0.169009 1.905958 0.302467
v -0.140720 1.910598 0.421310
v -0.169010 1.693850 0.302467
v -0.140720 1.689209 0.302467
v -0.160724 1.697495 0.383017
v -0.140720 1.689209 0.383017
v -0.140720 1.689209 0.421310
v -0.160724 1.697495 0.421310
v -0.169010 1.693850 0.302467
v 0.169009 1.693850 0.302467
v 0.169009 1.693850 0.302467
v 0.160724 1.697495 0.421310
v 0.140720 1.689209 0.421310
v 0.169009 1.902312 -0.097357
v 0.169009 1.717498 -0.105642
v 0.140720 1.902312 -0.097357
v 0.140720 1.882309 -0.105642
v 0.140720 1.717498 -0.105642
v 0.140720 1.902312 -0.097357
v -0.169009 1.902312 -0.097357
v -0.140720 1.902312 -0.097357
v -0.140720 1.882309 -0.105642
v -0.169009 1.882309 -0.105642
v -0.028304 1.902312 -0.097357
v -0.028304 1.882309 -0.105642
v -0.028304 1.717498 -0.105642
v -0.140720 1.717498 -0.105642
v -0.028304 1.697495 -0.097357
v -0.140720 1.697495 -0.097357
v -0.169010 1.697495 -0.097357
v 0.028304 1.882309 -0.105642
v 0.140720 1.697495 -0.097357
v 0.169009 1.697495 -0.097357
v -0.160724 1.902312 0.421310
v -0.157053 1.898641 0.437643
v -0.140720 1.902312 0.441314
v -0.160724 1.902312 0.421310
v -0.157053 1.898641 0.437643
v -0.140720 1.882309 0.449600
v -0.140720 1.902312 0.441314
v -0.160724 1.882309 0.441314
v -0.160724 1.717499 0.441314
v -0.140720 1.717499 0.449599
v -0.028304 1.717499 0.449599
v -0.028304 1.882309 0.449600
v 0.157053 1.898641 0.437643
v 0.140720 1.902312 0.441314
v 0.157053 1.898641 0.437643
v 0.140720 1.902312 0.441314
v 0.140720 1.882309 0.449600
v 0.160724 1.882309 0.441314
v 0.160724 1.717499 0.441314
v 0.157053 1.701166 0.437643
v 0.140720 1.697495 0.441314
v 0.028304 1.697495 0.441314
v 0.140720 1.717499 0.449599
v 0.157053 1.701166 0.437643
v 0.140720 1.697495 0.441314
v 0.028304 1.882309 0.449600
v 0.028304 1.717499 0.449599
v 0.028304 1.697495 0.441314
v -0.157053 1.701166 0.437643
v -0.140720 1.697495 0.441314
v -0.028304 1.697495 0.441314
v -0.157053 1.701166 0.437643
v -0.140720 1.697495 0.441314
v -0.028304 1.910598 0.302467
v 0.028304 1.697495 -0.097357
v 0.028304 1.717498 -0.105642
v -0.028304 1.954499 0.383017
v -0.028304 1.910598 0.383017
v 0.140720 1.926210 0.449599
v 0.140720 1.882309 0.449600
v 0.140720 1.902312 0.441314
v 0.140720 1.946213 0.441314
v 0.140720 1.910598 0.421310
v 0.140720 1.954499 0.421310
v 0.140720 1.954499 0.302467
v 0.140720 1.954499 0.383017
v 0.140720 1.910598 0.383017
v 0.140720 1.910598 0.302467
v -0.028304 1.697495 0.441314
v 0.028304 1.902312 0.441314
v -0.028304 1.902312 0.441314
v 0.028304 1.954499 0.302467
v 0.140720 1.910598 0.302467
v 0.028304 1.910598 0.302467
v 0.140720 1.954499 0.302467
v -0.028304 1.910598 0.383017
v 0.028304 1.910598 0.383017
v 0.028304 1.902312 -0.097357
v -0.028304 1.954499 0.302467
v -0.028304 1.910598 0.302467
v 0.028304 1.902312 0.441314
v 0.028304 1.926210 0.449599
v 0.028304 1.882309 0.449600
v -0.028304 1.910598 0.421310
v 0.028304 1.902312 0.441314
v 0.028304 1.910598 0.421310
v -0.028304 1.902312 0.441314
v -0.028304 1.954499 0.302467
v -0.140720 1.954499 0.383017
v -0.028304 1.954499 0.383017
v -0.140720 1.954499 0.302467
v -0.028304 1.954499 0.421310
v -0.140720 1.954499 0.421310
v -0.028304 1.946213 0.441314
v -0.140720 1.946213 0.441314
v 0.028304 1.954499 0.383017
v 0.140720 1.954499 0.421310
v 0.140720 1.954499 0.383017
v 0.028304 1.954499 0.421310
v 0.140720 1.946213 0.441314
v 0.140720 1.946213 0.441314
v 0.028304 1.946213 0.441314
v 0.028304 1.926210 0.449599
v 0.140720 1.926210 0.449599
v 0.028304 1.946213 0.441314
v -0.028304 1.946213 0.441314
v -0.140720 1.926210 0.449599
v -0.028304 1.926210 0.449599
v -0.140720 1.946213 0.441314
v 0.140720 1.954499 0.302467
v 0.028304 1.954499 0.302467
v -0.140720 1.954499 0.421310
v -0.140720 1.954499 0.383017
v -0.140720 1.910598 0.383017
v -0.140720 1.910598 0.421310
v -0.140720 1.946213 0.441314
v -0.140720 1.902312 0.441314
v -0.140720 1.926210 0.449599
v -0.140720 1.882309 0.449600
v -0.140720 1.954499 0.302467
v -0.028304 1.910598 0.302467
v -0.140720 1.910598 0.302467
v -0.028304 1.954499 0.302467
v -0.140720 1.910598 0.302467
v -0.140720 1.954499 0.302467
v 0.092883 1.876960 -0.008587
v 0.092883 1.628992 0.154861
v 0.092883 1.628992 -0.008587
v 0.084597 1.876960 -0.028590
v 0.080927 1.893293 -0.024920
v 0.084597 1.628992 -0.028590
v 0.084597 1.896963 0.154861
v 0.092883 1.876960 0.154861
v 0.080927 1.893293 0.171194
v 0.084597 1.876960 0.174864
v 0.080927 1.612659 0.171193
v 0.084597 1.608989 0.154861
v 0.084597 1.608989 -0.008587
v 0.080927 1.612659 -0.024920
v -0.064594 1.876960 0.183150
v -0.080927 1.893293 0.171194
v -0.084597 1.876960 0.174864
v -0.064594 1.628992 0.183150
v 0.064594 1.876960 0.183150
v -0.080927 1.612659 0.171193
v -0.064594 1.608989 0.174864
v -0.084597 1.628992 0.174864
v 0.064594 1.628992 0.183150
v 0.084597 1.628992 0.174864
v 0.084597 1.876960 0.174864
v 0.080927 1.893293 0.171194
v 0.064594 1.608989 0.174864
v 0.080927 1.612659 0.171193
v 0.064594 1.600703 0.154861
v 0.084597 1.608989 0.154861
v 0.080927 1.612659 0.171193
v -0.064594 1.600703 -0.008587
v 0.064594 1.600703 -0.008587
v -0.064594 1.600703 0.154861
v -0.080927 1.612659 0.171193
v -0.084597 1.608989 0.154861
v -0.080927 1.612659 -0.024920
v -0.064594 1.608989 -0.028590
v 0.064594 1.608989 -0.028590
v 0.080927 1.612659 -0.024920
v -0.092883 1.876960 0.154861
v -0.084597 1.628992 0.174864
v -0.084597 1.876960 0.174864
v -0.080927 1.893293 0.171194
v -0.092883 1.876960 -0.008587
v -0.092883 1.628992 -0.008587
v -0.092883 1.628992 0.154861
v -0.080927 1.893293 -0.024920
v -0.084597 1.876960 -0.028590
v -0.080927 1.612659 -0.024920
v -0.084597 1.608989 -0.008587
v -0.084597 1.608989 0.154861
v -0.080927 1.612659 0.171193
v 0.064594 1.905249 -0.008587
v -0.064594 1.905249 -0.008587
v 0.064594 1.905249 0.154861
v 0.084597 1.896963 0.154861
v 0.084597 1.896963 -0.008587
v 0.080927 1.893293 -0.024920
v -0.080927 1.893293 -0.024920
v -0.084597 1.896963 -0.008587
v -0.064594 1.905249 0.154861
v -0.084597 1.896963 0.154861
v 0.064594 1.896963 0.174864
v 0.080927 1.893293 0.171194
v -0.064594 1.896963 0.174864
v -0.080927 1.893293 0.171194
v 0.294556 2.056158 0.095188
v 0.294556 1.733717 0.095188
v 0.294556 2.056158 -0.069622
v 0.282599 2.072491 0.111521
v 0.286270 2.056158 0.115192
v 0.286270 1.733717 0.115192
v 0.282599 1.717384 0.111521
v 0.286270 1.713714 0.095188
v 0.286270 2.056158 -0.089625
v 0.282599 2.072491 -0.085955
v 0.286270 1.733717 -0.089625
v 0.294556 1.733717 -0.069622
v 0.286270 1.713714 -0.069622
v 0.282599 1.717384 -0.085955
v -0.266266 1.733717 0.123477
v -0.266266 2.056158 0.123478
v -0.286270 2.056158 0.115192
v -0.282599 1.717384 0.111521
v -0.266266 1.713714 0.115192
v 0.266266 2.056158 0.123478
v 0.286270 2.056158 0.115192
v 0.282599 2.072491 0.111521
v 0.286270 1.733717 0.115192
v 0.266266 1.733717 0.123477
v -0.282599 2.072491 0.111521
v 0.266266 1.713714 0.115192
v 0.282599 1.717384 0.111521
v -0.294556 2.056158 -0.069622
v -0.294556 1.733717 -0.069622
v -0.294556 2.056158 0.095188
v -0.282599 2.072491 -0.085955
v -0.286270 2.056158 -0.089625
v -0.286270 2.076162 0.095188
v -0.286270 2.076162 -0.069622
v -0.282599 1.717384 -0.085955
v -0.286270 1.713714 -0.069622
v -0.294556 1.733717 0.095188
v -0.286270 1.733717 0.115192
v -0.286270 2.056158 0.115192
v -0.282599 2.072491 0.111521
v -0.286270 1.713714 0.095188
v -0.282599 1.717384 0.111521
v -0.266266 2.084448 0.095188
v 0.266266 2.084448 0.095188
v -0.266266 2.084448 -0.069622
v -0.286270 2.076162 -0.069622
v -0.286270 2.076162 0.095188
v -0.282599 2.072491 0.111521
v -0.266266 2.076162 0.115192
v 0.266266 2.076162 0.115192
v 0.282599 2.072491 0.111521
v -0.282599 2.072491 -0.085955
v 0.266266 2.084448 -0.069622
v 0.286270 2.076162 0.095188
v 0.286270 2.076162 -0.069622
v 0.282599 2.072491 -0.085955
v 0.266266 1.733717 -0.097911
v -0.266266 2.056158 -0.097911
v 0.266266 2.056158 -0.097911
v 0.286270 2.056158 -0.089625
v 0.286270 1.733717 -0.089625
v 0.282599 1.717384 -0.085955
v 0.266266 1.713714 -0.089625
v -0.286270 2.056158 -0.089625
v -0.282599 2.072491 -0.085955
v -0.266266 1.733717 -0.097911
v -0.286270 1.733717 -0.089625
v 0.282599 2.072491 -0.085955
v -0.266266 1.713714 -0.089625
v -0.282599 1.717384 -0.085955
v 0.266266 1.705428 0.095188
v 0.286270 1.713714 0.095188
v 0.282599 1.717384 0.111521
v 0.266266 1.705428 -0.069622
v 0.286270 1.713714 -0.069622
v -0.266266 1.705428 0.095188
v -0.266266 1.705428 -0.069622
v -0.282599 1.717384 0.111521
v -0.286270 1.713714 0.095188
v -0.282599 1.717384 -0.085955
v -0.266266 1.713714 -0.089625
v 0.266266 1.713714 -0.089625
v 0.282599 1.717384 -0.085955
v 0.084597 1.628992 -0.028590
v 0.080927 1.612659 -0.024920
v 0.064594 1.628992 -0.036876
v 0.064594 1.608989 -0.028590
v 0.064594 1.876960 -0.036876
v 0.084597 1.876960 -0.028590
v 0.084597 1.608989 -0.008587
v -0.084597 1.628992 -0.028590
v -0.084597 1.876960 -0.028590
v -0.064594 1.876960 -0.036876
v -0.064594 1.628992 -0.036876
v -0.080927 1.612659 -0.024920
v -0.064594 1.608989 -0.028590
v -0.084597 1.608989 -0.008587
v -0.084597 1.628992 -0.028590
v -0.064594 1.608989 0.174864
v 0.064594 1.608989 0.174864
v 0.084597 1.628992 0.174864
v 0.080927 1.893293 -0.024920
v 0.064594 1.896963 -0.028590
v 0.064594 1.896963 -0.028590
v -0.064594 1.896963 -0.028590
v 0.084597 1.896963 -0.008587
v -0.080927 1.893293 -0.024920
v -0.064594 1.896963 -0.028590
v -0.084597 1.896963 -0.008587
v -0.064594 1.896963 0.174864
v -0.084597 1.896963 0.154861
v 0.064594 1.896963 0.174864
v 0.286270 2.076162 0.095188
v 0.266266 2.076162 0.115192
v -0.266266 2.076162 0.115192
v -0.286270 1.733717 0.115192
v -0.266266 2.076162 -0.089625
v 0.266266 2.076162 -0.089625
v -0.286270 1.733717 -0.089625
v -0.266266 2.076162 -0.089625
v 0.286270 2.076162 -0.069622
v 0.266266 2.076162 -0.089625
v 0.266266 1.713714 0.115192
v -0.266266 1.713714 0.115192
v -0.286270 1.713714 -0.069622
v -0.250703 1.661713 0.356581
v -0.157987 1.661713 0.437507
v -0.128772 1.661713 0.356581
v -0.261479 1.654813 0.326744
v -0.279283 1.661713 0.344352
v -0.338347 1.661713 0.437507
v -0.164362 1.653196 0.457711
v -0.145942 1.649423 0.454661
v -0.136818 1.653196 0.438371
v -0.241850 1.653196 0.336019
v -0.250703 1.488171 0.356581
v -0.261479 1.495071 0.326744
v -0.241850 1.496688 0.336019
v -0.157987 1.488171 0.437507
v -0.338347 1.488171 0.437507
v -0.136818 1.496688 0.438371
v -0.145942 1.500461 0.454661
v -0.128772 1.488171 0.356581
v -0.279283 1.488171 0.344352
v -0.120560 1.496688 0.336376
v 0.166647 1.632634 0.466586
v 0.145942 1.649423 0.454661
v 0.142942 1.632634 0.458933
v 0.383626 1.517250 0.466586
v 0.383626 1.632634 0.466586
v 0.166647 1.517250 0.466586
v 0.360987 1.496688 0.458069
v 0.396230 1.495071 0.451052
v 0.404188 1.517250 0.458069
v 0.404188 1.632634 0.458069
v 0.396230 1.654813 0.451052
v 0.145942 1.500461 0.454661
v 0.164362 1.496688 0.457711
v -0.412705 1.632634 -0.171210
v -0.412705 1.517250 0.437507
v -0.412705 1.632634 0.437507
v -0.394011 1.654813 -0.186051
v -0.404188 1.632634 -0.191772
v -0.412705 1.517250 -0.171210
v -0.404188 1.496688 0.418832
v -0.396230 1.495071 0.451052
v -0.404188 1.632634 0.458069
v -0.396230 1.654813 0.451052
v -0.404188 1.517250 0.458069
v -0.394011 1.495071 -0.186051
v -0.404188 1.496688 -0.157996
v -0.294710 0.699338 0.200441
v -0.139143 0.699338 -0.030046
v -0.139143 0.699338 0.200441
v -0.311499 0.711629 0.217230
v -0.315272 0.707856 0.200441
v -0.294710 0.699338 -0.030046
v -0.110064 0.699338 -0.030046
v -0.139143 0.707855 -0.050608
v -0.311499 0.711629 -0.046835
v -0.294710 0.707856 -0.050608
v 0.135073 1.231757 0.404951
v 0.155290 1.231758 0.444152
v 0.133742 1.240275 0.445769
v 0.243246 1.240275 0.384389
v 0.253496 1.231757 0.404951
v 0.144642 1.244048 0.461624
v 0.314146 1.231758 0.444152
v 0.163729 1.240275 0.464044
v 0.280006 1.231758 0.391892
v -0.383626 1.231757 0.419812
v -0.393359 1.238658 0.459240
v -0.404188 1.240275 0.431982
v -0.291154 1.231758 -0.035297
v -0.291154 1.231757 0.360043
v -0.261430 1.238658 -0.046898
v -0.270592 1.240275 -0.026912
v -0.383626 1.231758 -0.124950
v -0.363840 1.231757 0.436727
v -0.261810 1.238658 0.374747
v -0.280006 1.231757 0.391892
v -0.279177 1.231758 -0.064569
v 0.291154 1.392196 -0.035296
v 0.279177 1.392196 -0.064569
v 0.261430 1.385296 -0.046898
v 0.383626 1.392196 0.419812
v 0.383626 1.392196 -0.124950
v 0.291154 1.392196 0.360043
v 0.363840 1.392196 0.436727
v 0.270592 1.383679 0.353418
v 0.261810 1.385296 0.374747
v 0.270592 1.383679 -0.026912
v 0.250293 1.392196 -0.076685
v -0.241645 1.383679 -0.056123
v 0.241645 1.383679 -0.056123
v -0.250293 1.392196 -0.076685
v -0.340936 1.392196 -0.164565
v -0.279177 1.392196 -0.064569
v -0.261430 1.385296 -0.046898
v 0.340936 1.392196 -0.164565
v -0.362281 1.383679 -0.185127
v -0.383626 1.363117 0.473231
v -0.393359 1.385296 0.459240
v -0.404188 1.363117 0.464714
v -0.166648 1.260837 0.473231
v -0.166648 1.363117 0.473231
v -0.163729 1.240275 0.464044
v -0.144642 1.244048 0.461624
v -0.383626 1.260837 0.473231
v -0.348886 1.240275 0.464714
v -0.141773 1.260837 0.466331
v -0.348886 1.383679 0.464714
v -0.141773 1.363117 0.466331
v -0.144642 1.379905 0.461624
v -0.404188 1.260837 0.464714
v 0.157987 1.661713 0.437507
v 0.145942 1.649423 0.454661
v 0.164362 1.653196 0.457711
v 0.250703 1.661713 0.356581
v 0.128772 1.661713 0.356581
v 0.338347 1.661713 0.437507
v 0.279283 1.661713 0.344352
v 0.261479 1.654813 0.326744
v 0.136818 1.653196 0.438371
v 0.360986 1.653196 0.458069
v -0.252989 1.661713 -0.125055
v -0.261750 1.654813 -0.094922
v -0.242993 1.653196 -0.104493
v -0.155844 1.661713 -0.171210
v -0.319638 1.661713 -0.171210
v -0.123572 1.661713 -0.171210
v -0.133522 1.653196 -0.191772
v -0.133628 1.661713 -0.125055
v -0.161246 1.653196 -0.191772
v -0.279875 1.661713 -0.112155
v 0.292041 1.632634 -0.200290
v 0.166647 1.517250 -0.200290
v 0.166647 1.632634 -0.200290
v 0.311676 1.653196 -0.191772
v 0.321120 1.632634 -0.200290
v 0.268375 1.496688 -0.191772
v 0.161246 1.496688 -0.191772
v 0.292041 1.517250 -0.200290
v 0.137568 1.517250 -0.200290
v 0.268375 1.653196 -0.191772
v 0.311676 1.496688 -0.191772
v -0.116438 1.632634 -0.095976
v -0.232996 1.517250 -0.095976
v -0.116438 1.517250 -0.095976
v -0.087358 1.517250 -0.095976
v -0.232996 1.632634 -0.095976
v -0.087358 1.632634 -0.095976
v -0.091404 1.653196 -0.104493
v -0.125033 1.653196 -0.104493
v -0.253558 1.632634 -0.087459
v -0.125033 1.496688 -0.104493
v -0.091404 1.496688 -0.104493
v 0.262075 1.632634 0.298423
v 0.262075 1.517250 -0.066897
v 0.262075 1.517250 0.298423
v 0.262075 1.632634 -0.066897
v 0.270592 1.653196 -0.073820
v 0.253558 1.517250 0.318985
v 0.253558 1.632634 -0.087459
v 0.116437 1.632634 0.327502
v 0.232996 1.517250 0.327502
v 0.116437 1.517250 0.327502
v 0.098258 1.632634 0.335155
v 0.104342 1.649423 0.339427
v 0.232996 1.632634 0.327502
v 0.098258 1.517250 0.335155
v 0.120560 1.496688 0.336376
v 0.253558 1.632634 0.318985
v 0.104342 1.500461 0.339427
v -0.262075 1.632634 -0.066897
v -0.262075 1.517250 -0.066897
v -0.253558 1.517250 -0.087459
v -0.262075 1.517250 0.298423
v -0.262075 1.632634 0.298423
v -0.253558 1.632634 0.318985
v -0.253558 1.517250 0.318985
v -0.270592 1.496688 -0.073820
v 0.262075 1.363117 0.346793
v 0.262075 1.363117 -0.018527
v 0.262075 1.260837 -0.018527
v 0.262075 1.260836 0.346793
v 0.253558 1.260836 0.367355
v 0.253558 1.260837 -0.039089
v 0.270592 1.240275 0.353418
v 0.232996 1.363117 -0.047606
v -0.232996 1.363117 -0.047606
v -0.232996 1.260837 -0.047606
v 0.232996 1.260837 -0.047606
v -0.241645 1.383679 -0.056123
v 0.253558 1.260837 -0.039089
v -0.253558 1.363117 -0.039089
v -0.262075 1.363117 -0.018527
v -0.270592 1.383679 0.353418
v -0.262075 1.363117 0.346793
v -0.262075 1.260836 0.346793
v -0.262075 1.260837 -0.018527
v -0.253558 1.363117 0.367355
v -0.253558 1.260836 0.367355
v -0.253558 1.363117 -0.039089
v 0.294710 0.819212 0.229520
v 0.315272 0.728418 0.221003
v 0.315272 0.819212 0.221003
v 0.142628 0.846238 0.229520
v 0.139143 0.819212 0.229520
v 0.294710 0.728418 0.229520
v 0.139143 0.728418 0.229520
v 0.111855 0.848153 0.224750
v 0.110064 0.819212 0.229520
v 0.294710 0.707856 0.221003
v 0.311499 0.711629 0.217230
v -0.232996 1.363117 0.375872
v -0.253558 1.260836 0.367355
v -0.253558 1.363117 0.367355
v -0.116438 1.260836 0.375872
v -0.232996 1.260836 0.375872
v -0.116438 1.363117 0.375872
v -0.122995 1.383679 0.385059
v -0.106404 1.379905 0.387479
v -0.098680 1.363117 0.382772
v -0.106404 1.244048 0.387479
v -0.122995 1.240274 0.385059
v 0.116437 1.363117 0.375872
v 0.232996 1.363117 0.375872
v 0.232996 1.260836 0.375872
v 0.098680 1.363117 0.382772
v 0.106404 1.379905 0.387479
v 0.116437 1.260836 0.375872
v 0.098680 1.260836 0.382772
v 0.122995 1.383679 0.385059
v 0.253558 1.363117 0.367355
v 0.122995 1.240274 0.385059
v 0.106404 1.244048 0.387479
v 0.058279 1.632634 -0.095976
v -0.058279 1.517250 -0.095976
v 0.058279 1.517250 -0.095976
v 0.087358 1.517250 -0.095976
v -0.063681 1.653196 -0.104493
v -0.058279 1.632634 -0.095976
v 0.116437 1.632634 -0.095976
v 0.116437 1.517250 -0.095976
v 0.174838 1.632634 -0.095976
v 0.091404 1.653196 -0.104493
v 0.087358 1.632634 -0.095976
v 0.091404 1.496688 -0.104493
v 0.125033 1.496688 -0.104493
v 0.203917 1.517250 -0.095976
v 0.203917 1.632634 -0.095976
v 0.174838 1.517250 -0.095976
v 0.125033 1.653196 -0.104493
v -0.383626 1.392196 -0.124950
v -0.383626 1.392196 0.419812
v -0.291154 1.392196 -0.035296
v -0.404188 1.383679 0.431982
v -0.393359 1.385296 0.459240
v -0.363840 1.392196 0.436727
v -0.291154 1.392196 0.360043
v -0.261810 1.385296 0.374747
v -0.270592 1.383679 0.353418
v -0.270592 1.383679 -0.026912
v 0.155290 1.392196 0.444152
v 0.144642 1.379905 0.461624
v 0.163729 1.383679 0.464044
v 0.253496 1.392196 0.404951
v 0.135073 1.392196 0.404951
v 0.280006 1.392196 0.391892
v 0.314146 1.392196 0.444152
v 0.133742 1.383679 0.445769
v -0.383626 1.488171 0.400156
v -0.291154 1.488171 0.314772
v -0.383626 1.488171 -0.144781
v -0.404188 1.496688 -0.157996
v -0.279875 1.488171 -0.112155
v -0.291154 1.488171 -0.080743
v -0.261750 1.495071 -0.094922
v -0.270592 1.496688 -0.073820
v -0.270592 1.496688 0.306597
v 0.291154 1.231758 -0.035297
v 0.270592 1.240275 -0.026912
v 0.261430 1.238658 -0.046898
v 0.383626 1.231757 0.419812
v 0.291154 1.231757 0.360043
v 0.404188 1.240275 0.431982
v 0.393359 1.238658 0.459240
v 0.363840 1.231757 0.436727
v 0.261810 1.238658 0.374747
v 0.270592 1.240275 0.353418
v 0.383626 1.231758 -0.124950
v 0.279177 1.231758 -0.064569
v 0.383626 1.632634 -0.200290
v 0.350199 1.517250 -0.200290
v 0.350199 1.632634 -0.200290
v 0.394010 1.654813 -0.186051
v 0.404188 1.632634 -0.191772
v 0.383626 1.517250 -0.200290
v 0.351632 1.496688 -0.191772
v 0.341193 1.496688 -0.191772
v 0.321120 1.517250 -0.200290
v 0.351632 1.653196 -0.191772
v 0.412705 1.363117 0.444152
v 0.393359 1.385296 0.459240
v 0.404188 1.363117 0.464714
v 0.412705 1.260837 -0.164565
v 0.412705 1.363117 -0.164565
v 0.404188 1.240275 -0.144758
v 0.396537 1.238658 -0.177842
v 0.412705 1.260837 0.444152
v 0.404188 1.363117 -0.185127
v 0.396537 1.385296 -0.177841
v 0.404188 1.260837 -0.185127
v 0.393359 1.238658 0.459240
v 0.404188 1.240275 0.431982
v 0.280328 1.488171 -0.125055
v 0.332186 1.488171 -0.171210
v 0.319638 1.488171 -0.171210
v 0.341193 1.496688 -0.191772
v 0.252989 1.488171 -0.125055
v 0.256662 1.496688 -0.104493
v 0.340936 1.231758 -0.164565
v 0.250293 1.231758 -0.076685
v -0.250293 1.231758 -0.076685
v -0.340936 1.231758 -0.164565
v 0.362281 1.240275 -0.185127
v -0.241645 1.240275 -0.056123
v -0.253496 1.231757 0.404951
v -0.243246 1.240275 0.384389
v -0.155290 1.231758 0.444152
v -0.314146 1.231758 0.444152
v -0.135074 1.231757 0.404951
v -0.133743 1.240275 0.445769
v -0.144642 1.244048 0.461624
v -0.122995 1.240274 0.385059
v 0.412705 1.632634 0.437507
v 0.412705 1.517250 -0.171210
v 0.412705 1.632634 -0.171210
v 0.396230 1.654813 0.451052
v 0.404188 1.632634 0.458069
v 0.412705 1.517250 0.437507
v 0.404188 1.496688 -0.157996
v 0.394010 1.495071 -0.186051
v 0.404188 1.496688 0.418832
v 0.404188 1.517250 -0.191772
v 0.404188 1.653196 0.418832
v 0.404188 1.632634 -0.191772
v 0.394010 1.654813 -0.186051
v 0.396230 1.495071 0.451052
v -0.232996 1.632634 0.327502
v -0.253558 1.517250 0.318985
v -0.253558 1.632634 0.318985
v -0.116438 1.517250 0.327502
v -0.232996 1.517250 0.327502
v -0.116438 1.632634 0.327502
v -0.120560 1.653196 0.336377
v -0.104342 1.649423 0.339427
v -0.098258 1.632634 0.335155
v -0.098258 1.517250 0.335155
v -0.104342 1.500461 0.339427
v -0.120560 1.496688 0.336376
v 0.383626 1.363117 -0.193644
v -0.383626 1.260837 -0.193644
v -0.383626 1.363117 -0.193644
v 0.396537 1.385296 -0.177841
v 0.404188 1.363117 -0.185127
v 0.383626 1.260837 -0.193644
v 0.362281 1.240275 -0.185127
v -0.362281 1.240275 -0.185127
v -0.396537 1.238658 -0.177842
v -0.404188 1.260837 -0.185127
v -0.404188 1.363117 -0.185127
v -0.396537 1.385296 -0.177841
v 0.396537 1.238658 -0.177842
v 0.108489 1.632634 -0.200290
v 0.133522 1.653196 -0.191772
v 0.137568 1.632634 -0.200290
v -0.108489 1.517250 -0.200290
v -0.108489 1.632634 -0.200290
v 0.108489 1.517250 -0.200290
v -0.099894 1.496688 -0.191772
v -0.133522 1.496688 -0.191772
v 0.099894 1.496688 -0.191772
v 0.099894 1.653196 -0.191772
v -0.137568 1.517250 -0.200290
v -0.137568 1.632634 -0.200290
v -0.133522 1.653196 -0.191772
v 0.133522 1.496688 -0.191772
v -0.124240 1.363117 0.447387
v -0.124240 1.260837 0.447386
v -0.100687 1.363117 0.401717
v -0.144642 1.379905 0.461624
v -0.141773 1.363117 0.466331
v -0.144642 1.244048 0.461624
v -0.133743 1.240275 0.445769
v -0.133743 1.383679 0.445769
v -0.100687 1.260836 0.401717
v -0.098680 1.260836 0.382772
v -0.098680 1.363117 0.382772
v -0.106404 1.379905 0.387479
v -0.111858 1.240274 0.403334
v -0.106404 1.244048 0.387479
v -0.133628 1.488171 -0.125055
v -0.252989 1.488171 -0.125055
v -0.155844 1.488171 -0.171210
v -0.123572 1.488171 -0.171210
v -0.242993 1.496688 -0.104493
v -0.161246 1.496688 -0.191772
v -0.133522 1.496688 -0.191772
v -0.319638 1.488171 -0.171210
v 0.319638 1.661713 -0.171210
v 0.280328 1.661713 -0.125055
v 0.252989 1.661713 -0.125055
v 0.332186 1.661713 -0.171210
v 0.069083 1.661713 -0.125055
v -0.069083 1.661713 -0.125055
v -0.063681 1.653196 -0.104493
v 0.063681 1.653196 -0.104493
v 0.091404 1.653196 -0.104493
v -0.091299 1.661713 -0.171210
v -0.101355 1.661713 -0.125055
v -0.091404 1.653196 -0.104493
v 0.091299 1.661713 -0.171210
v 0.101355 1.661713 -0.125055
v 0.123571 1.661713 -0.171210
v -0.099894 1.653196 -0.191772
v -0.383626 1.661713 -0.144781
v -0.291154 1.661713 0.314772
v -0.291154 1.661713 -0.080743
v -0.270592 1.653196 0.306598
v -0.383626 1.661713 0.400156
v -0.270592 1.653196 -0.073820
v -0.412705 1.363117 -0.164565
v -0.396537 1.385296 -0.177841
v -0.404188 1.363117 -0.185127
v -0.412705 1.260837 0.444152
v -0.412705 1.363117 0.444152
v -0.404188 1.240275 -0.144758
v -0.404188 1.240275 0.431982
v -0.412705 1.260837 -0.164565
v -0.393359 1.238658 0.459240
v -0.404188 1.363117 0.464714
v -0.393359 1.385296 0.459240
v -0.404188 1.383679 -0.144757
v -0.404188 1.260837 0.464714
v -0.396537 1.238658 -0.177842
v 0.291154 1.488171 0.314772
v 0.383626 1.488171 -0.144781
v 0.383626 1.488171 0.400156
v 0.279283 1.488171 0.344352
v 0.261479 1.495071 0.326744
v 0.291154 1.488171 -0.080743
v 0.279875 1.488171 -0.112155
v 0.270592 1.496688 0.306597
v 0.270592 1.496688 -0.073820
v 0.261750 1.495071 -0.094922
v 0.166647 1.363117 0.473231
v 0.144642 1.379905 0.461624
v 0.141773 1.363117 0.466331
v 0.383626 1.260837 0.473231
v 0.383626 1.363117 0.473231
v 0.348886 1.383679 0.464714
v 0.348886 1.240275 0.464714
v 0.393359 1.238658 0.459240
v 0.166647 1.260837 0.473231
v 0.404188 1.260837 0.464714
v 0.404188 1.363117 0.464714
v 0.393359 1.385296 0.459240
v 0.144642 1.244048 0.461624
v 0.163729 1.240275 0.464044
v 0.155844 1.488171 -0.171210
v 0.133522 1.496688 -0.191772
v 0.161246 1.496688 -0.191772
v 0.192851 1.488171 -0.125055
v 0.133628 1.488171 -0.125055
v 0.236589 1.488171 -0.125055
v 0.213361 1.496688 -0.104493
v 0.244709 1.488171 -0.171210
v 0.123571 1.488171 -0.171210
v 0.183844 1.496688 -0.104493
v -0.097232 1.632634 0.354853
v -0.098258 1.632634 0.335155
v -0.104342 1.649423 0.339427
v -0.127694 1.517250 0.439235
v -0.097232 1.517250 0.354853
v -0.098258 1.517250 0.335155
v -0.127694 1.632634 0.439235
v -0.145942 1.649423 0.454661
v -0.142942 1.632634 0.458933
v -0.145942 1.500461 0.454661
v -0.136818 1.496688 0.438371
v -0.106980 1.496688 0.355717
v -0.104342 1.500461 0.339427
v 0.291154 1.661713 0.314772
v 0.383626 1.661713 -0.144781
v 0.291154 1.661713 -0.080743
v 0.270592 1.653196 0.306598
v 0.279875 1.661713 -0.112155
v 0.261750 1.654813 -0.094922
v 0.270592 1.653196 -0.073820
v 0.383626 1.661713 0.400156
v 0.404188 1.653196 -0.157995
v -0.135074 1.392196 0.404951
v -0.253496 1.392196 0.404951
v -0.155290 1.392196 0.444152
v -0.243246 1.383679 0.384389
v -0.133743 1.383679 0.445769
v -0.280006 1.392196 0.391892
v -0.163729 1.383679 0.464044
v -0.144642 1.379905 0.461624
v -0.314146 1.392196 0.444152
v -0.091299 1.488171 -0.171210
v 0.069083 1.488171 -0.125055
v -0.069083 1.488171 -0.125055
v -0.101355 1.488171 -0.125055
v -0.063681 1.496688 -0.104493
v 0.101355 1.488171 -0.125055
v 0.091404 1.496688 -0.104493
v 0.091299 1.488171 -0.171210
v -0.091404 1.496688 -0.104493
v -0.166648 1.632634 -0.200290
v -0.383626 1.632634 -0.200290
v -0.351632 1.653196 -0.191772
v -0.383626 1.517250 -0.200290
v -0.351632 1.496688 -0.191772
v -0.394011 1.495071 -0.186051
v -0.166648 1.517250 -0.200290
v -0.404188 1.632634 -0.191772
v -0.394011 1.654813 -0.186051
v -0.404188 1.517250 -0.191772
v 0.100687 1.260836 0.401717
v 0.124240 1.363117 0.447387
v 0.100687 1.363117 0.401717
v 0.098680 1.363117 0.382772
v 0.133742 1.240275 0.445769
v 0.124240 1.260837 0.447386
v 0.106404 1.244048 0.387479
v 0.111858 1.240274 0.403334
v 0.141773 1.260837 0.466331
v 0.141773 1.363117 0.466331
v 0.144642 1.379905 0.461624
v 0.106404 1.379905 0.387479
v 0.144642 1.244048 0.461624
v 0.338347 1.488171 0.437507
v 0.164362 1.496688 0.457711
v 0.157987 1.488171 0.437507
v 0.250703 1.488171 0.356581
v 0.128772 1.488171 0.356581
v 0.145942 1.500461 0.454661
v 0.136818 1.496688 0.438371
v 0.106980 1.496688 0.355717
v 0.241850 1.496688 0.336019
v 0.097232 1.517250 0.354853
v 0.127694 1.632634 0.439235
v 0.097232 1.632634 0.354853
v 0.098258 1.632634 0.335155
v 0.104342 1.500461 0.339427
v 0.106980 1.496688 0.355717
v 0.142942 1.632634 0.458933
v 0.145942 1.649423 0.454661
v 0.127694 1.517250 0.439235
v 0.142942 1.517250 0.458933
v 0.106980 1.653196 0.355717
v 0.104342 1.649423 0.339427
v 0.136818 1.496688 0.438371
v 0.145942 1.500461 0.454661
v 0.232996 1.632634 -0.095976
v 0.232996 1.517250 -0.095976
v 0.232996 1.632634 -0.095976
v 0.213361 1.653196 -0.104493
v 0.213361 1.496688 -0.104493
v 0.256662 1.496688 -0.104493
v 0.232996 1.517250 -0.095976
v 0.253558 1.517250 -0.087459
v 0.244709 1.661713 -0.171210
v 0.161246 1.653196 -0.191772
v 0.155844 1.661713 -0.171210
v 0.192851 1.661713 -0.125055
v 0.133628 1.661713 -0.125055
v 0.133522 1.653196 -0.191772
v 0.183844 1.653196 -0.104493
v 0.213361 1.653196 -0.104493
v 0.323789 0.728418 0.200441
v 0.323789 0.728418 -0.030046
v 0.323789 0.819212 0.200441
v 0.315272 0.819212 0.221003
v 0.315272 0.728418 0.221003
v 0.311499 0.711629 0.217230
v 0.315272 0.707856 0.200441
v 0.315272 0.707856 -0.030046
v 0.311499 0.711629 -0.046835
v 0.323789 0.819212 -0.030046
v 0.315272 0.728418 -0.050608
v 0.315272 0.819212 -0.050608
v -0.139143 0.819212 0.229520
v -0.139143 0.728418 0.229520
v -0.110064 0.728418 0.229520
v -0.294710 0.819212 0.229520
v -0.315272 0.848291 0.221003
v -0.315272 0.819212 0.221003
v -0.315272 0.728418 0.221003
v -0.294710 0.728418 0.229520
v -0.294710 0.707856 0.221003
v -0.139143 0.707855 0.221003
v -0.311499 0.711629 0.217230
v 0.139143 0.699338 0.200441
v 0.294710 0.699338 -0.030046
v 0.294710 0.699338 0.200441
v 0.139143 0.707855 -0.050608
v 0.294710 0.707856 -0.050608
v 0.139143 0.699338 -0.030046
v 0.311499 0.711629 -0.046835
v 0.315272 0.707856 -0.030046
v 0.315272 0.707856 0.200441
v 0.311499 0.711629 0.217230
v 0.110064 0.699338 0.200441
v 0.294710 0.968165 0.229520
v 0.189020 0.988390 0.221003
v 0.182809 0.968165 0.229520
v 0.294710 0.877371 0.229520
v 0.315272 0.877371 0.221003
v 0.315272 0.968165 0.221003
v 0.311499 0.984954 0.217230
v 0.170651 0.985299 0.217230
v 0.161668 0.968981 0.221003
v 0.151045 0.877371 0.229520
v 0.294710 0.848292 0.229520
v 0.315272 0.848291 0.221003
v 0.139143 0.819212 -0.059125
v 0.294710 0.819212 -0.059125
v 0.139143 0.728418 -0.059125
v 0.110064 0.728418 -0.059125
v 0.294710 0.728418 -0.059125
v 0.315272 0.848291 -0.050608
v 0.315272 0.819212 -0.050608
v 0.294710 0.707856 -0.050608
v 0.139143 0.707855 -0.050608
v 0.315272 0.728418 -0.050608
v 0.311499 0.711629 -0.046835
v 0.123163 1.035719 -0.039277
v 0.114646 1.035719 -0.059839
v 0.110873 1.052508 -0.056065
v 0.123163 0.900105 -0.039277
v 0.114646 0.900105 -0.059839
v 0.114646 1.056281 0.176498
v 0.123163 1.035719 0.176498
v 0.123163 0.900105 0.176498
v 0.110873 1.052508 0.193286
v 0.114646 1.035719 0.197060
v 0.110873 0.883316 0.193286
v 0.114646 0.879543 0.176497
v 0.114646 0.879543 -0.039277
v 0.110873 0.883316 -0.056065
v -0.094084 1.237654 -0.068356
v 0.094084 1.258216 -0.059839
v 0.094084 1.237654 -0.068356
v 0.094084 1.102040 -0.068356
v -0.094084 1.102040 -0.068356
v -0.114646 1.237654 -0.059839
v -0.110873 1.254443 -0.056065
v -0.114646 1.102040 -0.059839
v 0.110873 1.254443 -0.056065
v 0.114646 1.237654 -0.059839
v 0.110873 1.085251 -0.056065
v 0.094084 1.081478 -0.059839
v -0.094084 1.081478 -0.059839
v -0.110873 1.085251 -0.056065
v 0.094084 1.035719 0.205577
v -0.094084 1.035719 0.205577
v -0.094084 0.900105 0.205577
v 0.114646 1.035719 0.197060
v 0.110873 1.052508 0.193286
v 0.094084 0.900105 0.205577
v -0.114646 0.900105 0.197060
v -0.110873 1.052508 0.193286
v -0.114646 1.035719 0.197060
v -0.110873 0.883316 0.193286
v -0.094084 0.879543 0.197060
v 0.094084 0.879543 0.197060
v 0.110873 0.883316 0.193286
v 0.094084 0.871026 0.176498
v -0.094084 0.871026 0.176498
v -0.094084 0.871026 -0.039277
v 0.094084 0.871026 -0.039277
v 0.114646 0.879543 0.176497
v 0.110873 0.883316 0.193286
v -0.110873 0.883316 0.193286
v -0.114646 0.879543 0.176497
v 0.094084 0.879543 -0.059839
v -0.110873 0.883316 -0.056065
v -0.094084 0.879543 -0.059839
v 0.110873 0.883316 -0.056065
v -0.123163 1.035719 0.176498
v -0.114646 1.035719 0.197060
v -0.110873 1.052508 0.193286
v -0.123163 0.900105 -0.039277
v -0.123163 0.900105 0.176498
v -0.123163 1.035719 -0.039277
v -0.114646 0.900105 0.197060
v -0.114646 1.056282 0.176498
v -0.114646 1.056281 -0.039277
v -0.110873 1.052508 -0.056065
v -0.114646 1.035719 -0.059839
v -0.110873 0.883316 -0.056065
v -0.114646 0.879543 -0.039277
v -0.114646 0.879543 0.176497
v -0.110873 0.883316 0.193286
v 0.094084 1.064798 -0.039277
v 0.114646 1.056281 0.176498
v 0.114646 1.056282 -0.039277
v -0.094084 1.064798 -0.039277
v 0.094084 1.064798 0.176498
v 0.110873 1.052508 -0.056065
v -0.110873 1.052508 -0.056065
v -0.114646 1.056281 -0.039277
v -0.094084 1.064798 0.176498
v -0.114646 1.056282 0.176498
v 0.094084 1.056281 0.197060
v 0.110873 1.052508 0.193286
v -0.110873 1.052508 0.193286
v -0.094084 1.056282 0.197060
v 0.123163 1.237654 -0.039277
v 0.123163 1.102040 -0.039277
v 0.114646 1.102040 -0.059839
v 0.114646 1.237654 -0.059839
v 0.110873 1.254443 -0.056065
v 0.123163 1.237654 0.176498
v 0.123163 1.102040 0.176498
v 0.114646 1.258216 0.176498
v 0.110873 1.254443 0.193286
v 0.114646 1.237654 0.197060
v 0.110873 1.085251 0.193286
v 0.114646 1.081478 0.176498
v 0.114646 1.081478 -0.039277
v 0.110873 1.085251 -0.056065
v -0.094084 1.450704 -0.068356
v 0.094084 1.471267 -0.059839
v 0.094084 1.450704 -0.068356
v 0.094084 1.315090 -0.068356
v -0.114646 1.450704 -0.059839
v -0.110873 1.467493 -0.056065
v -0.094084 1.315090 -0.068356
v -0.114646 1.315090 -0.059839
v 0.110873 1.467493 -0.056065
v 0.114646 1.450704 -0.059839
v 0.110873 1.298301 -0.056065
v 0.094084 1.294528 -0.059839
v -0.094084 1.294528 -0.059839
v -0.110873 1.298301 -0.056065
v 0.094084 1.237654 0.205577
v -0.094084 1.237654 0.205577
v -0.094084 1.102040 0.205577
v 0.094084 1.102040 0.205577
v 0.114646 1.237654 0.197060
v 0.110873 1.254443 0.193286
v 0.114646 1.102040 0.197060
v -0.110873 1.254443 0.193286
v -0.114646 1.237654 0.197060
v -0.110873 1.085251 0.193286
v -0.094084 1.081478 0.197060
v 0.094084 1.081478 0.197060
v -0.114646 1.102040 0.197060
v 0.110873 1.085251 0.193286
v 0.094084 1.072960 0.176498
v 0.114646 1.081478 0.176498
v 0.110873 1.085251 0.193286
v -0.094084 1.072960 0.176498
v -0.094084 1.072960 -0.039277
v 0.094084 1.072960 -0.039277
v -0.110873 1.085251 0.193286
v -0.114646 1.081478 0.176498
v 0.094084 1.081478 -0.059839
v -0.110873 1.085251 -0.056065
v -0.094084 1.081478 -0.059839
v 0.110873 1.085251 -0.056065
v -0.123163 1.237654 0.176498
v -0.114646 1.102040 0.197060
v -0.114646 1.237654 0.197060
v -0.123163 1.237654 -0.039277
v -0.123163 1.102040 -0.039277
v -0.110873 1.254443 0.193286
v -0.123163 1.102040 0.176498
v -0.110873 1.254443 -0.056065
v -0.114646 1.237654 -0.059839
v -0.110873 1.085251 -0.056065
v -0.114646 1.081478 -0.039277
v -0.114646 1.081478 0.176498
v -0.110873 1.085251 0.193286
v 0.094084 1.266733 -0.039277
v -0.094084 1.266733 -0.039277
v 0.094084 1.266733 0.176498
v 0.114646 1.258216 0.176498
v 0.114646 1.258216 -0.039277
v 0.110873 1.254443 -0.056065
v -0.114646 1.258216 0.176498
v -0.094084 1.266733 0.176498
v -0.110873 1.254443 -0.056065
v -0.114646 1.258216 -0.039277
v 0.094084 1.258216 0.197060
v 0.110873 1.254443 0.193286
v -0.110873 1.254443 0.193286
v -0.094084 1.258216 0.197060
v 0.123163 1.450704 -0.039277
v 0.114646 1.471267 0.176498
v 0.123163 1.450704 0.176498
v 0.123163 1.315090 0.176498
v 0.123163 1.315090 -0.039277
v 0.114646 1.315090 -0.059839
v 0.114646 1.450704 -0.059839
v 0.110873 1.467493 -0.056065
v 0.110873 1.467493 0.193286
v 0.114646 1.450704 0.197060
v 0.110873 1.298301 0.193286
v 0.114646 1.294528 0.176498
v 0.114646 1.294528 -0.039277
v 0.110873 1.298301 -0.056065
v -0.094084 1.636575 -0.068356
v -0.114646 1.636575 -0.059839
v -0.110873 1.653364 -0.056065
v 0.094084 1.500961 -0.068356
v -0.094084 1.500961 -0.068356
v 0.094084 1.636575 -0.068356
v -0.114646 1.500961 -0.059839
v 0.094084 1.657137 -0.059839
v 0.110873 1.653364 -0.056065
v 0.114646 1.636575 -0.059839
v 0.110873 1.484172 -0.056065
v 0.094084 1.480399 -0.059839
v -0.094084 1.480399 -0.059839
v -0.110873 1.484172 -0.056065
v 0.094084 1.450704 0.205577
v 0.114646 1.450704 0.197060
v 0.110873 1.467493 0.193286
v -0.094084 1.450704 0.205577
v -0.094084 1.315090 0.205577
v 0.094084 1.315090 0.205577
v 0.114646 1.315090 0.197060
v -0.110873 1.467493 0.193286
v -0.114646 1.450704 0.197060
v 0.094084 1.294528 0.197060
v -0.110873 1.298301 0.193286
v -0.094084 1.294528 0.197060
v -0.114646 1.315090 0.197060
v 0.110873 1.298301 0.193286
v 0.094084 1.286011 0.176498
v -0.094084 1.286011 -0.039277
v 0.094084 1.286011 -0.039277
v -0.094084 1.286011 0.176498
v 0.114646 1.294528 0.176498
v 0.110873 1.298301 0.193286
v -0.110873 1.298301 0.193286
v -0.114646 1.294528 0.176498
v 0.094084 1.294528 -0.059839
v -0.110873 1.298301 -0.056065
v -0.094084 1.294528 -0.059839
v 0.110873 1.298301 -0.056065
v -0.123163 1.450704 0.176498
v -0.114646 1.450704 0.197060
v -0.110873 1.467493 0.193286
v -0.123163 1.315090 -0.039277
v -0.123163 1.315090 0.176498
v -0.123163 1.450704 -0.039277
v -0.114646 1.315090 0.197060
v -0.110873 1.467493 -0.056065
v -0.114646 1.450704 -0.059839
v -0.114646 1.294528 0.176498
v -0.110873 1.298301 -0.056065
v -0.114646 1.294528 -0.039277
v -0.110873 1.298301 0.193286
v 0.094084 1.479784 -0.039277
v -0.094084 1.479784 -0.039277
v 0.094084 1.479784 0.176498
v 0.114646 1.471267 -0.039277
v 0.110873 1.467493 -0.056065
v 0.114646 1.471267 0.176498
v -0.114646 1.471267 0.176498
v -0.094084 1.479784 0.176498
v -0.110873 1.467493 -0.056065
v -0.114646 1.471267 -0.039277
v 0.094084 1.471267 0.197060
v 0.110873 1.467493 0.193286
v -0.110873 1.467493 0.193286
v -0.094084 1.471267 0.197060
v 0.123163 1.636575 -0.039277
v 0.123163 1.636575 0.176498
v 0.123163 1.500961 0.176498
v 0.123163 1.500961 -0.039277
v 0.114646 1.500961 -0.059839
v 0.114646 1.636575 -0.059839
v 0.110873 1.653364 -0.056065
v 0.114646 1.657137 0.176498
v 0.110873 1.653364 0.193286
v 0.114646 1.636575 0.197060
v 0.110873 1.484172 0.193286
v 0.114646 1.480399 0.176498
v 0.114646 1.480399 -0.039277
v 0.110873 1.484172 -0.056065
v 0.119667 0.875739 -0.030046
v 0.119667 0.875739 0.200441
v 0.152572 0.969796 -0.030046
v 0.104360 0.856331 0.200441
v 0.170651 0.985299 -0.046834
v 0.161668 0.968981 -0.050608
v 0.129671 0.878544 -0.050608
v 0.152572 0.969796 0.200441
v 0.129671 0.878544 0.221003
v 0.161668 0.968981 0.221003
v 0.170651 0.985299 0.217230
v 0.094084 1.636575 0.205577
v -0.094084 1.636575 0.205577
v -0.094084 1.500961 0.205577
v 0.094084 1.500961 0.205577
v 0.114646 1.636575 0.197060
v 0.110873 1.653364 0.193286
v 0.114646 1.500961 0.197060
v -0.110873 1.653364 0.193286
v -0.114646 1.636575 0.197060
v -0.114646 1.500961 0.197060
v 0.094084 1.480399 0.197060
v -0.110873 1.484172 0.193286
v -0.094084 1.480399 0.197060
v 0.110873 1.484172 0.193286
v 0.094084 1.471882 0.176498
v -0.094084 1.471882 -0.039277
v 0.094084 1.471882 -0.039277
v 0.114646 1.480399 0.176498
v 0.110873 1.484172 0.193286
v -0.094084 1.471882 0.176498
v -0.110873 1.484172 0.193286
v -0.114646 1.480399 0.176498
v -0.110873 1.484172 -0.056065
v -0.094084 1.480399 -0.059839
v 0.094084 1.480399 -0.059839
v 0.110873 1.484172 -0.056065
v -0.123163 1.636575 0.176498
v -0.123163 1.636575 -0.039277
v -0.123163 1.500961 -0.039277
v -0.114646 1.500961 0.197060
v -0.114646 1.636575 0.197060
v -0.110873 1.653364 0.193286
v -0.123163 1.500961 0.176498
v -0.110873 1.653364 -0.056065
v -0.114646 1.636575 -0.059839
v -0.114646 1.480399 0.176498
v -0.110873 1.484172 -0.056065
v -0.114646 1.480399 -0.039277
v -0.110873 1.484172 0.193286
v 0.094084 1.665654 -0.039277
v 0.114646 1.657137 -0.039277
v 0.110873 1.653364 -0.056065
v 0.114646 1.657137 0.176498
v -0.094084 1.665654 -0.039277
v 0.094084 1.665654 0.176498
v -0.114646 1.657137 0.176498
v -0.094084 1.665654 0.176498
v -0.110873 1.653364 -0.056065
v -0.114646 1.657137 -0.039277
v 0.094084 1.657137 0.197060
v 0.110873 1.653364 0.193286
v -0.110873 1.653364 0.193286
v -0.094084 1.657137 0.197060
v 0.323789 0.877371 0.200441
v 0.315272 0.968165 0.221003
v 0.315272 0.877371 0.221003
v 0.323789 0.877371 -0.030046
v 0.323789 0.968165 0.200441
v 0.323789 0.848291 0.200441
v 0.323789 0.848291 -0.030046
v 0.311499 0.984954 0.217230
v 0.323789 0.968165 -0.030046
v 0.315272 0.968165 -0.050608
v 0.311499 0.984954 -0.046834
v 0.315272 0.877371 -0.050608
v -0.080985 0.728418 0.229520
v 0.080985 0.728418 0.229520
v -0.080985 0.819212 0.229520
v -0.110064 0.707855 0.221003
v -0.080985 0.707855 0.221003
v -0.110064 0.819212 0.229520
v 0.080985 0.707855 0.221003
v 0.110064 0.707855 0.221003
v 0.080985 0.839775 0.221003
v -0.080985 0.839775 0.221003
v 0.080985 0.819212 0.229520
v 0.110064 0.728418 0.229520
v -0.294710 0.877371 0.229520
v -0.294710 0.848292 0.229520
v -0.182809 0.968165 0.229520
v -0.294710 0.968165 0.229520
v -0.151045 0.877371 0.229520
v -0.161668 0.968981 0.221003
v -0.170651 0.985299 0.217230
v -0.311499 0.984954 0.217230
v -0.315272 0.968165 0.221003
v -0.189020 0.988390 0.221003
v -0.315272 0.877371 0.221003
v -0.142628 0.846238 0.229520
v -0.294710 0.819212 -0.059125
v -0.139143 0.819212 -0.059125
v -0.294710 0.728418 -0.059125
v -0.142628 0.846238 -0.059125
v -0.139143 0.728418 -0.059125
v -0.111855 0.848153 -0.054355
v -0.110064 0.819212 -0.059125
v -0.139143 0.707855 -0.050608
v -0.294710 0.707856 -0.050608
v -0.311499 0.711629 -0.046835
v -0.315272 0.819212 -0.050608
v 0.080985 0.848291 -0.030046
v 0.104360 0.856331 0.200441
v 0.104360 0.856331 -0.030046
v -0.080985 0.839775 -0.050608
v -0.080985 0.848291 -0.030046
v -0.080985 0.848291 0.200441
v 0.080985 0.848291 0.200441
v 0.080985 0.839775 0.221003
v -0.104360 0.856331 0.200441
v -0.323789 0.728418 -0.030046
v -0.315272 0.819212 -0.050608
v -0.315272 0.728418 -0.050608
v -0.323789 0.728418 0.200441
v -0.323789 0.819212 -0.030046
v -0.311499 0.711629 -0.046835
v -0.315272 0.707856 -0.030046
v -0.315272 0.707856 0.200441
v -0.311499 0.711629 0.217230
v -0.315272 0.848291 -0.050608
v -0.323789 0.819212 0.200441
v -0.315272 0.728418 0.221003
v 0.080985 0.728418 -0.059125
v 0.110064 0.707855 -0.050608
v 0.080985 0.707855 -0.050608
v -0.080985 0.728418 -0.059125
v 0.080985 0.819212 -0.059125
v 0.110064 0.819212 -0.059125
v -0.080985 0.707855 -0.050608
v -0.110064 0.707855 -0.050608
v -0.080985 0.819212 -0.059125
v -0.110064 0.728418 -0.059125
v -0.294710 0.968165 -0.059125
v -0.315272 0.877371 -0.050608
v -0.315272 0.968165 -0.050608
v -0.311499 0.984954 -0.046834
v -0.189020 0.988390 -0.050608
v -0.182809 0.968165 -0.059125
v -0.294710 0.877371 -0.059125
v -0.151045 0.877371 -0.059125
v -0.170651 0.985299 -0.046834
v -0.161668 0.968981 -0.050608
v -0.294710 0.848291 -0.059125
v -0.315272 0.848291 -0.050608
v -0.094084 1.035719 -0.068356
v -0.114646 1.035719 -0.059839
v -0.110873 1.052508 -0.056065
v 0.094084 1.035719 -0.068356
v 0.094084 0.900105 -0.068356
v -0.094084 0.900105 -0.068356
v 0.110873 1.052508 -0.056065
v 0.114646 1.035719 -0.059839
v 0.114646 0.900105 -0.059839
v 0.110873 0.883316 -0.056065
v 0.094084 0.879543 -0.059839
v -0.094084 0.879543 -0.059839
v -0.110873 0.883316 -0.056065
v 0.294710 0.877371 -0.059125
v 0.294710 0.848291 -0.059125
v 0.315272 0.968165 -0.050608
v 0.315272 0.877371 -0.050608
v 0.182809 0.968165 -0.059125
v 0.294710 0.968165 -0.059125
v 0.161668 0.968981 -0.050608
v 0.170651 0.985299 -0.046834
v 0.151045 0.877371 -0.059125
v 0.311499 0.984954 -0.046834
v 0.189020 0.988390 -0.050608
v 0.142628 0.846238 -0.059125
v -0.323789 0.877371 -0.030046
v -0.323789 0.848291 -0.030046
v -0.315272 0.968165 -0.050608
v -0.315272 0.877371 -0.050608
v -0.323789 0.877371 0.200441
v -0.323789 0.968165 -0.030046
v -0.323789 0.848291 0.200441
v -0.311499 0.984954 -0.046834
v -0.323789 0.968165 0.200441
v -0.315272 0.877371 0.221003
v -0.315272 0.968165 0.221003
v -0.311499 0.984954 0.217230
v -0.191254 0.997244 -0.030046
v -0.294710 0.997244 0.200441
v -0.191254 0.997244 0.200441
v -0.167640 0.989543 -0.030046
v -0.170651 0.985299 -0.046834
v -0.294710 0.988727 -0.050608
v -0.294710 0.997244 -0.030046
v -0.315272 0.988727 -0.030046
v -0.315272 0.988727 0.200441
v -0.311499 0.984954 0.217230
v -0.294710 0.988727 0.221003
v -0.189020 0.988390 0.221003
v -0.170651 0.985299 0.217230
v -0.311499 0.984954 -0.046834
v 0.294710 0.997244 -0.030046
v 0.315272 0.988727 -0.030046
v 0.311499 0.984954 -0.046834
v 0.315272 0.988727 0.200441
v 0.191254 0.997244 0.200441
v 0.294710 0.997244 0.200441
v 0.294710 0.988727 0.221003
v 0.191254 0.997244 -0.030046
v 0.170651 0.985299 0.217230
v 0.189020 0.988390 0.221003
v 0.311499 0.984954 0.217230
v 0.294710 0.988727 -0.050608
v 0.189020 0.988390 -0.050608
v 0.167639 0.989543 0.200441
v 0.170651 0.985299 -0.046834
v 0.167639 0.989543 -0.030046
v -0.152572 0.969796 -0.030046
v -0.119667 0.875739 -0.030046
v -0.129671 0.878544 -0.050608
v -0.161668 0.968981 -0.050608
v -0.170651 0.985299 -0.046834
v -0.119667 0.875739 0.200441
v -0.152572 0.969796 0.200441
v -0.167639 0.989543 0.200441
v -0.170651 0.985299 0.217230
v -0.161668 0.968981 0.221003
v -0.129671 0.878544 0.221003
v -0.104360 0.856331 0.200441
v -0.104360 0.856331 -0.030046
v -0.080985 0.699338 0.200441
v -0.110064 0.707855 0.221003
v -0.110064 0.699338 0.200441
v 0.080985 0.699338 -0.030046
v 0.080985 0.699338 0.200441
v 0.080985 0.707855 -0.050608
v 0.110064 0.707855 -0.050608
v -0.080985 0.699338 -0.030046
v -0.080985 0.707855 0.221003
v -0.110064 0.707855 -0.050608
v -0.080985 0.707855 -0.050608
v -0.360987 1.653196 0.458069
v -0.166648 1.632634 0.466586
v -0.164362 1.653196 0.457711
v -0.396230 1.654813 0.451052
v -0.383626 1.632634 0.466586
v -0.166648 1.517250 0.466586
v -0.404188 1.632634 0.458069
v -0.383626 1.517250 0.466586
v -0.370468 1.661713 0.426439
v -0.404188 1.653196 0.418832
v -0.396230 1.654813 0.451052
v -0.360987 1.653196 0.458069
v -0.404188 1.653196 0.418832
v -0.404188 1.653196 -0.157995
v -0.365397 1.661713 -0.163153
v -0.351632 1.653196 -0.191772
v -0.394011 1.654813 -0.186051
v -0.404188 1.653196 -0.157995
v -0.161246 1.653196 -0.191772
v -0.404188 1.517250 -0.191772
v 0.404188 1.653196 0.418832
v 0.370468 1.661713 0.426439
v 0.396230 1.654813 0.451052
v 0.360986 1.653196 0.458069
v 0.164362 1.653196 0.457711
v 0.404188 1.653196 -0.157995
v 0.404188 1.517250 0.458069
v 0.351632 1.653196 -0.191772
v 0.365397 1.661713 -0.163153
v 0.394010 1.654813 -0.186051
v 0.319638 1.661713 -0.171210
v 0.341193 1.653196 -0.191772
v 0.404188 1.517250 -0.191772
v -0.370468 1.488171 0.426439
v -0.404188 1.496688 0.418832
v -0.360987 1.496688 0.458069
v -0.396230 1.495071 0.451052
v -0.404188 1.517250 0.458069
v -0.396230 1.495071 0.451052
v -0.360987 1.496688 0.458069
v -0.161246 1.496688 -0.191772
v -0.365397 1.488171 -0.163153
v -0.394011 1.495071 -0.186051
v -0.351632 1.496688 -0.191772
v 0.394010 1.495071 -0.186051
v 0.404188 1.496688 -0.157996
v 0.404188 1.496688 0.418832
v 0.365397 1.488171 -0.163153
v 0.394010 1.495071 -0.186051
v 0.351632 1.496688 -0.191772
v 0.319638 1.488171 -0.171210
v 0.252989 1.488171 -0.125055
v 0.360987 1.496688 0.458069
v 0.370468 1.488171 0.426439
v 0.396230 1.495071 0.451052
v -0.348886 1.240275 0.464714
v -0.404188 1.240275 -0.144758
v -0.393359 1.238658 0.459240
v -0.404188 1.383679 0.431982
v -0.163729 1.383679 0.464044
v -0.348886 1.383679 0.464714
v -0.404188 1.383679 -0.144757
v -0.404188 1.260837 -0.185127
v -0.371160 1.392196 -0.152910
v -0.396537 1.385296 -0.177841
v 0.362281 1.383679 -0.185127
v -0.362281 1.383679 -0.185127
v 0.362281 1.383679 -0.185127
v -0.371160 1.231758 -0.152910
v -0.362281 1.240275 -0.185127
v -0.396537 1.238658 -0.177842
v 0.404188 1.260837 -0.185127
v 0.371160 1.392196 -0.152910
v 0.396537 1.385296 -0.177841
v 0.404188 1.383679 -0.144757
v 0.404188 1.383679 -0.144757
v 0.404188 1.383679 0.431982
v 0.404188 1.240275 -0.144758
v 0.371160 1.231758 -0.152910
v 0.396537 1.238658 -0.177842
v 0.348886 1.383679 0.464714
v 0.393359 1.385296 0.459240
v 0.404188 1.383679 0.431982
v 0.163729 1.383679 0.464044
v 0.404188 1.260837 0.464714
v 0.348886 1.240275 0.464714
v 0.111858 1.240274 0.403334
v 0.141773 1.260837 0.466331
v -0.163729 1.240275 0.464044
v -0.111858 1.240274 0.403334
v -0.141773 1.260837 0.466331
v 0.111858 1.383679 0.403334
v 0.133742 1.383679 0.445769
v 0.111858 1.383679 0.403334
v -0.111858 1.383679 0.403334
v -0.111858 1.383679 0.403334
v 0.099894 1.653196 -0.191772
v -0.099894 1.653196 -0.191772
v 0.268375 1.653196 -0.191772
v 0.161246 1.653196 -0.191772
v 0.106980 1.653196 0.355717
v 0.136818 1.653196 0.438371
v 0.142942 1.517250 0.458933
v -0.106980 1.653196 0.355717
v -0.145942 1.649423 0.454661
v -0.142942 1.517250 0.458933
v -0.142942 1.632634 0.458933
v -0.136818 1.653196 0.438371
v -0.142942 1.517250 0.458933
v -0.164362 1.496688 0.457711
v -0.106980 1.496688 0.355717
v -0.145942 1.500461 0.454661
v -0.164362 1.496688 0.457711
v -0.099894 1.496688 -0.191772
v 0.099894 1.496688 -0.191772
v 0.268375 1.496688 -0.191772
v -0.270592 1.496688 0.306597
v -0.261479 1.495071 0.326744
v -0.241850 1.496688 0.336019
v -0.261479 1.495071 0.326744
v -0.241850 1.653196 0.336019
v -0.261479 1.654813 0.326744
v -0.270592 1.653196 0.306598
v -0.261479 1.654813 0.326744
v -0.120560 1.653196 0.336377
v -0.270592 1.653196 -0.073820
v -0.253558 1.632634 -0.087459
v -0.261750 1.654813 -0.094922
v -0.253558 1.517250 -0.087459
v -0.242993 1.653196 -0.104493
v -0.261750 1.654813 -0.094922
v -0.125033 1.653196 -0.104493
v 0.125033 1.653196 -0.104493
v 0.063681 1.653196 -0.104493
v 0.183844 1.653196 -0.104493
v 0.252989 1.661713 -0.125055
v 0.242993 1.653196 -0.104493
v 0.242993 1.653196 -0.104493
v 0.253558 1.632634 -0.087459
v 0.261750 1.654813 -0.094922
v 0.253558 1.517250 -0.087459
v 0.261750 1.654813 -0.094922
v 0.270592 1.653196 0.306598
v 0.253558 1.632634 0.318985
v 0.261479 1.654813 0.326744
v 0.253558 1.517250 0.318985
v 0.241850 1.653196 0.336019
v 0.261479 1.654813 0.326744
v 0.241850 1.653196 0.336019
v 0.120560 1.653196 0.336377
v -0.104342 1.649423 0.339427
v -0.106980 1.653196 0.355717
v -0.242993 1.496688 -0.104493
v -0.261750 1.495071 -0.094922
v -0.261750 1.495071 -0.094922
v -0.125033 1.496688 -0.104493
v 0.243246 1.383679 0.384389
v 0.122995 1.383679 0.385059
v 0.270592 1.383679 0.353418
v 0.270592 1.383679 -0.026912
v 0.253558 1.363117 0.367355
v 0.261810 1.385296 0.374747
v 0.243246 1.383679 0.384389
v 0.261810 1.385296 0.374747
v 0.253558 1.260836 0.367355
v 0.106404 1.379905 0.387479
v 0.098680 1.260836 0.382772
v 0.242993 1.496688 -0.104493
v 0.261750 1.495071 -0.094922
v 0.242993 1.496688 -0.104493
v 0.270592 1.496688 -0.073820
v 0.270592 1.496688 0.306597
v 0.261750 1.495071 -0.094922
v 0.241850 1.496688 0.336019
v 0.261479 1.495071 0.326744
v 0.261479 1.495071 0.326744
v 0.120560 1.496688 0.336376
v 0.122995 1.240274 0.385059
v 0.243246 1.240275 0.384389
v 0.261810 1.238658 0.374747
v 0.270592 1.240275 -0.026912
v 0.261810 1.238658 0.374747
v 0.106404 1.244048 0.387479
v -0.104342 1.500461 0.339427
v 0.063681 1.496688 -0.104493
v 0.125033 1.496688 -0.104493
v 0.063681 1.496688 -0.104493
v 0.183844 1.496688 -0.104493
v -0.270592 1.240275 0.353418
v -0.270592 1.240275 -0.026912
v -0.261810 1.238658 0.374747
v -0.243246 1.240275 0.384389
v -0.261810 1.238658 0.374747
v -0.270592 1.240275 0.353418
v -0.261810 1.385296 0.374747
v -0.270592 1.383679 -0.026912
v -0.122995 1.383679 0.385059
v -0.243246 1.383679 0.384389
v -0.261810 1.385296 0.374747
v -0.261430 1.385296 -0.046898
v -0.253558 1.260837 -0.039089
v -0.261430 1.385296 -0.046898
v -0.253558 1.260837 -0.039089
v 0.241645 1.383679 -0.056123
v -0.261430 1.238658 -0.046898
v 0.241645 1.240275 -0.056123
v -0.241645 1.240275 -0.056123
v 0.241645 1.240275 -0.056123
v -0.261430 1.238658 -0.046898
v 0.253558 1.363117 -0.039089
v 0.261430 1.385296 -0.046898
v 0.253558 1.363117 -0.039089
v 0.261430 1.385296 -0.046898
v 0.261430 1.238658 -0.046898
v 0.261430 1.238658 -0.046898
v -0.106404 1.244048 0.387479
v -0.098680 1.260836 0.382772
v -0.106404 1.379905 0.387479
v 0.104342 1.649423 0.339427
v 0.120560 1.653196 0.336377
v 0.098258 1.517250 0.335155
v 0.104342 1.500461 0.339427
v -0.063681 1.496688 -0.104493
v 0.288448 1.661713 -0.171210
v 0.311676 1.653196 -0.191772
v 0.332186 1.661713 -0.171210
v 0.341193 1.653196 -0.191772
v 0.288448 1.488171 -0.171210
v 0.311676 1.496688 -0.191772
v 0.332186 1.488171 -0.171210
v 0.280328 1.488171 -0.125055
v 0.341193 1.496688 -0.191772
v 0.256662 1.653196 -0.104493
v 0.236589 1.661713 -0.125055
v 0.256662 1.653196 -0.104493
v 0.280328 1.661713 -0.125055
v 0.256662 1.496688 -0.104493
v 0.139143 0.707855 0.221003
v 0.294710 0.707856 0.221003
v 0.139143 0.707855 0.221003
v -0.294710 0.707856 0.221003
v -0.315272 0.707856 -0.030046
v -0.315272 0.819212 0.221003
v -0.315272 0.728418 -0.050608
v 0.294710 0.988727 0.221003
v 0.315272 0.988727 0.200441
v -0.315272 0.988727 0.200441
v -0.315272 0.988727 -0.030046
v -0.294710 0.988727 0.221003
v -0.294710 0.988727 -0.050608
v -0.189020 0.988390 -0.050608
v 0.315272 0.988727 -0.030046
v 0.294710 0.988727 -0.050608
v 0.114646 0.879543 -0.039277
v -0.114646 0.900105 -0.059839
v -0.114646 0.879543 -0.039277
v -0.114646 0.900105 -0.059839
v -0.094084 0.879543 0.197060
v 0.114646 0.900105 0.197060
v 0.094084 0.879543 0.197060
v 0.114646 0.900105 0.197060
v 0.094084 1.056282 -0.059839
v 0.094084 1.056282 -0.059839
v -0.094084 1.056281 -0.059839
v 0.114646 1.056282 -0.039277
v -0.094084 1.056281 -0.059839
v -0.094084 1.056282 0.197060
v 0.094084 1.056281 0.197060
v 0.114646 1.102040 -0.059839
v 0.114646 1.081478 -0.039277
v -0.114646 1.081478 -0.039277
v -0.114646 1.102040 -0.059839
v -0.094084 1.081478 0.197060
v 0.094084 1.081478 0.197060
v 0.114646 1.102040 0.197060
v -0.094084 1.258216 -0.059839
v 0.094084 1.258216 -0.059839
v -0.094084 1.258216 -0.059839
v 0.114646 1.258216 -0.039277
v -0.114646 1.258216 -0.039277
v -0.094084 1.258216 0.197060
v -0.114646 1.258216 0.176498
v 0.094084 1.258216 0.197060
v 0.114646 1.315090 -0.059839
v 0.114646 1.294528 -0.039277
v -0.114646 1.294528 -0.039277
v -0.114646 1.315090 -0.059839
v -0.094084 1.294528 0.197060
v 0.094084 1.294528 0.197060
v 0.114646 1.315090 0.197060
v -0.094084 1.471267 -0.059839
v 0.094084 1.471267 -0.059839
v -0.094084 1.471267 -0.059839
v 0.114646 1.471267 -0.039277
v -0.114646 1.471267 -0.039277
v -0.094084 1.471267 0.197060
v -0.114646 1.471267 0.176498
v 0.094084 1.471267 0.197060
v 0.114646 1.500961 -0.059839
v 0.114646 1.480399 -0.039277
v -0.114646 1.480399 -0.039277
v -0.114646 1.500961 -0.059839
v -0.094084 1.480399 0.197060
v 0.094084 1.480399 0.197060
v 0.114646 1.500961 0.197060
v -0.094084 1.657137 -0.059839
v 0.094084 1.657137 -0.059839
v -0.094084 1.657137 -0.059839
v 0.114646 1.657137 -0.039277
v -0.114646 1.657137 -0.039277
v -0.094084 1.657137 0.197060
v -0.114646 1.657137 0.176498
v 0.094084 1.657137 0.197060
v 0.129671 0.878544 -0.050608
v 0.167639 0.989543 -0.030046
v -0.129671 0.878544 -0.050608
v -0.167639 0.989543 0.200441
v -0.167640 0.989543 -0.030046
v 0.110064 0.699338 -0.030046
v -0.139143 0.707855 0.221003
v 0.080985 0.707855 0.221003
v 0.110064 0.707855 0.221003
v -0.129671 0.878544 0.221003
v 0.129671 0.878544 0.221003
v 0.167639 0.989543 0.200441
v 0.315272 0.848291 0.221003
v -0.315272 0.848291 0.221003
v 0.315272 0.848291 -0.050608
v 0.111855 0.848153 -0.054355
v 0.080985 0.839775 -0.050608
v 0.080985 0.839775 -0.050608
v 0.111855 0.848153 -0.054355
v 0.104360 0.856331 -0.030046
v 0.111855 0.848153 -0.054355
v -0.080985 0.839775 -0.050608
v -0.111855 0.848153 -0.054355
v -0.104360 0.856331 -0.030046
v -0.111855 0.848153 -0.054355
v -0.111855 0.848153 0.224750
v -0.080985 0.839775 0.221003
v -0.111855 0.848153 0.224750
v -0.111855 0.848153 0.224750
v 0.111855 0.848153 0.224750
v 0.111855 0.848153 0.224750
v 0.341193 1.653196 -0.191772
v 0.256662 1.653196 -0.104493
v 0.232996 1.632634 -0.095976
v 0.242993 1.653196 -0.104493
v 0.242993 1.653196 -0.104493
v 0.256662 1.653196 -0.104493
v 0.242993 1.496688 -0.104493
v 0.232996 1.517250 -0.095976
v 0.256662 1.496688 -0.104493
v 0.242993 1.496688 -0.104493
v -0.302423 0.737452 0.193986
v -0.302423 0.173728 0.193986
v -0.196285 0.737452 0.193986
v -0.324773 0.759801 0.177625
v -0.329795 0.737452 0.182648
v -0.329795 0.173728 0.182648
v -0.196285 0.173728 0.193986
v -0.168913 0.737452 0.182648
v -0.173936 0.759801 0.177625
v -0.302423 0.141701 0.204325
v -0.196285 0.141701 0.204325
v -0.196285 0.050694 0.295316
v -0.302423 0.050694 0.295316
v -0.196285 0.776162 0.017987
v -0.302423 0.776162 0.017987
v -0.196285 0.776162 0.155276
v -0.168913 0.764824 0.155276
v -0.168913 0.764824 0.017987
v -0.173936 0.759801 -0.004362
v -0.329795 0.764824 0.155276
v -0.302423 0.776162 0.155276
v -0.324773 0.759801 -0.004362
v -0.329795 0.764824 0.017987
v -0.196285 0.764824 0.182648
v -0.173936 0.759801 0.177625
v -0.324773 0.759801 0.177625
v -0.302423 0.764824 0.182648
v -0.196285 0.737452 -0.020723
v -0.196285 0.173728 -0.020723
v -0.302423 0.737452 -0.020723
v -0.173936 0.759801 -0.004362
v -0.168913 0.737452 -0.009385
v -0.168913 0.135017 -0.009385
v -0.196285 0.135017 -0.020723
v -0.302423 0.173728 -0.020723
v -0.329795 0.737452 -0.009385
v -0.324773 0.759801 -0.004362
v -0.302423 0.135017 -0.020723
v -0.329795 0.135017 -0.009385
v -0.157575 0.737452 0.155276
v -0.173936 0.759801 0.177625
v -0.168913 0.737452 0.182648
v -0.157575 0.173728 0.155276
v -0.157575 0.737452 0.017987
v -0.168913 0.173728 0.182648
v -0.168913 0.764824 0.155276
v -0.157575 0.173728 0.017987
v -0.168913 0.737452 -0.009385
v -0.173936 0.759801 -0.004362
v -0.157575 0.135017 0.017987
v -0.168913 0.135017 -0.009385
v -0.157575 0.135017 0.155276
v -0.341133 0.096307 0.155276
v -0.341133 0.050694 0.017987
v -0.341133 0.050694 0.155276
v -0.341133 0.096307 0.017987
v -0.324773 0.028344 -0.004362
v -0.329795 0.023321 0.017987
v -0.329795 0.096307 -0.009385
v -0.329795 0.050694 -0.009385
v -0.329795 0.023321 0.155276
v -0.341133 0.090112 0.190523
v -0.196285 0.011984 0.256606
v -0.196285 0.011984 0.232696
v -0.168913 0.023321 0.232696
v -0.302423 0.011984 0.256606
v -0.302423 0.011984 0.232696
v -0.168913 0.023321 0.256606
v -0.173936 0.028344 0.278956
v -0.324773 0.028344 0.278956
v -0.329795 0.023321 0.256606
v -0.329795 0.023321 0.232696
v -0.329795 0.023321 0.193986
v -0.302423 0.011984 0.193986
v -0.196285 0.011984 0.193986
v -0.685197 1.340521 -0.011797
v -0.673214 1.312933 -0.030822
v -0.679072 1.311765 -0.008145
v -0.613238 1.658393 -0.079762
v -0.674053 1.335010 -0.038689
v -0.624378 1.678943 0.065544
v -0.624382 1.663904 -0.052869
v -0.613231 1.680329 0.092960
v -0.604195 1.700577 0.085325
v -0.685193 1.355559 0.106617
v -0.608217 1.688535 -0.055998
v -0.604201 1.679907 -0.077431
v -0.608212 1.703573 0.062416
v -0.673208 1.333603 0.131933
v -0.674046 1.356945 0.134032
v -0.679067 1.326803 0.110269
v -0.196285 0.096307 -0.020723
v -0.168913 0.096307 -0.009385
v -0.196285 0.050694 -0.020723
v -0.302423 0.050694 -0.020723
v -0.302423 0.096307 -0.020723
v -0.302423 0.023321 -0.009385
v -0.324773 0.028344 -0.004362
v -0.329795 0.096307 -0.009385
v -0.173936 0.028344 -0.004362
v -0.196285 0.023321 -0.009385
v -0.196285 0.119128 0.229285
v -0.302423 0.105293 0.260018
v -0.196285 0.105293 0.260018
v -0.302423 0.119128 0.229285
v -0.329795 0.104445 0.234281
v -0.324773 0.079293 0.279676
v -0.302423 0.083177 0.285684
v -0.196285 0.083177 0.285684
v -0.173936 0.079293 0.279676
v -0.168913 0.104445 0.234281
v -0.341133 0.064378 0.256606
v -0.329795 0.054245 0.283272
v -0.324773 0.079293 0.279676
v -0.341133 0.050694 0.232696
v -0.341133 0.050694 0.256606
v -0.341133 0.075141 0.232696
v -0.329795 0.023321 0.232696
v -0.329795 0.023321 0.256606
v -0.324773 0.028344 0.278956
v -0.341133 0.050694 0.193986
v -0.157575 0.064378 0.256606
v -0.157575 0.050694 0.232696
v -0.157575 0.075141 0.232696
v -0.173936 0.079293 0.279676
v -0.168913 0.054245 0.283272
v -0.168913 0.023321 0.256606
v -0.168913 0.023321 0.232696
v -0.157575 0.050694 0.256606
v -0.168913 0.092853 0.258312
v -0.157575 0.050694 0.193986
v -0.157575 0.090112 0.190523
v -0.173936 0.028344 0.278956
v -0.168913 0.050694 0.283978
v -0.647138 1.353394 0.145911
v -0.673208 1.333603 0.131933
v -0.652158 1.325272 0.138054
v -0.481985 1.657466 0.107287
v -0.586323 1.676777 0.104839
v -0.455077 1.651058 0.096671
v -0.455916 1.673134 0.088804
v -0.542800 1.334083 0.148360
v -0.476965 1.682731 0.092650
v -0.581303 1.702042 0.090201
v -0.604195 1.700577 0.085325
v -0.524929 1.306160 0.135413
v -0.515892 1.327674 0.137744
v -0.547820 1.305961 0.140502
v -0.558940 1.223507 -0.035962
v -0.610472 0.949486 -0.001159
v -0.663278 1.242818 -0.038410
v -0.658257 1.270939 -0.030553
v -0.553919 1.251629 -0.028104
v -0.583563 0.945935 0.010720
v -0.532870 1.243297 -0.021984
v -0.532031 1.219955 -0.024083
v -0.592600 0.925686 0.018355
v -0.681149 1.270740 -0.025463
v -0.714810 0.968797 -0.003607
v -0.719829 0.943532 0.011031
v -0.740878 0.953129 0.014876
v -0.615491 0.924221 0.013479
v -0.443933 1.645546 0.069779
v -0.504752 1.307124 -0.007562
v -0.443937 1.630508 -0.048635
v -0.450058 1.674303 0.066127
v -0.455916 1.673134 0.088804
v -0.524935 1.285490 -0.027343
v -0.515899 1.305739 -0.034978
v -0.504748 1.322163 0.110851
v -0.455084 1.629122 -0.076050
v -0.520913 1.297532 0.113980
v -0.520918 1.282494 -0.004434
v -0.455922 1.652464 -0.073951
v -0.524929 1.306160 0.135413
v -0.752862 0.980717 0.033901
v -0.701325 1.269776 0.117512
v -0.701330 1.254737 -0.000901
v -0.740878 0.953129 0.014876
v -0.746736 0.951961 0.037553
v -0.752857 0.995755 0.152315
v -0.685164 1.279368 -0.004030
v -0.690178 1.271162 0.144928
v -0.681143 1.291410 0.137292
v -0.741711 0.997141 0.179730
v -0.741717 0.975205 0.007009
v -0.681149 1.270740 -0.025463
v -0.740872 0.973799 0.177631
v -0.579225 1.709650 0.061643
v -0.604195 1.700577 0.085325
v -0.581303 1.702042 0.090201
v -0.474887 1.690340 0.064091
v -0.579230 1.694612 -0.056771
v -0.455916 1.673134 0.088804
v -0.450058 1.674303 0.066127
v -0.474892 1.675301 -0.054322
v -0.581310 1.680106 -0.082520
v -0.604201 1.679907 -0.077431
v -0.450063 1.659264 -0.052286
v -0.455922 1.652464 -0.073951
v -0.808884 0.534565 -0.043234
v -0.506743 0.834682 -0.081361
v -0.511449 0.479516 -0.036254
v -0.813904 0.509300 -0.028596
v -0.834953 0.518897 -0.024751
v -0.771088 0.885035 -0.076316
v -0.744181 0.878626 -0.086932
v -0.484027 0.855214 -0.067477
v -0.479549 0.831363 -0.069511
v -0.484262 0.475627 -0.024332
v -0.489332 0.454810 -0.016625
v -0.506097 0.863495 -0.073591
v -0.762051 0.906549 -0.073986
v -0.739160 0.906748 -0.079075
v -0.790148 0.759589 0.268958
v -0.778164 0.732002 0.249932
v -0.784022 0.730833 0.272610
v -0.762419 0.920721 0.358170
v -0.762423 0.907013 0.250234
v -0.751272 0.922107 0.385586
v -0.742236 0.942355 0.377950
v -0.790143 0.773297 0.376894
v -0.746258 0.931644 0.247105
v -0.742242 0.923016 0.225672
v -0.746253 0.945352 0.355041
v -0.778158 0.751341 0.402211
v -0.778997 0.774683 0.404310
v -0.815972 0.536095 0.270854
v -0.511389 0.479724 0.278001
v -0.511517 0.494756 0.303685
v -0.815982 0.501692 -0.000038
v -0.813891 0.550601 0.296604
v -0.834940 0.558932 0.290484
v -0.840811 0.517729 -0.002073
v -0.834953 0.518897 -0.024751
v -0.813904 0.509300 -0.028596
v -0.511530 0.453455 -0.021515
v -0.511399 0.445320 0.007110
v -0.484226 0.451447 0.006331
v -0.484216 0.485850 0.277222
v -0.489320 0.494844 0.298609
v -0.489332 0.454810 -0.016625
v -0.737069 0.955657 0.217566
v -0.505650 0.912827 0.222997
v -0.737080 0.921254 -0.053325
v -0.762039 0.946584 0.241249
v -0.739147 0.948049 0.246125
v -0.484015 0.895249 0.247757
v -0.478773 0.896696 0.225044
v -0.505661 0.878423 -0.047895
v -0.739160 0.906748 -0.079075
v -0.762051 0.906549 -0.073986
v -0.478783 0.862293 -0.045847
v -0.484027 0.855214 -0.067477
v -0.472826 0.511079 0.274018
v -0.489320 0.494844 0.298609
v -0.484216 0.485850 0.277222
v -0.468116 0.832982 -0.042125
v -0.468105 0.867385 0.228767
v -0.472837 0.476675 0.003126
v -0.479549 0.831363 -0.069511
v -0.484027 0.855214 -0.067477
v -0.478783 0.862293 -0.045847
v -0.478773 0.896696 0.225044
v -0.484015 0.895249 0.247757
v -0.489332 0.454810 -0.016625
v -0.484262 0.475627 -0.024332
v -0.808871 0.578723 0.304461
v -0.834940 0.558932 0.290484
v -0.813891 0.550601 0.296604
v -0.506730 0.878839 0.266334
v -0.744167 0.922784 0.260763
v -0.511436 0.523674 0.311441
v -0.479536 0.872664 0.255689
v -0.484015 0.895249 0.247757
v -0.506085 0.904796 0.251609
v -0.739147 0.948049 0.246125
v -0.762039 0.946584 0.241249
v -0.489320 0.494844 0.298609
v -0.484250 0.516928 0.300868
v -0.752095 0.747670 0.231449
v -0.757115 0.722405 0.246087
v -0.778164 0.732002 0.249932
v -0.724371 0.895093 0.212725
v -0.652366 0.729212 0.233789
v -0.657386 0.703947 0.248427
v -0.742242 0.923016 0.225672
v -0.719351 0.923215 0.220582
v -0.624642 0.876635 0.215065
v -0.625458 0.725660 0.245668
v -0.634494 0.705412 0.253303
v -0.598572 0.896426 0.229043
v -0.597734 0.873084 0.226944
v -0.619621 0.904757 0.222923
v -0.656177 1.285445 -0.004803
v -0.551834 1.281173 0.116059
v -0.551839 1.266134 -0.002355
v -0.658257 1.270939 -0.030553
v -0.681149 1.270740 -0.025463
v -0.656172 1.300483 0.113610
v -0.553913 1.273565 0.144617
v -0.681143 1.291410 0.137292
v -0.658251 1.292875 0.142169
v -0.532864 1.263967 0.140772
v -0.527006 1.265136 0.118094
v -0.527010 1.250097 -0.000319
v -0.532870 1.243297 -0.021984
v -0.759189 0.728504 0.382581
v -0.759193 0.714796 0.274645
v -0.659460 0.710046 0.384922
v -0.757109 0.743010 0.408331
v -0.778158 0.751341 0.402211
v -0.657380 0.724552 0.410672
v -0.657386 0.703947 0.248427
v -0.659464 0.696339 0.276986
v -0.778164 0.732002 0.249932
v -0.757115 0.722405 0.246087
v -0.630473 0.716123 0.384149
v -0.634489 0.724751 0.405582
v -0.630477 0.702415 0.276213
v -0.634494 0.705412 0.253303
v -0.717266 0.951429 0.354268
v -0.617537 0.932971 0.356609
v -0.717270 0.937721 0.246332
v -0.742236 0.942355 0.377950
v -0.719344 0.943820 0.382827
v -0.619615 0.925363 0.385167
v -0.598567 0.915765 0.381322
v -0.592708 0.916934 0.358644
v -0.617541 0.919263 0.248672
v -0.719351 0.923215 0.220582
v -0.742242 0.923016 0.225672
v -0.746253 0.945352 0.355041
v -0.592713 0.903226 0.250708
v -0.598572 0.896426 0.229043
v -0.614307 0.740754 0.381020
v -0.634489 0.724751 0.405582
v -0.630473 0.716123 0.384149
v -0.586587 0.874470 0.254360
v -0.586583 0.888178 0.362296
v -0.630477 0.702415 0.276213
v -0.614311 0.727046 0.273084
v -0.625458 0.725660 0.245668
v -0.592708 0.916934 0.358644
v -0.597734 0.873084 0.226944
v -0.598572 0.896426 0.229043
v -0.598567 0.915765 0.381322
v -0.634494 0.705412 0.253303
v -0.752088 0.771132 0.416189
v -0.624635 0.900098 0.399805
v -0.724364 0.918555 0.397465
v -0.657380 0.724552 0.410672
v -0.652359 0.752674 0.418529
v -0.778158 0.751341 0.402211
v -0.757109 0.743010 0.408331
v -0.625452 0.746265 0.407913
v -0.597728 0.893689 0.389189
v -0.598567 0.915765 0.381322
v -0.619615 0.925363 0.385167
v -0.719344 0.943820 0.382827
v -0.742236 0.942355 0.377950
v -0.634489 0.724751 0.405582
v -0.846936 0.546485 -0.005725
v -0.771088 0.885035 -0.076316
v -0.835792 0.540974 -0.032618
v -0.782222 0.924950 0.221468
v -0.782232 0.890546 -0.049424
v -0.834953 0.518897 -0.024751
v -0.840811 0.517729 -0.002073
v -0.766067 0.915177 -0.052552
v -0.846926 0.580889 0.265167
v -0.771075 0.926336 0.248884
v -0.762039 0.946584 0.241249
v -0.762051 0.906549 -0.073986
v -0.834940 0.558932 0.290484
v -0.835779 0.582274 0.292582
v -0.481992 1.632674 -0.087929
v -0.455922 1.652464 -0.073951
v -0.455084 1.629122 -0.076050
v -0.581310 1.680106 -0.082520
v -0.476972 1.660796 -0.080072
v -0.542807 1.309290 -0.046857
v -0.586330 1.651984 -0.090378
v -0.515899 1.305739 -0.034978
v -0.524935 1.285490 -0.027343
v -0.604201 1.679907 -0.077431
v -0.647145 1.328601 -0.049305
v -0.652165 1.303336 -0.034667
v -0.673214 1.312933 -0.030822
v -0.613238 1.658393 -0.079762
v -0.547827 1.284025 -0.032219
v -0.520880 1.236379 0.121746
v -0.583557 0.967870 0.183442
v -0.572412 0.962359 0.156549
v -0.520885 1.221341 0.003333
v -0.527010 1.250097 -0.000319
v -0.572417 0.947320 0.038136
v -0.527006 1.265136 0.118094
v -0.532864 1.263967 0.140772
v -0.592600 0.925686 0.018355
v -0.583563 0.945935 0.010720
v -0.532031 1.219955 -0.024083
v -0.532870 1.243297 -0.021984
v -0.588582 0.922690 0.041264
v -0.592593 0.946356 0.181111
v -0.588578 0.937728 0.159678
v -0.721903 0.950962 0.158002
v -0.617565 0.931652 0.160451
v -0.615485 0.946157 0.186200
v -0.721907 0.935924 0.039589
v -0.719823 0.965468 0.183752
v -0.740872 0.973799 0.177631
v -0.740878 0.953129 0.014876
v -0.719829 0.943532 0.011031
v -0.617570 0.916613 0.042037
v -0.588582 0.922690 0.041264
v -0.588578 0.937728 0.159678
v -0.592593 0.946356 0.181111
v -0.592600 0.925686 0.018355
v -0.615491 0.924221 0.013479
v -0.654243 1.295728 -0.006109
v -0.549901 1.291456 0.114753
v -0.654239 1.310766 0.112304
v -0.673214 1.312933 -0.030822
v -0.652165 1.303336 -0.034667
v -0.549905 1.276417 -0.003661
v -0.520913 1.297532 0.113980
v -0.524929 1.306160 0.135413
v -0.520918 1.282494 -0.004434
v -0.652158 1.325272 0.138054
v -0.673208 1.333603 0.131933
v -0.679072 1.311765 -0.008145
v -0.547820 1.305961 0.140502
v -0.524935 1.285490 -0.027343
v -0.714802 0.993590 0.191609
v -0.558932 1.248299 0.159255
v -0.663270 1.267610 0.156807
v -0.740872 0.973799 0.177631
v -0.719823 0.965468 0.183752
v -0.610464 0.974279 0.194058
v -0.583557 0.967870 0.183442
v -0.532025 1.241891 0.148639
v -0.532864 1.263967 0.140772
v -0.553913 1.273565 0.144617
v -0.658251 1.292875 0.142169
v -0.681143 1.291410 0.137292
v -0.741711 0.997141 0.179730
v -0.592593 0.946356 0.181111
v -0.196285 0.011984 0.155276
v -0.302423 0.011984 0.155276
v -0.302423 0.011984 0.017987
v -0.196285 0.011984 0.017987
v -0.168913 0.023321 0.017987
v -0.329795 0.023321 0.155276
v -0.324773 0.028344 -0.004362
v -0.302423 0.023321 -0.009385
v -0.329795 0.023321 0.017987
v -0.196285 0.023321 -0.009385
v -0.173936 0.028344 -0.004362
v -0.157575 0.096307 0.017987
v -0.157575 0.096307 0.155276
v -0.157575 0.050694 0.155276
v -0.157575 0.050694 0.017987
v -0.163924 0.131922 0.193694
v -0.168913 0.023321 0.017987
v -0.168913 0.023321 0.193986
v -0.168913 0.023321 0.155276
v -0.173936 0.028344 -0.004362
v -0.168913 0.096307 -0.009385
v -0.324773 0.759801 0.177625
v -0.329795 0.764824 0.155276
v -0.341133 0.737452 0.155276
v -0.329795 0.764824 0.017987
v -0.341133 0.737452 0.017987
v -0.341133 0.173728 0.017987
v -0.341133 0.173728 0.155276
v -0.329795 0.737452 0.182648
v -0.329795 0.173728 0.182648
v -0.302423 0.764824 0.182648
v -0.324773 0.759801 -0.004362
v -0.329795 0.737452 -0.009385
v -0.329795 0.173728 -0.009385
v -0.302423 0.764824 -0.009385
v -0.302423 0.764824 -0.009385
v -0.196285 0.764824 -0.009385
v -0.329795 0.173728 -0.009385
v -0.168913 0.764824 0.017987
v -0.196285 0.764824 0.182648
v -0.168913 0.173728 0.182648
v -0.168913 0.173728 -0.009385
v -0.196285 0.764824 -0.009385
v -0.168913 0.173728 -0.009385
v -0.341133 0.135017 0.017987
v -0.329795 0.135017 -0.009385
v -0.329795 0.050694 -0.009385
v -0.334784 0.131922 0.193694
v -0.341133 0.135017 0.155276
v -0.329795 0.104445 0.234281
v -0.334784 0.131922 0.193694
v -0.329795 0.092853 0.258312
v -0.334784 0.131922 0.193694
v -0.168913 0.050694 -0.009385
v -0.168913 0.050694 -0.009385
v -0.168913 0.104445 0.234281
v -0.163924 0.131922 0.193694
v -0.163924 0.131922 0.193694
v -0.168913 0.092853 0.258312
v -0.168913 0.050694 0.283978
v -0.168913 0.054245 0.283272
v -0.196285 0.050694 0.295316
v -0.173936 0.028344 0.278956
v -0.302423 0.050694 0.295316
v -0.302423 0.023321 0.283978
v -0.196285 0.023321 0.283978
v -0.196285 0.023321 0.283978
v -0.302423 0.023321 0.283978
v -0.329795 0.050694 0.283978
v -0.329795 0.050694 0.283978
v -0.329795 0.054245 0.283272
v -0.324773 0.028344 0.278956
v -0.173936 0.079293 0.279676
v -0.196285 0.083177 0.285684
v -0.196285 0.050694 0.295316
v -0.302423 0.050694 0.295316
v -0.302423 0.083177 0.285684
v -0.329795 0.092853 0.258312
v -0.324773 0.079293 0.279676
v -0.168913 0.023321 0.193986
v -0.168913 0.023321 0.155276
v -0.329795 0.023321 0.193986
v -0.613231 1.680329 0.092960
v -0.674046 1.356945 0.134032
v -0.608212 1.703573 0.062416
v -0.476965 1.682731 0.092650
v -0.608217 1.688535 -0.055998
v -0.476972 1.660796 -0.080072
v -0.674053 1.335010 -0.038689
v -0.455077 1.651058 0.096671
v -0.515892 1.327674 0.137744
v -0.450063 1.659264 -0.052286
v -0.690185 1.249226 -0.027794
v -0.746731 0.966999 0.155967
v -0.741717 0.975205 0.007009
v -0.690185 1.249226 -0.027794
v -0.746736 0.951961 0.037553
v -0.746731 0.966999 0.155967
v -0.690178 1.271162 0.144928
v -0.615485 0.946157 0.186200
v -0.532025 1.241891 0.148639
v -0.766056 0.949580 0.218339
v -0.766067 0.915177 -0.052552
v -0.766056 0.949580 0.218339
v -0.506097 0.863495 -0.073591
v -0.835792 0.540974 -0.032618
v -0.771075 0.926336 0.248884
v -0.835779 0.582274 0.292582
v -0.506085 0.904796 0.251609
v -0.479536 0.872664 0.255689
v -0.484250 0.516928 0.300868
v -0.840800 0.552132 0.268819
v -0.511530 0.453455 -0.021515
v -0.840800 0.552132 0.268819
v -0.511517 0.494756 0.303685
v -0.484226 0.451447 0.006331
v -0.751279 0.901502 0.223341
v -0.779003 0.754078 0.242065
v -0.746258 0.931644 0.247105
v -0.619621 0.904757 0.222923
v -0.751279 0.901502 0.223341
v -0.751272 0.922107 0.385586
v -0.778997 0.774683 0.404310
v -0.592713 0.903226 0.250708
v -0.597728 0.893689 0.389189
v -0.625452 0.746265 0.407913
v -0.784018 0.744541 0.380546
v -0.779003 0.754078 0.242065
v -0.784022 0.730833 0.272610
v -0.784018 0.744541 0.380546
v -0.685159 1.294407 0.114383
v -0.685164 1.279368 -0.004030
v -0.685159 1.294407 0.114383
v -0.553919 1.251629 -0.028104
v -0.679067 1.326803 0.110269
v -0.547827 1.284025 -0.032219
v 0.302423 0.173728 0.193986
v 0.302423 0.737452 0.193986
v 0.196285 0.737452 0.193986
v 0.329795 0.737452 0.182648
v 0.324773 0.759801 0.177625
v 0.196285 0.764824 0.182648
v 0.173936 0.759801 0.177625
v 0.168913 0.737452 0.182648
v 0.196285 0.173728 0.193986
v 0.302423 0.141701 0.204325
v 0.168913 0.173728 0.182648
v 0.196285 0.050694 0.295316
v 0.302423 0.050694 0.295316
v 0.196285 0.776162 0.017987
v 0.302423 0.776162 0.017987
v 0.196285 0.764824 -0.009385
v 0.168913 0.764824 0.155276
v 0.196285 0.776162 0.155276
v 0.173936 0.759801 -0.004362
v 0.168913 0.764824 0.017987
v 0.173936 0.759801 0.177625
v 0.196285 0.764824 0.182648
v 0.329795 0.764824 0.017987
v 0.324773 0.759801 -0.004362
v 0.329795 0.764824 0.155276
v 0.302423 0.776162 0.155276
v 0.302423 0.764824 0.182648
v 0.324773 0.759801 0.177625
v 0.196285 0.173728 -0.020723
v 0.196285 0.135018 -0.020723
v 0.168913 0.135017 -0.009385
v 0.196285 0.737452 -0.020723
v 0.302423 0.737452 -0.020723
v 0.302423 0.764824 -0.009385
v 0.168913 0.737452 -0.009385
v 0.173936 0.759801 -0.004362
v 0.324773 0.759801 -0.004362
v 0.329795 0.737452 -0.009385
v 0.302423 0.173728 -0.020723
v 0.329795 0.135017 -0.009385
v 0.302423 0.135018 -0.020723
v 0.329795 0.173728 -0.009385
v 0.157575 0.173728 0.155276
v 0.157575 0.737452 0.155276
v 0.157575 0.737452 0.017987
v 0.168913 0.737452 0.182648
v 0.173936 0.759801 0.177625
v 0.157575 0.173728 0.017987
v 0.173936 0.759801 -0.004362
v 0.168913 0.737452 -0.009385
v 0.168913 0.764824 0.155276
v 0.168913 0.764824 0.017987
v 0.168913 0.173728 -0.009385
v 0.168913 0.135017 -0.009385
v 0.157575 0.135017 0.017987
v 0.157575 0.135017 0.155276
v 0.341133 0.050694 0.155276
v 0.329795 0.023321 0.017987
v 0.341133 0.050694 0.017987
v 0.341133 0.090112 0.190523
v 0.341133 0.050694 0.193986
v 0.341133 0.096307 0.155276
v 0.324773 0.028344 -0.004363
v 0.334784 0.131922 0.193694
v 0.341133 0.096307 0.017987
v 0.341133 0.135017 0.155276
v 0.196285 0.011983 0.256606
v 0.173936 0.028344 0.278955
v 0.168913 0.023321 0.256606
v 0.302423 0.011983 0.232696
v 0.302423 0.011983 0.256606
v 0.168913 0.023321 0.232696
v 0.196285 0.011983 0.232696
v 0.302423 0.011983 0.193986
v 0.329795 0.023321 0.193986
v 0.329795 0.023321 0.256606
v 0.324773 0.028344 0.278955
v 0.196285 0.023321 0.283978
v 0.329795 0.023321 0.232696
v 0.682916 1.345958 0.025082
v 0.676723 1.317776 0.031804
v 0.670880 1.316509 0.009128
v 0.622853 1.663172 -0.050613
v 0.622822 1.690872 0.065493
v 0.682885 1.373658 0.141188
v 0.602720 1.676482 -0.076770
v 0.606744 1.687359 -0.056387
v 0.606714 1.715058 0.059719
v 0.611709 1.654822 -0.076764
v 0.602678 1.714554 0.082814
v 0.611664 1.695226 0.092592
v 0.671728 1.378012 0.168287
v 0.670838 1.354582 0.168712
v 0.302423 0.050694 -0.020723
v 0.324773 0.028344 -0.004363
v 0.302423 0.023322 -0.009385
v 0.196285 0.096307 -0.020723
v 0.302423 0.096307 -0.020723
v 0.329795 0.096307 -0.009385
v 0.329795 0.050694 -0.009385
v 0.196285 0.050694 -0.020723
v 0.196285 0.023322 -0.009385
v 0.173936 0.028344 -0.004363
v 0.168913 0.096307 -0.009385
v 0.196285 0.105293 0.260017
v 0.173936 0.079293 0.279676
v 0.196285 0.083177 0.285684
v 0.302423 0.083177 0.285684
v 0.302423 0.105293 0.260017
v 0.196285 0.119128 0.229285
v 0.168913 0.104445 0.234281
v 0.168913 0.092853 0.258312
v 0.324773 0.079293 0.279676
v 0.302423 0.119128 0.229285
v 0.196285 0.141701 0.204325
v 0.329795 0.104445 0.234281
v 0.341133 0.064378 0.256606
v 0.324773 0.079293 0.279676
v 0.329795 0.054245 0.283271
v 0.341133 0.050694 0.232696
v 0.341133 0.075141 0.232696
v 0.341133 0.050694 0.256606
v 0.329795 0.023321 0.232696
v 0.329795 0.023321 0.256606
v 0.329795 0.050694 0.283978
v 0.324773 0.028344 0.278955
v 0.157575 0.064378 0.256606
v 0.157575 0.050694 0.232696
v 0.157575 0.050694 0.256606
v 0.157575 0.075141 0.232696
v 0.168913 0.054245 0.283271
v 0.173936 0.079293 0.279676
v 0.168913 0.092853 0.258312
v 0.168913 0.104445 0.234281
v 0.157575 0.090112 0.190523
v 0.157575 0.050694 0.193986
v 0.168913 0.023321 0.256606
v 0.173936 0.028344 0.278955
v 0.644805 1.375819 0.180459
v 0.540423 1.357113 0.184894
v 0.649766 1.347003 0.175679
v 0.670838 1.354582 0.168712
v 0.480359 1.674327 0.109199
v 0.584742 1.693033 0.104764
v 0.611664 1.695226 0.092592
v 0.475404 1.697880 0.091922
v 0.602678 1.714554 0.082814
v 0.579787 1.716586 0.087487
v 0.454336 1.687970 0.089117
v 0.453443 1.666872 0.099314
v 0.513506 1.349657 0.175009
v 0.522495 1.327998 0.175015
v 0.660789 1.246006 0.009126
v 0.606646 0.961969 0.076875
v 0.556406 1.227299 0.013561
v 0.655828 1.274821 0.013906
v 0.678716 1.275121 0.019004
v 0.711028 0.980676 0.072440
v 0.737945 0.988131 0.082325
v 0.611601 0.938416 0.094152
v 0.737052 0.967032 0.092522
v 0.715983 0.957122 0.089717
v 0.588710 0.940448 0.098825
v 0.579723 0.959776 0.089047
v 0.529484 1.225106 0.025733
v 0.530374 1.248537 0.025307
v 0.442300 1.658521 0.073163
v 0.454336 1.687970 0.089117
v 0.448492 1.686704 0.066441
v 0.502394 1.313607 0.032752
v 0.502363 1.341307 0.148858
v 0.513551 1.309254 0.005653
v 0.522537 1.289925 0.015431
v 0.453488 1.626468 -0.070041
v 0.442330 1.630821 -0.042943
v 0.518471 1.317121 0.154633
v 0.522495 1.327998 0.175015
v 0.453443 1.666872 0.099314
v 0.454378 1.649898 -0.070467
v 0.448523 1.659004 -0.049665
v 0.749088 0.996481 0.108476
v 0.749057 1.024181 0.224582
v 0.742896 0.968298 0.115198
v 0.698818 1.289511 0.161268
v 0.737052 0.967032 0.092522
v 0.698849 1.261811 0.045162
v 0.678716 1.275121 0.019004
v 0.682741 1.285997 0.039387
v 0.737945 0.988131 0.082325
v 0.687705 1.253461 0.019010
v 0.737900 1.028535 0.251680
v 0.682710 1.313697 0.155493
v 0.678674 1.313193 0.178589
v 0.687661 1.293865 0.188366
v 0.737010 1.005104 0.252106
v 0.577740 1.721080 0.058274
v 0.577771 1.693380 -0.057832
v 0.473358 1.702374 0.062709
v 0.579787 1.716586 0.087487
v 0.602678 1.714554 0.082814
v 0.602720 1.676482 -0.076770
v 0.579832 1.676182 -0.081869
v 0.606744 1.687359 -0.056387
v 0.473389 1.674674 -0.053397
v 0.448492 1.686704 0.066441
v 0.454336 1.687970 0.089117
v 0.454378 1.649898 -0.070467
v 0.448523 1.659004 -0.049665
v 0.475449 1.657476 -0.077433
v 0.804142 0.544496 0.079864
v 0.502699 0.839425 0.009422
v 0.740238 0.881994 -0.000671
v 0.830165 0.530852 0.099946
v 0.809097 0.520943 0.097141
v 0.767154 0.889449 0.009214
v 0.831058 0.551952 0.089749
v 0.506580 0.491171 0.092507
v 0.475491 0.837461 0.021539
v 0.480022 0.861382 0.020998
v 0.735277 0.910809 0.004109
v 0.758165 0.911109 0.009208
v 0.502114 0.868909 0.014044
v 0.506594 0.466848 0.109966
v 0.484397 0.468770 0.114666
v 0.479377 0.488647 0.104758
v 0.785755 0.801864 0.366001
v 0.758373 0.946476 0.331493
v 0.758345 0.971725 0.437326
v 0.785727 0.827113 0.471834
v 0.779562 0.773682 0.372723
v 0.773718 0.772415 0.350047
v 0.738240 0.959785 0.305336
v 0.742265 0.970662 0.325718
v 0.742237 0.995911 0.431551
v 0.747230 0.938125 0.305342
v 0.738201 0.995407 0.454647
v 0.747188 0.976079 0.464424
v 0.774569 0.831467 0.498932
v 0.773679 0.808037 0.499358
v 0.811073 0.579818 0.391967
v 0.836009 0.532119 0.122622
v 0.835939 0.595487 0.388235
v 0.506360 0.525211 0.404914
v 0.811143 0.516449 0.126354
v 0.830083 0.604594 0.409038
v 0.809012 0.597015 0.416004
v 0.506509 0.542920 0.428829
v 0.484315 0.542511 0.423757
v 0.479201 0.531277 0.403459
v 0.506430 0.461842 0.139301
v 0.506594 0.466848 0.109966
v 0.809097 0.520943 0.097141
v 0.830165 0.530852 0.099946
v 0.479272 0.467909 0.137846
v 0.484397 0.468770 0.114666
v 0.733146 0.991376 0.293759
v 0.733216 0.928007 0.028146
v 0.501628 0.949886 0.303596
v 0.735192 0.986882 0.322972
v 0.758083 0.984850 0.318299
v 0.762189 0.921985 0.029591
v 0.758165 0.911109 0.009208
v 0.735277 0.910809 0.004109
v 0.501698 0.886518 0.037983
v 0.474713 0.934129 0.307348
v 0.479941 0.935123 0.330089
v 0.502114 0.868909 0.014044
v 0.480022 0.861382 0.020998
v 0.474783 0.870760 0.041735
v 0.467870 0.556039 0.397549
v 0.464048 0.842044 0.048583
v 0.467941 0.492671 0.131936
v 0.463977 0.905412 0.314196
v 0.479201 0.531277 0.403459
v 0.484315 0.542511 0.423757
v 0.474783 0.870760 0.041735
v 0.475406 0.913534 0.340402
v 0.479941 0.935123 0.330089
v 0.474713 0.934129 0.307348
v 0.480022 0.861382 0.020998
v 0.475491 0.837461 0.021539
v 0.479377 0.488647 0.104758
v 0.484397 0.468770 0.114666
v 0.804051 0.625831 0.420784
v 0.506489 0.572505 0.433427
v 0.809012 0.597015 0.416004
v 0.740147 0.963329 0.340249
v 0.502609 0.920760 0.350342
v 0.767070 0.965522 0.328077
v 0.830083 0.604594 0.409038
v 0.502029 0.944981 0.332907
v 0.758083 0.984850 0.318299
v 0.735192 0.986882 0.322972
v 0.479941 0.935123 0.330089
v 0.475406 0.913534 0.340402
v 0.479293 0.564720 0.423621
v 0.484315 0.542511 0.423757
v 0.747695 0.786059 0.329965
v 0.647923 0.768179 0.334204
v 0.720313 0.930670 0.295457
v 0.773718 0.772415 0.350047
v 0.752650 0.762506 0.347241
v 0.652878 0.744626 0.351481
v 0.629988 0.746658 0.356154
v 0.621001 0.765986 0.346376
v 0.715352 0.959486 0.300237
v 0.738240 0.959785 0.305336
v 0.620541 0.912790 0.299696
v 0.774611 0.793514 0.339849
v 0.593619 0.910597 0.311868
v 0.594509 0.934027 0.311443
v 0.653767 1.292019 0.037943
v 0.549354 1.301013 0.158484
v 0.653737 1.319719 0.154049
v 0.682741 1.285997 0.039387
v 0.678716 1.275121 0.019004
v 0.655828 1.274821 0.013906
v 0.524488 1.285343 0.162216
v 0.530332 1.286609 0.184892
v 0.549385 1.273313 0.042378
v 0.655783 1.315225 0.183262
v 0.678674 1.313193 0.178589
v 0.551401 1.296519 0.187697
v 0.551445 1.256115 0.018341
v 0.530374 1.248537 0.025307
v 0.524519 1.257643 0.046110
v 0.754668 0.783261 0.482287
v 0.654897 0.765381 0.486527
v 0.754697 0.758012 0.376454
v 0.652836 0.782579 0.510563
v 0.773679 0.808037 0.499358
v 0.752608 0.800459 0.506324
v 0.629948 0.782279 0.505465
v 0.625924 0.771403 0.485082
v 0.779534 0.798931 0.478556
v 0.654925 0.740132 0.380694
v 0.752650 0.762506 0.347241
v 0.773718 0.772415 0.350047
v 0.652878 0.744626 0.351481
v 0.625952 0.746154 0.379249
v 0.629988 0.746658 0.356154
v 0.713264 1.001933 0.430107
v 0.615539 0.979559 0.463559
v 0.715310 0.997439 0.459320
v 0.713292 0.976684 0.324274
v 0.613492 0.984053 0.434346
v 0.738201 0.995407 0.454647
v 0.738240 0.959785 0.305336
v 0.715352 0.959486 0.300237
v 0.613520 0.958804 0.328513
v 0.742237 0.995911 0.431551
v 0.742265 0.970662 0.325718
v 0.588626 0.968383 0.438078
v 0.594470 0.969649 0.460754
v 0.594509 0.934027 0.311443
v 0.588654 0.943134 0.332245
v 0.615580 0.941606 0.304476
v 0.609815 0.795589 0.479308
v 0.582434 0.940200 0.444800
v 0.582462 0.914951 0.338967
v 0.625924 0.771403 0.485082
v 0.629948 0.782279 0.505465
v 0.609844 0.770340 0.373475
v 0.625952 0.746154 0.379249
v 0.593577 0.948550 0.470951
v 0.594470 0.969649 0.460754
v 0.588626 0.968383 0.438078
v 0.588654 0.943134 0.332245
v 0.594509 0.934027 0.311443
v 0.593619 0.910597 0.311868
v 0.621001 0.765986 0.346376
v 0.629988 0.746658 0.356154
v 0.747647 0.829274 0.511104
v 0.620494 0.956006 0.480836
v 0.647875 0.811394 0.515344
v 0.720265 0.973885 0.476597
v 0.652836 0.782579 0.510563
v 0.752608 0.800459 0.506324
v 0.773679 0.808037 0.499358
v 0.747188 0.976079 0.464424
v 0.615539 0.979559 0.463559
v 0.738201 0.995407 0.454647
v 0.715310 0.997439 0.459320
v 0.594470 0.969649 0.460754
v 0.593577 0.948550 0.470951
v 0.620959 0.803939 0.505459
v 0.629948 0.782279 0.505465
v 0.842201 0.560302 0.115900
v 0.842131 0.623670 0.381513
v 0.836009 0.532119 0.122622
v 0.830165 0.530852 0.099946
v 0.778297 0.897799 0.035365
v 0.778227 0.961168 0.300978
v 0.767154 0.889449 0.009214
v 0.758165 0.911109 0.009208
v 0.762189 0.921985 0.029591
v 0.762119 0.985354 0.295204
v 0.758083 0.984850 0.318299
v 0.767070 0.965522 0.328077
v 0.830974 0.628024 0.408612
v 0.830083 0.604594 0.409038
v 0.584793 1.647367 -0.086649
v 0.480410 1.628661 -0.082214
v 0.579832 1.676182 -0.081869
v 0.540473 1.311447 -0.006519
v 0.602720 1.676482 -0.076770
v 0.644856 1.330153 -0.010954
v 0.670880 1.316509 0.009128
v 0.649811 1.306600 0.006323
v 0.611709 1.654822 -0.076764
v 0.671772 1.337608 -0.001069
v 0.545428 1.287893 0.010758
v 0.453488 1.626468 -0.070041
v 0.522537 1.289925 0.015431
v 0.513551 1.309254 0.005653
v 0.454378 1.649898 -0.070467
v 0.518296 1.257160 0.168938
v 0.579679 1.000180 0.258403
v 0.529439 1.265510 0.195089
v 0.524519 1.257643 0.046110
v 0.518327 1.229460 0.052832
v 0.530332 1.286609 0.184892
v 0.524488 1.285343 0.162216
v 0.568566 0.964130 0.116146
v 0.568535 0.991830 0.232252
v 0.579723 0.959776 0.089047
v 0.588710 0.940448 0.098825
v 0.584674 0.939944 0.121920
v 0.584644 0.967644 0.238026
v 0.588668 0.978520 0.258409
v 0.530374 1.248537 0.025307
v 0.529484 1.225106 0.025733
v 0.717999 0.980328 0.235035
v 0.611556 0.978820 0.263508
v 0.613617 0.961622 0.239471
v 0.737010 1.005104 0.252106
v 0.715939 0.997526 0.259072
v 0.718030 0.952628 0.118930
v 0.588668 0.978520 0.258409
v 0.584644 0.967644 0.238026
v 0.613647 0.933922 0.123365
v 0.715983 0.957122 0.089717
v 0.737052 0.967032 0.092522
v 0.742865 0.995998 0.231304
v 0.584674 0.939944 0.121920
v 0.588710 0.940448 0.098825
v 0.651858 1.302106 0.035536
v 0.547444 1.311099 0.156077
v 0.547475 1.283400 0.039971
v 0.649811 1.306600 0.006323
v 0.670880 1.316509 0.009128
v 0.651827 1.329806 0.151642
v 0.518502 1.289421 0.038527
v 0.522495 1.327998 0.175015
v 0.518471 1.317121 0.154633
v 0.522537 1.289925 0.015431
v 0.545383 1.328297 0.180114
v 0.670838 1.354582 0.168712
v 0.649766 1.347003 0.175679
v 0.676723 1.317776 0.031804
v 0.676693 1.345475 0.147910
v 0.710977 1.026342 0.263853
v 0.606595 1.007635 0.268288
v 0.715939 0.997526 0.259072
v 0.737010 1.005104 0.252106
v 0.660738 1.291672 0.200538
v 0.556356 1.272966 0.204974
v 0.678674 1.313193 0.178589
v 0.655783 1.315225 0.183262
v 0.551401 1.296519 0.187697
v 0.737900 1.028535 0.251680
v 0.687661 1.293865 0.188366
v 0.530332 1.286609 0.184892
v 0.529439 1.265510 0.195089
v 0.579679 1.000180 0.258403
v 0.588668 0.978520 0.258409
v 0.196285 0.011983 0.155276
v 0.168913 0.023321 0.017987
v 0.196285 0.011984 0.017987
v 0.168913 0.023321 0.193986
v 0.168913 0.023321 0.155276
v 0.302423 0.011984 0.017987
v 0.302423 0.011983 0.155276
v 0.302423 0.023322 -0.009385
v 0.324773 0.028344 -0.004363
v 0.196285 0.023322 -0.009385
v 0.196285 0.011983 0.193986
v 0.329795 0.023321 0.155276
v 0.173936 0.028344 -0.004363
v 0.157575 0.050694 0.017987
v 0.157575 0.050694 0.155276
v 0.157575 0.096307 0.017987
v 0.173936 0.028344 -0.004363
v 0.168913 0.023321 0.017987
v 0.168913 0.096307 -0.009385
v 0.168913 0.050694 -0.009385
v 0.168913 0.023321 0.155276
v 0.168913 0.023321 0.193986
v 0.157575 0.096307 0.155276
v 0.324773 0.759801 0.177625
v 0.341133 0.737452 0.155276
v 0.329795 0.764824 0.155276
v 0.341133 0.173728 0.155276
v 0.341133 0.173728 0.017987
v 0.329795 0.737452 0.182648
v 0.341133 0.737452 0.017987
v 0.329795 0.764824 0.017987
v 0.302423 0.764824 0.182648
v 0.329795 0.173728 0.182648
v 0.324773 0.759801 -0.004362
v 0.329795 0.737452 -0.009385
v 0.329795 0.173728 -0.009385
v 0.302423 0.764824 -0.009385
v 0.196285 0.764824 -0.009385
v 0.168913 0.173728 0.182648
v 0.168913 0.173728 -0.009385
v 0.341133 0.135017 0.017987
v 0.329795 0.096307 -0.009385
v 0.329795 0.135017 -0.009385
v 0.329795 0.050694 -0.009385
v 0.329795 0.173728 0.182648
v 0.329795 0.104445 0.234281
v 0.334784 0.131922 0.193694
v 0.329795 0.092853 0.258312
v 0.334784 0.131922 0.193694
v 0.168913 0.050694 -0.009385
v 0.163924 0.131922 0.193694
v 0.163924 0.131922 0.193694
v 0.163924 0.131922 0.193694
v 0.168913 0.050694 0.283978
v 0.168913 0.023321 0.232696
v 0.168913 0.050694 0.283978
v 0.173936 0.028344 0.278955
v 0.196285 0.050694 0.295316
v 0.302423 0.023321 0.283978
v 0.302423 0.050694 0.295316
v 0.168913 0.054245 0.283271
v 0.196285 0.023321 0.283978
v 0.302423 0.023321 0.283978
v 0.329795 0.050694 0.283978
v 0.324773 0.028344 0.278955
v 0.173936 0.079293 0.279676
v 0.196285 0.050694 0.295316
v 0.196285 0.083177 0.285684
v 0.302423 0.050694 0.295316
v 0.302423 0.083177 0.285684
v 0.329795 0.092853 0.258312
v 0.324773 0.079293 0.279676
v 0.329795 0.054245 0.283271
v 0.329795 0.023321 0.155276
v 0.329795 0.023321 0.193986
v 0.329795 0.023321 0.017987
v 0.671728 1.378012 0.168287
v 0.606714 1.715058 0.059719
v 0.475404 1.697880 0.091922
v 0.475449 1.657476 -0.077433
v 0.513506 1.349657 0.175009
v 0.742865 0.995998 0.231304
v 0.742896 0.968298 0.115198
v 0.611601 0.938416 0.094152
v 0.611556 0.978820 0.263508
v 0.830974 0.628024 0.408612
v 0.762119 0.985354 0.295204
v 0.502029 0.944981 0.332907
v 0.831058 0.551952 0.089749
v 0.835939 0.595487 0.388235
v 0.506509 0.542920 0.428829
v 0.479272 0.467909 0.137846
v 0.479293 0.564720 0.423621
v 0.747230 0.938125 0.305342
v 0.615580 0.941606 0.304476
v 0.774569 0.831467 0.498932
v 0.774611 0.793514 0.339849
v 0.779534 0.798931 0.478556
v 0.779562 0.773682 0.372723
v 0.620959 0.803939 0.505459
v 0.687705 1.253461 0.019010
v 0.551445 1.256115 0.018341
v 0.545428 1.287893 0.010758
v 0.671772 1.337608 -0.001069
v 0.676693 1.345475 0.147910
v 0.545383 1.328297 0.180114
v 0.682710 1.313697 0.155493
v 0.518502 1.289421 0.038527
vt 0.076796 0.982111
vt 0.076796 0.982111
vt 0.076796 0.982111
vt 0.076796 0.982111
vt 0.076796 0.982111
vt 0.076796 0.982111
vt 0.076796 0.982111
vt 0.076796 0.982111
vt 0.076796 0.982111
vt 0.076796 0.982111
vt 0.076796 0.982111
vt 0.076796 0.982111
vt 0.076796 0.982111
vt 0.076796 0.982111
vt 0.076796 0.982111
vt 0.076796 0.982111
vt 0.076796 0.982111
vt 0.076796 0.982111
vt 0.076796 0.982111
vt 0.076796 0.982111
vt 0.076796 0.982111
vt 0.076796 0.982111
vt 0.076796 0.982111
vt 0.076796 0.982111
vt 0.076796 0.982111
vt 0.076796 0.982111
vt 0.076796 0.982111
vt 0.076796 0.982111
vt 0.076796 0.982111
vt 0.076796 0.982111
vt 0.076796 0.982111
vt 0.076796 0.982111
vt 0.076796 0.982111
vt 0.076796 0.982111
vt 0.076796 0.982111
vt 0.076796 0.982111
vt 0.076796 0.982111
vt 0.076796 0.982111
vt 0.076796 0.982111
vt 0.076796 0.982111
vt 0.076796 0.982111
vt 0.076796 0.982111
vt 0.076796 0.982111
vt 0.076796 0.982111
vt 0.076796 0.982111
vt 0.076796 0.982111
vt 0.076796 0.982111
vt 0.076796 0.982111
vt 0.076796 0.982111
vt 0.076796 0.982111
vt 0.076796 0.982111
vt 0.076796 0.982111
vt 0.076796 0.982111
vt 0.076796 0.982111
vt 0.076796 0.982111
vt 0.076796 0.982111
vt 0.076796 0.982111
vt 0.076796 0.982111
vt 0.076796 0.982111
vt 0.076796 0.982111
vt 0.076796 0.982111
vt 0.076796 0.982111
vt 0.076796 0.982111
vt 0.076796 0.982111
vt 0.076796 0.982111
vt 0.076796 0.982111
vt 0.076796 0.982111
vt 0.076796 0.982111
vt 0.076796 0.982111
vt 0.076796 0.982111
vt 0.076796 0.982111
vt 0.076796 0.982111
vt 0.076796 0.982111
vt 0.076796 0.982111
vt 0.076796 0.982111
vt 0.076796 0.982111
vt 0.076796 0.982111
vt 0.076796 0.982111
vt 0.076796 0.982111
vt 0.076796 0.982111
vt 0.076796 0.982111
vt 0.076796 0.982111
vt 0.076796 0.982111
vt 0.076796 0.982111
vt 0.076796 0.982111
vt 0.076796 0.982111
vt 0.076796 0.982111
vt 0.076796 0.982111
vt 0.076796 0.982111
vt 0.076796 0.982111
vt 0.076796 0.982111
vt 0.076796 0.982111
vt 0.076796 0.982111
vt 0.076796 0.982111
vt 0.076796 0.982111
vt 0.076796 0.982111
vt 0.076796 0.982111
vt 0.076796 0.982111
vt 0.076796 0.982111
vt 0.076796 0.982111
vt 0.076796 0.982111
vt 0.076796 0.982111
vt 0.076796 0.982111
vt 0.076796 0.982111
vt 0.076796 0.982111
vt 0.076796 0.982111
vt 0.076796 0.982111
vt 0.076796 0.982111
vt 0.076796 0.982111
vt 0.076796 0.982111
vt 0.076796 0.982111
vt 0.076796 0.982111
vt 0.076796 0.982111
vt 0.076796 0.982111
vt 0.076796 0.982111
vt 0.076796 0.982111
vt 0.076796 0.982111
vt 0.076796 0.982111
vt 0.076796 0.982111
vt 0.076796 0.982111
vt 0.076796 0.982111
vt 0.076796 0.982111
vt 0.076796 0.982111
vt 0.076796 0.982111
vt 0.076796 0.982111
vt 0.076796 0.982111
vt 0.076796 0.982111
vt 0.076796 0.982111
vt 0.076796 0.982111
vt 0.076796 0.982111
vt 0.076796 0.982111
vt 0.076796 0.982111
vt 0.076796 0.982111
vt 0.076796 0.982111
vt 0.076796 0.982111
vt 0.076796 0.982111
vt 0.076796 0.982111
vt 0.076796 0.982111
vt 0.076796 0.982111
vt 0.076796 0.982111
vt 0.076796 0.982111
vt 0.076796 0.982111
vt 0.076796 0.982111
vt 0.076796 0.982111
vt 0.076796 0.982111
vt 0.076796 0.982111
vt 0.076796 0.982111
vt 0.076796 0.982111
vt 0.076796 0.982111
vt 0.076796 0.982111
vt 0.076796 0.982111
vt 0.076796 0.982111
vt 0.076796 0.982111
vt 0.076796 0.982111
vt 0.076796 0.982111
vt 0.076796 0.982111
vt 0.076796 0.982111
vt 0.076796 0.982111
vt 0.076796 0.982111
vt 0.076796 0.982111
vt 0.076796 0.982111
vt 0.076796 0.982111
vt 0.076796 0.982111
vt 0.076796 0.982111
vt 0.076796 0.982111
vt 0.076796 0.982111
vt 0.076796 0.982111
vt 0.076796 0.982111
vt 0.076796 0.982111
vt 0.076796 0.982111
vt 0.076796 0.982111
vt 0.076796 0.982111
vt 0.076796 0.982111
vt 0.076796 0.982111
vt 0.076796 0.982111
vt 0.076796 0.982111
vt 0.076796 0.982111
vt 0.076796 0.982111
vt 0.076796 0.982111
vt 0.076796 0.982111
vt 0.076796 0.982111
vt 0.076796 0.982111
vt 0.076796 0.982111
vt 0.076796 0.982111
vt 0.076796 0.982111
vt 0.076796 0.982111
vt 0.076796 0.982111
vt 0.076796 0.982111
vt 0.076796 0.982111
vt 0.076796 0.982111
vt 0.076796 0.982111
vt 0.076796 0.982111
vt 0.076796 0.982111
vt 0.076796 0.982111
vt 0.076796 0.982111
vt 0.076796 0.982111
vt 0.076796 0.982111
vt 0.076796 0.982111
vt 0.076796 0.982111
vt 0.076796 0.982111
vt 0.076796 0.982111
vt 0.076796 0.982111
vt 0.076796 0.982111
vt 0.076796 0.982111
vt 0.076796 0.982111
vt 0.076796 0.982111
vt 0.076796 0.982111
vt 0.076796 0.982111
vt 0.076796 0.982111
vt 0.076796 0.982111
vt 0.076796 0.982111
vt 0.076796 0.982111
vt 0.076796 0.982111
vt 0.076796 0.982111
vt 0.076796 0.982111
vt 0.076796 0.982111
vt 0.076796 0.982111
vt 0.076796 0.982111
vt 0.076796 0.982111
vt 0.076796 0.982111
vt 0.076796 0.982111
vt 0.076796 0.982111
vt 0.076796 0.982111
vt 0.076796 0.982111
vt 0.076796 0.982111
vt 0.076796 0.982111
vt 0.076796 0.982111
vt 0.076796 0.982111
vt 0.076796 0.982111
vt 0.076796 0.982111
vt 0.076796 0.982111
vt 0.076796 0.982111
vt 0.076796 0.982111
vt 0.076796 0.982111
vt 0.076796 0.982111
vt 0.076796 0.982111
vt 0.076796 0.982111
vt 0.076796 0.982111
vt 0.076796 0.982111
vt 0.076796 0.982111
vt 0.076796 0.982111
vt 0.076796 0.982111
vt 0.076796 0.982111
vt 0.076796 0.982111
vt 0.076796 0.982111
vt 0.076796 0.982111
vt 0.076796 0.982111
vt 0.076796 0.982111
vt 0.076796 0.982111
vt 0.076796 0.982111
vt 0.076796 0.982111
vt 0.076796 0.982111
vt 0.076796 0.982111
vt 0.076796 0.982111
vt 0.076796 0.982111
vt 0.076796 0.982111
vt 0.076796 0.982111
vt 0.076796 0.982111
vt 0.076796 0.982111
vt 0.076796 0.982111
vt 0.076796 0.982111
vt 0.076796 0.982111
vt 0.076796 0.982111
vt 0.076796 0.982111
vt 0.076796 0.982111
vt 0.076796 0.982111
vt 0.076796 0.982111
vt 0.076796 0.982111
vt 0.076796 0.982111
vt 0.076796 0.982111
vt 0.076796 0.982111
vt 0.076796 0.982111
vt 0.076796 0.982111
vt 0.076796 0.982111
vt 0.076796 0.982111
vt 0.076796 0.982111
vt 0.076796 0.982111
vt 0.076796 0.982111
vt 0.076796 0.982111
vt 0.076796 0.982111
vt 0.076796 0.982111
vt 0.076796 0.982111
vt 0.076796 0.982111
vt 0.076796 0.982111
vt 0.076796 0.982111
vt 0.076796 0.982111
vt 0.076796 0.982111
vt 0.076796 0.982111
vt 0.076796 0.982111
vt 0.076796 0.982111
vt 0.076796 0.982111
vt 0.076796 0.982111
vt 0.076796 0.982111
vt 0.076796 0.982111
vt 0.076796 0.982111
vt 0.076796 0.982111
vt 0.076796 0.982111
vt 0.076796 0.982111
vt 0.076796 0.982111
vt 0.076796 0.982111
vt 0.076796 0.982111
vt 0.076796 0.982111
vt 0.076796 0.982111
vt 0.076796 0.982111
vt 0.076796 0.982111
vt 0.076796 0.982111
vt 0.076796 0.982111
vt 0.076796 0.982111
vt 0.076796 0.982111
vt 0.076796 0.982111
vt 0.076796 0.982111
vt 0.076796 0.982111
vt 0.076796 0.982111
vt 0.076796 0.982111
vt 0.076796 0.982111
vt 0.076796 0.982111
vt 0.076796 0.982111
vt 0.076796 0.982111
vt 0.076796 0.982111
vt 0.076796 0.982111
vt 0.076796 0.982111
vt 0.076796 0.982111
vt 0.076796 0.982111
vt 0.076796 0.982111
vt 0.076796 0.982111
vt 0.076796 0.982111
vt 0.076796 0.982111
vt 0.076796 0.982111
vt 0.076796 0.982111
vt 0.076796 0.982111
vt 0.076796 0.982111
vt 0.076796 0.982111
vt 0.076796 0.982111
vt 0.076796 0.982111
vt 0.076796 0.982111
vt 0.076796 0.982111
vt 0.076796 0.982111
vt 0.076796 0.982111
vt 0.076796 0.982111
vt 0.076796 0.982111
vt 0.076796 0.982111
vt 0.076796 0.982111
vt 0.076796 0.982111
vt 0.076796 0.982111
vt 0.076796 0.982111
vt 0.076796 0.982111
vt 0.076796 0.982111
vt 0.076796 0.982111
vt 0.076796 0.982111
vt 0.076796 0.982111
vt 0.076796 0.982111
vt 0.076796 0.982111
vt 0.076796 0.982111
vt 0.076796 0.982111
vt 0.076796 0.982111
vt 0.076796 0.982111
vt 0.076796 0.982111
vt 0.076796 0.982111
vt 0.076796 0.982111
vt 0.076796 0.982111
vt 0.076796 0.982111
vt 0.076796 0.982111
vt 0.076796 0.982111
vt 0.076796 0.982111
vt 0.076796 0.982111
vt 0.076796 0.982111
vt 0.076796 0.982111
vt 0.076796 0.982111
vt 0.076796 0.982111
vt 0.076796 0.982111
vt 0.076796 0.982111
vt 0.076796 0.982111
vt 0.076796 0.982111
vt 0.076796 0.982111
vt 0.076796 0.982111
vt 0.076796 0.982111
vt 0.076796 0.982111
vt 0.076796 0.982111
vt 0.076796 0.982111
vt 0.076796 0.982111
vt 0.076796 0.982111
vt 0.076796 0.982111
vt 0.076796 0.982111
vt 0.076796 0.982111
vt 0.076796 0.982111
vt 0.076796 0.982111
vt 0.076796 0.982111
vt 0.076796 0.982111
vt 0.076796 0.982111
vt 0.076796 0.982111
vt 0.076796 0.982111
vt 0.076796 0.982111
vt 0.076796 0.982111
vt 0.076796 0.982111
vt 0.076796 0.982111
vt 0.076796 0.982111
vt 0.076796 0.982111
vt 0.076796 0.982111
vt 0.076796 0.982111
vt 0.076796 0.982111
vt 0.076796 0.982111
vt 0.076796 0.982111
vt 0.076796 0.982111
vt 0.076796 0.982111
vt 0.076796 0.982111
vt 0.076796 0.982111
vt 0.076796 0.982111
vt 0.076796 0.982111
vt 0.076796 0.982111
vt 0.076796 0.982111
vt 0.076796 0.982111
vt 0.076796 0.982111
vt 0.076796 0.982111
vt 0.076796 0.982111
vt 0.076796 0.982111
vt 0.076796 0.982111
vt 0.076796 0.982111
vt 0.076796 0.982111
vt 0.076796 0.982111
vt 0.076796 0.982111
vt 0.076796 0.982111
vt 0.076796 0.982111
vt 0.076796 0.982111
vt 0.076796 0.982111
vt 0.076796 0.982111
vt 0.076796 0.982111
vt 0.076796 0.982111
vt 0.076796 0.982111
vt 0.076796 0.982111
vt 0.076796 0.982111
vt 0.076796 0.982111
vt 0.076796 0.982111
vt 0.076796 0.982111
vt 0.076796 0.982111
vt 0.076796 0.982111
vt 0.076796 0.982111
vt 0.076796 0.982111
vt 0.076796 0.982111
vt 0.076796 0.982111
vt 0.076796 0.982111
vt 0.076796 0.982111
vt 0.076796 0.982111
vt 0.076796 0.982111
vt 0.076796 0.982111
vt 0.076796 0.982111
vt 0.076796 0.982111
vt 0.076796 0.982111
vt 0.076796 0.982111
vt 0.076796 0.982111
vt 0.076796 0.982111
vt 0.076796 0.982111
vt 0.076796 0.982111
vt 0.076796 0.982111
vt 0.076796 0.982111
vt 0.076796 0.982111
vt 0.076796 0.982111
vt 0.076796 0.982111
vt 0.076796 0.982111
vt 0.076796 0.982111
vt 0.076796 0.982111
vt 0.076796 0.982111
vt 0.076796 0.982111
vt 0.076796 0.982111
vt 0.076796 0.982111
vt 0.076796 0.982111
vt 0.076796 0.982111
vt 0.076796 0.982111
vt 0.076796 0.982111
vt 0.076796 0.982111
vt 0.076796 0.982111
vt 0.076796 0.982111
vt 0.076796 0.982111
vt 0.076796 0.982111
vt 0.076796 0.982111
vt 0.076796 0.982111
vt 0.076796 0.982111
vt 0.076796 0.982111
vt 0.076796 0.982111
vt 0.076796 0.982111
vt 0.076796 0.982111
vt 0.076796 0.982111
vt 0.076796 0.982111
vt 0.076796 0.982111
vt 0.076796 0.982111
vt 0.076796 0.982111
vt 0.076796 0.982111
vt 0.076796 0.982111
vt 0.076796 0.982111
vt 0.076796 0.982111
vt 0.076796 0.982111
vt 0.076796 0.982111
vt 0.076796 0.982111
vt 0.076796 0.982111
vt 0.076796 0.982111
vt 0.076796 0.982111
vt 0.076796 0.982111
vt 0.076796 0.982111
vt 0.076796 0.982111
vt 0.076796 0.982111
vt 0.076796 0.982111
vt 0.076796 0.982111
vt 0.076796 0.982111
vt 0.076796 0.982111
vt 0.076796 0.982111
vt 0.076796 0.982111
vt 0.076796 0.982111
vt 0.076796 0.982111
vt 0.076796 0.982111
vt 0.076796 0.982111
vt 0.076796 0.982111
vt 0.076796 0.982111
vt 0.076796 0.982111
vt 0.076796 0.982111
vt 0.076796 0.982111
vt 0.076796 0.982111
vt 0.076796 0.982111
vt 0.076796 0.982111
vt 0.076796 0.982111
vt 0.076796 0.982111
vt 0.076796 0.982111
vt 0.076796 0.982111
vt 0.076796 0.982111
vt 0.076796 0.982111
vt 0.076796 0.982111
vt 0.076796 0.982111
vt 0.076796 0.982111
vt 0.076796 0.982111
vt 0.076796 0.982111
vt 0.076796 0.982111
vt 0.076796 0.982111
vt 0.076796 0.982111
vt 0.076796 0.982111
vt 0.076796 0.982111
vt 0.076796 0.982111
vt 0.076796 0.982111
vt 0.076796 0.982111
vt 0.076796 0.982111
vt 0.076796 0.982111
vt 0.076796 0.982111
vt 0.076796 0.982111
vt 0.076796 0.982111
vt 0.076796 0.982111
vt 0.076796 0.982111
vt 0.076796 0.982111
vt 0.076796 0.982111
vt 0.076796 0.982111
vt 0.076796 0.982111
vt 0.076796 0.982111
vt 0.076796 0.982111
vt 0.076796 0.982111
vt 0.076796 0.982111
vt 0.076796 0.982111
vt 0.076796 0.982111
vt 0.076796 0.982111
vt 0.076796 0.982111
vt 0.076796 0.982111
vt 0.076796 0.982111
vt 0.076796 0.982111
vt 0.076796 0.982111
vt 0.076796 0.982111
vt 0.076796 0.982111
vt 0.076796 0.982111
vt 0.076796 0.982111
vt 0.076796 0.982111
vt 0.076796 0.982111
vt 0.076796 0.982111
vt 0.076796 0.982111
vt 0.076796 0.982111
vt 0.076796 0.982111
vt 0.076796 0.982111
vt 0.076796 0.982111
vt 0.076796 0.982111
vt 0.076796 0.982111
vt 0.076796 0.982111
vt 0.076796 0.982111
vt 0.076796 0.982111
vt 0.076796 0.982111
vt 0.076796 0.982111
vt 0.076796 0.982111
vt 0.076796 0.982111
vt 0.076796 0.982111
vt 0.076796 0.982111
vt 0.076796 0.982111
vt 0.076796 0.982111
vt 0.076796 0.982111
vt 0.076796 0.982111
vt 0.076796 0.982111
vt 0.076796 0.982111
vt 0.076796 0.982111
vt 0.076796 0.982111
vt 0.076796 0.982111
vt 0.076796 0.982111
vt 0.076796 0.982111
vt 0.076796 0.982111
vt 0.076796 0.982111
vt 0.076796 0.982111
vt 0.076796 0.982111
vt 0.076796 0.982111
vt 0.076796 0.982111
vt 0.076796 0.982111
vt 0.076796 0.982111
vt 0.076796 0.982111
vt 0.076796 0.982111
vt 0.076796 0.982111
vt 0.076796 0.982111
vt 0.076796 0.982111
vt 0.076796 0.982111
vt 0.076796 0.982111
vt 0.076796 0.982111
vt 0.076796 0.982111
vt 0.076796 0.982111
vt 0.076796 0.982111
vt 0.076796 0.982111
vt 0.076796 0.982111
vt 0.076796 0.982111
vt 0.076796 0.982111
vt 0.076796 0.982111
vt 0.076796 0.982111
vt 0.076796 0.982111
vt 0.076796 0.982111
vt 0.076796 0.982111
vt 0.076796 0.982111
vt 0.076796 0.982111
vt 0.076796 0.982111
vt 0.076796 0.982111
vt 0.076796 0.982111
vt 0.076796 0.982111
vt 0.076796 0.982111
vt 0.076796 0.982111
vt 0.076796 0.982111
vt 0.076796 0.982111
vt 0.076796 0.982111
vt 0.076796 0.982111
vt 0.076796 0.982111
vt 0.076796 0.982111
vt 0.076796 0.982111
vt 0.076796 0.982111
vt 0.076796 0.982111
vt 0.076796 0.982111
vt 0.076796 0.982111
vt 0.076796 0.982111
vt 0.076796 0.982111
vt 0.076796 0.982111
vt 0.076796 0.982111
vt 0.076796 0.982111
vt 0.076796 0.982111
vt 0.076796 0.982111
vt 0.076796 0.982111
vt 0.076796 0.982111
vt 0.076796 0.982111
vt 0.076796 0.982111
vt 0.076796 0.982111
vt 0.076796 0.982111
vt 0.076796 0.982111
vt 0.076796 0.982111
vt 0.076796 0.982111
vt 0.076796 0.982111
vt 0.076796 0.982111
vt 0.076796 0.982111
vt 0.076796 0.982111
vt 0.076796 0.982111
vt 0.076796 0.982111
vt 0.076796 0.982111
vt 0.076796 0.982111
vt 0.076796 0.982111
vt 0.076796 0.982111
vt 0.076796 0.982111
vt 0.076796 0.982111
vt 0.076796 0.982111
vt 0.076796 0.982111
vt 0.076796 0.982111
vt 0.076796 0.982111
vt 0.076796 0.982111
vt 0.076796 0.982111
vt 0.076796 0.982111
vt 0.076796 0.982111
vt 0.076796 0.982111
vt 0.076796 0.982111
vt 0.076796 0.982111
vt 0.076796 0.982111
vt 0.076796 0.982111
vt 0.076796 0.982111
vt 0.076796 0.982111
vt 0.076796 0.982111
vt 0.076796 0.982111
vt 0.076796 0.982111
vt 0.076796 0.982111
vt 0.076796 0.982111
vt 0.076796 0.982111
vt 0.076796 0.982111
vt 0.076796 0.982111
vt 0.076796 0.982111
vt 0.076796 0.982111
vt 0.076796 0.982111
vt 0.076796 0.982111
vt 0.076796 0.982111
vt 0.076796 0.982111
vt 0.076796 0.982111
vt 0.076796 0.982111
vt 0.076796 0.982111
vt 0.076796 0.982111
vt 0.076796 0.982111
vt 0.076796 0.982111
vt 0.076796 0.982111
vt 0.076796 0.982111
vt 0.076796 0.982111
vt 0.076796 0.982111
vt 0.076796 0.982111
vt 0.076796 0.982111
vt 0.076796 0.982111
vt 0.076796 0.982111
vt 0.076796 0.982111
vt 0.076796 0.982111
vt 0.076796 0.982111
vt 0.076796 0.982111
vt 0.076796 0.982111
vt 0.076796 0.982111
vt 0.076796 0.982111
vt 0.076796 0.982111
vt 0.076796 0.982111
vt 0.076796 0.982111
vt 0.076796 0.982111
vt 0.076796 0.982111
vt 0.076796 0.982111
vt 0.076796 0.982111
vt 0.076796 0.982111
vt 0.076796 0.982111
vt 0.076796 0.982111
vt 0.076796 0.982111
vt 0.076796 0.982111
vt 0.076796 0.982111
vt 0.076796 0.982111
vt 0.076796 0.982111
vt 0.076796 0.982111
vt 0.076796 0.982111
vt 0.076796 0.982111
vt 0.076796 0.982111
vt 0.076796 0.982111
vt 0.076796 0.982111
vt 0.076796 0.982111
vt 0.076796 0.982111
vt 0.076796 0.982111
vt 0.076796 0.982111
vt 0.076796 0.982111
vt 0.076796 0.982111
vt 0.076796 0.982111
vt 0.076796 0.982111
vt 0.076796 0.982111
vt 0.076796 0.982111
vt 0.076796 0.982111
vt 0.076796 0.982111
vt 0.076796 0.982111
vt 0.076796 0.982111
vt 0.076796 0.982111
vt 0.076796 0.982111
vt 0.076796 0.982111
vt 0.076796 0.982111
vt 0.076796 0.982111
vt 0.076796 0.982111
vt 0.076796 0.982111
vt 0.076796 0.982111
vt 0.076796 0.982111
vt 0.076796 0.982111
vt 0.076796 0.982111
vt 0.076796 0.982111
vt 0.076796 0.982111
vt 0.076796 0.982111
vt 0.076796 0.982111
vt 0.076796 0.982111
vt 0.076796 0.982111
vt 0.076796 0.982111
vt 0.076796 0.982111
vt 0.076796 0.982111
vt 0.076796 0.982111
vt 0.076796 0.982111
vt 0.076796 0.982111
vt 0.076796 0.982111
vt 0.076796 0.982111
vt 0.076796 0.982111
vt 0.076796 0.982111
vt 0.076796 0.982111
vt 0.076796 0.982111
vt 0.076796 0.982111
vt 0.076796 0.982111
vt 0.076796 0.982111
vt 0.076796 0.982111
vt 0.076796 0.982111
vt 0.076796 0.982111
vt 0.076796 0.982111
vt 0.076796 0.982111
vt 0.076796 0.982111
vt 0.076796 0.982111
vt 0.076796 0.982111
vt 0.076796 0.982111
vt 0.076796 0.982111
vt 0.076796 0.982111
vt 0.076796 0.982111
vt 0.076796 0.982111
vt 0.076796 0.982111
vt 0.076796 0.982111
vt 0.076796 0.982111
vt 0.076796 0.982111
vt 0.076796 0.982111
vt 0.076796 0.982111
vt 0.076796 0.982111
vt 0.076796 0.982111
vt 0.076796 0.982111
vt 0.076796 0.982111
vt 0.076796 0.982111
vt 0.076796 0.982111
vt 0.076796 0.982111
vt 0.076796 0.982111
vt 0.076796 0.982111
vt 0.076796 0.982111
vt 0.076796 0.982111
vt 0.076796 0.982111
vt 0.076796 0.982111
vt 0.076796 0.982111
vt 0.076796 0.982111
vt 0.076796 0.982111
vt 0.076796 0.982111
vt 0.076796 0.982111
vt 0.076796 0.982111
vt 0.076796 0.982111
vt 0.076796 0.982111
vt 0.076796 0.982111
vt 0.076796 0.982111
vt 0.076796 0.982111
vt 0.076796 0.982111
vt 0.076796 0.982111
vt 0.076796 0.982111
vt 0.076796 0.982111
vt 0.076796 0.982111
vt 0.076796 0.982111
vt 0.076796 0.982111
vt 0.076796 0.982111
vt 0.076796 0.982111
vt 0.076796 0.982111
vt 0.076796 0.982111
vt 0.076796 0.982111
vt 0.076796 0.982111
vt 0.076796 0.982111
vt 0.076796 0.982111
vt 0.076796 0.982111
vt 0.076796 0.982111
vt 0.076796 0.982111
vt 0.076796 0.982111
vt 0.076796 0.982111
vt 0.076796 0.982111
vt 0.076796 0.982111
vt 0.076796 0.982111
vt 0.076796 0.982111
vt 0.076796 0.982111
vt 0.076796 0.982111
vt 0.076796 0.982111
vt 0.076796 0.982111
vt 0.076796 0.982111
vt 0.076796 0.982111
vt 0.076796 0.982111
vt 0.076796 0.982111
vt 0.076796 0.982111
vt 0.076796 0.982111
vt 0.076796 0.982111
vt 0.076796 0.982111
vt 0.076796 0.982111
vt 0.076796 0.982111
vt 0.076796 0.982111
vt 0.076796 0.982111
vt 0.076796 0.982111
vt 0.076796 0.982111
vt 0.076796 0.982111
vt 0.076796 0.982111
vt 0.076796 0.982111
vt 0.076796 0.982111
vt 0.076796 0.982111
vt 0.076796 0.982111
vt 0.076796 0.982111
vt 0.076796 0.982111
vt 0.076796 0.982111
vt 0.076796 0.982111
vt 0.076796 0.982111
vt 0.076796 0.982111
vt 0.076796 0.982111
vt 0.076796 0.982111
vt 0.076796 0.982111
vt 0.076796 0.982111
vt 0.076796 0.982111
vt 0.076796 0.982111
vt 0.076796 0.982111
vt 0.076796 0.982111
vt 0.076796 0.982111
vt 0.076796 0.982111
vt 0.076796 0.982111
vt 0.076796 0.982111
vt 0.076796 0.982111
vt 0.076796 0.982111
vt 0.076796 0.982111
vt 0.076796 0.982111
vt 0.076796 0.982111
vt 0.076796 0.982111
vt 0.076796 0.982111
vt 0.076796 0.982111
vt 0.076796 0.982111
vt 0.076796 0.982111
vt 0.076796 0.982111
vt 0.076796 0.982111
vt 0.076796 0.982111
vt 0.076796 0.982111
vt 0.076796 0.982111
vt 0.076796 0.982111
vt 0.076796 0.982111
vt 0.076796 0.982111
vt 0.076796 0.982111
vt 0.076796 0.982111
vt 0.076796 0.982111
vt 0.076796 0.982111
vt 0.076796 0.982111
vt 0.076796 0.982111
vt 0.076796 0.982111
vt 0.076796 0.982111
vt 0.076796 0.982111
vt 0.076796 0.982111
vt 0.076796 0.982111
vt 0.076796 0.982111
vt 0.076796 0.982111
vt 0.076796 0.982111
vt 0.076796 0.982111
vt 0.076796 0.982111
vt 0.076796 0.982111
vt 0.076796 0.982111
vt 0.076796 0.982111
vt 0.076796 0.982111
vt 0.076796 0.982111
vt 0.076796 0.982111
vt 0.076796 0.982111
vt 0.076796 0.982111
vt 0.076796 0.982111
vt 0.076796 0.982111
vt 0.076796 0.982111
vt 0.076796 0.982111
vt 0.076796 0.982111
vt 0.076796 0.982111
vt 0.076796 0.982111
vt 0.076796 0.982111
vt 0.076796 0.982111
vt 0.076796 0.982111
vt 0.076796 0.982111
vt 0.076796 0.982111
vt 0.076796 0.982111
vt 0.076796 0.982111
vt 0.076796 0.982111
vt 0.076796 0.982111
vt 0.076796 0.982111
vt 0.076796 0.982111
vt 0.076796 0.982111
vt 0.076796 0.982111
vt 0.076796 0.982111
vt 0.076796 0.982111
vt 0.076796 0.982111
vt 0.076796 0.982111
vt 0.076796 0.982111
vt 0.076796 0.982111
vt 0.076796 0.982111
vt 0.076796 0.982111
vt 0.076796 0.982111
vt 0.076796 0.982111
vt 0.076796 0.982111
vt 0.076796 0.982111
vt 0.076796 0.982111
vt 0.076796 0.982111
vt 0.076796 0.982111
vt 0.076796 0.982111
vt 0.076796 0.982111
vt 0.076796 0.982111
vt 0.076796 0.982111
vt 0.076796 0.982111
vt 0.076796 0.982111
vt 0.076796 0.982111
vt 0.076796 0.982111
vt 0.076796 0.982111
vt 0.076796 0.982111
vt 0.076796 0.982111
vt 0.076796 0.982111
vt 0.076796 0.982111
vt 0.076796 0.982111
vt 0.076796 0.982111
vt 0.076796 0.982111
vt 0.076796 0.982111
vt 0.076796 0.982111
vt 0.076796 0.982111
vt 0.076796 0.982111
vt 0.076796 0.982111
vt 0.076796 0.982111
vt 0.076796 0.982111
vt 0.076796 0.982111
vt 0.076796 0.982111
vt 0.076796 0.982111
vt 0.076796 0.982111
vt 0.076796 0.982111
vt 0.076796 0.982111
vt 0.076796 0.982111
vt 0.076796 0.982111
vt 0.076796 0.982111
vt 0.076796 0.982111
vt 0.076796 0.982111
vt 0.076796 0.982111
vt 0.076796 0.982111
vt 0.076796 0.982111
vt 0.076796 0.982111
vt 0.076796 0.982111
vt 0.076796 0.982111
vt 0.076796 0.982111
vt 0.076796 0.982111
vt 0.076796 0.982111
vt 0.076796 0.982111
vt 0.076796 0.982111
vt 0.076796 0.982111
vt 0.076796 0.982111
vt 0.076796 0.982111
vt 0.076796 0.982111
vt 0.076796 0.982111
vt 0.076796 0.982111
vt 0.076796 0.982111
vt 0.076796 0.982111
vt 0.076796 0.982111
vt 0.076796 0.982111
vt 0.076796 0.982111
vt 0.076796 0.982111
vt 0.076796 0.982111
vt 0.076796 0.982111
vt 0.076796 0.982111
vt 0.076796 0.982111
vt 0.076796 0.982111
vt 0.076796 0.982111
vt 0.076796 0.982111
vt 0.076796 0.982111
vt 0.076796 0.982111
vt 0.076796 0.982111
vt 0.076796 0.982111
vt 0.076796 0.982111
vt 0.076796 0.982111
vt 0.076796 0.982111
vt 0.076796 0.982111
vt 0.076796 0.982111
vt 0.076796 0.982111
vt 0.076796 0.982111
vt 0.076796 0.982111
vt 0.076796 0.982111
vt 0.076796 0.982111
vt 0.076796 0.982111
vt 0.076796 0.982111
vt 0.076796 0.982111
vt 0.076796 0.982111
vt 0.076796 0.982111
vt 0.076796 0.982111
vt 0.076796 0.982111
vt 0.076796 0.982111
vt 0.076796 0.982111
vt 0.076796 0.982111
vt 0.076796 0.982111
vt 0.076796 0.982111
vt 0.076796 0.982111
vt 0.076796 0.982111
vt 0.076796 0.982111
vt 0.076796 0.982111
vt 0.076796 0.982111
vt 0.076796 0.982111
vt 0.076796 0.982111
vt 0.076796 0.982111
vt 0.076796 0.982111
vt 0.076796 0.982111
vt 0.076796 0.982111
vt 0.076796 0.982111
vt 0.076796 0.982111
vt 0.076796 0.982111
vt 0.076796 0.982111
vt 0.076796 0.982111
vt 0.076796 0.982111
vt 0.076796 0.982111
vt 0.076796 0.982111
vt 0.076796 0.982111
vt 0.076796 0.982111
vt 0.076796 0.982111
vt 0.076796 0.982111
vt 0.076796 0.982111
vt 0.076796 0.982111
vt 0.076796 0.982111
vt 0.076796 0.982111
vt 0.076796 0.982111
vt 0.076796 0.982111
vt 0.076796 0.982111
vt 0.076796 0.982111
vt 0.076796 0.982111
vt 0.076796 0.982111
vt 0.076796 0.982111
vt 0.076796 0.982111
vt 0.076796 0.982111
vt 0.076796 0.982111
vt 0.076796 0.982111
vt 0.076796 0.982111
vt 0.076796 0.982111
vt 0.076796 0.982111
vt 0.076796 0.982111
vt 0.076796 0.982111
vt 0.076796 0.982111
vt 0.076796 0.982111
vt 0.076796 0.982111
vt 0.076796 0.982111
vt 0.076796 0.982111
vt 0.076796 0.982111
vt 0.076796 0.982111
vt 0.076796 0.982111
vt 0.076796 0.982111
vt 0.076796 0.982111
vt 0.076796 0.982111
vt 0.076796 0.982111
vt 0.076796 0.982111
vt 0.076796 0.982111
vt 0.076796 0.982111
vt 0.076796 0.982111
vt 0.076796 0.982111
vt 0.076796 0.982111
vt 0.076796 0.982111
vt 0.076796 0.982111
vt 0.076796 0.982111
vt 0.076796 0.982111
vt 0.076796 0.982111
vt 0.076796 0.982111
vt 0.076796 0.982111
vt 0.076796 0.982111
vt 0.076796 0.982111
vt 0.076796 0.982111
vt 0.076796 0.982111
vt 0.076796 0.982111
vt 0.076796 0.982111
vt 0.076796 0.982111
vt 0.076796 0.982111
vt 0.076796 0.982111
vt 0.076796 0.982111
vt 0.076796 0.982111
vt 0.076796 0.982111
vt 0.076796 0.982111
vt 0.076796 0.982111
vt 0.076796 0.982111
vt 0.076796 0.982111
vt 0.076796 0.982111
vt 0.076796 0.982111
vt 0.076796 0.982111
vt 0.076796 0.982111
vt 0.076796 0.982111
vt 0.076796 0.982111
vt 0.076796 0.982111
vt 0.076796 0.982111
vt 0.076796 0.982111
vt 0.076796 0.982111
vt 0.076796 0.982111
vt 0.076796 0.982111
vt 0.076796 0.982111
vt 0.076796 0.982111
vt 0.076796 0.982111
vt 0.076796 0.982111
vt 0.076796 0.982111
vt 0.076796 0.982111
vt 0.076796 0.982111
vt 0.076796 0.982111
vt 0.076796 0.982111
vt 0.076796 0.982111
vt 0.076796 0.982111
vt 0.076796 0.982111
vt 0.076796 0.982111
vt 0.076796 0.982111
vt 0.076796 0.982111
vt 0.076796 0.982111
vt 0.076796 0.982111
vt 0.076796 0.982111
vt 0.076796 0.982111
vt 0.076796 0.982111
vt 0.076796 0.982111
vt 0.076796 0.982111
vt 0.076796 0.982111
vt 0.076796 0.982111
vt 0.076796 0.982111
vt 0.076796 0.982111
vt 0.076796 0.982111
vt 0.076796 0.982111
vt 0.076796 0.982111
vt 0.076796 0.982111
vt 0.076796 0.982111
vt 0.076796 0.982111
vt 0.076796 0.982111
vt 0.076796 0.982111
vt 0.076796 0.982111
vt 0.076796 0.982111
vt 0.076796 0.982111
vt 0.076796 0.982111
vt 0.076796 0.982111
vt 0.076796 0.982111
vt 0.076796 0.982111
vt 0.076796 0.982111
vt 0.076796 0.982111
vt 0.076796 0.982111
vt 0.076796 0.982111
vt 0.076796 0.982111
vt 0.076796 0.982111
vt 0.076796 0.982111
vt 0.076796 0.982111
vt 0.076796 0.982111
vt 0.076796 0.982111
vt 0.076796 0.982111
vt 0.076796 0.982111
vt 0.076796 0.982111
vt 0.076796 0.982111
vt 0.076796 0.982111
vt 0.076796 0.982111
vt 0.076796 0.982111
vt 0.076796 0.982111
vt 0.076796 0.982111
vt 0.076796 0.982111
vt 0.076796 0.982111
vt 0.076796 0.982111
vt 0.076796 0.982111
vt 0.076796 0.982111
vt 0.076796 0.982111
vt 0.076796 0.982111
vt 0.076796 0.982111
vt 0.076796 0.982111
vt 0.076796 0.982111
vt 0.076796 0.982111
vt 0.076796 0.982111
vt 0.076796 0.982111
vt 0.076796 0.982111
vt 0.076796 0.982111
vt 0.076796 0.982111
vt 0.076796 0.982111
vt 0.076796 0.982111
vt 0.076796 0.982111
vt 0.076796 0.982111
vt 0.076796 0.982111
vt 0.076796 0.982111
vt 0.076796 0.982111
vt 0.076796 0.982111
vt 0.076796 0.982111
vt 0.076796 0.982111
vt 0.076796 0.982111
vt 0.076796 0.982111
vt 0.076796 0.982111
vt 0.076796 0.982111
vt 0.076796 0.982111
vt 0.076796 0.982111
vt 0.076796 0.982111
vt 0.076796 0.982111
vt 0.076796 0.982111
vt 0.076796 0.982111
vt 0.076796 0.982111
vt 0.076796 0.982111
vt 0.076796 0.982111
vt 0.076796 0.982111
vt 0.076796 0.982111
vt 0.076796 0.982111
vt 0.076796 0.982111
vt 0.076796 0.982111
vt 0.076796 0.982111
vt 0.076796 0.982111
vt 0.076796 0.982111
vt 0.076796 0.982111
vt 0.076796 0.982111
vt 0.076796 0.982111
vt 0.076796 0.982111
vt 0.076796 0.982111
vt 0.076796 0.982111
vt 0.076796 0.982111
vt 0.076796 0.982111
vt 0.076796 0.982111
vt 0.076796 0.982111
vt 0.076796 0.982111
vt 0.076796 0.982111
vt 0.076796 0.982111
vt 0.076796 0.982111
vt 0.076796 0.982111
vt 0.076796 0.982111
vt 0.076796 0.982111
vt 0.076796 0.982111
vt 0.076796 0.982111
vt 0.076796 0.982111
vt 0.076796 0.982111
vt 0.076796 0.982111
vt 0.076796 0.982111
vt 0.076796 0.982111
vt 0.076796 0.982111
vt 0.076796 0.982111
vt 0.076796 0.982111
vt 0.076796 0.982111
vt 0.076796 0.982111
vt 0.076796 0.982111
vt 0.076796 0.982111
vt 0.076796 0.982111
vt 0.076796 0.982111
vt 0.076796 0.982111
vt 0.076796 0.982111
vt 0.076796 0.982111
vt 0.076796 0.982111
vt 0.076796 0.982111
vt 0.076796 0.982111
vt 0.076796 0.982111
vt 0.076796 0.982111
vt 0.076796 0.982111
vt 0.076796 0.982111
vt 0.076796 0.982111
vt 0.076796 0.982111
vt 0.076796 0.982111
vt 0.076796 0.982111
vt 0.076796 0.982111
vt 0.076796 0.982111
vt 0.076796 0.982111
vt 0.076796 0.982111
vt 0.076796 0.982111
vt 0.076796 0.982111
vt 0.076796 0.982111
vt 0.076796 0.982111
vt 0.076796 0.982111
vt 0.076796 0.982111
vt 0.076796 0.982111
vt 0.076796 0.982111
vt 0.076796 0.982111
vt 0.076796 0.982111
vt 0.076796 0.982111
vt 0.076796 0.982111
vt 0.076796 0.982111
vt 0.076796 0.982111
vt 0.076796 0.982111
vt 0.076796 0.982111
vt 0.076796 0.982111
vt 0.076796 0.982111
vt 0.076796 0.982111
vt 0.076796 0.982111
vt 0.076796 0.982111
vt 0.076796 0.982111
vt 0.076796 0.982111
vt 0.076796 0.982111
vt 0.076796 0.982111
vt 0.076796 0.982111
vt 0.076796 0.982111
vt 0.076796 0.982111
vt 0.076796 0.982111
vt 0.076796 0.982111
vt 0.076796 0.982111
vt 0.076796 0.982111
vt 0.076796 0.982111
vt 0.076796 0.982111
vt 0.076796 0.982111
vt 0.076796 0.982111
vt 0.076796 0.982111
vt 0.076796 0.982111
vt 0.076796 0.982111
vt 0.076796 0.982111
vt 0.076796 0.982111
vt 0.076796 0.982111
vt 0.076796 0.982111
vt 0.076796 0.982111
vt 0.076796 0.982111
vt 0.076796 0.982111
vt 0.076796 0.982111
vt 0.076796 0.982111
vt 0.076796 0.982111
vt 0.076796 0.982111
vt 0.076796 0.982111
vt 0.076796 0.982111
vt 0.076796 0.982111
vt 0.076796 0.982111
vt 0.076796 0.982111
vt 0.076796 0.982111
vt 0.076796 0.982111
vt 0.076796 0.982111
vt 0.076796 0.982111
vt 0.076796 0.982111
vt 0.076796 0.982111
vt 0.076796 0.982111
vt 0.076796 0.982111
vt 0.076796 0.982111
vt 0.076796 0.982111
vt 0.076796 0.982111
vt 0.076796 0.982111
vt 0.076796 0.982111
vt 0.076796 0.982111
vt 0.076796 0.982111
vt 0.076796 0.982111
vt 0.076796 0.982111
vt 0.076796 0.982111
vt 0.076796 0.982111
vt 0.076796 0.982111
vt 0.076796 0.982111
vt 0.076796 0.982111
vt 0.076796 0.982111
vt 0.076796 0.982111
vt 0.076796 0.982111
vt 0.076796 0.982111
vt 0.076796 0.982111
vt 0.076796 0.982111
vt 0.076796 0.982111
vt 0.076796 0.982111
vt 0.076796 0.982111
vt 0.076796 0.982111
vt 0.076796 0.982111
vt 0.076796 0.982111
vt 0.076796 0.982111
vt 0.076796 0.982111
vt 0.076796 0.982111
vt 0.076796 0.982111
vt 0.076796 0.982111
vt 0.076796 0.982111
vt 0.076796 0.982111
vt 0.076796 0.982111
vt 0.076796 0.982111
vt 0.076796 0.982111
vt 0.076796 0.982111
vt 0.076796 0.982111
vt 0.076796 0.982111
vt 0.076796 0.982111
vt 0.076796 0.982111
vt 0.076796 0.982111
vt 0.076796 0.982111
vt 0.076796 0.982111
vt 0.076796 0.982111
vt 0.076796 0.982111
vt 0.076796 0.982111
vt 0.076796 0.982111
vt 0.076796 0.982111
vt 0.076796 0.982111
vt 0.076796 0.982111
vt 0.076796 0.982111
vt 0.076796 0.982111
vt 0.076796 0.982111
vt 0.076796 0.982111
vt 0.076796 0.982111
vt 0.076796 0.982111
vt 0.076796 0.982111
vt 0.076796 0.982111
vt 0.076796 0.982111
vt 0.076796 0.982111
vt 0.076796 0.982111
vt 0.076796 0.982111
vt 0.076796 0.982111
vt 0.076796 0.982111
vt 0.076796 0.982111
vt 0.076796 0.982111
vt 0.076796 0.982111
vt 0.076796 0.982111
vt 0.076796 0.982111
vt 0.076796 0.982111
vt 0.076796 0.982111
vt 0.076796 0.982111
vt 0.076796 0.982111
vt 0.076796 0.982111
vt 0.076796 0.982111
vt 0.076796 0.982111
vt 0.076796 0.982111
vt 0.076796 0.982111
vt 0.076796 0.982111
vt 0.076796 0.982111
vt 0.076796 0.982111
vt 0.076796 0.982111
vt 0.076796 0.982111
vt 0.076796 0.982111
vt 0.076796 0.982111
vt 0.076796 0.982111
vt 0.076796 0.982111
vt 0.076796 0.982111
vt 0.076796 0.982111
vt 0.076796 0.982111
vt 0.076796 0.982111
vt 0.076796 0.982111
vt 0.076796 0.982111
vt 0.076796 0.982111
vt 0.076796 0.982111
vt 0.076796 0.982111
vt 0.076796 0.982111
vt 0.076796 0.982111
vt 0.076796 0.982111
vt 0.076796 0.982111
vt 0.076796 0.982111
vt 0.076796 0.982111
vt 0.076796 0.982111
vt 0.076796 0.982111
vt 0.076796 0.982111
vt 0.076796 0.982111
vt 0.076796 0.982111
vt 0.076796 0.982111
vt 0.076796 0.982111
vt 0.076796 0.982111
vt 0.076796 0.982111
vt 0.076796 0.982111
vt 0.076796 0.982111
vt 0.076796 0.982111
vt 0.076796 0.982111
vt 0.076796 0.982111
vt 0.076796 0.982111
vt 0.076796 0.982111
vt 0.076796 0.982111
vt 0.076796 0.982111
vt 0.076796 0.982111
vt 0.076796 0.982111
vt 0.076796 0.982111
vt 0.076796 0.982111
vt 0.076796 0.982111
vt 0.076796 0.982111
vt 0.076796 0.982111
vt 0.076796 0.982111
vt 0.076796 0.982111
vt 0.076796 0.982111
vt 0.076796 0.982111
vt 0.076796 0.982111
vt 0.076796 0.982111
vt 0.076796 0.982111
vt 0.076796 0.982111
vt 0.076796 0.982111
vt 0.076796 0.982111
vt 0.076796 0.982111
vt 0.076796 0.982111
vt 0.076796 0.982111
vt 0.076796 0.982111
vt 0.076796 0.982111
vt 0.076796 0.982111
vt 0.076796 0.982111
vt 0.076796 0.982111
vt 0.076796 0.982111
vt 0.076796 0.982111
vt 0.076796 0.982111
vt 0.076796 0.982111
vt 0.076796 0.982111
vt 0.076796 0.982111
vt 0.076796 0.982111
vt 0.076796 0.982111
vt 0.076796 0.982111
vt 0.076796 0.982111
vt 0.076796 0.982111
vt 0.076796 0.982111
vt 0.076796 0.982111
vt 0.076796 0.982111
vt 0.076796 0.982111
vt 0.076796 0.982111
vt 0.076796 0.982111
vt 0.076796 0.982111
vt 0.076796 0.982111
vt 0.076796 0.982111
vt 0.076796 0.982111
vt 0.076796 0.982111
vt 0.076796 0.982111
vt 0.076796 0.982111
vt 0.076796 0.982111
vt 0.076796 0.982111
vt 0.076796 0.982111
vt 0.076796 0.982111
vt 0.076796 0.982111
vt 0.076796 0.982111
vt 0.076796 0.982111
vt 0.076796 0.982111
vt 0.076796 0.982111
vt 0.076796 0.982111
vt 0.076796 0.982111
vt 0.076796 0.982111
vt 0.076796 0.982111
vt 0.076796 0.982111
vt 0.076796 0.982111
vt 0.076796 0.982111
vt 0.076796 0.982111
vt 0.076796 0.982111
vt 0.076796 0.982111
vt 0.076796 0.982111
vt 0.076796 0.982111
vt 0.076796 0.982111
vt 0.076796 0.982111
vt 0.076796 0.982111
vt 0.076796 0.982111
vt 0.076796 0.982111
vt 0.076796 0.982111
vt 0.076796 0.982111
vt 0.076796 0.982111
vt 0.076796 0.982111
vt 0.076796 0.982111
vt 0.076796 0.982111
vt 0.076796 0.982111
vt 0.076796 0.982111
vt 0.076796 0.982111
vt 0.076796 0.982111
vt 0.076796 0.982111
vt 0.076796 0.982111
vt 0.076796 0.982111
vt 0.076796 0.982111
vt 0.076796 0.982111
vt 0.076796 0.982111
vt 0.076796 0.982111
vt 0.076796 0.982111
vt 0.076796 0.982111
vt 0.076796 0.982111
vt 0.076796 0.982111
vt 0.076796 0.982111
vt 0.076796 0.982111
vt 0.076796 0.982111
vt 0.076796 0.982111
vt 0.076796 0.982111
vt 0.076796 0.982111
vt 0.076796 0.982111
vt 0.076796 0.982111
vt 0.076796 0.982111
vt 0.076796 0.982111
vt 0.076796 0.982111
vt 0.076796 0.982111
vt 0.076796 0.982111
vt 0.076796 0.982111
vt 0.076796 0.982111
vt 0.076796 0.982111
vt 0.076796 0.982111
vt 0.076796 0.982111
vt 0.076796 0.982111
vt 0.076796 0.982111
vt 0.076796 0.982111
vt 0.076796 0.982111
vt 0.076796 0.982111
vt 0.076796 0.982111
vt 0.076796 0.982111
vt 0.076796 0.982111
vt 0.076796 0.982111
vt 0.076796 0.982111
vt 0.076796 0.982111
vt 0.076796 0.982111
vt 0.076796 0.982111
vt 0.076796 0.982111
vt 0.076796 0.982111
vt 0.076796 0.982111
vt 0.076796 0.982111
vt 0.076796 0.982111
vt 0.076796 0.982111
vt 0.076796 0.982111
vt 0.076796 0.982111
vt 0.076796 0.982111
vt 0.076796 0.982111
vt 0.076796 0.982111
vt 0.076796 0.982111
vt 0.076796 0.982111
vt 0.076796 0.982111
vt 0.076796 0.982111
vt 0.076796 0.982111
vt 0.076796 0.982111
vt 0.076796 0.982111
vt 0.076796 0.982111
vt 0.076796 0.982111
vt 0.076796 0.982111
vt 0.076796 0.982111
vt 0.076796 0.982111
vt 0.076796 0.982111
vt 0.076796 0.982111
vt 0.076796 0.982111
vt 0.076796 0.982111
vt 0.076796 0.982111
vt 0.076796 0.982111
vt 0.076796 0.982111
vt 0.076796 0.982111
vt 0.076796 0.982111
vt 0.076796 0.982111
vt 0.076796 0.982111
vt 0.076796 0.982111
vt 0.076796 0.982111
vt 0.076796 0.982111
vt 0.076796 0.982111
vt 0.076796 0.982111
vt 0.076796 0.982111
vt 0.076796 0.982111
vt 0.076796 0.982111
vt 0.076796 0.982111
vt 0.076796 0.982111
vt 0.076796 0.982111
vt 0.076796 0.982111
vt 0.076796 0.982111
vt 0.076796 0.982111
vt 0.076796 0.982111
vt 0.076796 0.982111
vt 0.076796 0.982111
vt 0.076796 0.982111
vt 0.076796 0.982111
vt 0.076796 0.982111
vt 0.076796 0.982111
vt 0.076796 0.982111
vt 0.076796 0.982111
vt 0.076796 0.982111
vt 0.076796 0.982111
vt 0.076796 0.982111
vt 0.076796 0.982111
vt 0.076796 0.982111
vt 0.076796 0.982111
vt 0.076796 0.982111
vt 0.076796 0.982111
vt 0.076796 0.982111
vt 0.076796 0.982111
vt 0.076796 0.982111
vt 0.076796 0.982111
vt 0.076796 0.982111
vt 0.076796 0.982111
vt 0.076796 0.982111
vt 0.076796 0.982111
vt 0.076796 0.982111
vt 0.076796 0.982111
vt 0.076796 0.982111
vt 0.076796 0.982111
vt 0.076796 0.982111
vt 0.076796 0.982111
vt 0.076796 0.982111
vt 0.076796 0.982111
vt 0.076796 0.982111
vt 0.076796 0.982111
vt 0.076796 0.982111
vt 0.076796 0.982111
vt 0.076796 0.982111
vt 0.076796 0.982111
vt 0.076796 0.982111
vt 0.076796 0.982111
vt 0.076796 0.982111
vt 0.076796 0.982111
vt 0.076796 0.982111
vt 0.076796 0.982111
vt 0.076796 0.982111
vt 0.076796 0.982111
vt 0.076796 0.982111
vt 0.076796 0.982111
vt 0.076796 0.982111
vt 0.076796 0.982111
vt 0.076796 0.982111
vt 0.076796 0.982111
vt 0.076796 0.982111
vt 0.076796 0.982111
vt 0.076796 0.982111
vt 0.076796 0.982111
vt 0.076796 0.982111
vt 0.076796 0.982111
vt 0.076796 0.982111
vt 0.076796 0.982111
vt 0.076796 0.982111
vt 0.076796 0.982111
vt 0.076796 0.982111
vt 0.076796 0.982111
vt 0.076796 0.982111
vt 0.076796 0.982111
vt 0.076796 0.982111
vt 0.076796 0.982111
vt 0.076796 0.982111
vt 0.076796 0.982111
vt 0.076796 0.982111
vt 0.076796 0.982111
vt 0.076796 0.982111
vt 0.076796 0.982111
vt 0.076796 0.982111
vt 0.076796 0.982111
vt 0.076796 0.982111
vt 0.076796 0.982111
vt 0.076796 0.982111
vt 0.076796 0.982111
vt 0.076796 0.982111
vt 0.076796 0.982111
vt 0.076796 0.982111
vt 0.076796 0.982111
vt 0.076796 0.982111
vt 0.076796 0.982111
vt 0.076796 0.982111
vt 0.076796 0.982111
vt 0.076796 0.982111
vt 0.076796 0.982111
vt 0.076796 0.982111
vt 0.076796 0.982111
vt 0.076796 0.982111
vt 0.076796 0.982111
vt 0.076796 0.982111
vt 0.076796 0.982111
vt 0.076796 0.982111
vt 0.076796 0.982111
vt 0.076796 0.982111
vt 0.076796 0.982111
vt 0.076796 0.982111
vt 0.076796 0.982111
vt 0.076796 0.982111
vt 0.076796 0.982111
vt 0.076796 0.982111
vt 0.076796 0.982111
vt 0.076796 0.982111
vt 0.076796 0.982111
vt 0.076796 0.982111
vt 0.076796 0.982111
vt 0.076796 0.982111
vt 0.076796 0.982111
vt 0.076796 0.982111
vt 0.076796 0.982111
vt 0.076796 0.982111
vt 0.076796 0.982111
vt 0.076796 0.982111
vt 0.076796 0.982111
vt 0.076796 0.982111
vt 0.076796 0.982111
vt 0.076796 0.982111
vt 0.076796 0.982111
vt 0.076796 0.982111
vt 0.076796 0.982111
vt 0.076796 0.982111
vt 0.076796 0.982111
vt 0.076796 0.982111
vt 0.076796 0.982111
vt 0.076796 0.982111
vt 0.076796 0.982111
vt 0.076796 0.982111
vt 0.076796 0.982111
vt 0.076796 0.982111
vt 0.076796 0.982111
vt 0.076796 0.982111
vt 0.076796 0.982111
vt 0.076796 0.982111
vt 0.076796 0.982111
vt 0.076796 0.982111
vt 0.076796 0.982111
vt 0.076796 0.982111
vt 0.076796 0.982111
vt 0.076796 0.982111
vt 0.076796 0.982111
vt 0.076796 0.982111
vt 0.076796 0.982111
vt 0.076796 0.982111
vt 0.076796 0.982111
vt 0.076796 0.982111
vt 0.076796 0.982111
vt 0.076796 0.982111
vt 0.076796 0.982111
vt 0.076796 0.982111
vt 0.076796 0.982111
vt 0.076796 0.982111
vt 0.076796 0.982111
vt 0.076796 0.982111
vt 0.076796 0.982111
vt 0.076796 0.982111
vt 0.076796 0.982111
vt 0.076796 0.982111
vt 0.076796 0.982111
vt 0.076796 0.982111
vt 0.076796 0.982111
vt 0.076796 0.982111
vt 0.076796 0.982111
vt 0.076796 0.982111
vt 0.076796 0.982111
vt 0.076796 0.982111
vt 0.076796 0.982111
vt 0.076796 0.982111
vt 0.076796 0.982111
vt 0.076796 0.982111
vt 0.076796 0.982111
vt 0.076796 0.982111
vt 0.076796 0.982111
vt 0.076796 0.982111
vt 0.076796 0.982111
vt 0.076796 0.982111
vt 0.076796 0.982111
vt 0.076796 0.982111
vt 0.076796 0.982111
vt 0.076796 0.982111
vt 0.076796 0.982111
vt 0.076796 0.982111
vt 0.076796 0.982111
vt 0.076796 0.982111
vt 0.076796 0.982111
vt 0.076796 0.982111
vt 0.076796 0.982111
vt 0.076796 0.982111
vt 0.076796 0.982111
vt 0.076796 0.982111
vt 0.076796 0.982111
vt 0.076796 0.982111
vt 0.076796 0.982111
vt 0.076796 0.982111
vt 0.076796 0.982111
vt 0.076796 0.982111
vt 0.076796 0.982111
vt 0.076796 0.982111
vt 0.076796 0.982111
vt 0.076796 0.982111
vt 0.076796 0.982111
vt 0.076796 0.982111
vt 0.076796 0.982111
vt 0.076796 0.982111
vt 0.076796 0.982111
vt 0.076796 0.982111
vt 0.076796 0.982111
vt 0.076796 0.982111
vt 0.076796 0.982111
vt 0.076796 0.982111
vt 0.076796 0.982111
vt 0.076796 0.982111
vt 0.076796 0.982111
vt 0.076796 0.982111
vt 0.076796 0.982111
vt 0.076796 0.982111
vt 0.076796 0.982111
vt 0.076796 0.982111
vt 0.076796 0.982111
vt 0.076796 0.982111
vt 0.076796 0.982111
vt 0.076796 0.982111
vt 0.076796 0.982111
vt 0.076796 0.982111
vt 0.076796 0.982111
vt 0.076796 0.982111
vt 0.076796 0.982111
vt 0.076796 0.982111
vt 0.076796 0.982111
vt 0.076796 0.982111
vt 0.076796 0.982111
vt 0.076796 0.982111
vt 0.076796 0.982111
vt 0.076796 0.982111
vt 0.076796 0.982111
vt 0.076796 0.982111
vt 0.076796 0.982111
vt 0.076796 0.982111
vt 0.076796 0.982111
vt 0.076796 0.982111
vt 0.076796 0.982111
vt 0.076796 0.982111
vt 0.076796 0.982111
vt 0.076796 0.982111
vt 0.076796 0.982111
vt 0.076796 0.982111
vt 0.076796 0.982111
vt 0.076796 0.982111
vt 0.076796 0.982111
vt 0.076796 0.982111
vt 0.076796 0.982111
vt 0.076796 0.982111
vt 0.076796 0.982111
vt 0.076796 0.982111
vt 0.076796 0.982111
vt 0.076796 0.982111
vt 0.076796 0.982111
vt 0.076796 0.982111
vt 0.076796 0.982111
vt 0.076796 0.982111
vt 0.076796 0.982111
vt 0.076796 0.982111
vt 0.076796 0.982111
vt 0.076796 0.982111
vt 0.076796 0.982111
vt 0.076796 0.982111
vt 0.076796 0.982111
vt 0.076796 0.982111
vt 0.076796 0.982111
vt 0.076796 0.982111
vt 0.076796 0.982111
vt 0.076796 0.982111
vt 0.076796 0.982111
vt 0.076796 0.982111
vt 0.076796 0.982111
vt 0.076796 0.982111
vt 0.076796 0.982111
vt 0.076796 0.982111
vt 0.076796 0.982111
vt 0.076796 0.982111
vt 0.076796 0.982111
vt 0.076796 0.982111
vt 0.076796 0.982111
vt 0.076796 0.982111
vt 0.076796 0.982111
vt 0.076796 0.982111
vt 0.076796 0.982111
vt 0.076796 0.982111
vt 0.076796 0.982111
vt 0.076796 0.982111
vt 0.076796 0.982111
vt 0.076796 0.982111
vt 0.076796 0.982111
vt 0.076796 0.982111
vt 0.076796 0.982111
vt 0.076796 0.982111
vt 0.076796 0.982111
vt 0.076796 0.982111
vt 0.076796 0.982111
vt 0.076796 0.982111
vt 0.076796 0.982111
vt 0.076796 0.982111
vt 0.076796 0.982111
vt 0.076796 0.982111
vt 0.076796 0.982111
vt 0.076796 0.982111
vt 0.076796 0.982111
vt 0.076796 0.982111
vt 0.076796 0.982111
vt 0.076796 0.982111
vt 0.076796 0.982111
vt 0.076796 0.982111
vt 0.076796 0.982111
vt 0.076796 0.982111
vt 0.076796 0.982111
vt 0.076796 0.982111
vt 0.076796 0.982111
vt 0.076796 0.982111
vt 0.076796 0.982111
vt 0.076796 0.982111
vt 0.076796 0.982111
vt 0.076796 0.982111
vt 0.076796 0.982111
vt 0.076796 0.982111
vt 0.076796 0.982111
vt 0.076796 0.982111
vt 0.076796 0.982111
vt 0.076796 0.982111
vt 0.076796 0.982111
vt 0.076796 0.982111
vt 0.076796 0.982111
vt 0.076796 0.982111
vt 0.076796 0.982111
vt 0.076796 0.982111
vt 0.076796 0.982111
vt 0.076796 0.982111
vt 0.076796 0.982111
vt 0.076796 0.982111
vt 0.076796 0.982111
vt 0.076796 0.982111
vt 0.076796 0.982111
vt 0.076796 0.982111
vt 0.076796 0.982111
vt 0.076796 0.982111
vt 0.076796 0.982111
vt 0.076796 0.982111
vt 0.076796 0.982111
vt 0.076796 0.982111
vt 0.076796 0.982111
vt 0.076796 0.982111
vt 0.076796 0.982111
vt 0.076796 0.982111
vt 0.076796 0.982111
vt 0.076796 0.982111
vt 0.076796 0.982111
vt 0.076796 0.982111
vt 0.076796 0.982111
vt 0.076796 0.982111
vt 0.076796 0.982111
vt 0.076796 0.982111
vt 0.076796 0.982111
vt 0.076796 0.982111
vt 0.076796 0.982111
vt 0.076796 0.982111
vt 0.076796 0.982111
vt 0.076796 0.982111
vt 0.076796 0.982111
vt 0.076796 0.982111
vt 0.076796 0.982111
vt 0.076796 0.982111
vt 0.076796 0.982111
vt 0.076796 0.982111
vt 0.076796 0.982111
vt 0.076796 0.982111
vt 0.076796 0.982111
vt 0.076796 0.982111
vt 0.076796 0.982111
vt 0.076796 0.982111
vt 0.076796 0.982111
vt 0.076796 0.982111
vt 0.076796 0.982111
vt 0.076796 0.982111
vt 0.076796 0.982111
vt 0.076796 0.982111
vt 0.076796 0.982111
vt 0.076796 0.982111
vt 0.076796 0.982111
vt 0.076796 0.982111
vt 0.076796 0.982111
vt 0.076796 0.982111
vt 0.076796 0.982111
vt 0.076796 0.982111
vt 0.076796 0.982111
vt 0.076796 0.982111
vt 0.076796 0.982111
vt 0.076796 0.982111
vt 0.076796 0.982111
vt 0.076796 0.982111
vt 0.076796 0.982111
vt 0.076796 0.982111
vt 0.076796 0.982111
vt 0.076796 0.982111
vt 0.076796 0.982111
vt 0.076796 0.982111
vt 0.076796 0.982111
vt 0.076796 0.982111
vt 0.076796 0.982111
vt 0.076796 0.982111
vt 0.076796 0.982111
vt 0.076796 0.982111
vt 0.076796 0.982111
vt 0.076796 0.982111
vt 0.076796 0.982111
vt 0.076796 0.982111
vt 0.076796 0.982111
vt 0.076796 0.982111
vt 0.076796 0.982111
vt 0.076796 0.982111
vt 0.076796 0.982111
vt 0.076796 0.982111
vt 0.076796 0.982111
vt 0.076796 0.982111
vt 0.076796 0.982111
vt 0.076796 0.982111
vt 0.076796 0.982111
vt 0.076796 0.982111
vt 0.076796 0.982111
vt 0.076796 0.982111
vt 0.076796 0.982111
vt 0.076796 0.982111
vt 0.076796 0.982111
vt 0.076796 0.982111
vt 0.076796 0.982111
vt 0.076796 0.982111
vt 0.076796 0.982111
vt 0.076796 0.982111
vt 0.076796 0.982111
vt 0.076796 0.982111
vt 0.076796 0.982111
vt 0.076796 0.982111
vt 0.076796 0.982111
vt 0.076796 0.982111
vt 0.076796 0.982111
vt 0.076796 0.982111
vt 0.076796 0.982111
vt 0.076796 0.982111
vt 0.076796 0.982111
vt 0.076796 0.982111
vt 0.076796 0.982111
vt 0.076796 0.982111
vt 0.076796 0.982111
vt 0.076796 0.982111
vt 0.076796 0.982111
vt 0.076796 0.982111
vt 0.076796 0.982111
vt 0.076796 0.982111
vt 0.076796 0.982111
vt 0.076796 0.982111
vt 0.076796 0.982111
vt 0.076796 0.982111
vt 0.076796 0.982111
vt 0.076796 0.982111
vt 0.076796 0.982111
vt 0.076796 0.982111
vt 0.076796 0.982111
vt 0.076796 0.982111
vt 0.076796 0.982111
vt 0.076796 0.982111
vt 0.076796 0.982111
vt 0.076796 0.982111
vt 0.076796 0.982111
vt 0.076796 0.982111
vt 0.076796 0.982111
vt 0.076796 0.982111
vt 0.076796 0.982111
vt 0.076796 0.982111
vt 0.076796 0.982111
vt 0.076796 0.982111
vt 0.076796 0.982111
vt 0.076796 0.982111
vt 0.076796 0.982111
vt 0.076796 0.982111
vt 0.076796 0.982111
vt 0.076796 0.982111
vt 0.076796 0.982111
vt 0.076796 0.982111
vt 0.076796 0.982111
vt 0.076796 0.982111
vt 0.076796 0.982111
vt 0.076796 0.982111
vt 0.076796 0.982111
vt 0.076796 0.982111
vt 0.076796 0.982111
vt 0.076796 0.982111
vt 0.076796 0.982111
vt 0.076796 0.982111
vt 0.076796 0.982111
vt 0.076796 0.982111
vt 0.076796 0.982111
vt 0.076796 0.982111
vt 0.076796 0.982111
vt 0.076796 0.982111
vt 0.076796 0.982111
vt 0.076796 0.982111
vt 0.076796 0.982111
vt 0.076796 0.982111
vt 0.076796 0.982111
vt 0.076796 0.982111
vt 0.076796 0.982111
vt 0.076796 0.982111
vt 0.076796 0.982111
vt 0.076796 0.982111
vt 0.076796 0.982111
vt 0.076796 0.982111
vt 0.076796 0.982111
vt 0.076796 0.982111
vt 0.076796 0.982111
vt 0.076796 0.982111
vt 0.076796 0.982111
vt 0.076796 0.982111
vt 0.076796 0.982111
vt 0.076796 0.982111
vt 0.076796 0.982111
vt 0.076796 0.982111
vt 0.076796 0.982111
vt 0.076796 0.982111
vt 0.076796 0.982111
vt 0.076796 0.982111
vt 0.076796 0.982111
vt 0.076796 0.982111
vt 0.076796 0.982111
vt 0.076796 0.982111
vt 0.076796 0.982111
vt 0.076796 0.982111
vt 0.076796 0.982111
vt 0.076796 0.982111
vt 0.076796 0.982111
vt 0.076796 0.982111
vt 0.076796 0.982111
vt 0.076796 0.982111
vt 0.076796 0.982111
vt 0.076796 0.982111
vt 0.076796 0.982111
vt 0.076796 0.982111
vt 0.076796 0.982111
vt 0.076796 0.982111
vt 0.076796 0.982111
vt 0.076796 0.982111
vt 0.076796 0.982111
vt 0.076796 0.982111
vt 0.076796 0.982111
vt 0.076796 0.982111
vt 0.076796 0.982111
vt 0.076796 0.982111
vt 0.076796 0.982111
vt 0.076796 0.982111
vt 0.076796 0.982111
vt 0.076796 0.982111
vt 0.076796 0.982111
vt 0.076796 0.982111
vt 0.076796 0.982111
vt 0.076796 0.982111
vt 0.076796 0.982111
vt 0.076796 0.982111
vt 0.076796 0.982111
vt 0.076796 0.982111
vt 0.076796 0.982111
vt 0.076796 0.982111
vt 0.076796 0.982111
vt 0.076796 0.982111
vt 0.076796 0.982111
vt 0.076796 0.982111
vt 0.076796 0.982111
vt 0.076796 0.982111
vt 0.076796 0.982111
vt 0.076796 0.982111
vt 0.076796 0.982111
vt 0.076796 0.982111
vt 0.076796 0.982111
vt 0.076796 0.982111
vt 0.076796 0.982111
vt 0.076796 0.982111
vt 0.076796 0.982111
vt 0.076796 0.982111
vt 0.076796 0.982111
vt 0.076796 0.982111
vt 0.076796 0.982111
vt 0.076796 0.982111
vt 0.076796 0.982111
vt 0.076796 0.982111
vt 0.076796 0.982111
vt 0.076796 0.982111
vt 0.076796 0.982111
vt 0.076796 0.982111
vt 0.076796 0.982111
vt 0.076796 0.982111
vt 0.076796 0.982111
vt 0.076796 0.982111
vt 0.076796 0.982111
vt 0.076796 0.982111
vt 0.076796 0.982111
vt 0.076796 0.982111
vt 0.076796 0.982111
vt 0.076796 0.982111
vt 0.076796 0.982111
vt 0.076796 0.982111
vt 0.076796 0.982111
vt 0.076796 0.982111
vt 0.076796 0.982111
vt 0.076796 0.982111
vt 0.076796 0.982111
vt 0.076796 0.982111
vt 0.076796 0.982111
vt 0.076796 0.982111
vt 0.076796 0.982111
vt 0.076796 0.982111
vt 0.076796 0.982111
vt 0.076796 0.982111
vt 0.076796 0.982111
vt 0.076796 0.982111
vt 0.076796 0.982111
vt 0.076796 0.982111
vt 0.076796 0.982111
vt 0.076796 0.982111
vt 0.076796 0.982111
vt 0.076796 0.982111
vt 0.076796 0.982111
vt 0.076796 0.982111
vt 0.076796 0.982111
vt 0.076796 0.982111
vt 0.076796 0.982111
vt 0.076796 0.982111
vt 0.076796 0.982111
vt 0.076796 0.982111
vt 0.076796 0.982111
vt 0.076796 0.982111
vt 0.076796 0.982111
vt 0.076796 0.982111
vt 0.076796 0.982111
vt 0.076796 0.982111
vt 0.076796 0.982111
vt 0.076796 0.982111
vt 0.076796 0.982111
vt 0.076796 0.982111
vt 0.076796 0.982111
vt 0.076796 0.982111
vt 0.076796 0.982111
vt 0.076796 0.982111
vt 0.076796 0.982111
vt 0.076796 0.982111
vt 0.076796 0.982111
vt 0.076796 0.982111
vt 0.076796 0.982111
vt 0.076796 0.982111
vt 0.076796 0.982111
vt 0.076796 0.982111
vt 0.076796 0.982111
vt 0.076796 0.982111
vt 0.076796 0.982111
vt 0.076796 0.982111
vt 0.076796 0.982111
vt 0.076796 0.982111
vt 0.076796 0.982111
vt 0.076796 0.982111
vt 0.076796 0.982111
vt 0.076796 0.982111
vt 0.076796 0.982111
vt 0.076796 0.982111
vt 0.076796 0.982111
vt 0.076796 0.982111
vt 0.076796 0.982111
vt 0.076796 0.982111
vt 0.076796 0.982111
vt 0.076796 0.982111
vt 0.076796 0.982111
vt 0.076796 0.982111
vt 0.076796 0.982111
vt 0.076796 0.982111
vt 0.076796 0.982111
vt 0.076796 0.982111
vt 0.076796 0.982111
vt 0.076796 0.982111
vt 0.076796 0.982111
vt 0.076796 0.982111
vt 0.076796 0.982111
vt 0.076796 0.982111
vt 0.076796 0.982111
vt 0.076796 0.982111
vt 0.076796 0.982111
vt 0.076796 0.982111
vt 0.076796 0.982111
vt 0.076796 0.982111
vt 0.076796 0.982111
vt 0.076796 0.982111
vt 0.076796 0.982111
vt 0.076796 0.982111
vt 0.076796 0.982111
vt 0.076796 0.982111
vt 0.076796 0.982111
vt 0.076796 0.982111
vt 0.076796 0.982111
vt 0.076796 0.982111
vt 0.076796 0.982111
vt 0.076796 0.982111
vt 0.076796 0.982111
vt 0.076796 0.982111
vt 0.076796 0.982111
vt 0.076796 0.982111
vt 0.076796 0.982111
vt 0.076796 0.982111
vt 0.076796 0.982111
vt 0.076796 0.982111
vt 0.076796 0.982111
vt 0.076796 0.982111
vt 0.076796 0.982111
vt 0.076796 0.982111
vt 0.076796 0.982111
vt 0.076796 0.982111
vt 0.076796 0.982111
vt 0.076796 0.982111
vt 0.076796 0.982111
vt 0.076796 0.982111
vt 0.076796 0.982111
vt 0.076796 0.982111
vt 0.076796 0.982111
vt 0.076796 0.982111
vt 0.076796 0.982111
vt 0.076796 0.982111
vt 0.076796 0.982111
vt 0.076796 0.982111
vt 0.076796 0.982111
vt 0.076796 0.982111
vt 0.076796 0.982111
vt 0.076796 0.982111
vt 0.076796 0.982111
vt 0.076796 0.982111
vt 0.076796 0.982111
vt 0.076796 0.982111
vt 0.076796 0.982111
vt 0.076796 0.982111
vt 0.076796 0.982111
vt 0.076796 0.982111
vt 0.076796 0.982111
vt 0.076796 0.982111
vt 0.076796 0.982111
vt 0.076796 0.982111
vt 0.076796 0.982111
vt 0.076796 0.982111
vt 0.076796 0.982111
vt 0.076796 0.982111
vt 0.076796 0.982111
vt 0.076796 0.982111
vt 0.076796 0.982111
vt 0.076796 0.982111
vt 0.076796 0.982111
vt 0.076796 0.982111
vt 0.076796 0.982111
vt 0.076796 0.982111
vt 0.076796 0.982111
vt 0.076796 0.982111
vt 0.076796 0.982111
vt 0.076796 0.982111
vt 0.076796 0.982111
vt 0.076796 0.982111
vt 0.076796 0.982111
vt 0.076796 0.982111
vt 0.076796 0.982111
vt 0.076796 0.982111
vt 0.076796 0.982111
vt 0.076796 0.982111
vt 0.076796 0.982111
vt 0.076796 0.982111
vt 0.076796 0.982111
vt 0.076796 0.982111
vt 0.076796 0.982111
vt 0.076796 0.982111
vt 0.076796 0.982111
vt 0.076796 0.982111
vt 0.076796 0.982111
vt 0.076796 0.982111
vt 0.076796 0.982111
vt 0.076796 0.982111
vt 0.076796 0.982111
vt 0.076796 0.982111
vt 0.076796 0.982111
vt 0.076796 0.982111
vt 0.076796 0.982111
vt 0.076796 0.982111
vt 0.076796 0.982111
vt 0.076796 0.982111
vt 0.076796 0.982111
vt 0.076796 0.982111
vt 0.076796 0.982111
vt 0.076796 0.982111
vt 0.076796 0.982111
vt 0.076796 0.982111
vt 0.076796 0.982111
vt 0.076796 0.982111
vt 0.076796 0.982111
vt 0.076796 0.982111
vt 0.076796 0.982111
vt 0.076796 0.982111
vt 0.076796 0.982111
vt 0.076796 0.982111
vt 0.076796 0.982111
vt 0.076796 0.982111
vt 0.076796 0.982111
vt 0.076796 0.982111
vt 0.076796 0.982111
vt 0.076796 0.982111
vt 0.076796 0.982111
vt 0.076796 0.982111
vt 0.076796 0.982111
vt 0.076796 0.982111
vt 0.076796 0.982111
vt 0.076796 0.982111
vt 0.076796 0.982111
vt 0.076796 0.982111
vt 0.076796 0.982111
vt 0.076796 0.982111
vt 0.076796 0.982111
vt 0.076796 0.982111
vt 0.076796 0.982111
vt 0.076796 0.982111
vt 0.076796 0.982111
vt 0.076796 0.982111
vt 0.076796 0.982111
vt 0.076796 0.982111
vt 0.076796 0.982111
vt 0.076796 0.982111
vt 0.076796 0.982111
vt 0.076796 0.982111
vt 0.076796 0.982111
vt 0.076796 0.982111
vt 0.076796 0.982111
vt 0.076796 0.982111
vt 0.076796 0.982111
vt 0.076796 0.982111
vt 0.076796 0.982111
vt 0.076796 0.982111
vt 0.076796 0.982111
vt 0.076796 0.982111
vt 0.076796 0.982111
vt 0.076796 0.982111
vt 0.076796 0.982111
vt 0.076796 0.982111
vt 0.076796 0.982111
vt 0.076796 0.982111
vt 0.076796 0.982111
vt 0.076796 0.982111
vt 0.076796 0.982111
vt 0.076796 0.982111
vt 0.076796 0.982111
vt 0.076796 0.982111
vt 0.076796 0.982111
vt 0.076796 0.982111
vt 0.076796 0.982111
vt 0.076796 0.982111
vt 0.076796 0.982111
vt 0.076796 0.982111
vt 0.076796 0.982111
vt 0.076796 0.982111
vt 0.076796 0.982111
vt 0.076796 0.982111
vt 0.076796 0.982111
vt 0.076796 0.982111
vt 0.076796 0.982111
vt 0.076796 0.982111
vt 0.076796 0.982111
vt 0.076796 0.982111
vt 0.076796 0.982111
vt 0.076796 0.982111
vt 0.076796 0.982111
vt 0.076796 0.982111
vt 0.076796 0.982111
vt 0.076796 0.982111
vt 0.076796 0.982111
vt 0.076796 0.982111
vt 0.076796 0.982111
vt 0.076796 0.982111
vt 0.076796 0.982111
vt 0.076796 0.982111
vt 0.076796 0.982111
vt 0.076796 0.982111
vt 0.076796 0.982111
vt 0.076796 0.982111
vt 0.076796 0.982111
vt 0.076796 0.982111
vt 0.076796 0.982111
vt 0.076796 0.982111
vt 0.076796 0.982111
vt 0.076796 0.982111
vt 0.076796 0.982111
vt 0.076796 0.982111
vt 0.076796 0.982111
vt 0.076796 0.982111
vt 0.076796 0.982111
vt 0.076796 0.982111
vt 0.076796 0.982111
vt 0.076796 0.982111
vt 0.076796 0.982111
vt 0.076796 0.982111
vt 0.076796 0.982111
vt 0.076796 0.982111
vt 0.076796 0.982111
vt 0.076796 0.982111
vt 0.076796 0.982111
vt 0.076796 0.982111
vt 0.076796 0.982111
vt 0.076796 0.982111
vt 0.076796 0.982111
vt 0.076796 0.982111
vt 0.076796 0.982111
vt 0.076796 0.982111
vt 0.076796 0.982111
vt 0.076796 0.982111
vt 0.076796 0.982111
vt 0.076796 0.982111
vt 0.076796 0.982111
vt 0.076796 0.982111
vt 0.076796 0.982111
vt 0.076796 0.982111
vt 0.076796 0.982111
vt 0.076796 0.982111
vt 0.076796 0.982111
vt 0.076796 0.982111
vt 0.076796 0.982111
vt 0.076796 0.982111
vt 0.076796 0.982111
vt 0.076796 0.982111
vt 0.076796 0.982111
vt 0.076796 0.982111
vt 0.076796 0.982111
vt 0.076796 0.982111
vt 0.076796 0.982111
vt 0.076796 0.982111
vt 0.076796 0.982111
vt 0.076796 0.982111
vt 0.076796 0.982111
vt 0.076796 0.982111
vt 0.076796 0.982111
vt 0.076796 0.982111
vt 0.076796 0.982111
vt 0.076796 0.982111
vt 0.076796 0.982111
vt 0.076796 0.982111
vt 0.076796 0.982111
vt 0.076796 0.982111
vt 0.076796 0.982111
vt 0.076796 0.982111
vt 0.076796 0.982111
vt 0.076796 0.982111
vt 0.076796 0.982111
vt 0.076796 0.982111
vt 0.076796 0.982111
vt 0.076796 0.982111
vt 0.076796 0.982111
vt 0.076796 0.982111
vt 0.076796 0.982111
vt 0.076796 0.982111
vt 0.076796 0.982111
vt 0.076796 0.982111
vt 0.076796 0.982111
vt 0.076796 0.982111
vt 0.076796 0.982111
vt 0.076796 0.982111
vt 0.076796 0.982111
vt 0.076796 0.982111
vt 0.076796 0.982111
vt 0.076796 0.982111
vt 0.076796 0.982111
vt 0.076796 0.982111
vt 0.076796 0.982111
vt 0.076796 0.982111
vt 0.076796 0.982111
vt 0.076796 0.982111
vt 0.076796 0.982111
vt 0.076796 0.982111
vt 0.076796 0.982111
vt 0.076796 0.982111
vt 0.076796 0.982111
vt 0.076796 0.982111
vt 0.076796 0.982111
vt 0.076796 0.982111
vt 0.076796 0.982111
vt 0.076796 0.982111
vt 0.076796 0.982111
vt 0.076796 0.982111
vt 0.076796 0.982111
vt 0.076796 0.982111
vt 0.076796 0.982111
vt 0.076796 0.982111
vt 0.076796 0.982111
vt 0.076796 0.982111
vt 0.076796 0.982111
vt 0.076796 0.982111
vt 0.076796 0.982111
vt 0.076796 0.982111
vt 0.076796 0.982111
vt 0.076796 0.982111
vt 0.076796 0.982111
vt 0.076796 0.982111
vt 0.076796 0.982111
vt 0.076796 0.982111
vt 0.076796 0.982111
vt 0.076796 0.982111
vt 0.076796 0.982111
vt 0.076796 0.982111
vt 0.076796 0.982111
vt 0.076796 0.982111
vt 0.076796 0.982111
vt 0.076796 0.982111
vt 0.076796 0.982111
vt 0.076796 0.982111
vt 0.076796 0.982111
vt 0.076796 0.982111
vt 0.076796 0.982111
vt 0.076796 0.982111
vt 0.076796 0.982111
vt 0.076796 0.982111
vt 0.076796 0.982111
vt 0.076796 0.982111
vt 0.076796 0.982111
vt 0.076796 0.982111
vt 0.076796 0.982111
vt 0.076796 0.982111
vt 0.076796 0.982111
vt 0.076796 0.982111
vt 0.076796 0.982111
vt 0.076796 0.982111
vt 0.076796 0.982111
vt 0.076796 0.982111
vt 0.076796 0.982111
vt 0.076796 0.982111
vt 0.076796 0.982111
vt 0.076796 0.982111
vt 0.076796 0.982111
vt 0.076796 0.982111
vt 0.076796 0.982111
vt 0.076796 0.982111
vt 0.076796 0.982111
vt 0.076796 0.982111
vt 0.076796 0.982111
vt 0.076796 0.982111
vt 0.076796 0.982111
vt 0.076796 0.982111
vt 0.076796 0.982111
vt 0.076796 0.982111
vt 0.076796 0.982111
vt 0.076796 0.982111
vt 0.076796 0.982111
vt 0.076796 0.982111
vt 0.076796 0.982111
vt 0.076796 0.982111
vt 0.076796 0.982111
vt 0.076796 0.982111
vt 0.076796 0.982111
vt 0.076796 0.982111
vt 0.076796 0.982111
vt 0.076796 0.982111
vt 0.076796 0.982111
vt 0.076796 0.982111
vt 0.076796 0.982111
vt 0.076796 0.982111
vt 0.076796 0.982111
vt 0.076796 0.982111
vt 0.076796 0.982111
vt 0.076796 0.982111
vt 0.076796 0.982111
vt 0.076796 0.982111
vt 0.076796 0.982111
vt 0.076796 0.982111
vt 0.076796 0.982111
vt 0.076796 0.982111
vt 0.076796 0.982111
vt 0.076796 0.982111
vt 0.076796 0.982111
vt 0.076796 0.982111
vt 0.076796 0.982111
vt 0.076796 0.982111
vt 0.076796 0.982111
vt 0.076796 0.982111
vt 0.076796 0.982111
vt 0.076796 0.982111
vt 0.076796 0.982111
vt 0.076796 0.982111
vt 0.076796 0.982111
vt 0.076796 0.982111
vt 0.076796 0.982111
vt 0.076796 0.982111
vt 0.076796 0.982111
vt 0.076796 0.982111
vt 0.076796 0.982111
vt 0.076796 0.982111
vt 0.076796 0.982111
vt 0.076796 0.982111
vt 0.076796 0.982111
vt 0.076796 0.982111
vt 0.076796 0.982111
vt 0.076796 0.982111
vt 0.076796 0.982111
vt 0.076796 0.982111
vt 0.076796 0.982111
vt 0.076796 0.982111
vt 0.076796 0.982111
vt 0.076796 0.982111
vt 0.076796 0.982111
vt 0.076796 0.982111
vt 0.076796 0.982111
vt 0.076796 0.982111
vt 0.076796 0.982111
vt 0.076796 0.982111
vt 0.076796 0.982111
vt 0.076796 0.982111
vt 0.076796 0.982111
vt 0.076796 0.982111
vt 0.076796 0.982111
vt 0.076796 0.982111
vt 0.076796 0.982111
vt 0.076796 0.982111
vt 0.076796 0.982111
vt 0.076796 0.982111
vt 0.076796 0.982111
vt 0.076796 0.982111
vt 0.076796 0.982111
vt 0.076796 0.982111
vt 0.076796 0.982111
vt 0.076796 0.982111
vt 0.076796 0.982111
vt 0.076796 0.982111
vt 0.076796 0.982111
vt 0.076796 0.982111
vt 0.076796 0.982111
vt 0.076796 0.982111
vt 0.076796 0.982111
vt 0.076796 0.982111
vt 0.076796 0.982111
vt 0.076796 0.982111
vt 0.076796 0.982111
vt 0.076796 0.982111
vt 0.076796 0.982111
vt 0.076796 0.982111
vt 0.076796 0.982111
vt 0.076796 0.982111
vt 0.076796 0.982111
vt 0.076796 0.982111
vt 0.076796 0.982111
vt 0.076796 0.982111
vt 0.076796 0.982111
vt 0.076796 0.982111
vt 0.076796 0.982111
vt 0.076796 0.982111
vt 0.076796 0.982111
vt 0.076796 0.982111
vt 0.076796 0.982111
vt 0.076796 0.982111
vt 0.076796 0.982111
vt 0.076796 0.982111
vt 0.076796 0.982111
vt 0.076796 0.982111
vt 0.076796 0.982111
vt 0.076796 0.982111
vt 0.076796 0.982111
vt 0.076796 0.982111
vt 0.076796 0.982111
vt 0.076796 0.982111
vt 0.076796 0.982111
vt 0.076796 0.982111
vt 0.076796 0.982111
vt 0.076796 0.982111
vt 0.076796 0.982111
vt 0.076796 0.982111
vt 0.076796 0.982111
vt 0.076796 0.982111
vt 0.076796 0.982111
vt 0.076796 0.982111
vt 0.076796 0.982111
vt 0.076796 0.982111
vt 0.076796 0.982111
vt 0.076796 0.982111
vt 0.076796 0.982111
vt 0.076796 0.982111
vt 0.076796 0.982111
vt 0.076796 0.982111
vt 0.076796 0.982111
vt 0.076796 0.982111
vt 0.076796 0.982111
vt 0.076796 0.982111
vt 0.076796 0.982111
vt 0.076796 0.982111
vt 0.076796 0.982111
vt 0.076796 0.982111
vt 0.076796 0.982111
vt 0.076796 0.982111
vt 0.076796 0.982111
vt 0.076796 0.982111
vt 0.076796 0.982111
vt 0.076796 0.982111
vt 0.076796 0.982111
vt 0.076796 0.982111
vt 0.076796 0.982111
vt 0.076796 0.982111
vt 0.076796 0.982111
vt 0.076796 0.982111
vt 0.076796 0.982111
vt 0.076796 0.982111
vt 0.076796 0.982111
vt 0.076796 0.982111
vt 0.076796 0.982111
vt 0.076796 0.982111
vt 0.076796 0.982111
vt 0.076796 0.982111
vt 0.076796 0.982111
vt 0.076796 0.982111
vt 0.076796 0.982111
vt 0.076796 0.982111
vt 0.076796 0.982111
vt 0.076796 0.982111
vt 0.076796 0.982111
vt 0.076796 0.982111
vt 0.076796 0.982111
vt 0.076796 0.982111
vt 0.076796 0.982111
vt 0.076796 0.982111
vt 0.076796 0.982111
vt 0.076796 0.982111
vt 0.076796 0.982111
vt 0.076796 0.982111
vt 0.076796 0.982111
vt 0.076796 0.982111
vt 0.076796 0.982111
vt 0.076796 0.982111
vt 0.076796 0.982111
vt 0.076796 0.982111
vt 0.076796 0.982111
vt 0.076796 0.982111
vt 0.076796 0.982111
vt 0.076796 0.982111
vt 0.076796 0.982111
vt 0.076796 0.982111
vt 0.076796 0.982111
vt 0.076796 0.982111
vt 0.076796 0.982111
vt 0.076796 0.982111
vt 0.076796 0.982111
vt 0.076796 0.982111
vt 0.076796 0.982111
vt 0.076796 0.982111
vt 0.076796 0.982111
vt 0.076796 0.982111
vt 0.076796 0.982111
vt 0.076796 0.982111
vt 0.076796 0.982111
vt 0.076796 0.982111
vt 0.076796 0.982111
vt 0.076796 0.982111
vt 0.076796 0.982111
vt 0.076796 0.982111
vt 0.076796 0.982111
vt 0.076796 0.982111
vt 0.076796 0.982111
vt 0.076796 0.982111
vt 0.076796 0.982111
vt 0.076796 0.982111
vt 0.076796 0.982111
vt 0.076796 0.982111
vt 0.076796 0.982111
vt 0.076796 0.982111
vt 0.076796 0.982111
vt 0.076796 0.982111
vt 0.076796 0.982111
vt 0.076796 0.982111
vt 0.076796 0.982111
vt 0.076796 0.982111
vt 0.076796 0.982111
vt 0.076796 0.982111
vt 0.076796 0.982111
vt 0.076796 0.982111
vt 0.076796 0.982111
vt 0.076796 0.982111
vt 0.076796 0.982111
vt 0.076796 0.982111
vt 0.076796 0.982111
vt 0.076796 0.982111
vt 0.076796 0.982111
vt 0.076796 0.982111
vt 0.076796 0.982111
vt 0.076796 0.982111
vt 0.076796 0.982111
vt 0.076796 0.982111
vt 0.076796 0.982111
vt 0.076796 0.982111
vt 0.076796 0.982111
vt 0.076796 0.982111
vt 0.076796 0.982111
vt 0.076796 0.982111
vt 0.076796 0.982111
vt 0.076796 0.982111
vt 0.076796 0.982111
vt 0.076796 0.982111
vt 0.076796 0.982111
vt 0.076796 0.982111
vt 0.076796 0.982111
vt 0.076796 0.982111
vt 0.076796 0.982111
vt 0.076796 0.982111
vt 0.076796 0.982111
vt 0.076796 0.982111
vt 0.076796 0.982111
vt 0.076796 0.982111
vt 0.076796 0.982111
vt 0.076796 0.982111
vt 0.076796 0.982111
vt 0.076796 0.982111
vt 0.076796 0.982111
vt 0.076796 0.982111
vt 0.076796 0.982111
vt 0.076796 0.982111
vt 0.076796 0.982111
vt 0.076796 0.982111
vt 0.076796 0.982111
vt 0.076796 0.982111
vt 0.076796 0.982111
vt 0.076796 0.982111
vt 0.076796 0.982111
vt 0.076796 0.982111
vt 0.076796 0.982111
vt 0.076796 0.982111
vt 0.076796 0.982111
vt 0.076796 0.982111
vt 0.076796 0.982111
vt 0.076796 0.982111
vt 0.076796 0.982111
vt 0.076796 0.982111
vt 0.076796 0.982111
vt 0.076796 0.982111
vt 0.076796 0.982111
vt 0.076796 0.982111
vt 0.076796 0.982111
vt 0.076796 0.982111
vt 0.076796 0.982111
vt 0.076796 0.982111
vt 0.076796 0.982111
vt 0.076796 0.982111
vt 0.076796 0.982111
vt 0.076796 0.982111
vt 0.076796 0.982111
vt 0.076796 0.982111
vt 0.076796 0.982111
vt 0.076796 0.982111
vt 0.076796 0.982111
vt 0.076796 0.982111
vt 0.076796 0.982111
vt 0.076796 0.982111
vt 0.076796 0.982111
vt 0.076796 0.982111
vt 0.076796 0.982111
vt 0.076796 0.982111
vt 0.076796 0.982111
vt 0.076796 0.982111
vt 0.076796 0.982111
vt 0.076796 0.982111
vt 0.076796 0.982111
vt 0.076796 0.982111
vt 0.076796 0.982111
vt 0.076796 0.982111
vt 0.076796 0.982111
vt 0.076796 0.982111
vt 0.076796 0.982111
vt 0.076796 0.982111
vt 0.076796 0.982111
vt 0.076796 0.982111
vt 0.076796 0.982111
vt 0.076796 0.982111
vt 0.076796 0.982111
vt 0.076796 0.982111
vt 0.076796 0.982111
vt 0.076796 0.982111
vt 0.076796 0.982111
vt 0.076796 0.982111
vt 0.076796 0.982111
vt 0.076796 0.982111
vt 0.076796 0.982111
vt 0.076796 0.982111
vt 0.076796 0.982111
vt 0.076796 0.982111
vt 0.076796 0.982111
vt 0.076796 0.982111
vt 0.076796 0.982111
vt 0.076796 0.982111
vt 0.076796 0.982111
vt 0.076796 0.982111
vt 0.076796 0.982111
vt 0.076796 0.982111
vt 0.076796 0.982111
vt 0.076796 0.982111
vt 0.076796 0.982111
vt 0.076796 0.982111
vt 0.076796 0.982111
vt 0.076796 0.982111
vt 0.076796 0.982111
vt 0.076796 0.982111
vt 0.076796 0.982111
vt 0.076796 0.982111
vt 0.076796 0.982111
vt 0.076796 0.982111
vt 0.076796 0.982111
vt 0.076796 0.982111
vt 0.076796 0.982111
vt 0.076796 0.982111
vt 0.076796 0.982111
vt 0.076796 0.982111
vt 0.076796 0.982111
vt 0.076796 0.982111
vt 0.076796 0.982111
vt 0.076796 0.982111
vt 0.076796 0.982111
vt 0.076796 0.982111
vt 0.076796 0.982111
vt 0.076796 0.982111
vt 0.076796 0.982111
vt 0.076796 0.982111
vt 0.076796 0.982111
vt 0.076796 0.982111
vt 0.076796 0.982111
vt 0.076796 0.982111
vt 0.076796 0.982111
vt 0.076796 0.982111
vt 0.076796 0.982111
vt 0.076796 0.982111
vt 0.076796 0.982111
vt 0.076796 0.982111
vt 0.076796 0.982111
vt 0.076796 0.982111
vt 0.076796 0.982111
vt 0.076796 0.982111
vt 0.076796 0.982111
vt 0.076796 0.982111
vt 0.076796 0.982111
vt 0.076796 0.982111
vt 0.076796 0.982111
vt 0.076796 0.982111
vt 0.076796 0.982111
vt 0.076796 0.982111
vt 0.076796 0.982111
vt 0.076796 0.982111
vt 0.076796 0.982111
vt 0.076796 0.982111
vt 0.076796 0.982111
vt 0.076796 0.982111
vt 0.076796 0.982111
vt 0.076796 0.982111
vt 0.076796 0.982111
vt 0.076796 0.982111
vt 0.076796 0.982111
vt 0.076796 0.982111
vt 0.076796 0.982111
vt 0.076796 0.982111
vt 0.076796 0.982111
vt 0.076796 0.982111
vt 0.076796 0.982111
vt 0.076796 0.982111
vt 0.076796 0.982111
vt 0.076796 0.982111
vt 0.076796 0.982111
vt 0.076796 0.982111
vt 0.076796 0.982111
vt 0.076796 0.982111
vt 0.076796 0.982111
vt 0.076796 0.982111
vt 0.076796 0.982111
vt 0.076796 0.982111
vt 0.076796 0.982111
vt 0.076796 0.982111
vt 0.076796 0.982111
vt 0.076796 0.982111
vt 0.076796 0.982111
vt 0.076796 0.982111
vt 0.076796 0.982111
vt 0.076796 0.982111
vt 0.076796 0.982111
vt 0.076796 0.982111
vt 0.076796 0.982111
vt 0.076796 0.982111
vt 0.076796 0.982111
vt 0.076796 0.982111
vt 0.076796 0.982111
vt 0.076796 0.982111
vt 0.076796 0.982111
vt 0.076796 0.982111
vt 0.076796 0.982111
vt 0.076796 0.982111
vt 0.076796 0.982111
vt 0.076796 0.982111
vt 0.076796 0.982111
vt 0.076796 0.982111
vt 0.076796 0.982111
vt 0.076796 0.982111
vt 0.076796 0.982111
vt 0.076796 0.982111
vt 0.076796 0.982111
vt 0.076796 0.982111
vt 0.076796 0.982111
vt 0.076796 0.982111
vt 0.076796 0.982111
vt 0.076796 0.982111
vt 0.076796 0.982111
vt 0.076796 0.982111
vt 0.076796 0.982111
vt 0.076796 0.982111
vt 0.076796 0.982111
vt 0.076796 0.982111
vt 0.076796 0.982111
vt 0.076796 0.982111
vt 0.076796 0.982111
vt 0.076796 0.982111
vt 0.076796 0.982111
vt 0.076796 0.982111
vt 0.076796 0.982111
vt 0.076796 0.982111
vt 0.076796 0.982111
vt 0.076796 0.982111
vt 0.076796 0.982111
vt 0.076796 0.982111
vt 0.076796 0.982111
vt 0.076796 0.982111
vt 0.076796 0.982111
vt 0.076796 0.982111
vt 0.076796 0.982111
vt 0.076796 0.982111
vt 0.076796 0.982111
vt 0.076796 0.982111
vt 0.076796 0.982111
vt 0.076796 0.982111
vt 0.076796 0.982111
vt 0.076796 0.982111
vt 0.076796 0.982111
vt 0.076796 0.982111
vt 0.076796 0.982111
vt 0.076796 0.982111
vt 0.076796 0.982111
vt 0.076796 0.982111
vt 0.076796 0.982111
vt 0.076796 0.982111
vt 0.076796 0.982111
vt 0.076796 0.982111
vt 0.076796 0.982111
vt 0.076796 0.982111
vt 0.076796 0.982111
vt 0.076796 0.982111
vt 0.076796 0.982111
vt 0.076796 0.982111
vt 0.076796 0.982111
vt 0.076796 0.982111
vt 0.076796 0.982111
vt 0.076796 0.982111
vt 0.076796 0.982111
vt 0.076796 0.982111
vt 0.076796 0.982111
vt 0.076796 0.982111
vt 0.076796 0.982111
vt 0.076796 0.982111
vt 0.076796 0.982111
vt 0.076796 0.982111
vt 0.076796 0.982111
vt 0.076796 0.982111
vt 0.076796 0.982111
vt 0.076796 0.982111
vt 0.076796 0.982111
vt 0.076796 0.982111
vt 0.076796 0.982111
vt 0.076796 0.982111
vt 0.076796 0.982111
vt 0.076796 0.982111
vt 0.076796 0.982111
vt 0.076796 0.982111
vt 0.076796 0.982111
vt 0.076796 0.982111
vt 0.076796 0.982111
vt 0.076796 0.982111
vt 0.076796 0.982111
vt 0.076796 0.982111
vt 0.076796 0.982111
vt 0.076796 0.982111
vt 0.076796 0.982111
vt 0.076796 0.982111
vt 0.076796 0.982111
vt 0.076796 0.982111
vt 0.076796 0.982111
vt 0.076796 0.982111
vt 0.076796 0.982111
vt 0.076796 0.982111
vt 0.076796 0.982111
vt 0.076796 0.982111
vt 0.076796 0.982111
vt 0.076796 0.982111
vt 0.076796 0.982111
vt 0.076796 0.982111
vt 0.076796 0.982111
vt 0.076796 0.982111
vt 0.076796 0.982111
vt 0.076796 0.982111
vt 0.076796 0.982111
vt 0.076796 0.982111
vt 0.076796 0.982111
vt 0.076796 0.982111
vt 0.076796 0.982111
vt 0.076796 0.982111
vt 0.076796 0.982111
vt 0.076796 0.982111
vt 0.076796 0.982111
vt 0.076796 0.982111
vt 0.076796 0.982111
vt 0.076796 0.982111
vt 0.076796 0.982111
vt 0.076796 0.982111
vt 0.076796 0.982111
vt 0.076796 0.982111
vt 0.076796 0.982111
vt 0.076796 0.982111
vt 0.076796 0.982111
vt 0.076796 0.982111
vt 0.076796 0.982111
vt 0.076796 0.982111
vt 0.076796 0.982111
vt 0.076796 0.982111
vt 0.076796 0.982111
vt 0.076796 0.982111
vt 0.076796 0.982111
vt 0.076796 0.982111
vt 0.076796 0.982111
vt 0.076796 0.982111
vt 0.076796 0.982111
vt 0.076796 0.982111
vt 0.076796 0.982111
vt 0.076796 0.982111
vt 0.076796 0.982111
vt 0.076796 0.982111
vt 0.076796 0.982111
vt 0.076796 0.982111
vt 0.076796 0.982111
vt 0.076796 0.982111
vt 0.076796 0.982111
vt 0.076796 0.982111
vt 0.076796 0.982111
vt 0.076796 0.982111
vt 0.076796 0.982111
vt 0.076796 0.982111
vt 0.076796 0.982111
vt 0.076796 0.982111
vt 0.076796 0.982111
vt 0.076796 0.982111
vt 0.076796 0.982111
vt 0.076796 0.982111
vt 0.076796 0.982111
vt 0.076796 0.982111
vt 0.076796 0.982111
vt 0.076796 0.982111
vt 0.076796 0.982111
vt 0.076796 0.982111
vt 0.076796 0.982111
vt 0.076796 0.982111
vt 0.076796 0.982111
vt 0.076796 0.982111
vt 0.076796 0.982111
vt 0.076796 0.982111
vt 0.076796 0.982111
vt 0.076796 0.982111
vt 0.076796 0.982111
vt 0.076796 0.982111
vt 0.076796 0.982111
vt 0.076796 0.982111
vt 0.076796 0.982111
vt 0.076796 0.982111
vt 0.076796 0.982111
vt 0.076796 0.982111
vt 0.076796 0.982111
vt 0.076796 0.982111
vt 0.076796 0.982111
vt 0.076796 0.982111
vt 0.076796 0.982111
vt 0.076796 0.982111
vt 0.076796 0.982111
vt 0.076796 0.982111
vt 0.076796 0.982111
vt 0.076796 0.982111
vt 0.076796 0.982111
vt 0.076796 0.982111
vt 0.076796 0.982111
vt 0.076796 0.982111
vt 0.076796 0.982111
vt 0.076796 0.982111
vt 0.076796 0.982111
vt 0.076796 0.982111
vt 0.076796 0.982111
vt 0.076796 0.982111
vt 0.076796 0.982111
vt 0.076796 0.982111
vt 0.076796 0.982111
vt 0.076796 0.982111
vt 0.076796 0.982111
vt 0.076796 0.982111
vt 0.076796 0.982111
vt 0.076796 0.982111
vt 0.076796 0.982111
vt 0.076796 0.982111
vt 0.076796 0.982111
vt 0.076796 0.982111
vt 0.076796 0.982111
vt 0.076796 0.982111
vt 0.076796 0.982111
vt 0.076796 0.982111
vt 0.076796 0.982111
vt 0.076796 0.982111
vt 0.076796 0.982111
vt 0.076796 0.982111
vt 0.076796 0.982111
vt 0.076796 0.982111
vt 0.076796 0.982111
vt 0.076796 0.982111
vt 0.076796 0.982111
vt 0.076796 0.982111
vt 0.076796 0.982111
vt 0.076796 0.982111
vt 0.076796 0.982111
vt 0.076796 0.982111
vt 0.076796 0.982111
vt 0.076796 0.982111
vt 0.076796 0.982111
vt 0.076796 0.982111
vt 0.076796 0.982111
vt 0.076796 0.982111
vt 0.076796 0.982111
vt 0.076796 0.982111
vt 0.076796 0.982111
vt 0.076796 0.982111
vt 0.076796 0.982111
vt 0.076796 0.982111
vt 0.076796 0.982111
vt 0.076796 0.982111
vt 0.076796 0.982111
vt 0.076796 0.982111
vt 0.076796 0.982111
vt 0.076796 0.982111
vt 0.076796 0.982111
vt 0.076796 0.982111
vt 0.076796 0.982111
vt 0.076796 0.982111
vt 0.076796 0.982111
vt 0.076796 0.982111
vt 0.076796 0.982111
vt 0.076796 0.982111
vt 0.076796 0.982111
vt 0.076796 0.982111
vt 0.076796 0.982111
vt 0.076796 0.982111
vt 0.076796 0.982111
vt 0.076796 0.982111
vt 0.076796 0.982111
vt 0.076796 0.982111
vt 0.076796 0.982111
vt 0.076796 0.982111
vt 0.076796 0.982111
vt 0.076796 0.982111
vt 0.076796 0.982111
vt 0.076796 0.982111
vt 0.076796 0.982111
vt 0.076796 0.982111
vt 0.076796 0.982111
vt 0.076796 0.982111
vt 0.076796 0.982111
vt 0.076796 0.982111
vt 0.076796 0.982111
vt 0.076796 0.982111
vt 0.076796 0.982111
vt 0.076796 0.982111
vt 0.076796 0.982111
vt 0.076796 0.982111
vt 0.076796 0.982111
vt 0.076796 0.982111
vt 0.076796 0.982111
vt 0.076796 0.982111
vt 0.076796 0.982111
vt 0.076796 0.982111
vt 0.076796 0.982111
vt 0.076796 0.982111
vt 0.076796 0.982111
vt 0.076796 0.982111
vt 0.076796 0.982111
vt 0.076796 0.982111
vt 0.076796 0.982111
vt 0.076796 0.982111
vt 0.076796 0.982111
vt 0.076796 0.982111
vt 0.076796 0.982111
vt 0.076796 0.982111
vt 0.076796 0.982111
vt 0.076796 0.982111
vt 0.076796 0.982111
vt 0.076796 0.982111
vt 0.076796 0.982111
vt 0.076796 0.982111
vt 0.076796 0.982111
vt 0.076796 0.982111
vt 0.076796 0.982111
vt 0.076796 0.982111
vt 0.076796 0.982111
vt 0.076796 0.982111
vt 0.076796 0.982111
vt 0.076796 0.982111
vt 0.076796 0.982111
vt 0.076796 0.982111
vt 0.076796 0.982111
vt 0.076796 0.982111
vt 0.076796 0.982111
vt 0.076796 0.982111
vt 0.076796 0.982111
vt 0.076796 0.982111
vt 0.076796 0.982111
vt 0.076796 0.982111
vt 0.076796 0.982111
vt 0.076796 0.982111
vt 0.076796 0.982111
vt 0.076796 0.982111
vt 0.076796 0.982111
vt 0.076796 0.982111
vt 0.076796 0.982111
vt 0.076796 0.982111
vt 0.076796 0.982111
vt 0.076796 0.982111
vt 0.076796 0.982111
vt 0.076796 0.982111
vt 0.076796 0.982111
vt 0.076796 0.982111
vt 0.076796 0.982111
vt 0.076796 0.982111
vt 0.076796 0.982111
vt 0.076796 0.982111
vt 0.076796 0.982111
vt 0.076796 0.982111
vt 0.076796 0.982111
vt 0.076796 0.982111
vt 0.076796 0.982111
vt 0.076796 0.982111
vt 0.076796 0.982111
vt 0.076796 0.982111
vt 0.076796 0.982111
vt 0.076796 0.982111
vt 0.076796 0.982111
vt 0.076796 0.982111
vt 0.076796 0.982111
vt 0.076796 0.982111
vt 0.076796 0.982111
vt 0.076796 0.982111
vt 0.076796 0.982111
vt 0.076796 0.982111
vt 0.076796 0.982111
vt 0.076796 0.982111
vt 0.076796 0.982111
vt 0.076796 0.982111
vt 0.076796 0.982111
vt 0.076796 0.982111
vt 0.076796 0.982111
vt 0.076796 0.982111
vt 0.076796 0.982111
vt 0.076796 0.982111
vt 0.076796 0.982111
vt 0.076796 0.982111
vt 0.076796 0.982111
vt 0.076796 0.982111
vt 0.076796 0.982111
vt 0.076796 0.982111
vt 0.076796 0.982111
vt 0.076796 0.982111
vt 0.076796 0.982111
vt 0.076796 0.982111
vt 0.076796 0.982111
vt 0.076796 0.982111
vt 0.076796 0.982111
vt 0.076796 0.982111
vt 0.076796 0.982111
vt 0.076796 0.982111
vt 0.076796 0.982111
vt 0.076796 0.982111
vt 0.076796 0.982111
vt 0.076796 0.982111
vt 0.076796 0.982111
vt 0.076796 0.982111
vt 0.076796 0.982111
vt 0.076796 0.982111
vt 0.076796 0.982111
vt 0.076796 0.982111
vt 0.076796 0.982111
vt 0.076796 0.982111
vt 0.076796 0.982111
vt 0.076796 0.982111
vt 0.076796 0.982111
vt 0.076796 0.982111
vt 0.076796 0.982111
vt 0.076796 0.982111
vt 0.076796 0.982111
vt 0.076796 0.982111
vt 0.076796 0.982111
vt 0.076796 0.982111
vt 0.076796 0.982111
vt 0.076796 0.982111
vt 0.076796 0.982111
vt 0.076796 0.982111
vt 0.076796 0.982111
vt 0.076796 0.982111
vt 0.076796 0.982111
vt 0.076796 0.982111
vt 0.076796 0.982111
vt 0.076796 0.982111
vt 0.076796 0.982111
vt 0.076796 0.982111
vt 0.076796 0.982111
vt 0.076796 0.982111
vt 0.076796 0.982111
vt 0.076796 0.982111
vt 0.076796 0.982111
vt 0.076796 0.982111
vt 0.076796 0.982111
vt 0.076796 0.982111
vt 0.076796 0.982111
vt 0.076796 0.982111
vt 0.076796 0.982111
vt 0.076796 0.982111
vt 0.076796 0.982111
vt 0.076796 0.982111
vt 0.076796 0.982111
vt 0.076796 0.982111
vt 0.076796 0.982111
vt 0.076796 0.982111
vt 0.076796 0.982111
vt 0.076796 0.982111
vt 0.076796 0.982111
vt 0.076796 0.982111
vt 0.076796 0.982111
vn 0.0000 1.0000 0.0000
vn -1.0000 0.0000 0.0000
vn 0.0000 -1.0000 0.0000
vn 0.0000 0.0000 1.0000
vn 1.0000 0.0000 0.0000
vn 0.0000 0.0000 -1.0000
vn 0.0000 -0.3827 -0.9239
vn 0.0000 0.3827 -0.9239
vn -0.1794 0.9673 0.1794
vn 0.0000 0.9808 0.1951
vn -0.1951 0.9808 0.0000
vn -0.0000 0.9239 0.3827
vn -0.3827 0.9239 0.0000
vn -0.3600 0.9194 0.1585
vn -0.3251 0.8881 0.3251
vn -0.1585 0.9194 0.3600
vn -0.3600 0.9194 -0.1585
vn 0.0000 0.9808 -0.1951
vn -0.1794 0.9673 -0.1794
vn 0.9673 0.1794 -0.1794
vn 0.9808 0.1951 0.0000
vn 0.9808 0.0000 -0.1951
vn 0.9194 0.1585 -0.3600
vn 0.8881 0.3251 -0.3251
vn 0.9239 0.0000 -0.3827
vn 0.9808 0.0000 0.1951
vn 0.9673 0.1794 0.1794
vn 0.9673 -0.1794 0.1794
vn 0.9808 -0.1951 0.0000
vn 0.9673 -0.1794 -0.1794
vn 0.9194 -0.1585 -0.3600
vn 0.1585 0.9194 0.3600
vn 0.1794 0.9673 0.1794
vn 0.3251 0.8881 0.3251
vn 0.1794 0.9673 -0.1794
vn 0.1951 0.9808 0.0000
vn 0.3599 0.9194 0.1585
vn 0.3827 0.9239 0.0000
vn 0.0000 -0.9808 0.1951
vn -0.1951 -0.9808 0.0000
vn -0.1794 -0.9673 0.1794
vn -0.3251 -0.8881 0.3251
vn -0.3599 -0.9194 0.1585
vn -0.1794 -0.9673 -0.1794
vn 0.0000 -0.9808 -0.1951
vn 0.0000 0.1951 -0.9808
vn 0.1794 0.1794 -0.9673
vn 0.1951 0.0000 -0.9808
vn 0.3251 0.3251 -0.8881
vn 0.3600 0.1585 -0.9194
vn 0.0000 -0.1951 -0.9808
vn 0.1794 -0.9673 0.1794
vn 0.1951 -0.9808 0.0000
vn 0.3827 -0.9239 0.0000
vn 0.3600 -0.9194 0.1585
vn 0.3251 -0.8881 0.3251
vn 0.1794 -0.9673 -0.1794
vn 0.3600 -0.9194 -0.1585
vn -0.1794 0.1794 -0.9673
vn -0.1951 0.0000 -0.9808
vn -0.3827 0.0000 -0.9239
vn -0.3600 0.1585 -0.9194
vn -0.3251 0.3251 -0.8881
vn -0.1794 -0.1794 -0.9673
vn -0.3600 -0.1585 -0.9194
vn -0.9673 0.1794 0.1794
vn -0.9808 0.1951 0.0000
vn -0.9808 -0.0000 0.1951
vn -0.9194 0.1585 0.3600
vn -0.8881 0.3251 0.3251
vn -0.9239 -0.0000 0.3827
vn -0.9673 0.1794 -0.1794
vn -0.9808 -0.0000 -0.1951
vn -0.9194 0.3600 0.1585
vn -0.9239 0.3827 0.0000
vn -0.9673 -0.1794 -0.1794
vn -0.9808 -0.1951 0.0000
vn -0.9194 -0.1585 0.3599
vn -0.9673 -0.1794 0.1794
vn 0.8881 0.3251 0.3251
vn 0.9194 0.3600 0.1585
vn 0.9194 0.1585 0.3600
vn 0.9239 0.0000 0.3827
vn 0.3251 0.3251 0.8881
vn 0.1585 0.3600 0.9194
vn 0.1794 0.1794 0.9673
vn 0.0000 0.1951 0.9808
vn 0.0000 0.3827 0.9239
vn 0.1951 -0.0000 0.9808
vn 0.3827 -0.0000 0.9239
vn 0.3600 0.1585 0.9194
vn -0.3251 0.3251 0.8881
vn -0.1794 0.1794 0.9673
vn -0.1585 0.3600 0.9194
vn -0.3600 0.1585 0.9194
vn -0.1951 -0.0000 0.9808
vn -0.8881 0.3251 -0.3251
vn -0.9194 0.3600 -0.1585
vn -0.9194 0.1585 -0.3600
vn -0.9239 0.0000 -0.3827
vn -0.3251 0.8881 -0.3251
vn -0.1585 0.9194 -0.3600
vn -0.1585 0.3600 -0.9194
vn 0.1585 0.3600 -0.9194
vn 0.3827 0.0000 -0.9239
vn 0.3251 0.8881 -0.3251
vn 0.1585 0.9194 -0.3600
vn 0.3600 0.9194 -0.1585
vn 0.0000 0.9239 -0.3827
vn 0.9194 0.3600 -0.1585
vn 0.9239 0.3827 0.0000
vn 0.3600 -0.1585 0.9194
vn 0.1794 -0.1794 0.9673
vn 0.3251 -0.3251 0.8881
vn 0.1585 -0.3600 0.9194
vn 0.0000 -0.0971 0.9953
vn 0.0000 -0.3827 0.9239
vn 0.1585 -0.9194 0.3600
vn 0.0000 -0.9239 0.3827
vn 0.9194 -0.1585 0.3600
vn 0.8881 -0.3251 0.3251
vn 0.9194 -0.3600 0.1585
vn -0.3600 -0.1585 0.9194
vn -0.3251 -0.3251 0.8881
vn -0.1794 -0.1794 0.9673
vn -0.3827 -0.0000 0.9239
vn -0.1585 -0.3600 0.9194
vn -0.8881 -0.3251 0.3251
vn -0.9239 -0.3827 0.0000
vn -0.9194 -0.3600 0.1585
vn -0.1585 -0.9194 0.3600
vn -0.3827 -0.9239 0.0000
vn -0.3251 -0.3251 -0.8881
vn -0.1585 -0.3600 -0.9194
vn -0.3600 -0.9194 -0.1585
vn -0.3251 -0.8881 -0.3251
vn -0.1585 -0.9194 -0.3600
vn -0.8881 -0.3251 -0.3251
vn -0.9194 -0.1585 -0.3600
vn -0.9194 -0.3600 -0.1585
vn 0.3251 -0.8881 -0.3251
vn 0.1585 -0.9194 -0.3600
vn 0.0000 -0.9239 -0.3827
vn 0.3600 -0.1585 -0.9194
vn 0.3251 -0.3251 -0.8881
vn 0.1794 -0.1794 -0.9673
vn 0.1585 -0.3600 -0.9194
vn 0.8881 -0.3251 -0.3251
vn 0.9194 -0.3600 -0.1585
vn 0.9239 -0.3827 0.0000
vn 0.0000 -0.1951 0.9808
vn 0.0253 0.9864 0.1625
vn 0.0456 0.9953 0.0853
vn -0.1871 -0.2048 0.9607
vn -0.1871 0.2048 0.9607
vn -0.1652 -0.3912 0.9053
vn -0.3595 -0.2087 0.9095
vn -0.3597 0.2086 0.9095
vn -0.3600 -0.9194 0.1585
vn -0.0253 -0.9864 0.1625
vn -0.0456 -0.9953 0.0852
vn -0.0253 0.9864 0.1625
vn -0.0531 0.9469 0.3171
vn -0.0456 0.9953 0.0852
vn 0.1871 0.2048 0.9607
vn 0.1871 -0.2048 0.9607
vn 0.3595 0.2087 0.9095
vn 0.3597 -0.2086 0.9095
vn 0.0253 -0.9864 0.1625
vn 0.0456 -0.9953 0.0852
vn -0.9245 -0.3773 0.0546
vn -0.9794 0.1936 0.0572
vn -0.9194 -0.1585 0.3600
vn -0.9794 -0.1936 0.0572
vn -0.9724 0.2042 0.1132
vn -0.9724 -0.2042 0.1132
vn 0.1626 -0.9866 0.0089
vn 0.0855 -0.9959 0.0293
vn 0.1484 -0.9816 0.1198
vn 0.0204 -0.9996 0.0204
vn 0.3198 -0.9473 0.0180
vn -0.0204 -0.9996 0.0204
vn -0.1484 -0.9816 0.1198
vn 0.9794 -0.1935 0.0572
vn 0.9794 0.1936 0.0572
vn 0.9245 -0.3773 0.0545
vn 0.9724 -0.2042 0.1132
vn 0.9724 0.2042 0.1132
vn 0.3600 0.9194 0.1585
vn 0.0531 0.9469 0.3171
vn 0.1652 0.3912 0.9053
vn 0.1652 -0.3912 0.9054
vn 0.0532 -0.9469 0.3171
vn -0.0531 -0.9469 0.3171
vn -0.1652 0.3912 0.9054
vn 0.3252 0.3889 0.8620
vn 0.0204 0.9996 0.0204
vn 0.1484 0.9816 0.1198
vn 0.1140 0.9927 0.0391
vn 0.3198 0.9473 0.0180
vn 0.3213 0.9468 0.0176
vn 0.3603 0.9196 0.1568
vn 0.9245 0.3773 0.0545
vn 0.9223 0.3708 0.1089
vn -0.1484 0.9816 0.1198
vn -0.1140 0.9927 0.0391
vn -0.0204 0.9996 0.0204
vn -0.3198 0.9473 0.0180
vn -0.3213 0.9468 0.0176
vn -0.3252 0.3889 0.8620
vn -0.9245 0.3773 0.0546
vn -0.9223 0.3708 0.1089
vn -0.3603 0.9196 0.1568
vn -0.3251 -0.3889 0.8620
vn -0.0855 -0.9959 0.0293
vn -0.3198 -0.9473 0.0180
vn -0.1626 -0.9866 0.0089
vn -0.9223 -0.3708 0.1089
vn 0.3251 -0.3889 0.8620
vn 0.9223 -0.3708 0.1089
vn -0.1782 0.0775 0.9809
vn 0.0000 0.0971 0.9953
vn 0.1782 0.0775 0.9809
vn -0.1585 -0.9194 -0.3599
vn -0.3599 0.9194 0.1585
vn 0.3251 0.8881 0.3250
vn 0.1585 -0.9194 -0.3599
vn 0.0393 0.9888 -0.1438
vn 0.1599 0.9606 0.2273
vn 0.1756 0.9768 -0.1222
vn 0.2186 0.9523 -0.2130
vn 0.0832 0.9932 -0.0814
vn -0.0088 0.9805 0.1966
vn 0.1171 0.9084 0.4013
vn 0.2907 0.8626 0.4139
vn 0.3393 0.9077 0.2468
vn 0.0698 0.9387 -0.3376
vn 0.0393 -0.9888 -0.1438
vn 0.2186 -0.9523 -0.2130
vn 0.0698 -0.9387 -0.3376
vn 0.1599 -0.9606 0.2273
vn -0.0088 -0.9805 0.1966
vn 0.3393 -0.9077 0.2468
vn 0.2907 -0.8626 0.4140
vn 0.1756 -0.9768 -0.1222
vn 0.0832 -0.9932 -0.0814
vn 0.1905 -0.9380 -0.2895
vn -0.1394 0.1818 0.9734
vn -0.2601 0.3250 0.9092
vn -0.2883 0.1600 0.9441
vn 0.1858 -0.2259 0.9563
vn 0.1858 0.2259 0.9563
vn -0.1394 -0.1819 0.9734
vn 0.0618 -0.4142 0.9081
vn 0.2239 -0.4705 0.8535
vn 0.3186 -0.2273 0.9202
vn 0.3186 0.2273 0.9202
vn 0.2239 0.4705 0.8535
vn -0.2601 -0.3250 0.9092
vn -0.1352 -0.3594 0.9233
vn -0.9522 0.2296 -0.2017
vn -0.9552 -0.2258 0.1913
vn -0.9552 0.2258 0.1914
vn -0.8188 0.4904 -0.2986
vn -0.9019 0.2490 -0.3530
vn -0.9522 -0.2296 -0.2017
vn -0.9065 -0.4148 0.0781
vn -0.8441 -0.4750 0.2489
vn -0.9148 0.2338 0.3293
vn -0.8441 0.4750 0.2489
vn -0.9148 -0.2338 0.3293
vn -0.8188 -0.4904 -0.2986
vn -0.8967 -0.4282 -0.1121
vn -0.1688 -0.9805 -0.1005
vn -0.1474 -0.9593 0.2409
vn -0.3220 -0.9042 0.2805
vn -0.0740 -0.9394 -0.3347
vn -0.0425 -0.9896 -0.1377
vn -0.2680 -0.8572 0.4397
vn 0.0026 -0.9804 0.1972
vn -0.1021 -0.9056 0.4117
vn -0.0875 -0.9931 -0.0776
vn -0.1960 -0.9800 0.0355
vn -0.1463 -0.9711 0.1885
vn -0.2832 -0.9564 0.0714
vn 0.1452 -0.9887 0.0382
vn 0.1519 -0.9878 -0.0345
vn 0.2169 -0.9523 0.2148
vn 0.3374 -0.9389 0.0683
vn -0.1958 -0.9806 -0.0124
vn -0.0575 -0.9886 0.1395
vn 0.2304 -0.9521 -0.2009
vn 0.0875 -0.9931 -0.0776
vn 0.0826 -0.9932 0.0819
vn -0.1452 0.9887 0.0382
vn -0.0826 0.9932 0.0820
vn -0.2169 0.9523 0.2147
vn 0.1960 0.9800 0.0355
vn 0.1958 0.9806 -0.0124
vn -0.1518 0.9878 -0.0344
vn 0.0575 0.9886 0.1395
vn -0.3416 0.9376 -0.0645
vn -0.2305 0.9521 -0.2009
vn -0.3374 0.9389 0.0683
vn -0.0388 0.9888 0.1441
vn 0.0689 0.9391 0.3367
vn -0.0689 0.9391 0.3367
vn 0.0387 0.9888 0.1441
vn -0.0103 0.9806 -0.1955
vn 0.0826 0.9932 0.0819
vn 0.2169 0.9523 0.2147
vn 0.0103 0.9806 -0.1955
vn -0.0400 0.9528 -0.3011
vn -0.1735 0.2278 0.9581
vn -0.1745 0.4694 0.8656
vn -0.3004 0.2155 0.9292
vn 0.1197 -0.1868 0.9751
vn 0.1197 0.1868 0.9751
vn 0.1178 -0.3681 0.9223
vn 0.2229 -0.3396 0.9138
vn -0.1735 -0.2278 0.9581
vn -0.0344 -0.4108 0.9111
vn 0.2494 -0.1676 0.9538
vn -0.0344 0.4108 0.9111
vn 0.2495 0.1676 0.9538
vn 0.2229 0.3396 0.9138
vn -0.3004 -0.2155 0.9292
vn -0.1599 0.9606 0.2273
vn -0.2907 0.8626 0.4139
vn -0.1171 0.9084 0.4013
vn -0.0393 0.9888 -0.1438
vn -0.1756 0.9769 -0.1221
vn 0.0088 0.9805 0.1966
vn -0.0831 0.9932 -0.0815
vn -0.2186 0.9523 -0.2130
vn -0.3393 0.9077 0.2468
vn 0.0371 0.9520 0.3038
vn 0.0415 0.9896 0.1380
vn 0.2283 0.9521 0.2032
vn 0.0726 0.9402 0.3328
vn -0.0037 0.9809 -0.1947
vn 0.0867 0.9932 0.0783
vn 0.1800 -0.2226 0.9582
vn 0.1800 0.2226 0.9582
vn 0.3960 0.2519 0.8830
vn -0.9587 0.2202 -0.1803
vn -0.9590 -0.2185 0.1806
vn -0.9587 -0.2202 -0.1803
vn -0.9590 0.2185 0.1806
vn -0.8799 0.4246 0.2132
vn -0.8897 -0.2432 -0.3865
vn -0.8938 0.2375 0.3805
vn -0.1879 0.1970 -0.9622
vn -0.1807 -0.2234 -0.9578
vn -0.1878 -0.1969 -0.9623
vn -0.3602 0.1844 -0.9145
vn -0.3123 0.3902 -0.8661
vn -0.1807 0.2234 -0.9578
vn -0.3602 -0.1844 -0.9145
vn -0.1332 -0.3948 -0.9090
vn -0.3899 0.2464 -0.8873
vn -0.3123 -0.3902 -0.8661
vn 0.9590 0.2185 0.1806
vn 0.9590 -0.2185 0.1806
vn 0.8938 -0.2375 0.3805
vn 0.9587 -0.2202 -0.1803
vn 0.9587 0.2202 -0.1803
vn 0.8897 0.2432 -0.3865
vn 0.8897 -0.2433 -0.3864
vn 0.8799 -0.4246 0.2132
vn -0.9590 0.2181 -0.1807
vn -0.9586 0.2205 0.1802
vn -0.9586 -0.2205 0.1802
vn -0.9590 -0.2181 -0.1807
vn -0.8947 -0.2363 -0.3791
vn -0.8890 -0.2443 0.3874
vn -0.8813 -0.4232 -0.2104
vn -0.1802 0.2208 0.9585
vn 0.1802 0.2208 0.9585
vn 0.1802 -0.2208 0.9585
vn -0.1802 -0.2208 0.9585
vn 0.2294 0.4336 0.8714
vn -0.3889 -0.2454 0.8880
vn 0.3889 0.2454 0.8880
vn 0.9586 0.2205 0.1802
vn 0.8813 0.4232 -0.2104
vn 0.9590 0.2181 -0.1807
vn 0.9590 -0.2181 -0.1807
vn 0.9586 -0.2205 0.1803
vn 0.8947 0.2363 -0.3791
vn 0.8947 -0.2363 -0.3791
vn 0.8889 0.2442 0.3875
vn 0.3599 -0.1585 0.9194
vn -0.0851 0.0672 0.9941
vn -0.0207 0.0248 0.9995
vn -0.1288 0.1663 0.9776
vn -0.0437 0.0905 0.9949
vn 0.1810 0.2274 -0.9568
vn 0.3974 -0.2532 -0.8820
vn 0.3974 0.2532 -0.8820
vn 0.1774 -0.2090 -0.9617
vn 0.1810 -0.2275 -0.9568
vn 0.1774 0.2089 -0.9617
vn 0.1101 0.4120 -0.9045
vn 0.2802 0.4270 -0.8598
vn 0.3335 0.1963 -0.9221
vn 0.2802 -0.4270 -0.8598
vn 0.1101 -0.4120 -0.9045
vn -0.1774 0.2090 -0.9617
vn -0.1810 0.2275 -0.9568
vn -0.1810 -0.2274 -0.9568
vn -0.3335 0.1964 -0.9221
vn -0.2802 0.4269 -0.8598
vn -0.1774 -0.2089 -0.9617
vn -0.3335 -0.1963 -0.9221
vn -0.1101 0.4120 -0.9045
vn -0.3974 0.2532 -0.8820
vn -0.1101 -0.4121 -0.9045
vn -0.2802 -0.4270 -0.8598
vn -0.1958 0.9806 -0.0124
vn -0.1960 0.9800 0.0354
vn 0.1452 0.9887 0.0382
vn -0.2832 0.9564 0.0713
vn -0.1463 0.9711 0.1885
vn -0.0575 0.9886 0.1395
vn 0.1519 0.9878 -0.0345
vn 0.2305 0.9521 -0.2009
vn 0.3416 0.9376 -0.0645
vn 0.3374 0.9389 0.0683
vn -0.1475 0.9593 0.2407
vn -0.2680 0.8572 0.4397
vn -0.1021 0.9056 0.4117
vn -0.0424 0.9896 -0.1378
vn -0.1688 0.9805 -0.1005
vn -0.0875 0.9931 -0.0776
vn 0.0026 0.9804 0.1972
vn -0.3220 0.9042 0.2805
vn -0.1960 -0.9805 0.0142
vn 0.1460 -0.9886 -0.0377
vn -0.1965 -0.9800 -0.0302
vn -0.2856 -0.9561 -0.0664
vn 0.0867 -0.9932 0.0783
vn 0.1508 -0.9879 0.0351
vn 0.2283 -0.9522 0.2032
vn 0.3409 -0.9378 0.0651
vn 0.3379 -0.9387 -0.0678
vn -0.1452 -0.9887 0.0382
vn -0.3374 -0.9389 0.0683
vn -0.2169 -0.9523 0.2147
vn 0.1961 -0.9800 0.0354
vn -0.1518 -0.9878 -0.0344
vn 0.2832 -0.9564 0.0714
vn 0.1463 -0.9711 0.1884
vn 0.0575 -0.9886 0.1395
vn -0.2305 -0.9521 -0.2009
vn -0.3416 -0.9376 -0.0645
vn 0.1958 -0.9806 -0.0123
vn -0.0826 -0.9932 0.0819
vn 0.1760 0.2260 -0.9581
vn 0.1834 0.4688 -0.8640
vn 0.3033 0.2176 -0.9277
vn 0.1760 -0.2260 -0.9581
vn 0.0399 -0.4029 -0.9144
vn 0.0399 0.4029 -0.9144
vn 0.9513 0.2311 0.2041
vn 0.8109 0.4955 0.3113
vn 0.8981 0.2534 0.3595
vn 0.9556 -0.2255 -0.1896
vn 0.9556 0.2255 -0.1896
vn 0.9078 -0.4131 -0.0731
vn 0.8473 -0.4733 -0.2411
vn 0.9513 -0.2311 0.2041
vn 0.9166 0.2317 -0.3259
vn 0.8473 0.4733 -0.2411
vn 0.9166 -0.2317 -0.3259
vn 0.8109 -0.4955 0.3113
vn 0.8935 -0.4323 0.1212
vn 0.0000 0.9957 -0.0924
vn 0.0000 0.9591 0.2832
vn 0.0000 0.9972 0.0749
vn 0.0000 0.9547 -0.2976
vn 0.0103 -0.9806 -0.1955
vn -0.0388 -0.9888 0.1441
vn 0.0387 -0.9888 0.1441
vn -0.0103 -0.9806 -0.1955
vn 0.0399 -0.9528 -0.3011
vn 0.0689 -0.9391 0.3367
vn 0.0425 -0.9896 -0.1377
vn 0.0740 -0.9394 -0.3347
vn 0.1474 -0.9593 0.2408
vn -0.0026 -0.9803 0.1973
vn 0.1688 -0.9805 -0.1005
vn 0.3220 -0.9042 0.2805
vn 0.2680 -0.8572 0.4397
vn 0.1952 -0.9471 -0.2548
vn 0.9552 0.2258 0.1913
vn 0.9522 -0.2297 -0.2016
vn 0.9522 0.2295 -0.2018
vn 0.8441 0.4750 0.2489
vn 0.9148 0.2338 0.3293
vn 0.9552 -0.2258 0.1913
vn 0.8967 -0.4282 -0.1121
vn 0.8188 -0.4904 -0.2985
vn 0.9065 -0.4148 0.0781
vn 0.9019 -0.2490 -0.3530
vn 0.9065 0.4148 0.0781
vn 0.9019 0.2490 -0.3530
vn 0.8188 0.4904 -0.2985
vn 0.8441 -0.4750 0.2489
vn 0.1807 0.2234 -0.9578
vn 0.3898 -0.2465 -0.8873
vn 0.3899 0.2464 -0.8873
vn 0.1878 -0.1969 -0.9623
vn 0.1806 -0.2234 -0.9578
vn 0.1879 0.1970 -0.9622
vn 0.1332 0.3948 -0.9090
vn 0.3123 0.3902 -0.8661
vn 0.3602 0.1844 -0.9145
vn 0.3602 -0.1844 -0.9145
vn 0.3124 -0.3902 -0.8661
vn 0.1332 -0.3948 -0.9090
vn 0.1875 0.2252 -0.9561
vn -0.1875 -0.2252 -0.9561
vn -0.1875 0.2252 -0.9561
vn 0.2314 0.4716 -0.8509
vn 0.3217 0.2291 -0.9187
vn 0.1875 -0.2252 -0.9561
vn 0.0670 -0.4111 -0.9091
vn -0.0670 -0.4111 -0.9091
vn -0.2314 -0.4716 -0.8509
vn -0.3217 -0.2291 -0.9187
vn -0.3217 0.2292 -0.9187
vn -0.2314 0.4716 -0.8509
vn 0.2314 -0.4716 -0.8509
vn 0.8112 0.1909 0.5527
vn 0.8113 -0.1909 0.5527
vn 0.9354 0.2116 0.2833
vn 0.7100 0.3396 0.6169
vn 0.7333 0.1676 0.6589
vn 0.7100 -0.3396 0.6169
vn 0.7637 -0.3749 0.5255
vn 0.7637 0.3749 0.5255
vn 0.9354 -0.2116 0.2834
vn 0.9724 -0.1964 0.1262
vn 0.9724 0.1964 0.1262
vn 0.8926 0.4270 0.1451
vn 0.8508 -0.4193 0.3168
vn 0.8926 -0.4270 0.1451
vn 0.0416 -0.9895 0.1381
vn 0.0726 -0.9402 0.3328
vn -0.0037 -0.9809 -0.1947
vn -0.0000 -0.9972 0.0749
vn 0.0000 -0.9957 -0.0924
vn 0.0000 -0.9547 -0.2976
vn 0.0000 -0.9590 0.2832
vn -0.1965 0.9800 -0.0302
vn 0.1461 0.9886 -0.0378
vn 0.1508 0.9879 0.0351
vn 0.3379 0.9387 -0.0678
vn -0.1960 0.9805 0.0142
vn 0.3409 0.9378 0.0651
vn -0.9556 0.2255 -0.1896
vn -0.8473 0.4733 -0.2411
vn -0.9166 0.2317 -0.3259
vn -0.9513 -0.2311 0.2041
vn -0.9513 0.2311 0.2041
vn -0.9077 -0.4131 -0.0731
vn -0.8935 -0.4323 0.1212
vn -0.9556 -0.2255 -0.1896
vn -0.8109 -0.4955 0.3113
vn -0.8981 0.2534 0.3595
vn -0.8109 0.4955 0.3113
vn -0.9078 0.4131 -0.0731
vn -0.8981 -0.2534 0.3595
vn -0.8473 -0.4733 -0.2411
vn -0.1460 -0.9886 -0.0377
vn 0.1965 -0.9800 -0.0302
vn 0.1960 -0.9805 0.0142
vn -0.0831 -0.9932 -0.0815
vn -0.2186 -0.9523 -0.2130
vn -0.1508 -0.9879 0.0351
vn -0.0867 -0.9932 0.0783
vn -0.3379 -0.9387 -0.0678
vn -0.3409 -0.9378 0.0651
vn -0.2283 -0.9521 0.2032
vn -0.1197 0.1868 0.9751
vn -0.2229 0.3396 0.9138
vn -0.2494 0.1676 0.9538
vn 0.1735 -0.2278 0.9581
vn 0.1735 0.2278 0.9581
vn 0.0344 0.4108 0.9111
vn 0.0344 -0.4108 0.9111
vn 0.1745 -0.4694 0.8656
vn -0.1197 -0.1868 0.9751
vn 0.3004 -0.2155 0.9292
vn 0.3004 0.2155 0.9292
vn 0.1745 0.4694 0.8656
vn -0.2229 -0.3396 0.9138
vn -0.1178 -0.3681 0.9223
vn 0.9685 0.1984 0.1502
vn 0.9824 0.1844 -0.0283
vn 0.9207 0.3902 0.0004
vn 0.8680 -0.1840 0.4613
vn 0.9685 -0.1985 0.1503
vn 0.9824 -0.1844 -0.0283
vn 0.8680 0.1840 0.4613
vn 0.7669 0.3250 0.5534
vn 0.7901 0.1600 0.5918
vn 0.7669 -0.3250 0.5534
vn 0.8214 -0.3630 0.4399
vn 0.8985 -0.3986 0.1837
vn 0.9207 -0.3902 0.0003
vn -0.1461 0.9886 -0.0377
vn 0.1965 0.9800 -0.0302
vn -0.1508 0.9879 0.0351
vn -0.3379 0.9387 -0.0678
vn -0.0867 0.9932 0.0783
vn -0.2283 0.9522 0.2032
vn -0.3409 0.9378 0.0651
vn 0.1960 0.9805 0.0142
vn 0.2856 0.9561 -0.0665
vn 0.1688 0.9805 -0.1005
vn 0.0425 0.9896 -0.1377
vn 0.1474 0.9593 0.2408
vn 0.0740 0.9394 -0.3347
vn 0.3220 0.9042 0.2805
vn 0.0875 0.9931 -0.0776
vn 0.1021 0.9056 0.4117
vn 0.2680 0.8572 0.4397
vn -0.0026 0.9804 0.1972
vn -0.1760 0.2260 -0.9581
vn -0.0399 0.4029 -0.9144
vn -0.1760 -0.2260 -0.9581
vn -0.0399 -0.4029 -0.9144
vn -0.1834 -0.4688 -0.8640
vn -0.3033 0.2176 -0.9277
vn -0.1834 0.4688 -0.8640
vn -0.3033 -0.2176 -0.9277
vn -0.9354 -0.2116 0.2834
vn -0.8113 0.1909 0.5526
vn -0.9354 0.2116 0.2833
vn -0.9724 0.1963 0.1262
vn -0.7637 -0.3749 0.5255
vn -0.8113 -0.1909 0.5526
vn -0.8926 -0.4270 0.1451
vn -0.8508 -0.4193 0.3168
vn -0.7333 -0.1676 0.6589
vn -0.7333 0.1676 0.6589
vn -0.7100 0.3396 0.6169
vn -0.8926 0.4270 0.1451
vn -0.7100 -0.3396 0.6169
vn 0.0088 -0.9805 0.1966
vn -0.1171 -0.9084 0.4013
vn -0.1599 -0.9606 0.2272
vn -0.0394 -0.9888 -0.1438
vn -0.1756 -0.9769 -0.1222
vn -0.2907 -0.8626 0.4140
vn -0.3393 -0.9077 0.2468
vn -0.3381 -0.9376 -0.0805
vn -0.0698 -0.9387 -0.3376
vn -0.9685 -0.1984 0.1502
vn -0.8680 0.1841 0.4612
vn -0.9685 0.1984 0.1502
vn -0.9824 0.1844 -0.0283
vn -0.9207 -0.3902 0.0003
vn -0.8985 -0.3986 0.1837
vn -0.7901 0.1600 0.5918
vn -0.7669 0.3250 0.5534
vn -0.8680 -0.1840 0.4613
vn -0.7901 -0.1600 0.5918
vn -0.8985 0.3986 0.1837
vn -0.9207 0.3902 0.0003
vn -0.8214 -0.3630 0.4399
vn -0.7669 -0.3250 0.5534
vn 0.0000 0.1684 0.9857
vn -0.0000 -0.1684 0.9857
vn -0.2604 0.1434 0.9548
vn -0.2604 -0.1433 0.9548
vn -0.3961 -0.2519 0.8830
vn 0.0208 0.0247 0.9995
vn 0.1792 0.1800 0.9672
vn -0.1184 0.4003 0.9087
vn -0.1603 0.2260 0.9608
vn -0.2922 0.4118 0.8631
vn -0.3388 0.2440 0.9087
vn -0.1603 0.0733 0.9844
vn -0.0207 0.0248 -0.9995
vn -0.3251 0.8881 0.3250
vn -0.8596 0.4721 -0.1953
vn -0.8596 0.4721 0.1953
vn -0.8721 0.4545 -0.1816
vn -0.7878 0.5865 0.1879
vn -0.7710 0.5481 -0.3242
vn -0.8263 0.4340 -0.3589
vn -0.8310 0.4058 -0.3805
vn -0.8721 0.4545 0.1815
vn -0.8310 0.4058 0.3804
vn -0.8263 0.4340 0.3589
vn -0.7710 0.5481 0.3242
vn 0.0245 0.1635 0.9862
vn 0.0437 0.0906 0.9949
vn -0.0513 0.3194 0.9462
vn 0.0513 0.3194 0.9462
vn -0.0245 0.1635 0.9862
vn 0.1602 0.2258 0.9609
vn -0.1791 0.1796 0.9673
vn 0.1602 0.0733 0.9844
vn 0.3388 0.2440 0.9087
vn 0.2922 0.4118 0.8631
vn 0.1184 0.4003 0.9087
vn 0.0851 0.0672 0.9941
vn 0.0207 0.0248 -0.9995
vn 0.0851 0.0672 -0.9941
vn 0.1288 0.1663 -0.9776
vn 0.0437 0.0905 -0.9949
vn -0.1621 0.9664 -0.1995
vn -0.3136 0.9280 0.2013
vn -0.3136 0.9280 -0.2013
vn 0.1481 0.9116 -0.3835
vn 0.1621 0.9664 -0.1995
vn 0.1621 0.9664 0.1995
vn -0.1621 0.9664 0.1996
vn -0.1481 0.9116 0.3835
vn 0.3136 0.9280 0.2013
vn -0.0245 0.1635 -0.9862
vn -0.0437 0.0906 -0.9949
vn 0.0245 0.1635 -0.9862
vn -0.1792 0.1800 -0.9672
vn 0.1184 0.4003 -0.9087
vn 0.1602 0.2258 -0.9609
vn 0.1603 0.0733 -0.9844
vn 0.2922 0.4118 -0.8631
vn 0.3388 0.2440 -0.9087
vn -0.1603 0.2260 -0.9608
vn 0.1792 0.1801 -0.9672
vn -0.3388 0.2440 -0.9087
vn -0.2922 0.4118 -0.8631
vn -0.1602 0.0733 -0.9844
vn -0.1184 0.4003 -0.9087
vn -0.0851 0.0672 -0.9941
vn 0.1410 0.9732 -0.1817
vn -0.1791 0.9670 0.1810
vn 0.1410 0.9732 0.1816
vn 0.2911 0.9433 -0.1596
vn 0.2627 0.9088 -0.3242
vn -0.1577 0.9182 -0.3634
vn -0.1791 0.9670 -0.1811
vn -0.1577 0.9182 0.3634
vn 0.1368 0.9232 0.3590
vn 0.2627 0.9088 0.3242
vn 0.1791 0.9670 -0.1811
vn -0.1410 0.9732 0.1817
vn 0.1791 0.9670 0.1811
vn 0.1577 0.9182 0.3634
vn -0.1410 0.9732 -0.1816
vn -0.2627 0.9088 0.3242
vn -0.1368 0.9232 0.3590
vn 0.1577 0.9182 -0.3634
vn -0.1368 0.9232 -0.3590
vn -0.2911 0.9433 0.1596
vn -0.2628 0.9088 -0.3242
vn -0.2911 0.9433 -0.1596
vn 0.8721 0.4545 -0.1816
vn 0.8596 0.4721 -0.1953
vn 0.8310 0.4058 -0.3804
vn 0.8263 0.4340 -0.3589
vn 0.7710 0.5481 -0.3242
vn 0.8596 0.4721 0.1953
vn 0.8721 0.4545 0.1816
vn 0.7943 0.5862 0.1596
vn 0.7710 0.5481 0.3242
vn 0.8263 0.4340 0.3589
vn 0.8310 0.4058 0.3804
vn 0.7879 0.5865 0.1880
vn 0.7879 0.5864 -0.1880
vn -0.0618 0.4142 0.9081
vn 0.1394 0.1818 0.9734
vn 0.1352 0.3594 0.9233
vn -0.2239 0.4705 0.8535
vn -0.1858 0.2259 0.9563
vn 0.1394 -0.1818 0.9734
vn -0.3186 0.2273 0.9202
vn -0.1858 -0.2259 0.9563
vn -0.0945 0.9894 0.1103
vn -0.2965 0.9539 0.0467
vn -0.1607 0.9727 0.1675
vn -0.0372 0.9520 0.3038
vn -0.9065 0.4148 0.0781
vn -0.8967 0.4282 -0.1121
vn -0.0644 0.9888 -0.1345
vn -0.0232 0.9487 -0.3153
vn -0.1492 0.9716 -0.1835
vn -0.2856 0.9561 -0.0664
vn -0.9019 -0.2490 -0.3530
vn 0.2965 0.9539 0.0467
vn 0.0945 0.9894 0.1103
vn 0.1607 0.9727 0.1675
vn 0.0618 0.4142 0.9081
vn -0.1352 0.3594 0.9233
vn 0.8967 0.4282 -0.1121
vn 0.9148 -0.2338 0.3294
vn 0.0291 0.9541 -0.2979
vn 0.0644 0.9888 -0.1345
vn 0.1492 0.9716 -0.1835
vn 0.0072 0.9972 -0.0740
vn 0.3033 -0.2176 -0.9277
vn -0.0945 -0.9894 0.1103
vn -0.2965 -0.9539 0.0468
vn -0.0371 -0.9520 0.3038
vn -0.1607 -0.9727 0.1675
vn -0.3186 -0.2273 0.9202
vn -0.2239 -0.4705 0.8535
vn -0.0618 -0.4142 0.9081
vn -0.0644 -0.9888 -0.1345
vn -0.1492 -0.9716 -0.1835
vn -0.0232 -0.9487 -0.3153
vn 0.1834 -0.4688 -0.8640
vn 0.2856 -0.9561 -0.0665
vn 0.2965 -0.9539 0.0467
vn 0.0644 -0.9888 -0.1345
vn 0.1492 -0.9716 -0.1835
vn 0.0290 -0.9541 -0.2979
vn 0.0072 -0.9972 -0.0740
vn -0.0997 -0.9819 0.1610
vn 0.0371 -0.9520 0.3038
vn 0.0945 -0.9894 0.1103
vn 0.1607 -0.9727 0.1675
vn -0.0203 -0.9473 0.3196
vn -0.2986 -0.9534 -0.0437
vn -0.1745 -0.4694 0.8656
vn -0.8935 0.4323 0.1212
vn 0.1178 0.3681 0.9223
vn -0.0203 0.9473 0.3196
vn -0.2985 0.9534 -0.0436
vn -0.9166 -0.2317 -0.3259
vn -0.0995 0.9894 -0.1057
vn -0.1627 0.9727 -0.1654
vn 0.0399 0.9528 -0.3010
vn -0.0670 0.4111 -0.9091
vn 0.0670 0.4111 -0.9091
vn -0.0995 -0.9894 -0.1057
vn -0.0399 -0.9528 -0.3010
vn -0.1627 -0.9727 -0.1654
vn 0.3217 -0.2292 -0.9187
vn 0.0995 0.9894 -0.1056
vn 0.1627 0.9727 -0.1654
vn 0.2985 0.9534 -0.0437
vn 0.9078 0.4131 -0.0731
vn 0.8935 0.4323 0.1212
vn 0.2986 -0.9534 -0.0437
vn 0.0995 -0.9894 -0.1057
vn 0.1627 -0.9727 -0.1654
vn 0.0203 0.9473 0.3196
vn 0.1463 0.9711 0.1884
vn 0.2832 0.9564 0.0714
vn -0.1178 0.3681 0.9223
vn 0.8981 -0.2534 0.3595
vn 0.0203 -0.9473 0.3196
vn -0.3177 -0.9465 -0.0559
vn -0.2494 -0.1676 0.9538
vn 0.1021 -0.9056 0.4117
vn 0.3177 -0.9465 -0.0559
vn 0.7333 -0.1676 0.6589
vn -0.3177 0.9465 -0.0559
vn -0.7637 0.3749 0.5255
vn -0.8508 0.4193 0.3168
vn 0.3177 0.9465 -0.0559
vn 0.8508 0.4193 0.3168
vn -0.3381 0.9377 -0.0805
vn -0.8214 0.3630 0.4399
vn -0.2883 -0.1600 0.9441
vn 0.3381 0.9377 -0.0805
vn 0.2601 0.3250 0.9092
vn 0.2883 -0.1600 0.9441
vn 0.2883 0.1600 0.9441
vn 0.8214 0.3630 0.4399
vn 0.7901 -0.1600 0.5918
vn 0.1171 -0.9084 0.4013
vn 0.3381 -0.9376 -0.0805
vn 0.2601 -0.3250 0.9092
vn 0.1352 -0.3594 0.9233
vn 0.8738 -0.4311 -0.2248
vn 0.8126 -0.4504 -0.3698
vn 0.2318 -0.4375 -0.8688
vn 0.3757 -0.4549 -0.8074
vn 0.2318 0.4375 -0.8688
vn 0.3757 0.4549 -0.8074
vn 0.8738 0.4311 -0.2249
vn 0.8126 0.4504 -0.3698
vn 0.1905 0.9380 -0.2895
vn 0.8799 0.4246 0.2132
vn 0.8938 0.2375 0.3805
vn 0.8217 0.4422 0.3595
vn 0.3961 -0.2519 0.8830
vn 0.2430 0.4410 0.8640
vn 0.3862 0.4627 0.7980
vn -0.0997 0.9819 0.1610
vn -0.1643 0.9501 0.2653
vn -0.3862 0.4627 0.7980
vn -0.3960 0.2519 0.8830
vn -0.8938 -0.2377 0.3803
vn -0.8217 0.4422 0.3595
vn -0.8738 0.4311 -0.2249
vn -0.8897 0.2433 -0.3864
vn -0.8126 0.4504 -0.3698
vn -0.3899 -0.2464 -0.8873
vn -0.2318 0.4375 -0.8688
vn -0.3757 0.4549 -0.8074
vn -0.0698 0.9387 -0.3376
vn -0.1905 0.9380 -0.2894
vn 0.3116 0.9247 -0.2188
vn 0.8985 0.3986 0.1837
vn 0.2429 -0.4410 0.8640
vn 0.3862 -0.4627 0.7980
vn 0.8217 -0.4422 0.3595
vn -0.0740 0.9394 -0.3347
vn -0.1953 0.9471 -0.2548
vn -0.8813 0.4232 -0.2104
vn -0.8728 0.4322 0.2269
vn -0.8947 0.2362 -0.3792
vn -0.8237 0.4403 -0.3572
vn -0.2462 0.4474 -0.8598
vn -0.3885 0.4644 -0.7958
vn -0.3975 -0.2532 -0.8820
vn -0.2935 0.9391 -0.1789
vn -0.9724 -0.1964 0.1262
vn -0.3861 -0.4627 0.7980
vn -0.3862 -0.4627 0.7980
vn -0.1643 -0.9501 0.2653
vn -0.8799 -0.4249 0.2128
vn -0.8738 -0.4311 -0.2249
vn -0.8217 -0.4422 0.3595
vn -0.2318 -0.4375 -0.8688
vn -0.3757 -0.4549 -0.8074
vn -0.8126 -0.4504 -0.3698
vn -0.1905 -0.9380 -0.2895
vn -0.1953 -0.9471 -0.2548
vn -0.2462 -0.4474 -0.8598
vn -0.3885 -0.4644 -0.7958
vn -0.8728 -0.4322 0.2269
vn -0.8237 -0.4403 -0.3572
vn -0.2935 -0.9391 -0.1789
vn 0.3116 -0.9247 -0.2188
vn 0.8812 -0.4235 -0.2100
vn 0.8728 -0.4322 0.2269
vn 0.8237 -0.4403 -0.3572
vn 0.2462 -0.4474 -0.8598
vn 0.3885 -0.4644 -0.7958
vn 0.3416 -0.9376 -0.0645
vn 0.8237 0.4403 -0.3572
vn 0.8728 0.4322 0.2269
vn 0.1952 0.9471 -0.2548
vn 0.2462 0.4474 -0.8598
vn 0.3885 0.4644 -0.7958
vn 0.8110 0.4518 0.3716
vn 0.8889 -0.2443 0.3874
vn 0.3739 0.4535 0.8090
vn 0.3888 -0.2455 0.8880
vn -0.2294 0.4336 0.8714
vn 0.8110 -0.4518 0.3716
vn -0.0689 -0.9391 0.3367
vn 0.2294 -0.4336 0.8714
vn -0.2294 -0.4336 0.8714
vn 0.3739 -0.4536 0.8090
vn -0.3888 0.2455 0.8880
vn -0.3739 0.4536 0.8090
vn -0.8889 0.2442 0.3875
vn -0.8110 0.4518 0.3716
vn -0.3739 -0.4536 0.8090
vn -0.8110 -0.4518 0.3716
vn 0.2935 -0.9391 -0.1789
vn 0.3335 -0.1964 -0.9221
vn 0.2936 0.9390 -0.1789
vn -0.3116 0.9247 -0.2188
vn -0.1332 0.3948 -0.9090
vn -0.9824 -0.1844 -0.0283
vn -0.3116 -0.9247 -0.2188
vn 0.0000 0.9591 -0.2832
vn -0.0000 -0.9591 -0.2832
vn 0.0000 -0.9957 0.0924
vn 0.0000 0.9957 0.0924
vn 0.1583 0.3614 0.9189
vn -0.1583 0.3614 0.9189
vn -0.1583 0.3614 -0.9189
vn 0.1368 0.9232 -0.3590
vn 0.1583 0.3614 -0.9189
vn -0.1585 -0.9194 0.3599
vn 0.1585 -0.9194 0.3599
vn -0.2870 0.1467 -0.9466
vn -0.7943 0.5862 -0.1596
vn 0.2870 0.1467 -0.9466
vn 0.2911 0.9433 0.1596
vn 0.7943 0.5862 -0.1596
vn 0.2870 0.1467 0.9466
vn -0.2870 0.1467 0.9466
vn -0.7943 0.5862 0.1596
vn -0.1288 0.1663 -0.9776
vn -0.0513 0.3194 -0.9462
vn -0.1481 0.9116 -0.3835
vn -0.2921 0.8794 -0.3760
vn -0.7879 0.5865 -0.1880
vn -0.7634 0.5350 -0.3618
vn 0.0513 0.3194 -0.9462
vn 0.7634 0.5350 -0.3618
vn 0.3138 0.9280 -0.2010
vn 0.2921 0.8794 -0.3760
vn 0.1288 0.1663 0.9776
vn 0.1481 0.9116 0.3835
vn 0.2921 0.8794 0.3760
vn 0.7634 0.5350 0.3618
vn -0.7634 0.5350 0.3618
vn -0.2921 0.8794 0.3760
vn -0.1978 0.1543 0.9680
vn -0.3806 0.1429 0.9136
vn 0.1978 0.1543 0.9680
vn -0.1981 0.5391 0.8186
vn 0.1980 0.5390 0.8187
vn 0.9862 0.0243 0.1638
vn 0.9460 0.0507 0.3202
vn 0.9948 0.0431 0.0922
vn -0.9994 0.0207 0.0264
vn -0.9937 0.0843 0.0736
vn -0.9838 -0.0215 -0.1780
vn -0.9326 -0.1964 -0.3027
vn -0.9698 -0.2037 -0.1339
vn -0.8748 0.2765 -0.3980
vn -0.9329 -0.0326 -0.3587
vn -0.9180 0.3735 0.1334
vn -0.9180 0.3283 -0.2225
vn -0.8747 0.3672 0.3163
vn -0.8134 0.5195 0.2617
vn -0.9838 0.0237 0.1779
vn -0.8378 0.4984 -0.2230
vn -0.8134 0.4376 -0.3832
vn -0.8378 0.5383 0.0914
vn -0.9326 -0.1145 0.3422
vn -0.9329 0.0581 0.3555
vn -0.9698 -0.1638 0.1806
vn 0.1920 0.8198 0.5395
vn -0.1840 0.8347 0.5190
vn 0.1840 0.8347 0.5190
vn -0.1920 0.8198 0.5395
vn -0.3783 0.7983 0.4685
vn -0.3328 0.7338 0.5922
vn -0.1641 0.7570 0.6325
vn 0.1641 0.7570 0.6325
vn 0.3328 0.7338 0.5922
vn 0.3783 0.7983 0.4685
vn -0.9592 0.1550 0.2365
vn -0.9063 0.1121 0.4076
vn -0.8592 0.2778 0.4297
vn -0.9676 -0.1754 0.1814
vn -0.9837 0.1571 0.0877
vn 0.9592 0.1550 0.2365
vn 0.9837 0.1571 0.0877
vn 0.8592 0.2778 0.4297
vn 0.9063 0.1121 0.4076
vn 0.9677 -0.1754 0.1814
vn 0.9062 0.3270 0.2681
vn 0.9937 0.0843 0.0736
vn 0.9182 -0.1609 0.3620
vn -0.2092 -0.0204 0.9777
vn -0.3791 -0.1460 0.9138
vn -0.2218 -0.2064 0.9530
vn 0.2093 0.2642 0.9415
vn -0.1434 0.3294 0.9332
vn 0.3830 0.2049 0.9008
vn 0.3792 0.3697 0.8482
vn 0.1435 -0.0857 0.9859
vn 0.2219 0.4380 0.8712
vn -0.0897 0.4957 0.8638
vn -0.2599 0.4880 0.8332
vn 0.2600 -0.2642 0.9288
vn 0.3248 -0.1042 0.9400
vn 0.0898 -0.2640 0.9603
vn 0.2092 0.0204 -0.9777
vn 0.1434 -0.3294 -0.9332
vn -0.1435 0.0857 -0.9859
vn -0.0898 0.2640 -0.9603
vn 0.2218 0.2064 -0.9530
vn 0.3248 -0.3359 -0.8841
vn 0.3791 0.1460 -0.9138
vn 0.3829 -0.0268 -0.9234
vn 0.2599 -0.4880 -0.8332
vn -0.2600 0.2642 -0.9288
vn -0.2093 -0.2642 -0.9415
vn -0.2218 -0.4380 -0.8712
vn -0.3792 -0.3697 -0.8482
vn 0.0898 -0.4957 -0.8638
vn 0.9838 0.0215 0.1780
vn 0.9180 -0.3735 -0.1334
vn 0.9838 -0.0237 -0.1779
vn 0.9698 0.2037 0.1338
vn 0.9326 0.1964 0.3027
vn 0.8134 -0.5195 -0.2617
vn 0.8747 -0.3672 -0.3163
vn 0.9180 -0.3283 0.2225
vn 0.9329 -0.0581 -0.3555
vn 0.8378 -0.4983 0.2230
vn 0.8378 -0.5383 -0.0914
vn 0.9326 0.1145 -0.3422
vn 0.8134 -0.4376 0.3832
vn -0.8378 0.4983 -0.2230
vn 0.0011 0.9985 0.0540
vn -0.1567 0.9661 0.2050
vn 0.0128 0.9708 0.2396
vn 0.3537 0.9333 0.0623
vn 0.0011 0.9533 -0.3019
vn 0.4824 0.8479 0.2200
vn 0.5225 0.8511 0.0517
vn 0.3537 0.8881 -0.2936
vn 0.0128 0.8801 -0.4746
vn -0.1567 0.8842 -0.4400
vn 0.5225 0.8112 -0.2628
vn 0.4824 0.7660 -0.4250
vn 0.2071 0.0468 -0.9772
vn 0.1494 -0.3033 -0.9411
vn -0.2219 -0.4384 -0.8710
vn -0.3248 0.1042 -0.9400
vn -0.1434 0.0857 -0.9859
vn 0.3763 0.1960 -0.9055
vn 0.3855 0.0170 -0.9226
vn 0.3272 -0.2965 -0.8972
vn 0.2691 -0.4398 -0.8568
vn 0.2061 0.2336 -0.9502
vn -0.2600 0.2643 -0.9288
vn -0.0897 0.2644 -0.9602
vn -0.3537 -0.8880 0.2940
vn 0.0090 -0.9515 0.3076
vn -0.0176 -0.8729 0.4876
vn -0.3537 -0.9333 -0.0623
vn -0.3242 -0.8220 0.4682
vn -0.4824 -0.7660 0.4250
vn -0.5225 -0.8511 -0.0517
vn -0.4824 -0.8479 -0.2200
vn -0.3243 -0.9129 -0.2478
vn -0.0176 -0.9671 -0.2540
vn 0.0093 -0.9982 -0.0601
vn 0.1977 -0.9792 -0.0456
vn 0.1977 -0.9367 0.2889
vn 0.1645 -0.8710 0.4629
vn 0.1645 -0.9591 -0.2305
vn 0.0011 0.9985 0.0545
vn 0.3374 0.9394 0.0609
vn 0.0129 0.9706 0.2405
vn 0.4603 0.8625 0.2102
vn 0.4964 0.8668 0.0467
vn 0.3375 0.8944 -0.2936
vn 0.0129 0.8796 -0.4755
vn 0.4964 0.8276 -0.2620
vn 0.4602 0.7826 -0.4192
vn 0.9617 -0.1766 0.2095
vn 0.8722 -0.2957 0.3898
vn 0.9081 -0.3591 0.2155
vn 0.9724 0.1258 -0.1963
vn 0.9724 0.1708 0.1587
vn 0.9617 -0.2234 -0.1588
vn 0.9240 0.0938 -0.3708
vn 0.9034 0.2462 -0.3511
vn 0.9349 0.2969 -0.1946
vn 0.9349 0.3361 0.1141
vn 0.9034 0.3262 0.2783
vn 0.8721 -0.3837 -0.3036
vn 0.9124 -0.2106 -0.3510
vn -0.2218 -0.2068 0.9529
vn 0.2072 0.2894 0.9345
vn -0.1434 0.3295 0.9332
vn 0.1495 -0.0584 0.9870
vn 0.3855 0.2470 0.8890
vn 0.3764 0.4161 0.8278
vn 0.2062 0.4637 0.8617
vn -0.0896 0.4961 0.8636
vn 0.2692 -0.2117 0.9395
vn 0.3273 -0.0628 0.9428
vn 0.3244 0.9131 0.2469
vn -0.1567 0.9662 0.2050
vn -0.3537 -0.8881 0.2936
vn -0.0011 -0.9533 0.3019
vn -0.3244 -0.8224 0.4673
vn -0.0128 -0.8801 0.4746
vn -0.0128 -0.9708 -0.2396
vn -0.0011 -0.9985 -0.0540
vn -0.3244 -0.9131 -0.2469
vn 0.1853 -0.9421 0.2794
vn 0.1567 -0.8842 0.4400
vn 0.1852 -0.9821 -0.0351
vn 0.1567 -0.9661 -0.2050
vn -0.1852 0.9821 0.0351
vn 0.8378 -0.4984 0.2230
vn 0.9698 0.2037 0.1339
vn 0.2600 -0.2643 0.9288
vn -0.8748 0.2765 -0.3979
vn -0.9698 -0.2037 -0.1338
vn 0.8748 -0.2765 0.3980
vn 0.9698 0.1638 -0.1806
vn 0.1852 -0.9821 -0.0350
vn 0.1852 -0.9421 0.2794
vn -0.5225 -0.8511 -0.0516
vn 0.1567 -0.9662 -0.2050
vn -0.3829 0.0268 0.9234
vn 0.3599 -0.9194 -0.1585
vn 0.9994 0.0207 0.0264
vn 0.9773 0.1241 0.1720
vn -0.9862 0.0243 0.1638
vn -0.9460 0.0507 0.3202
vn 0.3806 0.1429 0.9136
vn -0.9773 0.1241 0.1720
vn -0.9948 0.0431 0.0921
vn -0.9465 0.2740 0.1707
vn -0.3715 0.2814 0.8848
vn -0.3630 0.7878 0.4976
vn -0.3541 0.7301 0.5844
vn 0.9465 0.2740 0.1707
vn 0.3715 0.2814 0.8848
vn 0.3541 0.7301 0.5844
vn 0.3630 0.7878 0.4976
vn 0.3642 -0.0585 0.9295
vn 0.3534 0.2118 0.9112
vn 0.0733 0.3045 0.9497
vn -0.2426 -0.1795 0.9534
vn -0.9182 -0.1609 0.3620
vn -0.3642 -0.0585 0.9295
vn -0.3534 0.2118 0.9112
vn 0.3328 0.2388 0.9123
vn 0.1641 0.2660 0.9499
vn 0.0955 0.1621 0.9125
vn -0.2352 0.2382 0.9423
vn -0.1641 0.2660 0.9499
vn -0.9062 0.3269 0.2681
vn -0.3328 0.2388 0.9123
vn -0.3535 0.2118 0.9112
vn -0.3248 0.3359 0.8841
vn -0.1852 0.9821 0.0350
vn -0.1852 0.9421 -0.2794
vn 0.3244 0.8224 -0.4673
vn -0.3830 -0.2049 -0.9008
vn 0.9329 0.0326 0.3587
vn 0.8748 -0.2765 0.3979
vn -0.5225 -0.8112 0.2628
vn -0.1853 0.9421 -0.2794
vn 0.3186 0.8271 -0.4630
vn 0.3186 0.9166 0.2415
vn 0.9240 0.1835 0.3354
vn 0.9124 -0.1162 0.3924
vn 0.1134 -0.4702 -0.8753
vn 0.1134 -0.2364 0.9650
vn 0.9081 -0.4016 -0.1190
vn 0.1980 0.5391 0.8187
vn -0.9948 0.0431 0.0922
vn 0.9948 0.0431 0.0921
vn 0.9838 -0.0427 -0.1740
vn 0.9694 -0.2191 -0.1104
vn 0.9323 -0.2299 -0.2791
vn 0.9188 0.3004 -0.2558
vn 0.9188 0.3837 0.0931
vn 0.9837 0.0405 0.1750
vn 0.8146 0.3920 -0.4275
vn 0.8390 0.4696 -0.2747
vn 0.8390 0.5432 0.0336
vn 0.8756 0.2301 -0.4247
vn 0.8144 0.5429 0.2049
vn 0.8754 0.3972 0.2756
vn 0.9328 0.0940 0.3479
vn 0.9322 -0.0790 0.3533
vn -0.1841 0.8347 0.5190
vn 0.1841 0.8347 0.5190
vn -0.1980 0.5390 0.8187
vn 0.9676 -0.1754 0.1814
vn -0.9677 -0.1754 0.1814
vn 0.2087 0.0845 0.9743
vn -0.1442 0.0213 0.9893
vn 0.2208 -0.1030 0.9699
vn 0.3783 -0.0476 0.9244
vn -0.2092 0.3644 0.9074
vn 0.1437 0.4277 0.8924
vn 0.3251 0.4284 0.8431
vn -0.2213 0.5298 0.8188
vn 0.2606 0.5743 0.7761
vn 0.0904 0.5856 0.8055
vn -0.3788 0.4597 0.8032
vn -0.3830 0.3015 0.8732
vn -0.3255 -0.0017 0.9455
vn -0.2610 -0.1622 0.9516
vn 0.1442 -0.0213 -0.9893
vn -0.1437 -0.4277 -0.8924
vn -0.2087 -0.0845 -0.9743
vn 0.0909 0.1589 -0.9831
vn 0.2610 0.1621 -0.9516
vn 0.2092 -0.3644 -0.9074
vn 0.3830 -0.3015 -0.8732
vn -0.0904 -0.5856 -0.8055
vn 0.3788 -0.4597 -0.8032
vn 0.2213 -0.5298 -0.8188
vn -0.2606 -0.5743 -0.7760
vn -0.3251 -0.4284 -0.8431
vn -0.3825 -0.1252 -0.9154
vn -0.3783 0.0476 -0.9244
vn -0.9838 0.0427 0.1740
vn -0.9323 0.2299 0.2791
vn -0.9694 0.2191 0.1104
vn -0.9188 -0.3837 -0.0931
vn -0.9188 -0.3004 0.2558
vn -0.8754 -0.3972 -0.2755
vn -0.8144 -0.5429 -0.2049
vn -0.9328 -0.0940 -0.3479
vn -0.9837 -0.0405 -0.1750
vn -0.8390 -0.4696 0.2748
vn -0.8146 -0.3920 0.4275
vn -0.9330 0.0731 0.3524
vn -0.9322 0.0790 -0.3533
vn -0.9694 0.1455 -0.1979
vn 0.8390 0.4696 -0.2748
vn 0.9330 -0.0731 -0.3524
vn 0.8754 0.3972 0.2755
vn 0.0012 0.9986 -0.0538
vn 0.0013 0.9153 -0.4028
vn -0.3517 0.9353 -0.0388
vn -0.0107 0.9910 0.1336
vn 0.1587 0.9823 0.0999
vn 0.1589 0.8314 -0.5325
vn -0.0106 0.8239 -0.5666
vn 0.1875 0.9062 -0.3791
vn -0.3516 0.8521 -0.3878
vn -0.5206 0.8528 -0.0407
vn -0.4806 0.8677 0.1270
vn -0.4805 0.7168 -0.5053
vn -0.5205 0.7793 -0.3490
vn -0.3223 0.7680 -0.5534
vn -0.2066 -0.0579 -0.9767
vn 0.1441 -0.0212 -0.9893
vn 0.2213 -0.5301 -0.8185
vn 0.3256 0.0017 -0.9455
vn -0.1497 -0.4025 -0.9031
vn -0.3850 -0.0816 -0.9193
vn -0.3754 0.0982 -0.9216
vn 0.0908 0.1593 -0.9830
vn 0.2610 0.1622 -0.9516
vn -0.2051 0.1304 -0.9700
vn -0.1140 -0.5614 -0.8196
vn -0.2697 -0.5289 -0.8047
vn -0.3275 -0.3907 -0.8603
vn 0.8390 0.5431 0.0336
vn 0.8756 0.2301 -0.4248
vn 0.3515 -0.8519 0.3883
vn 0.5206 -0.8528 0.0407
vn 0.5205 -0.7793 0.3490
vn -0.0116 -0.9128 0.4083
vn 0.3516 -0.9354 0.0388
vn 0.4805 -0.7168 0.5053
vn 0.3222 -0.7675 0.5542
vn 0.0154 -0.8153 0.5788
vn -0.1668 -0.8157 0.5539
vn -0.2000 -0.8997 0.3879
vn -0.0115 -0.9988 0.0478
vn 0.0155 -0.9888 -0.1484
vn 0.3223 -0.9350 -0.1478
vn 0.4806 -0.8677 -0.1270
vn -0.1999 -0.9780 0.0600
vn -0.1666 -0.9779 -0.1260
vn 0.0011 0.9986 -0.0535
vn -0.3355 0.9411 -0.0412
vn -0.0108 0.9908 0.1346
vn -0.0106 0.8234 -0.5674
vn -0.3354 0.8584 -0.3881
vn -0.4944 0.8679 -0.0472
vn -0.4584 0.8812 0.1158
vn -0.3164 0.7732 -0.5496
vn -0.4582 0.7339 -0.5013
vn -0.4943 0.7957 -0.3499
vn -0.9622 -0.1509 0.2266
vn -0.9720 0.1061 -0.2094
vn -0.9621 -0.2374 -0.1342
vn -0.9721 0.1889 0.1389
vn -0.9090 -0.3319 0.2522
vn -0.8730 -0.2500 0.4187
vn -0.9341 0.2762 -0.2261
vn -0.9238 0.2206 0.3130
vn -0.9028 0.3562 0.2409
vn -0.9342 0.3485 0.0766
vn -0.9027 0.2090 -0.3762
vn -0.9236 0.0553 -0.3794
vn -0.9127 -0.2452 -0.3269
vn -0.8728 -0.4122 -0.2612
vn -0.1502 0.0485 0.9875
vn 0.2209 -0.1035 0.9698
vn 0.1436 0.4277 0.8924
vn -0.2071 0.3892 0.8976
vn -0.2055 0.5543 0.8066
vn 0.2606 0.5743 0.7760
vn 0.0903 0.5860 0.8053
vn -0.3759 0.5036 0.7779
vn -0.3854 0.3422 0.8570
vn -0.3279 0.0398 0.9439
vn -0.2701 -0.1087 0.9567
vn 0.3788 -0.4598 -0.8032
vn -0.3250 -0.4284 -0.8431
vn -0.0108 0.9910 0.1336
vn -0.3225 0.9351 0.1469
vn -0.4804 0.7168 -0.5053
vn 0.3516 -0.8521 0.3878
vn -0.0013 -0.9153 0.4028
vn 0.3517 -0.9353 0.0388
vn 0.0106 -0.8239 0.5666
vn 0.3223 -0.7680 0.5534
vn -0.1589 -0.8314 0.5325
vn -0.1875 -0.9062 0.3791
vn -0.0012 -0.9986 0.0538
vn 0.3225 -0.9351 -0.1469
vn 0.0108 -0.9910 -0.1336
vn -0.1874 -0.9797 0.0707
vn -0.1587 -0.9823 -0.0999
vn 0.1874 0.9797 -0.0707
vn -0.8390 -0.4696 0.2747
vn -0.8390 -0.5432 -0.0336
vn -0.8754 -0.3972 -0.2756
vn -0.2092 0.3645 0.9074
vn -0.0909 -0.1589 0.9831
vn -0.2610 -0.1621 0.9516
vn -0.8756 -0.2301 0.4247
vn -0.8390 -0.5431 -0.0336
vn 0.4804 -0.7168 0.5053
vn 0.5206 -0.8529 0.0407
vn 0.3825 0.1252 0.9154
vn -0.3788 0.4598 0.8032
vn -0.3256 -0.0017 0.9455
vn -0.3599 -0.9194 -0.1585
vn -0.9194 -0.3599 -0.1585
vn 0.9194 0.3599 0.1585
vn 0.2426 -0.1795 0.9534
vn 0.2352 0.2382 0.9423
vn 0.9062 0.3269 0.2681
vn -0.2208 0.1030 -0.9699
vn 0.9694 -0.1455 0.1979
vn 0.1874 0.9797 -0.0708
vn -0.3166 0.9380 0.1412
vn -0.1145 -0.1309 0.9848
vn -0.9089 -0.4101 -0.0757
vn -0.9129 -0.0712 0.4020
vn 0.3255 0.0017 -0.9455
vn -0.2208 0.1031 -0.9699
usemtl Atlas
s off
f 1883/1855/824 1884/1856/824 1885/1857/824
f 1883/1855/824 1885/1857/824 1886/1858/824
f 2105/1859/825 2106/1860/825 2107/1861/825
f 2107/1861/825 2108/1862/825 2105/1859/825
f 2108/1862/825 2109/1863/825 2110/1864/825
f 2112/1865/826 2113/1866/826 2114/1867/826
f 2114/1867/826 2113/1866/826 2115/1868/826
f 2102/1869/827 2116/1870/827 2067/1871/827
f 2111/1872/827 2067/1871/827 2116/1870/827
f 2067/1871/827 2111/1872/827 2083/1873/827
f 2095/1874/827 2094/1875/827 2119/1876/827
f 2117/1877/827 2094/1875/827 2080/1878/827
f 2120/1879/827 2121/1880/827 2122/1881/827
f 2120/1879/827 2123/1882/827 2121/1880/827
f 2122/1881/827 2121/1880/827 2124/1883/827
f 2122/1881/827 2124/1883/827 2125/1884/827
f 2126/1885/827 2127/1886/827 2128/1887/827
f 2126/1885/827 2129/1888/827 2127/1886/827
f 2128/1887/827 2130/1889/827 2131/1890/827
f 2128/1887/827 2127/1886/827 2130/1889/827
f 2132/1891/825 2133/1892/825 2134/1893/825
f 2133/1892/825 2132/1891/825 2135/1894/825
f 2135/1894/825 2136/1895/825 2133/1892/825
f 2137/1896/824 2138/1897/824 2139/1898/824
f 2137/1896/824 2139/1898/824 2140/1899/824
f 2141/1900/828 2142/1901/828 2143/1902/828
f 2142/1901/828 2144/1903/828 2143/1902/828
f 2145/1904/828 2146/1905/828 2147/1906/828
f 2146/1905/828 2148/1907/828 2147/1906/828
f 2149/1908/826 2150/1909/826 2151/1910/826
f 2151/1910/826 2150/1909/826 2152/1911/826
f 2153/1912/825 2154/1913/825 2155/1914/825
f 2154/1913/825 2153/1912/825 2156/1915/825
f 2156/1915/825 2157/1916/825 2154/1913/825
f 2158/1917/826 2159/1918/826 2160/1919/826
f 2158/1917/826 2160/1919/826 2161/1920/826
f 2161/1920/826 2162/1921/826 2163/1922/826
f 2161/1920/826 2160/1919/826 2162/1921/826
f 2094/1875/827 2117/1877/827 2119/1876/827
f 2164/1923/826 2165/1924/826 2166/1925/826
f 2166/1925/826 2165/1924/826 2159/1918/826
f 2159/1918/826 2158/1917/826 2166/1925/826
f 2157/1916/825 2156/1915/825 2167/1926/825
f 2168/1927/828 2169/1928/828 2145/1904/828
f 2169/1928/828 2146/1905/828 2145/1904/828
f 2170/1929/828 2171/1930/828 2141/1900/828
f 2171/1930/828 2142/1901/828 2141/1900/828
f 2136/1895/825 2135/1894/825 2172/1931/825
f 2173/1932/827 2174/1933/827 2175/1934/827
f 2173/1932/827 2176/1935/827 2174/1933/827
f 2175/1934/827 2174/1933/827 2177/1936/827
f 2178/1937/827 2179/1938/827 2180/1939/827
f 2178/1937/827 2181/1940/827 2179/1938/827
f 2180/1939/827 2179/1938/827 2176/1935/827
f 2180/1939/827 2176/1935/827 2173/1932/827
f 2182/1941/828 2183/1942/828 2184/1943/828
f 2184/1943/828 2185/1944/828 2182/1941/828
f 2186/1945/825 2187/1946/825 2188/1947/825
f 2187/1946/825 2186/1945/825 2189/1948/825
f 2190/1949/824 2191/1950/824 2192/1951/824
f 2190/1949/824 2192/1951/824 2193/1952/824
f 2190/1949/824 2193/1952/824 2194/1953/824
f 2194/1953/824 2193/1952/824 2195/1954/824
f 2194/1953/824 2195/1954/824 2196/1955/824
f 2197/1956/824 2198/1957/824 2199/1958/824
f 2197/1956/824 2196/1955/824 2198/1957/824
f 2196/1955/824 2195/1954/824 2198/1957/824
f 2200/1959/827 2181/1940/827 2178/1937/827
f 2202/1960/828 2203/1961/828 2204/1962/828
f 2202/1960/828 2205/1963/828 2203/1961/828
f 2203/1961/828 2205/1963/828 2206/1964/828
f 2163/1922/826 2162/1921/826 2207/1965/826
f 2208/1966/828 2206/1964/828 2205/1963/828
f 2206/1964/828 2208/1966/828 2209/1967/828
f 2212/1968/828 2213/1969/828 2214/1970/828
f 2214/1970/828 2215/1971/828 2216/1972/828
f 2215/1971/828 2214/1970/828 2213/1969/828
f 2230/1973/828 2216/1972/828 2231/1974/828
f 2230/1973/828 2231/1974/828 2232/1975/828
f 2231/1974/828 2216/1972/828 2215/1971/828
f 2109/1863/825 2233/1976/825 2110/1864/825
f 2109/1863/825 2108/1862/825 2107/1861/825
f 2109/1863/825 2234/1977/825 2233/1976/825
f 2235/1978/825 2236/1979/825 2237/1980/825
f 2235/1978/825 2237/1980/825 2238/1981/825
f 2235/1978/825 2239/1982/825 2240/1983/825
f 2239/1982/825 2235/1978/825 2238/1981/825
f 2240/1983/825 2239/1982/825 2241/1984/825
f 2241/1984/825 2242/1985/825 2240/1983/825
f 2243/1986/828 2209/1967/828 2208/1966/828
f 2244/1987/829 2245/1988/829 2246/1989/829
f 2244/1987/829 2246/1989/829 2247/1990/829
f 2248/1991/829 2249/1992/829 2250/1993/829
f 2248/1991/829 2250/1993/829 2251/1994/829
f 2342/1995/825 2343/1996/825 2344/1997/825
f 2342/1995/825 2344/1997/825 2345/1998/825
f 2342/1995/825 2346/1999/825 2343/1996/825
f 2346/1999/825 2347/2000/825 2348/2001/825
f 2346/1999/825 2348/2001/825 2343/1996/825
f 2361/2002/826 2366/2003/826 2364/2004/826
f 2364/2004/826 2366/2003/826 2367/2005/826
f 2400/2006/828 2401/2007/828 2402/2008/828
f 2402/2008/828 2403/2009/828 2400/2006/828
f 2403/2009/828 2404/2010/828 2405/2011/828
f 2409/2012/826 2367/2005/826 2366/2003/826
f 2326/2013/824 2470/2014/824 2330/2015/824
f 2555/2016/828 2404/2010/828 2556/2017/828
f 2555/2016/828 2405/2011/828 2404/2010/828
f 2404/2010/828 2403/2009/828 2402/2008/828
f 2557/2018/828 2558/2019/828 2559/2020/828
f 2559/2020/828 2560/2021/828 2557/2018/828
f 2560/2021/828 2561/2022/828 2562/2023/828
f 2563/2024/828 2564/2025/828 2565/2026/828
f 2563/2024/828 2565/2026/828 2566/2027/828
f 2564/2025/828 2562/2023/828 2561/2022/828
f 2564/2025/828 2561/2022/828 2565/2026/828
f 2570/2028/829 2571/2029/829 2572/2030/829
f 2570/2028/829 2573/2031/829 2571/2029/829
f 2366/2003/826 2361/2002/826 2363/2032/826
f 2470/2014/824 2574/2033/824 2575/2034/824
f 2470/2014/824 2326/2013/824 2552/2035/824
f 2577/2036/828 2555/2016/828 2556/2017/828
f 2577/2036/828 2556/2017/828 2578/2037/828
f 2345/1998/825 2344/1997/825 2579/2038/825
f 2345/1998/825 2579/2038/825 2580/2039/825
f 2581/2040/825 2580/2039/825 2579/2038/825
f 2574/2033/824 2470/2014/824 2552/2035/824
f 2586/2041/824 2587/2042/824 2588/2043/824
f 2586/2041/824 2589/2044/824 2587/2042/824
f 2608/2045/824 2594/2046/824 2596/2047/824
f 2608/2045/824 2609/2048/824 2594/2046/824
f 2610/2049/825 2611/2050/825 2612/2051/825
f 2610/2049/825 2612/2051/825 2613/2052/825
f 2610/2049/825 2613/2052/825 2614/2053/825
f 2614/2053/825 2615/2054/825 2616/2055/825
f 2614/2053/825 2613/2052/825 2615/2054/825
f 2617/2056/825 2616/2055/825 2615/2054/825
f 2618/2057/829 2619/2058/829 2620/2059/829
f 2618/2057/829 2621/2060/829 2619/2058/829
f 2611/2050/825 2622/2061/825 2612/2051/825
f 2611/2050/825 2623/2062/825 2622/2061/825
f 2561/2022/828 2560/2021/828 2559/2020/828
f 4299/2063/830 4300/2064/830 4301/2065/830
f 4305/2066/831 4306/2067/831 4307/2068/831
s 1
f 1855/2069/832 1856/2070/833 1857/2071/834
f 1855/2069/832 1858/2072/835 1856/2070/833
f 1855/2069/832 1859/2073/836 1860/2074/837
f 1855/2069/832 1861/2075/838 1862/2076/839
f 1857/2071/834 1863/2077/840 1859/2073/836
f 1857/2071/834 1864/2078/841 1865/2079/842
f 1866/2080/824 1857/2071/834 1856/2070/833
f 1866/2080/824 1867/2081/841 1864/2078/841
f 1866/2080/824 1868/2082/833 1869/2083/824
f 1870/2084/843 1871/2085/844 1872/2086/828
f 1870/2084/843 1872/2086/828 1873/2087/845
f 1870/2084/843 1874/2088/846 1875/2089/847
f 1870/2084/843 1873/2087/845 1876/2090/848
f 1871/2085/844 1877/2091/849 1872/2086/828
f 1871/2085/844 1878/2092/850 1877/2091/849
f 1872/2086/828 1879/2093/851 1880/2094/852
f 1872/2086/828 1877/2091/849 1879/2093/851
f 1873/2087/845 1880/2094/852 1881/2095/853
f 1873/2087/845 1872/2086/828 1880/2094/852
f 1873/2087/845 1881/2095/853 1882/2096/854
f 1887/2097/833 1888/2098/855 1889/2099/856
f 1887/2097/833 1889/2099/856 1890/2100/824
f 1887/2097/833 1891/2101/824 1892/2102/833
f 1889/2099/856 1888/2098/855 1893/2103/857
f 1890/2100/824 1894/2104/858 1895/2105/841
f 1896/2106/859 1890/2100/824 1889/2099/856
f 1896/2106/859 1897/2107/860 1898/2108/861
f 1899/2109/862 1900/2110/863 1901/2111/826
f 1899/2109/862 1902/2112/864 1900/2110/863
f 1902/2112/864 1903/2113/865 1904/2114/866
f 1900/2110/863 1902/2112/864 1904/2114/866
f 1900/2110/863 1905/2115/867 1901/2111/826
f 1901/2111/826 1905/2115/867 1906/2116/868
f 1907/2117/869 1908/2118/870 1909/2119/871
f 1907/2117/869 1910/2120/829 1911/2121/869
f 1907/2117/869 1909/2119/871 1912/2122/829
f 1908/2118/870 1913/2123/872 1914/2124/873
f 1909/2119/871 1915/2125/874 1912/2122/829
f 1909/2119/871 1908/2118/870 1914/2124/873
f 1912/2122/829 1916/2126/874 1910/2120/829
f 1917/2127/875 1918/2128/826 1919/2129/876
f 1917/2127/875 1920/2130/862 1918/2128/826
f 1917/2127/875 1919/2129/876 1921/2131/877
f 1917/2127/875 1922/2132/878 1923/2133/879
f 1918/2128/826 1924/2134/868 1919/2129/876
f 1918/2128/826 1925/2135/868 1924/2134/868
f 1919/2129/876 1924/2134/868 1926/2136/880
f 1919/2129/876 1926/2136/880 1927/2137/881
f 1928/2138/882 1929/2139/829 1930/2140/883
f 1928/2138/882 1930/2140/883 1931/2141/884
f 1928/2138/882 1932/2142/869 1929/2139/829
f 1928/2138/882 1933/2143/885 1934/2144/886
f 1932/2142/869 1935/2145/831 1936/2146/869
f 1929/2139/829 1937/2147/874 1938/2148/874
f 1929/2139/829 1936/2146/869 1939/2149/829
f 1930/2140/883 1938/2148/874 1940/2150/887
f 1930/2140/883 1929/2139/829 1938/2148/874
f 1930/2140/883 1940/2150/887 1941/2151/888
f 1942/2152/889 1943/2153/890 1944/2154/825
f 1942/2152/889 1944/2154/825 1945/2155/891
f 1942/2152/889 1946/2156/892 1947/2157/893
f 1942/2152/889 1948/2158/894 1946/2156/892
f 1943/2153/890 1949/2159/895 1950/2160/896
f 1943/2153/890 1951/2161/897 1952/2162/898
f 1943/2153/890 1950/2160/896 1944/2154/825
f 1944/2154/825 1950/2160/896 1953/2163/899
f 1944/2154/825 1953/2163/899 1954/2164/900
f 1945/2155/891 1944/2154/825 1954/2164/900
f 1945/2155/891 1955/2165/901 1948/2158/894
f 1945/2155/891 1954/2164/900 1956/2166/902
f 1957/2167/903 1878/2092/850 1958/2168/904
f 1878/2092/850 1957/2167/903 1959/2169/905
f 1959/2169/905 1960/2170/906 1877/2091/849
f 1897/2107/860 1889/2099/856 1893/2103/857
f 1897/2107/860 1896/2106/859 1889/2099/856
f 1888/2098/855 1887/2097/833 1961/2171/835
f 1962/2172/907 1963/2173/908 1964/2174/909
f 1963/2173/908 1965/2175/910 1964/2174/909
f 1963/2173/908 1966/2176/911 1965/2175/910
f 1964/2174/909 1967/2177/912 1968/2178/913
f 1964/2174/909 1969/2179/914 1962/2172/907
f 1964/2174/909 1970/2180/827 1967/2177/912
f 1860/2074/837 1861/2075/838 1855/2069/832
f 1947/2157/893 1951/2161/897 1942/2152/889
f 1951/2161/897 1943/2153/890 1942/2152/889
f 1971/2181/915 1972/2182/916 1973/2183/917
f 1972/2182/916 1971/2181/915 1974/2184/918
f 1974/2184/918 1975/2185/919 1972/2182/916
f 1976/2186/920 1949/2159/895 1977/2187/921
f 1949/2159/895 1976/2186/920 1978/2188/922
f 1978/2188/922 1979/2189/923 1950/2160/896
f 1980/2190/924 1865/2079/842 1981/2191/925
f 1865/2079/842 1980/2190/924 1863/2077/840
f 1863/2077/840 1857/2071/834 1865/2079/842
f 1934/2144/886 1982/2192/926 1928/2138/882
f 1982/2192/926 1932/2142/869 1928/2138/882
f 1982/2192/926 1983/2193/831 1932/2142/869
f 1913/2123/872 1908/2118/870 1984/2194/927
f 1914/2124/873 1985/2195/928 1909/2119/871
f 1986/2196/929 1987/2197/930 1894/2104/858
f 1894/2104/858 1890/2100/824 1896/2106/859
f 1894/2104/858 1988/2198/931 1986/2196/929
f 1894/2104/858 1989/2199/932 1895/2105/841
f 1894/2104/858 1898/2108/861 1988/2198/931
f 1875/2089/847 1990/2200/933 1870/2084/843
f 1990/2200/933 1871/2085/844 1870/2084/843
f 1990/2200/933 1991/2201/934 1871/2085/844
f 1992/2202/935 1968/2178/913 1967/2177/912
f 1992/2202/935 1993/2203/936 1994/2204/937
f 1993/2203/936 1995/2205/938 1994/2204/937
f 1995/2205/938 1996/2206/939 1997/2207/940
f 1923/2133/879 1998/2208/941 1917/2127/875
f 1998/2208/941 1920/2130/862 1917/2127/875
f 1998/2208/941 1999/2209/942 1920/2130/862
f 2000/2210/943 2001/2211/944 1879/2093/851
f 1879/2093/851 2001/2211/944 2002/2212/945
f 1879/2093/851 1877/2091/849 1960/2170/906
f 2003/2213/946 2004/2214/947 2005/2215/948
f 2005/2215/948 2006/2216/949 2003/2213/946
f 2005/2215/948 2004/2214/947 2007/2217/950
f 1955/2165/901 1956/2166/902 2008/2218/951
f 1955/2165/901 1945/2155/891 1956/2166/902
f 1956/2166/902 2009/2219/952 2010/2220/953
f 1956/2166/902 2010/2220/953 2008/2218/951
f 1903/2113/865 1902/2112/864 2011/2221/954
f 1904/2114/866 2012/2222/955 1900/2110/863
f 1941/2151/888 1940/2150/887 2013/2223/956
f 1941/2151/888 1931/2141/884 1930/2140/883
f 1940/2150/887 2014/2224/957 2013/2223/956
f 2014/2224/957 1938/2148/874 2015/2225/830
f 2016/2226/958 2017/2227/959 1905/2115/867
f 1905/2115/867 1900/2110/863 2012/2222/955
f 1905/2115/867 2017/2227/959 2018/2228/960
f 2018/2228/960 1906/2116/868 1905/2115/867
f 2019/2229/961 1953/2163/899 2020/2230/962
f 1953/2163/899 1950/2160/896 1979/2189/923
f 1953/2163/899 2019/2229/961 2021/2231/963
f 1927/2137/881 1926/2136/880 2022/2232/964
f 1927/2137/881 1921/2131/877 1919/2129/876
f 1926/2136/880 2023/2233/965 2022/2232/964
f 1926/2136/880 2024/2234/966 2023/2233/965
f 2025/2235/967 2026/2236/968 2027/2237/969
f 2027/2237/969 1909/2119/871 1985/2195/928
f 2027/2237/969 2026/2236/968 2028/2238/970
f 1882/2096/854 1876/2090/848 1873/2087/845
f 1882/2096/854 1881/2095/853 2029/2239/971
f 1881/2095/853 2030/2240/972 2029/2239/971
f 1881/2095/853 1880/2094/852 2031/2241/973
f 1881/2095/853 2031/2241/973 2030/2240/972
f 2032/2242/868 2033/2243/868 2034/2244/966
f 2032/2242/868 2035/2245/966 1925/2135/868
f 2032/2242/868 2036/2246/826 2037/2247/826
f 2033/2243/868 2038/2248/966 2039/2249/966
f 2033/2243/868 2037/2247/826 2040/2250/826
f 2033/2243/868 2039/2249/966 2034/2244/966
f 2041/2251/874 1916/2126/874 2042/2252/830
f 2041/2251/874 2043/2253/830 1937/2147/874
f 2041/2251/874 1910/2120/829 1916/2126/874
f 2043/2253/830 1938/2148/874 1937/2147/874
f 2043/2253/830 2041/2251/874 2042/2252/830
f 1937/2147/874 1929/2139/829 1939/2149/829
f 1937/2147/874 2044/2254/829 2041/2251/874
f 1916/2126/874 1915/2125/874 2045/2255/830
f 1916/2126/874 2045/2255/830 2042/2252/830
f 1916/2126/874 1912/2122/829 1915/2125/874
f 2035/2245/966 2032/2242/868 2034/2244/966
f 1925/2135/868 1918/2128/826 2036/2246/826
f 1925/2135/868 2024/2234/966 1924/2134/868
f 2046/2256/932 2047/2257/841 2048/2258/932
f 2047/2257/841 2046/2256/932 1867/2081/841
f 2047/2257/841 1869/2083/824 2049/2259/824
f 2048/2258/932 2050/2260/841 2051/2261/932
f 1867/2081/841 2052/2262/932 1864/2078/841
f 1867/2081/841 1866/2080/824 1869/2083/824
f 2050/2260/841 1989/2199/932 2051/2261/932
f 2050/2260/841 2049/2259/824 1891/2101/824
f 2050/2260/841 2048/2258/932 2047/2257/841
f 2053/2263/831 2054/2264/869 2055/2265/831
f 2053/2263/831 1907/2117/869 1911/2121/869
f 2053/2263/831 2056/2266/831 1907/2117/869
f 2054/2264/869 2053/2263/831 1911/2121/869
f 2054/2264/869 1939/2149/829 1936/2146/869
f 2055/2265/831 1936/2146/869 1935/2145/831
f 1911/2121/869 2044/2254/829 2054/2264/869
f 1936/2146/869 2055/2265/831 2054/2264/869
f 1936/2146/869 1929/2139/829 1932/2142/869
f 1935/2145/831 1932/2142/869 1983/2193/831
f 2057/2267/833 2058/2268/835 1892/2102/833
f 2057/2267/833 2059/2269/835 2060/2270/835
f 2057/2267/833 1891/2101/824 2049/2259/824
f 2058/2268/835 2057/2267/833 2060/2270/835
f 1892/2102/833 1961/2171/835 1887/2097/833
f 2059/2269/835 2057/2267/833 1868/2082/833
f 1868/2082/833 1858/2072/835 2059/2269/835
f 1868/2082/833 2049/2259/824 1869/2083/824
f 1868/2082/833 1866/2080/824 1856/2070/833
f 2061/2271/911 2062/2272/910 2063/2273/910
f 2061/2271/911 2064/2274/911 2062/2272/910
f 2064/2274/911 2065/2275/911 2066/2276/910
f 2064/2274/911 2066/2276/910 2062/2272/910
f 2062/2272/910 2067/1871/827 2068/2277/827
f 2062/2272/910 2068/2277/827 2063/2273/910
f 2063/2273/910 2069/2278/911 2061/2271/911
f 2063/2273/910 2070/2279/827 2071/2280/910
f 2063/2273/910 2068/2277/827 2070/2279/827
f 2069/2278/911 1965/2175/910 1966/2176/911
f 2069/2278/911 2063/2273/910 2071/2280/910
f 2071/2280/910 2070/2279/827 2072/2281/827
f 2071/2280/910 2072/2281/827 1965/2175/910
f 2073/2282/974 2074/2283/940 2075/2284/939
f 2073/2282/974 2076/2285/827 2077/2286/827
f 2073/2282/974 2078/2287/939 2079/2288/940
f 2074/2283/940 2073/2282/974 2079/2288/940
f 2075/2284/939 2080/1878/827 2076/2285/827
f 2078/2287/939 2077/2286/827 2081/2289/827
f 2078/2287/939 2082/2290/940 2079/2288/940
f 2078/2287/939 2083/1873/827 2084/2291/939
f 2078/2287/939 2085/2292/974 2086/2293/974
f 2087/2294/942 2088/2295/862 2089/2296/942
f 2088/2295/862 2040/2250/826 2037/2247/826
f 2088/2295/862 2090/2297/942 2089/2296/942
f 2088/2295/862 2087/2294/942 2091/2298/862
f 2090/2297/942 2088/2295/862 2092/2299/862
f 2092/2299/862 2037/2247/826 2036/2246/826
f 1968/2178/913 1969/2179/914 1964/2174/909
f 1967/2177/912 1993/2203/936 1992/2202/935
f 1967/2177/912 2093/2300/827 1993/2203/936
f 1877/2091/849 1878/2092/850 1959/2169/905
f 1960/2170/906 2000/2210/943 1879/2093/851
f 1859/2073/836 1855/2069/832 1857/2071/834
f 1952/2162/898 1977/2187/921 1949/2159/895
f 1952/2162/898 1949/2159/895 1943/2153/890
f 1921/2131/877 1922/2132/878 1917/2127/875
f 1880/2094/852 1879/2093/851 2002/2212/945
f 1880/2094/852 2002/2212/945 2031/2241/973
f 1906/2116/868 2040/2250/826 1901/2111/826
f 1906/2116/868 2018/2228/960 2038/2248/966
f 2038/2248/966 2033/2243/868 1906/2116/868
f 1938/2148/874 2014/2224/957 1940/2150/887
f 1938/2148/874 2043/2253/830 2015/2225/830
f 2052/2262/932 1981/2191/925 1865/2079/842
f 2052/2262/932 1867/2081/841 2046/2256/932
f 2052/2262/932 1865/2079/842 1864/2078/841
f 1864/2078/841 1857/2071/834 1866/2080/824
f 1965/2175/910 1970/2180/827 1964/2174/909
f 1965/2175/910 2072/2281/827 2094/1875/827
f 1965/2175/910 2094/1875/827 2095/1874/827
f 1965/2175/910 2069/2278/911 2071/2280/910
f 1961/2171/835 1892/2102/833 2058/2268/835
f 1975/2185/919 1974/2184/918 2006/2216/949
f 1975/2185/919 2005/2215/948 2096/2301/827
f 1975/2185/919 2096/2301/827 2097/2302/827
f 1975/2185/919 2098/2303/827 1972/2182/916
f 2006/2216/949 2005/2215/948 1975/2185/919
f 1948/2158/894 1942/2152/889 1945/2155/891
f 1876/2090/848 1874/2088/846 1870/2084/843
f 1985/2195/928 2025/2235/967 2027/2237/969
f 1996/2206/939 2075/2284/939 2099/2304/974
f 1996/2206/939 1993/2203/936 2093/2300/827
f 1996/2206/939 1995/2205/938 1993/2203/936
f 1996/2206/939 2099/2304/974 2100/2305/974
f 1954/2164/900 2021/2231/963 2009/2219/952
f 1954/2164/900 1953/2163/899 2021/2231/963
f 2009/2219/952 1956/2166/902 1954/2164/900
f 2012/2222/955 2016/2226/958 1905/2115/867
f 1991/2201/934 1878/2092/850 1871/2085/844
f 1991/2201/934 1958/2168/904 1878/2092/850
f 1898/2108/861 1894/2104/858 1896/2106/859
f 1931/2141/884 1933/2143/885 1928/2138/882
f 1950/2160/896 1949/2159/895 1978/2188/922
f 1979/2189/923 2020/2230/962 1953/2163/899
f 2024/2234/966 1925/2135/868 2035/2245/966
f 2024/2234/966 1926/2136/880 1924/2134/868
f 1915/2125/874 2028/2238/970 2101/2306/830
f 1915/2125/874 1909/2119/871 2027/2237/969
f 1915/2125/874 2027/2237/969 2028/2238/970
f 2101/2306/830 2045/2255/830 1915/2125/874
f 2056/2266/831 1908/2118/870 1907/2117/869
f 2056/2266/831 1984/2194/927 1908/2118/870
f 1989/2199/932 1894/2104/858 1987/2197/930
f 1989/2199/932 2050/2260/841 1895/2105/841
f 1895/2105/841 1891/2101/824 1890/2100/824
f 2065/2275/911 1972/2182/916 2066/2276/910
f 2065/2275/911 1973/2183/917 1972/2182/916
f 2066/2276/910 1972/2182/916 2098/2303/827
f 2066/2276/910 2098/2303/827 2102/1869/827
f 2066/2276/910 2067/1871/827 2062/2272/910
f 1858/2072/835 1855/2069/832 1862/2076/839
f 1858/2072/835 1868/2082/833 1856/2070/833
f 2103/2307/942 1902/2112/864 1899/2109/862
f 2103/2307/942 2011/2221/954 1902/2112/864
f 2084/2291/939 2005/2215/948 2007/2217/950
f 2084/2291/939 2007/2217/950 2104/2308/940
f 2084/2291/939 2096/2301/827 2005/2215/948
f 1939/2149/829 2054/2264/869 2044/2254/829
f 2044/2254/829 1911/2121/869 1910/2120/829
f 2044/2254/829 1937/2147/874 1939/2149/829
f 1910/2120/829 2041/2251/874 2044/2254/829
f 1910/2120/829 1907/2117/869 1912/2122/829
f 2037/2247/826 2092/2299/862 2088/2295/862
f 2037/2247/826 2033/2243/868 2032/2242/868
f 2036/2246/826 2032/2242/868 1925/2135/868
f 2076/2285/827 2073/2282/974 2075/2284/939
f 2077/2286/827 2078/2287/939 2073/2282/974
f 2083/1873/827 2111/1872/827 2084/2291/939
f 2083/1873/827 2078/2287/939 2081/2289/827
f 2049/2259/824 1868/2082/833 2057/2267/833
f 2049/2259/824 2050/2260/841 2047/2257/841
f 1891/2101/824 2057/2267/833 1892/2102/833
f 1891/2101/824 1887/2097/833 1890/2100/824
f 1891/2101/824 1895/2105/841 2050/2260/841
f 1869/2083/824 2047/2257/841 1867/2081/841
f 2098/2303/827 1975/2185/919 2097/2302/827
f 2096/2301/827 2084/2291/939 2111/1872/827
f 2067/1871/827 2066/2276/910 2102/1869/827
f 2093/2300/827 2117/1877/827 1996/2206/939
f 2093/2300/827 1967/2177/912 2118/2309/827
f 1970/2180/827 1965/2175/910 2095/1874/827
f 1970/2180/827 2118/2309/827 1967/2177/912
f 2117/1877/827 2080/1878/827 1996/2206/939
f 2080/1878/827 2075/2284/939 1996/2206/939
f 2040/2250/826 2088/2295/862 2091/2298/862
f 2040/2250/826 1906/2116/868 2033/2243/868
f 2085/2292/974 2078/2287/939 2084/2291/939
f 2086/2293/974 2085/2292/974 2201/2310/940
f 2100/2305/974 2210/2311/940 2211/2312/940
f 2217/2313/862 2218/2314/826 2219/2315/862
f 2218/2314/826 2217/2313/862 2220/2316/826
f 2221/2317/942 2217/2313/862 2219/2315/862
f 2221/2317/942 2222/2318/942 2217/2313/862
f 2223/2319/940 2201/2310/940 2085/2292/974
f 2224/2320/862 2225/2321/942 2226/2322/942
f 2224/2320/862 2227/2323/826 2228/2324/862
f 2227/2323/826 2224/2320/862 2229/2325/826
f 2225/2321/942 2224/2320/862 2228/2324/862
f 2210/2311/940 2100/2305/974 2099/2304/974
f 2252/2326/841 2253/2327/975 2254/2328/858
f 2252/2326/841 2255/2329/976 2253/2327/975
f 2252/2326/841 2256/2330/932 2257/2331/841
f 2253/2327/975 2258/2332/855 2259/2333/856
f 2254/2328/858 2253/2327/975 2259/2333/856
f 2254/2328/858 2260/2334/931 2261/2335/929
f 2259/2333/856 2258/2332/855 2262/2336/857
f 2259/2333/856 2260/2334/931 2254/2328/858
f 2263/2337/916 2264/2338/946 2265/2339/948
f 2263/2337/916 2266/2340/915 2267/2341/918
f 2263/2337/916 2268/2342/977 2269/2343/978
f 2268/2342/977 2270/2344/950 2271/2345/979
f 2268/2342/977 2263/2337/916 2265/2339/948
f 2269/2343/978 2272/2346/917 2263/2337/916
f 2269/2343/978 2273/2347/980 2274/2348/981
f 2265/2339/948 2275/2349/947 2270/2344/950
f 2276/2350/864 2277/2351/865 2278/2352/982
f 2276/2350/864 2279/2353/867 2280/2354/983
f 2276/2350/864 2281/2355/958 2279/2353/867
f 2279/2353/867 2282/2356/959 2283/2357/960
f 2280/2354/983 2279/2353/867 2284/2358/868
f 2280/2354/983 2285/2359/954 2276/2350/864
f 2284/2358/868 2286/2360/984 2280/2354/983
f 2284/2358/868 2283/2357/960 2287/2361/966
f 2284/2358/868 2279/2353/867 2283/2357/960
f 2288/2362/869 2289/2363/969 2290/2364/874
f 2288/2362/869 2291/2365/927 2292/2366/870
f 2289/2363/969 2288/2362/869 2292/2366/870
f 2289/2363/969 2292/2366/870 2293/2367/873
f 2289/2363/969 2294/2368/830 2290/2364/874
f 2289/2363/969 2295/2369/968 2296/2370/970
f 2290/2364/874 2294/2368/830 2297/2371/830
f 2290/2364/874 2298/2372/869 2288/2362/869
f 2292/2366/870 2299/2373/872 2293/2367/873
f 2300/2374/842 2301/2375/985 2302/2376/841
f 2300/2374/842 2303/2377/924 2304/2378/840
f 2301/2375/985 2300/2374/842 2305/2379/832
f 2301/2375/985 2305/2379/832 2306/2380/839
f 2301/2375/985 2306/2380/839 2307/2381/986
f 2302/2376/841 2301/2375/985 2308/2382/987
f 2302/2376/841 2309/2383/925 2300/2374/842
f 2305/2379/832 2300/2374/842 2304/2378/840
f 2305/2379/832 2310/2384/838 2306/2380/839
f 2311/2385/988 2312/2386/936 2313/2387/909
f 2312/2386/936 2311/2385/988 2314/2388/989
f 2312/2386/936 2315/2389/938 2316/2390/937
f 2313/2387/909 2317/2391/914 2318/2392/907
f 2313/2387/909 2312/2386/936 2319/2393/935
f 2314/2388/989 2315/2389/938 2312/2386/936
f 2314/2388/989 2320/2394/990 2321/2395/991
f 2322/2396/932 2323/2397/841 2324/2398/841
f 2322/2396/932 2325/2399/932 2323/2397/841
f 2323/2397/841 2326/2013/824 2324/2398/841
f 2323/2397/841 2327/2400/932 2328/2401/841
f 2324/2398/841 2329/2402/932 2322/2396/932
f 2324/2398/841 2326/2013/824 2330/2015/824
f 2331/2403/992 2332/2404/880 2333/2405/875
f 2332/2404/880 2334/2406/965 2335/2407/964
f 2332/2404/880 2331/2403/992 2336/2408/868
f 2333/2405/875 2337/2409/878 2338/2410/879
f 2333/2405/875 2332/2404/880 2339/2411/881
f 2336/2408/868 2340/2412/993 2341/2413/868
f 2336/2408/868 2334/2406/965 2332/2404/880
f 2349/2414/902 2350/2415/953 2351/2416/951
f 2349/2414/902 2352/2417/994 2350/2415/953
f 2349/2414/902 2353/2418/889 2354/2419/995
f 2353/2418/889 2355/2420/892 2356/2421/893
f 2353/2418/889 2357/2422/996 2355/2420/892
f 2354/2419/995 2358/2423/997 2349/2414/902
f 2358/2423/997 2359/2424/998 2360/2425/999
f 2361/2002/826 2362/2426/862 2363/2032/826
f 2361/2002/826 2364/2004/826 2365/2427/1000
f 2365/2427/1000 2368/2428/862 2361/2002/826
f 2365/2427/1000 2364/2004/826 2369/2429/1001
f 2369/2429/1001 2340/2412/993 2370/2430/1002
f 2369/2429/1001 2367/2005/826 2371/2431/1003
f 2369/2429/1001 2372/2432/1004 2365/2427/1000
f 2373/2433/882 2374/2434/885 2375/2435/886
f 2373/2433/882 2376/2436/874 2377/2437/887
f 2373/2433/882 2377/2437/887 2378/2438/888
f 2376/2436/874 2373/2433/882 2379/2439/869
f 2376/2436/874 2380/2440/830 2381/2441/830
f 2377/2437/887 2381/2441/830 2382/2442/957
f 2377/2437/887 2376/2436/874 2381/2441/830
f 2377/2437/887 2382/2442/957 2383/2443/956
f 2379/2439/869 2384/2444/874 2376/2436/874
f 2385/2445/899 2386/2446/961 2387/2447/963
f 2385/2445/899 2388/2448/902 2389/2449/895
f 2388/2448/902 2387/2447/963 2390/2450/953
f 2388/2448/902 2385/2445/899 2387/2447/963
f 2388/2448/902 2390/2450/953 2391/2451/951
f 2389/2449/895 2392/2452/962 2385/2445/899
f 2389/2449/895 2393/2453/920 2394/2454/922
f 2395/2455/889 2389/2449/895 2388/2448/902
f 2395/2455/889 2388/2448/902 2396/2456/996
f 2395/2455/889 2397/2457/921 2389/2449/895
f 2395/2455/889 2398/2458/892 2399/2459/893
f 2406/2460/1005 2407/2461/1006 2286/2360/984
f 2406/2460/1005 2408/2462/868 2409/2012/826
f 2408/2462/868 2406/2460/1005 2410/2463/868
f 2408/2462/868 2411/2464/966 2412/2465/966
f 2408/2462/868 2410/2463/868 2411/2464/966
f 2409/2012/826 2413/2466/868 2367/2005/826
f 2410/2463/868 2286/2360/984 2414/2467/868
f 2415/2468/868 2413/2466/868 2416/2469/966
f 2415/2468/868 2416/2469/966 2417/2470/966
f 2415/2468/868 2367/2005/826 2413/2466/868
f 2413/2466/868 2412/2465/966 2416/2469/966
f 2413/2466/868 2409/2012/826 2408/2462/868
f 2417/2470/966 2341/2413/868 2415/2468/868
f 2418/2471/850 2419/2472/903 2420/2473/905
f 2418/2471/850 2421/2474/1007 2422/2475/1008
f 2418/2471/850 2423/2476/943 2424/2477/851
f 2421/2474/1007 2425/2478/945 2426/2479/1009
f 2421/2474/1007 2424/2477/851 2425/2478/945
f 2421/2474/1007 2418/2471/850 2424/2477/851
f 2422/2475/1008 2427/2480/1010 2428/2481/1011
f 2424/2477/851 2429/2482/944 2425/2478/945
f 2430/2483/847 2431/2484/933 2432/2485/843
f 2431/2484/933 2433/2486/904 2434/2487/850
f 2431/2484/933 2434/2487/850 2432/2485/843
f 2432/2485/843 2435/2488/846 2430/2483/847
f 2432/2485/843 2436/2489/851 2437/2490/853
f 2435/2488/846 2437/2490/853 2438/2491/854
f 2299/2373/872 2292/2366/870 2291/2365/927
f 2291/2365/927 2288/2362/869 2439/2492/831
f 2293/2367/873 2440/2493/967 2289/2363/969
f 2261/2335/929 2441/2494/930 2254/2328/858
f 2441/2494/930 2252/2326/841 2254/2328/858
f 2441/2494/930 2442/2495/932 2252/2326/841
f 2260/2334/931 2259/2333/856 2443/2496/1012
f 2375/2435/886 2444/2497/926 2373/2433/882
f 2444/2497/926 2445/2498/831 2379/2439/869
f 2444/2497/926 2379/2439/869 2373/2433/882
f 2393/2453/920 2389/2449/895 2397/2457/921
f 2397/2457/921 2395/2455/889 2446/2499/897
f 2303/2377/924 2300/2374/842 2309/2383/925
f 2309/2383/925 2302/2376/841 2447/2500/932
f 2304/2378/840 2448/2501/837 2305/2379/832
f 2281/2355/958 2276/2350/864 2278/2352/982
f 2281/2355/958 2282/2356/959 2279/2353/867
f 2392/2452/962 2389/2449/895 2394/2454/922
f 2392/2452/962 2386/2446/961 2385/2445/899
f 2378/2438/888 2374/2434/885 2373/2433/882
f 2378/2438/888 2377/2437/887 2383/2443/956
f 2440/2493/967 2295/2369/968 2289/2363/969
f 2438/2491/854 2437/2490/853 2449/2502/971
f 2437/2490/853 2450/2503/972 2449/2502/971
f 2437/2490/853 2435/2488/846 2432/2485/843
f 2450/2503/972 2436/2489/851 2451/2504/945
f 2339/2411/881 2337/2409/878 2333/2405/875
f 2339/2411/881 2332/2404/880 2335/2407/964
f 2334/2406/965 2336/2408/868 2452/2505/966
f 2453/2506/903 2434/2487/850 2433/2486/904
f 2434/2487/850 2453/2506/903 2454/2507/905
f 2434/2487/850 2455/2508/943 2436/2489/851
f 2443/2496/1012 2259/2333/856 2262/2336/857
f 2258/2332/855 2253/2327/975 2456/2509/1013
f 2318/2392/907 2457/2510/908 2313/2387/909
f 2457/2510/908 2311/2385/988 2313/2387/909
f 2457/2510/908 2458/2511/1014 2311/2385/988
f 2319/2393/935 2312/2386/936 2316/2390/937
f 2319/2393/935 2317/2391/914 2313/2387/909
f 2315/2389/938 2314/2388/989 2459/2512/1015
f 2338/2410/879 2460/2513/941 2333/2405/875
f 2460/2513/941 2461/2514/1016 2331/2403/992
f 2460/2513/941 2331/2403/992 2333/2405/875
f 2455/2508/943 2462/2515/944 2436/2489/851
f 2455/2508/943 2434/2487/850 2454/2507/905
f 2436/2489/851 2450/2503/972 2437/2490/853
f 2436/2489/851 2432/2485/843 2434/2487/850
f 2436/2489/851 2462/2515/944 2451/2504/945
f 2277/2351/865 2276/2350/864 2285/2359/954
f 2285/2359/954 2280/2354/983 2463/2516/1017
f 2264/2338/946 2263/2337/916 2267/2341/918
f 2264/2338/946 2275/2349/947 2265/2339/948
f 2270/2344/950 2268/2342/977 2265/2339/948
f 2396/2456/996 2398/2458/892 2395/2455/889
f 2396/2456/996 2388/2448/902 2391/2451/951
f 2266/2340/915 2263/2337/916 2272/2346/917
f 2272/2346/917 2269/2343/978 2464/2517/1018
f 2310/2384/838 2305/2379/832 2448/2501/837
f 2399/2459/893 2446/2499/897 2395/2455/889
f 2458/2511/1014 2320/2394/990 2311/2385/988
f 2320/2394/990 2314/2388/989 2311/2385/988
f 2320/2394/990 2458/2511/1014 2465/2518/1019
f 2255/2329/976 2257/2331/841 2466/2519/841
f 2255/2329/976 2467/2520/1020 2468/2521/1021
f 2255/2329/976 2456/2509/1013 2253/2327/975
f 2255/2329/976 2252/2326/841 2257/2331/841
f 2456/2509/1013 2255/2329/976 2468/2521/1021
f 2467/2520/1020 2469/2522/841 2330/2015/824
f 2467/2520/1020 2330/2015/824 2470/2014/824
f 2467/2520/1020 2471/2523/1022 2468/2521/1021
f 2467/2520/1020 2470/2014/824 2471/2523/1022
f 2471/2523/1022 2472/2524/1023 2468/2521/1021
f 2472/2524/1023 2471/2523/1022 2473/2525/1024
f 2473/2525/1024 2474/2526/1025 2475/2527/1012
f 2476/2528/1026 2418/2471/850 2422/2475/1008
f 2476/2528/1026 2428/2481/1011 2477/2529/1027
f 2476/2528/1026 2478/2530/904 2418/2471/850
f 2428/2481/1011 2476/2528/1026 2422/2475/1008
f 2308/2382/987 2328/2401/841 2302/2376/841
f 2308/2382/987 2307/2381/986 2479/2531/1028
f 2308/2382/987 2480/2532/1029 2481/2533/1030
f 2480/2532/1029 2482/2534/1031 2483/2535/1032
f 2480/2532/1029 2308/2382/987 2479/2531/1028
f 2481/2533/1030 2323/2397/841 2328/2401/841
f 2307/2381/986 2308/2382/987 2301/2375/985
f 2464/2517/1018 2274/2348/981 2484/2536/1033
f 2274/2348/981 2464/2517/1018 2269/2343/978
f 2485/2537/1034 2359/2424/998 2354/2419/995
f 2359/2424/998 2358/2423/997 2354/2419/995
f 2359/2424/998 2485/2537/1034 2486/2538/1035
f 2482/2534/1031 2480/2532/1029 2479/2531/1028
f 2482/2534/1031 2487/2539/1036 2483/2535/1032
f 2271/2345/979 2273/2347/980 2268/2342/977
f 2273/2347/980 2269/2343/978 2268/2342/977
f 2273/2347/980 2271/2345/979 2488/2540/1037
f 2463/2516/1017 2286/2360/984 2407/2461/1006
f 2286/2360/984 2463/2516/1017 2280/2354/983
f 2286/2360/984 2284/2358/868 2414/2467/868
f 2286/2360/984 2410/2463/868 2406/2460/1005
f 2407/2461/1006 2406/2460/1005 2489/2541/1038
f 2489/2541/1038 2490/2542/1039 2407/2461/1006
f 2490/2542/1039 2489/2541/1038 2491/2543/1040
f 2491/2543/1040 2489/2541/1038 2363/2032/826
f 2491/2543/1040 2492/2544/864 2493/2545/982
f 2360/2425/999 2352/2417/994 2358/2423/997
f 2352/2417/994 2360/2425/999 2494/2546/1041
f 2352/2417/994 2349/2414/902 2358/2423/997
f 2321/2395/991 2459/2512/1015 2314/2388/989
f 2459/2512/1015 2321/2395/991 2495/2547/1042
f 2426/2479/1009 2427/2480/1010 2421/2474/1007
f 2427/2480/1010 2426/2479/1009 2496/2548/1043
f 2427/2480/1010 2422/2475/1008 2421/2474/1007
f 2372/2432/1004 2369/2429/1001 2370/2430/1002
f 2372/2432/1004 2497/2549/878 2498/2550/875
f 2340/2412/993 2369/2429/1001 2371/2431/1003
f 2340/2412/993 2461/2514/1016 2370/2430/1002
f 2340/2412/993 2336/2408/868 2331/2403/992
f 2371/2431/1003 2341/2413/868 2340/2412/993
f 2461/2514/1016 2340/2412/993 2331/2403/992
f 2499/2551/831 2439/2492/831 2288/2362/869
f 2499/2551/831 2288/2362/869 2298/2372/869
f 2298/2372/869 2290/2364/874 2500/2552/874
f 2298/2372/869 2501/2553/831 2499/2551/831
f 2501/2553/831 2298/2372/869 2502/2554/869
f 2502/2554/869 2500/2552/874 2503/2555/874
f 2256/2330/932 2252/2326/841 2442/2495/932
f 2256/2330/932 2466/2519/841 2257/2331/841
f 2256/2330/932 2504/2556/932 2466/2519/841
f 2504/2556/932 2469/2522/841 2466/2519/841
f 2504/2556/932 2329/2402/932 2469/2522/841
f 2466/2519/841 2467/2520/1020 2255/2329/976
f 2327/2400/932 2447/2500/932 2302/2376/841
f 2327/2400/932 2302/2376/841 2328/2401/841
f 2327/2400/932 2323/2397/841 2325/2399/932
f 2328/2401/841 2308/2382/987 2481/2533/1030
f 2505/2557/831 2506/2558/831 2507/2559/869
f 2505/2557/831 2507/2559/869 2508/2560/869
f 2506/2558/831 2509/2561/831 2510/2562/869
f 2506/2558/831 2510/2562/869 2507/2559/869
f 2507/2559/869 2511/2563/874 2512/2564/874
f 2508/2560/869 2445/2498/831 2505/2557/831
f 2508/2560/869 2512/2564/874 2384/2444/874
f 2445/2498/831 2508/2560/869 2379/2439/869
f 2384/2444/874 2380/2440/830 2376/2436/874
f 2384/2444/874 2379/2439/869 2508/2560/869
f 2384/2444/874 2512/2564/874 2380/2440/830
f 2512/2564/874 2511/2563/874 2513/2565/830
f 2512/2564/874 2513/2565/830 2514/2566/830
f 2512/2564/874 2508/2560/869 2507/2559/869
f 2512/2564/874 2514/2566/830 2380/2440/830
f 2414/2467/868 2411/2464/966 2410/2463/868
f 2414/2467/868 2287/2361/966 2515/2567/966
f 2411/2464/966 2414/2467/868 2515/2567/966
f 2287/2361/966 2414/2467/868 2284/2358/868
f 2500/2552/874 2290/2364/874 2297/2371/830
f 2500/2552/874 2297/2371/830 2503/2555/874
f 2500/2552/874 2502/2554/869 2298/2372/869
f 2503/2555/874 2516/2568/869 2502/2554/869
f 2503/2555/874 2297/2371/830 2517/2569/830
f 2294/2368/830 2289/2363/969 2296/2370/970
f 2341/2413/868 2371/2431/1003 2415/2468/868
f 2341/2413/868 2452/2505/966 2336/2408/868
f 2341/2413/868 2417/2470/966 2518/2570/966
f 2452/2505/966 2341/2413/868 2518/2570/966
f 2519/2571/837 2520/2572/838 2487/2539/1036
f 2487/2539/1036 2520/2572/838 2521/2573/838
f 2487/2539/1036 2482/2534/1031 2519/2571/837
f 2356/2421/893 2522/2574/897 2353/2418/889
f 2522/2574/897 2354/2419/995 2353/2418/889
f 2522/2574/897 2485/2537/1034 2354/2419/995
f 2523/2575/915 2524/2576/1044 2525/2577/915
f 2524/2576/1044 2523/2575/915 2526/2578/918
f 2524/2576/1044 2527/2579/946 2528/2580/948
f 2524/2576/1044 2529/2581/974 2530/2582/1045
f 2475/2527/1012 2474/2526/1025 2531/2583/857
f 2475/2527/1012 2472/2524/1023 2473/2525/1024
f 2474/2526/1025 2532/2584/857 2531/2583/857
f 2533/2585/907 2534/2586/907 2535/2587/1046
f 2535/2587/1046 2536/2588/914 2533/2585/907
f 2535/2587/1046 2537/2589/935 2536/2588/914
f 2419/2472/903 2418/2471/850 2478/2530/904
f 2538/2590/879 2539/2591/941 2498/2550/875
f 2498/2550/875 2365/2427/1000 2372/2432/1004
f 2498/2550/875 2540/2592/942 2368/2428/862
f 2498/2550/875 2497/2549/878 2538/2590/879
f 2423/2476/943 2418/2471/850 2420/2473/905
f 2423/2476/943 2429/2482/944 2424/2477/851
f 2537/2589/935 2541/2593/936 2542/2594/937
f 2537/2589/935 2535/2587/1046 2541/2593/936
f 2541/2593/936 2543/2595/938 2542/2594/937
f 2541/2593/936 2544/2596/1045 2545/2597/974
f 2541/2593/936 2546/2598/940 2543/2595/938
f 2547/2599/865 2492/2544/864 2548/2600/954
f 2492/2544/864 2547/2599/865 2493/2545/982
f 2492/2544/864 2363/2032/826 2362/2426/862
f 2548/2600/954 2362/2426/862 2549/2601/942
f 2493/2545/982 2490/2542/1039 2491/2543/1040
f 2527/2579/946 2550/2602/947 2528/2580/948
f 2527/2579/946 2524/2576/1044 2526/2578/918
f 2528/2580/948 2550/2602/947 2551/2603/950
f 2357/2422/996 2353/2418/889 2349/2414/902
f 2357/2422/996 2349/2414/902 2351/2416/951
f 2326/2013/824 2481/2533/1030 2480/2532/1029
f 2326/2013/824 2480/2532/1029 2552/2035/824
f 2326/2013/824 2323/2397/841 2481/2533/1030
f 2511/2563/874 2553/2604/830 2513/2565/830
f 2511/2563/874 2507/2559/869 2510/2562/869
f 2510/2562/869 2554/2605/874 2511/2563/874
f 2367/2005/826 2415/2468/868 2371/2431/1003
f 2367/2005/826 2369/2429/1001 2364/2004/826
f 2363/2032/826 2489/2541/1038 2366/2003/826
f 2363/2032/826 2492/2544/864 2491/2543/1040
f 2362/2426/862 2361/2002/826 2368/2428/862
f 2362/2426/862 2548/2600/954 2492/2544/864
f 2362/2426/862 2368/2428/862 2549/2601/942
f 2368/2428/862 2365/2427/1000 2498/2550/875
f 2529/2581/974 2524/2576/1044 2528/2580/948
f 2529/2581/974 2528/2580/948 2551/2603/950
f 2529/2581/974 2551/2603/950 2567/2606/940
f 2530/2582/1045 2568/2607/911 2569/2608/911
f 2530/2582/1045 2545/2597/974 2544/2596/1045
f 2567/2606/940 2545/2597/974 2529/2581/974
f 2546/2598/940 2541/2593/936 2545/2597/974
f 2545/2597/974 2530/2582/1045 2529/2581/974
f 2545/2597/974 2567/2606/940 2546/2598/940
f 2540/2592/942 2549/2601/942 2368/2428/862
f 2540/2592/942 2498/2550/875 2539/2591/941
f 2544/2596/1045 2541/2593/936 2535/2587/1046
f 2366/2003/826 2406/2460/1005 2409/2012/826
f 2366/2003/826 2489/2541/1038 2406/2460/1005
f 2330/2015/824 2469/2522/841 2324/2398/841
f 2554/2605/874 2503/2555/874 2517/2569/830
f 2554/2605/874 2510/2562/869 2516/2568/869
f 2554/2605/874 2517/2569/830 2553/2604/830
f 2553/2604/830 2511/2563/874 2554/2605/874
f 2576/2609/831 2501/2553/831 2502/2554/869
f 2576/2609/831 2502/2554/869 2516/2568/869
f 2516/2568/869 2503/2555/874 2554/2605/874
f 2516/2568/869 2509/2561/831 2576/2609/831
f 2509/2561/831 2516/2568/869 2510/2562/869
f 2412/2465/966 2413/2466/868 2408/2462/868
f 2329/2402/932 2324/2398/841 2469/2522/841
f 2469/2522/841 2467/2520/1020 2466/2519/841
f 2582/2610/833 2583/2611/835 2584/2612/833
f 2583/2611/835 2582/2610/833 2585/2613/835
f 2568/2607/911 2530/2582/1045 2544/2596/1045
f 2574/2033/824 2582/2610/833 2584/2612/833
f 2575/2034/824 2574/2033/824 2584/2612/833
f 2587/2042/824 2590/2614/833 2588/2043/824
f 2591/2615/833 2592/2616/835 2590/2614/833
f 2592/2616/835 2591/2615/833 2593/2617/835
f 2590/2614/833 2587/2042/824 2591/2615/833
f 2594/2046/824 2595/2618/833 2596/2047/824
f 2595/2618/833 2594/2046/824 2597/2619/833
f 2597/2619/833 2598/2620/835 2595/2618/833
f 2599/2621/911 2600/2622/911 2601/2623/910
f 2599/2621/911 2601/2623/910 2602/2624/910
f 2602/2624/910 2601/2623/910 2544/2596/1045
f 2602/2624/910 2544/2596/1045 2535/2587/1046
f 2598/2620/835 2597/2619/833 2603/2625/835
f 2604/2626/911 2605/2627/910 2606/2628/910
f 2604/2626/911 2607/2629/911 2605/2627/910
f 2606/2628/910 2524/2576/1044 2530/2582/1045
f 2606/2628/910 2605/2627/910 2524/2576/1044
f 2624/2630/843 2625/2631/851 2626/2632/853
f 2624/2630/843 2627/2633/846 2628/2634/847
f 2624/2630/843 2626/2632/853 2629/2635/854
f 2624/2630/843 2630/2636/904 2631/2637/850
f 2624/2630/843 2631/2637/850 2625/2631/851
f 2631/2637/850 2632/2638/903 2633/2639/905
f 2625/2631/851 2634/2640/944 2635/2641/945
f 2625/2631/851 2631/2637/850 2633/2639/905
f 2626/2632/853 2636/2642/972 2637/2643/971
f 2626/2632/853 2635/2641/945 2636/2642/972
f 2626/2632/853 2625/2631/851 2635/2641/945
f 2638/2644/916 2639/2645/915 2640/2646/918
f 2638/2644/916 2641/2647/948 2642/2648/909
f 2641/2647/948 2643/2649/947 2644/2650/950
f 2641/2647/948 2640/2646/918 2645/2651/946
f 2642/2648/909 2646/2652/936 2647/2653/935
f 2642/2648/909 2648/2654/914 2649/2655/907
f 2642/2648/909 2641/2647/948 2646/2652/936
f 2646/2652/936 2650/2656/938 2651/2657/937
f 2646/2652/936 2641/2647/948 2644/2650/950
f 2646/2652/936 2644/2650/950 2650/2656/938
f 2652/2658/875 2653/2659/878 2654/2660/879
f 2652/2658/875 2655/2661/867 2656/2662/880
f 2652/2658/875 2657/2663/864 2655/2661/867
f 2657/2663/864 2658/2664/865 2659/2665/982
f 2655/2661/867 2660/2666/959 2661/2667/1047
f 2655/2661/867 2657/2663/864 2659/2665/982
f 2656/2662/880 2662/2668/965 2663/2669/964
f 2656/2662/880 2653/2659/878 2652/2658/875
f 2656/2662/880 2661/2667/1047 2662/2668/965
f 2664/2670/889 2665/2671/996 2666/2672/892
f 2664/2670/889 2666/2672/892 2667/2673/893
f 2664/2670/889 2668/2674/895 2669/2675/899
f 2664/2670/889 2669/2675/899 2670/2676/902
f 2668/2674/895 2671/2677/920 2672/2678/922
f 2669/2675/899 2673/2679/961 2674/2680/963
f 2669/2675/899 2675/2681/953 2670/2676/902
f 2669/2675/899 2668/2674/895 2672/2678/922
f 2670/2676/902 2675/2681/953 2676/2682/951
f 2677/2683/858 2678/2684/842 2679/2685/856
f 2677/2683/858 2680/2686/860 2681/2687/931
f 2677/2683/858 2681/2687/931 2682/2688/929
f 2678/2684/842 2683/2689/924 2684/2690/840
f 2678/2684/842 2685/2691/832 2679/2685/856
f 2678/2684/842 2686/2692/1048 2685/2691/832
f 2679/2685/856 2687/2693/855 2688/2694/857
f 2679/2685/856 2689/2695/839 2687/2693/855
f 2679/2685/856 2685/2691/832 2689/2695/839
f 2685/2691/832 2690/2696/838 2689/2695/839
f 2691/2697/850 2692/2698/851 2693/2699/843
f 2691/2697/850 2694/2700/903 2695/2701/905
f 2692/2698/851 2695/2701/905 2696/2702/943
f 2692/2698/851 2697/2703/944 2698/2704/945
f 2693/2699/843 2699/2705/846 2700/2706/847
f 2693/2699/843 2701/2707/854 2699/2705/846
f 2693/2699/843 2692/2698/851 2702/2708/853
f 2702/2708/853 2692/2698/851 2698/2704/945
f 2702/2708/853 2698/2704/945 2703/2709/972
f 2702/2708/853 2703/2709/972 2704/2710/971
f 2705/2711/948 2706/2712/916 2707/2713/918
f 2705/2711/948 2708/2714/947 2709/2715/950
f 2705/2711/948 2710/2716/909 2706/2712/916
f 2710/2716/909 2711/2717/914 2712/2718/907
f 2710/2716/909 2713/2719/935 2711/2717/914
f 2710/2716/909 2705/2711/948 2714/2720/936
f 2706/2712/916 2715/2721/915 2707/2713/918
f 2714/2720/936 2716/2722/938 2717/2723/937
f 2714/2720/936 2705/2711/948 2709/2715/950
f 2714/2720/936 2709/2715/950 2716/2722/938
f 2718/2724/895 2719/2725/899 2720/2726/889
f 2718/2724/895 2721/2727/920 2722/2728/922
f 2718/2724/895 2723/2729/897 2724/2730/921
f 2719/2725/899 2725/2731/961 2726/2732/963
f 2719/2725/899 2718/2724/895 2722/2728/922
f 2720/2726/889 2719/2725/899 2727/2733/902
f 2720/2726/889 2727/2733/902 2728/2734/996
f 2720/2726/889 2729/2735/892 2730/2736/893
f 2727/2733/902 2726/2732/963 2731/2737/953
f 2727/2733/902 2731/2737/953 2732/2738/951
f 2733/2739/832 2734/2740/856 2735/2741/842
f 2733/2739/832 2736/2742/840 2737/2743/837
f 2733/2739/832 2738/2744/838 2739/2745/839
f 2734/2740/856 2740/2746/855 2741/2747/1049
f 2734/2740/856 2733/2739/832 2739/2745/839
f 2734/2740/856 2739/2745/839 2740/2746/855
f 2735/2741/842 2742/2748/924 2736/2742/840
f 2743/2749/858 2735/2741/842 2734/2740/856
f 2743/2749/858 2744/2750/1012 2745/2751/931
f 2743/2749/858 2745/2751/931 2746/2752/929
f 2747/2753/969 2748/2754/882 2749/2755/870
f 2747/2753/969 2750/2756/873 2751/2757/967
f 2747/2753/969 2752/2758/968 2753/2759/970
f 2748/2754/882 2754/2760/885 2755/2761/886
f 2748/2754/882 2747/2753/969 2756/2762/887
f 2748/2754/882 2756/2762/887 2757/2763/888
f 2749/2755/870 2758/2764/872 2750/2756/873
f 2756/2762/887 2759/2765/957 2760/2766/956
f 2756/2762/887 2753/2759/970 2759/2765/957
f 2756/2762/887 2747/2753/969 2753/2759/970
f 2761/2767/875 2762/2768/878 2763/2769/879
f 2761/2767/875 2764/2770/880 2765/2771/881
f 2761/2767/875 2766/2772/864 2767/2773/867
f 2761/2767/875 2767/2773/867 2764/2770/880
f 2766/2772/864 2768/2774/865 2769/2775/982
f 2767/2773/867 2766/2772/864 2769/2775/982
f 2767/2773/867 2770/2776/959 2771/2777/960
f 2764/2770/880 2767/2773/867 2771/2777/960
f 2764/2770/880 2772/2778/1050 2773/2779/964
f 2764/2770/880 2771/2777/960 2772/2778/1050
f 2774/2780/967 2775/2781/968 2776/2782/969
f 2776/2782/969 2775/2781/968 2777/2783/970
f 2776/2782/969 2778/2784/870 2779/2785/873
f 2629/2635/854 2627/2633/846 2624/2630/843
f 2629/2635/854 2626/2632/853 2637/2643/971
f 2780/2786/881 2656/2662/880 2663/2669/964
f 2781/2787/888 2782/2788/885 2783/2789/882
f 2781/2787/888 2784/2790/887 2785/2791/956
f 2784/2790/887 2786/2792/957 2785/2791/956
f 2784/2790/887 2776/2782/969 2777/2783/970
f 2784/2790/887 2777/2783/970 2786/2792/957
f 2787/2793/958 2660/2666/959 2655/2661/867
f 2661/2667/1047 2656/2662/880 2655/2661/867
f 2788/2794/962 2673/2679/961 2669/2675/899
f 2645/2651/946 2643/2649/947 2641/2647/948
f 2665/2671/996 2664/2670/889 2670/2676/902
f 2665/2671/996 2670/2676/902 2676/2682/951
f 2675/2681/953 2669/2675/899 2674/2680/963
f 2658/2664/865 2657/2663/864 2789/2795/954
f 2659/2665/982 2787/2793/958 2655/2661/867
f 2647/2653/935 2646/2652/936 2651/2657/937
f 2647/2653/935 2648/2654/914 2642/2648/909
f 2654/2660/879 2790/2796/941 2652/2658/875
f 2790/2796/941 2789/2795/954 2657/2663/864
f 2790/2796/941 2657/2663/864 2652/2658/875
f 2653/2659/878 2656/2662/880 2780/2786/881
f 2791/2797/943 2634/2640/944 2625/2631/851
f 2792/2798/872 2778/2784/870 2793/2799/927
f 2778/2784/870 2792/2798/872 2779/2785/873
f 2778/2784/870 2776/2782/969 2783/2789/882
f 2779/2785/873 2774/2780/967 2776/2782/969
f 2682/2688/929 2794/2800/930 2677/2683/858
f 2794/2800/930 2795/2801/925 2678/2684/842
f 2794/2800/930 2678/2684/842 2677/2683/858
f 2628/2634/847 2796/2802/933 2624/2630/843
f 2797/2803/886 2798/2804/926 2783/2789/882
f 2798/2804/926 2793/2799/927 2778/2784/870
f 2798/2804/926 2778/2784/870 2783/2789/882
f 2783/2789/882 2776/2782/969 2784/2790/887
f 2783/2789/882 2782/2788/885 2797/2803/886
f 2783/2789/882 2784/2790/887 2781/2787/888
f 2671/2677/920 2668/2674/895 2799/2805/921
f 2672/2678/922 2788/2794/962 2669/2675/899
f 2683/2689/924 2678/2684/842 2795/2801/925
f 2639/2645/915 2638/2644/916 2800/2806/917
f 2640/2646/918 2641/2647/948 2638/2644/916
f 2686/2692/1048 2678/2684/842 2684/2690/840
f 2686/2692/1048 2690/2696/838 2685/2691/832
f 2667/2673/893 2801/2807/897 2664/2670/889
f 2801/2807/897 2668/2674/895 2664/2670/889
f 2801/2807/897 2799/2805/921 2668/2674/895
f 2649/2655/907 2802/2808/908 2642/2648/909
f 2802/2808/908 2638/2644/916 2642/2648/909
f 2802/2808/908 2800/2806/917 2638/2644/916
f 2632/2638/903 2631/2637/850 2630/2636/904
f 2630/2636/904 2624/2630/843 2796/2802/933
f 2633/2639/905 2791/2797/943 2625/2631/851
f 2680/2686/860 2677/2683/858 2679/2685/856
f 2680/2686/860 2679/2685/856 2688/2694/857
f 2694/2700/903 2691/2697/850 2803/2809/904
f 2695/2701/905 2692/2698/851 2691/2697/850
f 2744/2750/1012 2743/2749/858 2734/2740/856
f 2744/2750/1012 2734/2740/856 2741/2747/1049
f 2712/2718/907 2804/2810/908 2710/2716/909
f 2804/2810/908 2805/2811/917 2706/2712/916
f 2804/2810/908 2706/2712/916 2710/2716/909
f 2715/2721/915 2706/2712/916 2805/2811/917
f 2707/2713/918 2806/2812/946 2705/2711/948
f 2737/2743/837 2738/2744/838 2733/2739/832
f 2730/2736/893 2723/2729/897 2720/2726/889
f 2723/2729/897 2718/2724/895 2720/2726/889
f 2755/2761/886 2807/2813/926 2748/2754/882
f 2807/2813/926 2749/2755/870 2748/2754/882
f 2807/2813/926 2808/2814/927 2749/2755/870
f 2721/2727/920 2718/2724/895 2724/2730/921
f 2722/2728/922 2809/2815/962 2719/2725/899
f 2742/2748/924 2735/2741/842 2810/2816/925
f 2736/2742/840 2733/2739/832 2735/2741/842
f 2700/2706/847 2811/2817/933 2693/2699/843
f 2811/2817/933 2691/2697/850 2693/2699/843
f 2811/2817/933 2803/2809/904 2691/2697/850
f 2758/2764/872 2749/2755/870 2808/2814/927
f 2750/2756/873 2747/2753/969 2749/2755/870
f 2746/2752/929 2812/2818/930 2743/2749/858
f 2812/2818/930 2810/2816/925 2735/2741/842
f 2812/2818/930 2735/2741/842 2743/2749/858
f 2696/2702/943 2697/2703/944 2692/2698/851
f 2713/2719/935 2714/2720/936 2717/2723/937
f 2713/2719/935 2710/2716/909 2714/2720/936
f 2763/2769/879 2813/2819/941 2761/2767/875
f 2813/2819/941 2814/2820/954 2766/2772/864
f 2813/2819/941 2766/2772/864 2761/2767/875
f 2701/2707/854 2702/2708/853 2704/2710/971
f 2701/2707/854 2693/2699/843 2702/2708/853
f 2765/2771/881 2762/2768/878 2761/2767/875
f 2765/2771/881 2764/2770/880 2773/2779/964
f 2751/2757/967 2752/2758/968 2747/2753/969
f 2757/2763/888 2756/2762/887 2760/2766/956
f 2757/2763/888 2754/2760/885 2748/2754/882
f 2770/2776/959 2767/2773/867 2815/2821/958
f 2809/2815/962 2725/2731/961 2719/2725/899
f 2726/2732/963 2727/2733/902 2719/2725/899
f 2806/2812/946 2708/2714/947 2705/2711/948
f 2728/2734/996 2729/2735/892 2720/2726/889
f 2728/2734/996 2727/2733/902 2732/2738/951
f 2768/2774/865 2766/2772/864 2814/2820/954
f 2769/2775/982 2815/2821/958 2767/2773/867
f 2816/2822/1051 2817/2823/1052 2818/2824/1053
f 2816/2822/1051 2819/2825/1054 2820/2826/1055
f 2817/2823/1052 2816/2822/1051 2821/2827/1056
f 2817/2823/1052 2822/2828/1057 2823/2829/1058
f 2818/2824/1053 2817/2823/1052 2824/2830/1059
f 2818/2824/1053 2825/2831/1060 2816/2822/1051
f 2821/2827/1056 2816/2822/1051 2820/2826/1055
f 2821/2827/1056 2822/2828/1057 2817/2823/1052
f 2826/2832/1061 2827/2833/1062 2828/2834/1063
f 2826/2832/1061 2829/2835/1064 2830/2836/1065
f 2829/2835/1064 2831/2837/1066 2832/2838/1067
f 2829/2835/1064 2826/2832/1061 2833/2839/1068
f 2830/2836/1065 2834/2840/1069 2826/2832/1061
f 2833/2839/1068 2831/2837/1066 2829/2835/1064
f 2833/2839/1068 2826/2832/1061 2828/2834/1063
f 2833/2839/1068 2828/2834/1063 2835/2841/1070
f 2836/2842/1071 2837/2843/1072 2838/2844/1073
f 2836/2842/1071 2839/2845/1074 2840/2846/1075
f 2839/2845/1074 2836/2842/1071 2841/2847/1076
f 2839/2845/1074 2842/2848/1077 2843/2849/1078
f 2840/2846/1075 2839/2845/1074 2844/2850/1079
f 2840/2846/1075 2845/2851/1080 2846/2852/1081
f 2841/2847/1076 2847/2853/1082 2848/2854/1083
f 2841/2847/1076 2842/2848/1077 2839/2845/1074
f 2841/2847/1076 2836/2842/1071 2838/2844/1073
f 2849/2855/1084 2850/2856/1085 2851/2857/1086
f 2849/2855/1084 2852/2858/1087 2853/2859/1088
f 2850/2856/1085 2849/2855/1084 2854/2860/1089
f 2850/2856/1085 2855/2861/1090 2856/2862/1091
f 2851/2857/1086 2857/2863/1092 2858/2864/1093
f 2851/2857/1086 2859/2865/1094 2857/2863/1092
f 2854/2860/1089 2860/2866/1095 2861/2867/1096
f 2854/2860/1089 2855/2861/1090 2850/2856/1085
f 2854/2860/1089 2849/2855/1084 2853/2859/1088
f 2862/2868/864 2863/2869/868 2864/2870/862
f 2862/2868/864 2865/2871/865 2866/2872/982
f 2863/2869/868 2862/2868/864 2867/2873/867
f 2864/2870/862 2863/2869/868 2868/2874/868
f 2867/2873/867 2862/2868/864 2866/2872/982
f 2867/2873/867 2869/2875/966 2863/2869/868
f 2867/2873/867 2870/2876/959 2871/2877/960
f 2872/2878/1097 2873/2879/1098 2874/2880/1099
f 2872/2878/1097 2875/2881/1100 2876/2882/1101
f 2872/2878/1097 2876/2882/1101 2873/2879/1098
f 2873/2879/1098 2877/2883/1102 2874/2880/1099
f 2878/2884/1103 2879/2885/1104 2873/2879/1098
f 2878/2884/1103 2876/2882/1101 2880/2886/1105
f 2878/2884/1103 2873/2879/1098 2876/2882/1101
f 2881/2887/1106 2882/2888/1107 2883/2889/1108
f 2881/2887/1106 2884/2890/1109 2885/2891/1110
f 2884/2890/1109 2886/2892/1111 2887/2893/1112
f 2884/2890/1109 2881/2887/1106 2888/2894/1113
f 2885/2891/1110 2889/2895/1114 2881/2887/1106
f 2885/2891/1110 2890/2896/1115 2891/2897/1116
f 2885/2891/1110 2884/2890/1109 2887/2893/1112
f 2888/2894/1113 2892/2898/1117 2884/2890/1109
f 2888/2894/1113 2881/2887/1106 2883/2889/1108
f 2893/2899/1118 2894/2900/1119 2895/2901/1120
f 2893/2899/1118 2896/2902/1121 2897/2903/1122
f 2896/2902/1121 2893/2899/1118 2898/2904/1123
f 2897/2903/1122 2894/2900/1119 2893/2899/1118
f 2898/2904/1123 2899/2905/1124 2896/2902/1121
f 2898/2904/1123 2900/2906/1125 2901/2907/1126
f 2898/2904/1123 2893/2899/1118 2902/2908/1127
f 2898/2904/1123 2902/2908/1127 2900/2906/1125
f 2903/2909/1128 2904/2910/1129 2905/2911/1130
f 2903/2909/1128 2906/2912/1131 2904/2910/1129
f 2903/2909/1128 2907/2913/1132 2906/2912/1131
f 2907/2913/1132 2908/2914/1133 2906/2912/1131
f 2906/2912/1131 2909/2915/1134 2904/2910/1129
f 2910/2916/1135 2903/2909/1128 2894/2900/1119
f 2910/2916/1135 2911/2917/1136 2907/2913/1132
f 2910/2916/1135 2907/2913/1132 2903/2909/1128
f 2912/2918/1137 2913/2919/1138 2914/2920/1139
f 2912/2918/1137 2915/2921/1140 2916/2922/1141
f 2915/2921/1140 2917/2923/1142 2918/2924/1143
f 2915/2921/1140 2919/2925/1144 2920/2926/1145
f 2915/2921/1140 2920/2926/1145 2917/2923/1142
f 2915/2921/1140 2912/2918/1137 2919/2925/1144
f 2916/2922/1141 2915/2921/1140 2921/2927/1146
f 2916/2922/1141 2922/2928/1147 2912/2918/1137
f 2916/2922/1141 2923/2929/1148 2924/2930/1149
f 2919/2925/1144 2914/2920/1139 2925/2931/1150
f 2926/2932/1151 2927/2933/1152 2928/2934/1153
f 2926/2932/1151 2929/2935/1154 2930/2936/1155
f 2929/2935/1154 2926/2932/1151 2931/2937/1156
f 2929/2935/1154 2932/2938/1157 2933/2939/1158
f 2930/2936/1155 2934/2940/1159 2926/2932/1151
f 2931/2937/1156 2932/2938/1157 2929/2935/1154
f 2931/2937/1156 2926/2932/1151 2928/2934/1153
f 2931/2937/1156 2928/2934/1153 2935/2941/1160
f 2936/2942/1161 2937/2943/1162 2938/2944/1163
f 2936/2942/1161 2939/2945/841 2940/2946/1164
f 2939/2945/841 2941/2947/841 2942/2948/932
f 2939/2945/841 2936/2942/1161 2943/2949/833
f 2940/2946/1164 2939/2945/841 2944/2950/932
f 2940/2946/1164 2945/2951/1165 2936/2942/1161
f 2943/2949/833 2936/2942/1161 2938/2944/1163
f 2943/2949/833 2941/2947/841 2939/2945/841
f 2946/2952/869 2947/2953/874 2948/2954/869
f 2946/2952/869 2949/2955/831 2950/2956/869
f 2947/2953/874 2951/2957/830 2952/2958/830
f 2947/2953/874 2953/2959/874 2951/2957/830
f 2947/2953/874 2946/2952/869 2953/2959/874
f 2948/2954/869 2947/2953/874 2954/2960/874
f 2948/2954/869 2955/2961/831 2946/2952/869
f 2953/2959/874 2946/2952/869 2950/2956/869
f 2953/2959/874 2956/2962/830 2951/2957/830
f 2957/2963/910 2958/2964/1166 2959/2965/974
f 2957/2963/910 2959/2965/974 2960/2966/974
f 2957/2963/910 2961/2967/1167 2958/2964/1166
f 2957/2963/910 2962/2968/910 2963/2969/911
f 2961/2967/1167 2957/2963/910 2964/2970/911
f 2958/2964/1166 2961/2967/1167 2965/2971/1168
f 2958/2964/1166 2966/2972/940 2959/2965/974
f 2959/2965/974 2966/2972/940 2967/2973/940
f 2968/2974/1169 2969/2975/1170 2970/2976/1171
f 2968/2974/1169 2971/2977/1172 2969/2975/1170
f 2968/2974/1169 2972/2978/1173 2971/2977/1172
f 2968/2974/1169 2970/2976/1171 2973/2979/1174
f 2969/2975/1170 2971/2977/1172 2974/2980/1175
f 2975/2981/1176 2976/2982/1177 2977/2983/1178
f 2975/2981/1176 2978/2984/1179 2979/2985/1180
f 2975/2981/1176 2980/2986/1181 2976/2982/1177
f 2975/2981/1176 2977/2983/1178 2981/2987/1182
f 2976/2982/1177 2982/2988/1183 2977/2983/1178
f 2976/2982/1177 2980/2986/1181 2983/2989/1184
f 2977/2983/1178 2982/2988/1183 2984/2990/1185
f 2985/2991/1186 2986/2992/1187 2987/2993/1188
f 2985/2991/1186 2988/2994/1189 2986/2992/1187
f 2985/2991/1186 2989/2995/1190 2988/2994/1189
f 2988/2994/1189 2990/2996/1191 2991/2997/1192
f 2988/2994/1189 2992/2998/1193 2986/2992/1187
f 2993/2999/1194 2994/3000/1195 2995/3001/1196
f 2993/2999/1194 2996/3002/1197 2997/3003/1198
f 2993/2999/1194 2995/3001/1196 2996/3002/1197
f 2994/3000/1195 2998/3004/1199 2995/3001/1196
f 2995/3001/1196 2999/3005/1200 2996/3002/1197
f 3000/3006/1201 3001/3007/1202 3002/3008/1203
f 3000/3006/1201 3002/3008/1203 3003/3009/1204
f 3000/3006/1201 3004/3010/1205 3001/3007/1202
f 3000/3006/1201 3003/3009/1204 3005/3011/1206
f 3002/3008/1203 3001/3007/1202 3006/3012/1207
f 3007/3013/1208 3008/3014/1209 3009/3015/1210
f 3007/3013/1208 3009/3015/1210 3010/3016/1211
f 3007/3013/1208 3010/3016/1211 3011/3017/1212
f 3010/3016/1211 3012/3018/1213 3013/3019/1214
f 3011/3017/1212 3014/3020/1215 3007/3013/1208
f 3015/3021/912 3016/3022/1216 3017/3023/913
f 3015/3021/912 3018/3024/1217 3019/3025/1218
f 3015/3021/912 3019/3025/1218 3020/3026/936
f 3019/3025/1218 3021/3027/974 3020/3026/936
f 3019/3025/1218 3022/3028/1219 3023/3029/1220
f 3020/3026/936 3024/3030/938 3025/3031/937
f 3021/3027/974 3019/3025/1218 3023/3029/1220
f 3021/3027/974 3024/3030/938 3020/3026/936
f 3026/3032/1221 3027/3033/1222 3028/3034/1223
f 3026/3032/1221 3029/3035/1224 3030/3036/1225
f 3026/3032/1221 3031/3037/1226 3029/3035/1224
f 3026/3032/1221 3032/3038/1227 3031/3037/1226
f 3031/3037/1226 3033/3039/1228 3034/3040/1229
f 3029/3035/1224 3031/3037/1226 3034/3040/1229
f 3029/3035/1224 3035/3041/1230 3036/3042/1231
f 3030/3036/1225 3029/3035/1224 3036/3042/1231
f 3037/3043/1232 3038/3044/1233 3039/3045/1234
f 3037/3043/1232 3040/3046/1235 3041/3047/1236
f 3037/3043/1232 3042/3048/1237 3043/3049/1238
f 3037/3043/1232 3039/3045/1234 3042/3048/1237
f 3038/3044/1233 3037/3043/1232 3044/3050/1239
f 3039/3045/1234 3038/3044/1233 3045/3051/1240
f 3039/3045/1234 3046/3052/1241 3042/3048/1237
f 3042/3048/1237 3046/3052/1241 3047/3053/1242
f 3048/3054/910 3049/3055/974 3050/3056/974
f 3048/3054/910 3050/3056/974 3051/3057/974
f 3048/3054/910 3052/3058/911 3053/3059/910
f 3048/3054/910 3053/3059/910 3049/3055/974
f 3049/3055/974 3053/3059/910 2962/2968/910
f 3054/3060/910 3055/3061/974 3056/3062/910
f 3054/3060/910 3057/3063/911 3058/3064/910
f 3055/3061/974 3059/3065/940 3060/3066/940
f 3055/3061/974 3054/3060/910 3058/3064/910
f 3056/3062/910 3061/3067/974 3062/3068/910
f 3056/3062/910 3055/3061/974 3063/3069/974
f 3056/3062/910 3064/3070/911 3054/3060/910
f 3063/3069/974 3055/3061/974 3060/3066/940
f 3065/3071/1243 3066/3072/1244 3067/3073/1245
f 3065/3071/1243 3067/3073/1245 2908/2914/1133
f 3065/3071/1243 3068/3074/1246 3066/3072/1244
f 3066/3072/1244 3069/3075/1247 3070/3076/1248
f 3067/3073/1245 3066/3072/1244 3071/3077/1249
f 3067/3073/1245 2909/2915/1134 2908/2914/1133
f 3071/3077/1249 3072/3078/1250 3073/3079/1251
f 3071/3077/1249 3066/3072/1244 3070/3076/1248
f 3071/3077/1249 3074/3080/1252 3067/3073/1245
f 3075/3081/1253 3076/3082/1254 3077/3083/1255
f 3075/3081/1253 3078/3084/1256 3079/3085/1257
f 3078/3084/1256 3080/3086/1258 2901/2907/1126
f 3078/3084/1256 3075/3081/1253 3081/3087/1259
f 3079/3085/1257 3082/3088/1260 3075/3081/1253
f 3081/3087/1259 3080/3086/1258 3078/3084/1256
f 3081/3087/1259 3075/3081/1253 3077/3083/1255
f 3083/3089/1261 3084/3090/1262 2834/2840/1069
f 3083/3089/1261 3085/3091/1263 3084/3090/1262
f 3083/3089/1261 3086/3092/1264 3085/3091/1263
f 3085/3091/1263 3087/3093/1265 3088/3094/1266
f 3084/3090/1262 2827/2833/1062 2834/2840/1069
f 3084/3090/1262 3085/3091/1263 3088/3094/1266
f 3088/3094/1266 3089/3095/1267 3090/3096/1268
f 3088/3094/1266 3091/3097/1269 3084/3090/1262
f 3092/3098/1270 3093/3099/1271 3094/3100/1272
f 3092/3098/1270 3095/3101/1273 3096/3102/1274
f 3095/3101/1273 3097/3103/1275 3098/3104/1276
f 3095/3101/1273 3098/3104/1276 3099/3105/1277
f 3096/3102/1274 3093/3099/1271 3092/3098/1270
f 3096/3102/1274 2880/2886/1105 3100/3106/1278
f 3096/3102/1274 3100/3106/1278 3101/3107/1279
f 3096/3102/1274 3095/3101/1273 3099/3105/1277
f 3102/3108/1280 3097/3103/1275 3095/3101/1273
f 3102/3108/1280 3095/3101/1273 3092/3098/1270
f 3102/3108/1280 3092/3098/1270 3103/3109/1281
f 3104/3110/1282 3105/3111/874 3106/3112/869
f 3104/3110/1282 3107/3113/1283 3108/3114/1284
f 3105/3111/874 3104/3110/1282 3109/3115/1285
f 3105/3111/874 3110/3116/1286 3111/3117/830
f 3106/3112/869 3105/3111/874 3112/3118/874
f 3106/3112/869 3113/3119/1287 3104/3110/1282
f 3109/3115/1285 3104/3110/1282 3108/3114/1284
f 3109/3115/1285 3110/3116/1286 3105/3111/874
f 3114/3120/1288 3115/3121/1289 3116/3122/1290
f 3114/3120/1288 3117/3123/1291 3118/3124/1292
f 3117/3123/1291 3119/3125/1293 3120/3126/1294
f 3117/3123/1291 3114/3120/1288 3121/3127/1295
f 3118/3124/1292 3122/3128/1296 3123/3129/1297
f 3118/3124/1292 3117/3123/1291 3124/3130/1298
f 3121/3127/1295 3119/3125/1293 3117/3123/1291
f 3121/3127/1295 3114/3120/1288 3116/3122/1290
f 3121/3127/1295 3125/3131/1299 3126/3132/1300
f 3127/3133/1301 3128/3134/1302 3129/3135/1303
f 3128/3134/1302 3130/3136/835 3129/3135/1303
f 3129/3135/1303 3131/3137/1304 3127/3133/1301
f 3131/3137/1304 3132/3138/932 3127/3133/1301
f 3133/3139/1305 3103/3109/1281 3134/3140/1306
f 3133/3139/1305 3135/3141/1307 3136/3142/1308
f 3135/3141/1307 2886/2892/1111 2892/2898/1117
f 3135/3141/1307 3133/3139/1305 3134/3140/1306
f 3136/3142/1308 3137/3143/1309 3133/3139/1305
f 3136/3142/1308 3135/3141/1307 2892/2898/1117
f 3134/3140/1306 3103/3109/1281 3094/3100/1272
f 3134/3140/1306 3138/3144/1310 3135/3141/1307
f 3139/3145/1311 2890/2896/1115 3140/3146/1312
f 3139/3145/1311 3141/3147/1313 3142/3148/1314
f 3141/3147/1313 3139/3145/1311 3143/3149/1315
f 3141/3147/1313 3144/3150/1316 3145/3151/1317
f 3142/3148/1314 2891/2897/1116 3139/3145/1311
f 3143/3149/1315 3139/3145/1311 3140/3146/1312
f 3143/3149/1315 3140/3146/1312 3146/3152/1318
f 3143/3149/1315 3144/3150/1316 3141/3147/1313
f 3147/3153/1319 3148/3154/1320 3149/3155/1321
f 3147/3153/1319 3150/3156/1322 3151/3157/1323
f 3148/3154/1320 3147/3153/1319 3152/3158/1324
f 3148/3154/1320 3153/3159/1325 3154/3160/1326
f 3148/3154/1320 3155/3161/1327 3153/3159/1325
f 3148/3154/1320 3152/3158/1324 3155/3161/1327
f 3149/3155/1321 3148/3154/1320 3156/3162/1328
f 3149/3155/1321 3157/3163/1329 3147/3153/1319
f 3149/3155/1321 3158/3164/1330 3159/3165/1331
f 3152/3158/1324 3147/3153/1319 3151/3157/1323
f 3152/3158/1324 3160/3166/1332 3155/3161/1327
f 3161/3167/1333 3162/3168/1334 3163/3169/1335
f 3161/3167/1333 3164/3170/1336 3165/3171/1337
f 3161/3167/1333 3166/3172/1338 3164/3170/1336
f 3161/3167/1333 3167/3173/1339 3166/3172/1338
f 3166/3172/1338 3168/3174/1340 3169/3175/1341
f 3166/3172/1338 3170/3176/1342 3164/3170/1336
f 3164/3170/1336 3171/3177/1343 3172/3178/1344
f 3165/3171/1337 3164/3170/1336 3172/3178/1344
f 3173/3179/1345 3174/3180/1346 3175/3181/1347
f 3173/3179/1345 3176/3182/1348 3177/3183/1349
f 3174/3180/1346 3173/3179/1345 3178/3184/1350
f 3174/3180/1346 3178/3184/1350 3179/3185/1351
f 3174/3180/1346 3179/3185/1351 3180/3186/1352
f 3174/3180/1346 3180/3186/1352 3181/3187/1353
f 3175/3181/1347 3174/3180/1346 3182/3188/1354
f 3175/3181/1347 3183/3189/1355 3184/3190/1356
f 3178/3184/1350 3173/3179/1345 3177/3183/1349
f 3178/3184/1350 3185/3191/1357 3179/3185/1351
f 3186/3192/869 3187/3193/831 3188/3194/869
f 3186/3192/869 3189/3195/874 3190/3196/869
f 3189/3195/874 3186/3192/869 3191/3197/874
f 3189/3195/874 3192/3198/830 3193/3199/830
f 3189/3195/874 3191/3197/874 3194/3200/830
f 3189/3195/874 3194/3200/830 3192/3198/830
f 3190/3196/869 3195/3201/831 3186/3192/869
f 3190/3196/869 3189/3195/874 3196/3202/874
f 3190/3196/869 3197/3203/869 3198/3204/831
f 3191/3197/874 3186/3192/869 3188/3194/869
f 3191/3197/874 3199/3205/830 3194/3200/830
f 3200/3206/1358 3201/3207/1359 3202/3208/1360
f 3200/3206/1358 3203/3209/1361 3204/3210/1362
f 3201/3207/1359 3205/3211/1363 3206/3212/1364
f 3201/3207/1359 3200/3206/1358 3204/3210/1362
f 3202/3208/1360 3207/3213/1365 3200/3206/1358
f 3202/3208/1360 3201/3207/1359 3208/3214/1366
f 3202/3208/1360 3208/3214/1366 3209/3215/1367
f 3202/3208/1360 3210/3216/1368 3211/3217/1369
f 3208/3214/1366 3206/3212/1364 3212/3218/1370
f 3208/3214/1366 3212/3218/1370 3213/3219/1371
f 3214/3220/862 3215/3221/1372 3216/3222/868
f 3214/3220/862 3216/3222/868 3217/3223/868
f 3214/3220/862 3218/3224/1373 3215/3221/1372
f 3215/3221/1372 3089/3095/1267 3087/3093/1265
f 3216/3222/868 3219/3225/966 3220/3226/966
f 3221/3227/1374 3215/3221/1372 3087/3093/1265
f 3221/3227/1374 3216/3222/868 3215/3221/1372
f 3221/3227/1374 3219/3225/966 3216/3222/868
f 3222/3228/1375 3223/3229/1376 3224/3230/1377
f 3223/3229/1376 3222/3228/1375 3225/3231/1378
f 3226/3232/833 3227/3233/833 3228/3234/835
f 3226/3232/833 3228/3234/835 3229/3235/835
f 3226/3232/833 3229/3235/835 3230/3236/835
f 3226/3232/833 3231/3237/841 3227/3233/833
f 3231/3237/841 3232/3238/833 3227/3233/833
f 3227/3233/833 3233/3239/835 3228/3234/835
f 3234/3240/841 3235/3241/833 3236/3242/841
f 3234/3240/841 3237/3243/932 3231/3237/841
f 3234/3240/841 3231/3237/841 3226/3232/833
f 3238/3244/1379 3239/3245/1380 3240/3246/1381
f 3238/3244/1379 3240/3246/1381 2945/2951/1165
f 3239/3245/1380 2819/2825/1054 3241/3247/1382
f 3239/3245/1380 3238/3244/1379 3242/3248/1383
f 3240/3246/1381 3241/3247/1382 3243/3249/1384
f 3240/3246/1381 2937/2943/1162 2945/2951/1165
f 3240/3246/1381 3239/3245/1380 3241/3247/1382
f 3242/3248/1383 2820/2826/1055 3239/3245/1380
f 3244/3250/1385 3245/3251/1386 3246/3252/1387
f 3244/3250/1385 3247/3253/1388 3248/3254/1389
f 3247/3253/1388 3249/3255/1390 3250/3256/1391
f 3247/3253/1388 3244/3250/1385 3251/3257/1392
f 3247/3253/1388 3250/3256/1391 3252/3258/1393
f 3248/3254/1389 3253/3259/1394 3254/3260/1395
f 3248/3254/1389 3255/3261/1396 3244/3250/1385
f 3248/3254/1389 3256/3262/1397 3253/3259/1394
f 3251/3257/1392 3257/3263/1398 3249/3255/1390
f 3251/3257/1392 3244/3250/1385 3246/3252/1387
f 3258/3264/1399 3259/3265/1400 3260/3266/1401
f 3258/3264/1399 3261/3267/1402 3262/3268/1403
f 3259/3265/1400 3258/3264/1399 3263/3269/1404
f 3259/3265/1400 3263/3269/1404 3264/3270/1405
f 3260/3266/1401 3261/3267/1402 3258/3264/1399
f 3263/3269/1404 3265/3271/1406 3266/3272/1407
f 3263/3269/1404 3266/3272/1407 3267/3273/1408
f 3268/3274/1409 3269/3275/1410 3270/3276/1411
f 3268/3274/1409 3271/3277/1412 3272/3278/1413
f 3268/3274/1409 3272/3278/1413 3273/3279/1414
f 3271/3277/1412 3274/3280/1415 3275/3281/1416
f 3271/3277/1412 3268/3274/1409 3276/3282/1417
f 3272/3278/1413 3271/3277/1412 3277/3283/1418
f 3272/3278/1413 3278/3284/1419 3279/3285/1420
f 3276/3282/1417 3280/3286/1421 3281/3287/1422
f 3276/3282/1417 3268/3274/1409 3270/3276/1411
f 3276/3282/1417 3274/3280/1415 3271/3277/1412
f 3282/3288/868 3283/3289/966 3284/3290/966
f 3282/3288/868 3285/3291/862 3286/3292/862
f 3285/3291/862 3287/3293/862 3288/3294/942
f 3285/3291/862 3282/3288/868 3289/3295/868
f 3286/3292/862 3290/3296/868 3282/3288/868
f 3286/3292/862 3285/3291/862 3291/3297/942
f 3289/3295/868 3287/3293/862 3285/3291/862
f 3289/3295/868 3282/3288/868 3284/3290/966
f 3292/3298/1423 3293/3299/1424 3294/3300/1425
f 3292/3298/1423 3295/3301/1426 3296/3302/1427
f 3292/3298/1423 3296/3302/1427 3297/3303/1428
f 3292/3298/1423 3298/3304/1429 3295/3301/1426
f 3298/3304/1429 3299/3305/1430 3300/3306/1431
f 3295/3301/1426 3301/3307/1432 3302/3308/1433
f 3295/3301/1426 3303/3309/1434 3296/3302/1427
f 3295/3301/1426 3298/3304/1429 3300/3306/1431
f 3296/3302/1427 3303/3309/1434 3304/3310/1435
f 3305/3311/1436 3306/3312/1437 3307/3313/1438
f 3305/3311/1436 3308/3314/1439 2933/2939/1158
f 3306/3312/1437 3309/3315/1440 3307/3313/1438
f 3307/3313/1438 3308/3314/1439 3305/3311/1436
f 3307/3313/1438 3309/3315/1440 3310/3316/1441
f 3307/3313/1438 3310/3316/1441 3311/3317/1442
f 3312/3318/1443 3305/3311/1436 2932/2938/1157
f 3312/3318/1443 3306/3312/1437 3305/3311/1436
f 3312/3318/1443 3313/3319/1444 3306/3312/1437
f 3314/3320/1445 3315/3321/1446 3316/3322/1447
f 3314/3320/1445 3317/3323/1448 3315/3321/1446
f 3314/3320/1445 3316/3322/1447 3318/3324/1449
f 3315/3321/1446 3072/3078/1250 3319/3325/1450
f 3316/3322/1447 3320/3326/1451 3321/3327/1452
f 3322/3328/1453 3315/3321/1446 3319/3325/1450
f 3322/3328/1453 3316/3322/1447 3315/3321/1446
f 3322/3328/1453 3320/3326/1451 3316/3322/1447
f 3323/3329/868 3324/3330/862 3325/3331/862
f 3323/3329/868 3325/3331/862 3326/3332/862
f 3324/3330/862 3327/3333/942 3325/3331/862
f 3324/3330/862 3328/3334/862 3329/3335/942
f 3324/3330/862 3323/3329/868 3330/3336/868
f 3325/3331/862 3331/3337/942 3326/3332/862
f 3330/3336/868 3328/3334/862 3324/3330/862
f 3332/3338/869 3333/3339/1454 3334/3340/1455
f 3332/3338/869 3335/3341/1456 3333/3339/1454
f 3335/3341/1456 3336/3342/1457 3337/3343/1458
f 3335/3341/1456 3332/3338/869 3338/3344/874
f 3333/3339/1454 3339/3345/1459 3340/3346/1460
f 3333/3339/1454 3335/3341/1456 3341/3347/1461
f 3338/3344/874 3332/3338/869 3197/3203/869
f 3338/3344/874 3336/3342/1457 3335/3341/1456
f 3342/3348/1462 3343/3349/1463 3344/3350/1464
f 3342/3348/1462 3344/3350/1464 3345/3351/1465
f 3342/3348/1462 3346/3352/1466 3347/3353/1467
f 3342/3348/1462 3348/3354/1468 3349/3355/1469
f 3343/3349/1463 3347/3353/1467 3350/3356/1470
f 3343/3349/1463 3351/3357/1471 3352/3358/1472
f 3343/3349/1463 3342/3348/1462 3347/3353/1467
f 3344/3350/1464 3353/3359/1473 3345/3351/1465
f 3347/3353/1467 3346/3352/1466 3354/3360/1474
f 3355/3361/1475 3356/3362/1476 3357/3363/1477
f 3355/3361/1475 3357/3363/1477 3358/3364/1478
f 3355/3361/1475 3358/3364/1478 3261/3267/1402
f 3357/3363/1477 3359/3365/1479 3358/3364/1478
f 3357/3363/1477 3360/3366/1480 3361/3367/1481
f 3359/3365/1479 3361/3367/1481 3362/3368/1482
f 3359/3365/1479 3363/3369/1483 3358/3364/1478
f 3364/3370/1484 3365/3371/1485 3366/3372/1486
f 3364/3370/1484 3366/3372/1486 3367/3373/1487
f 3364/3370/1484 3368/3374/1488 3369/3375/1489
f 3365/3371/1485 3370/3376/1490 3371/3377/1491
f 3365/3371/1485 3372/3378/1492 3373/3379/1493
f 3365/3371/1485 3374/3380/1494 3366/3372/1486
f 3365/3371/1485 3364/3370/1484 3372/3378/1492
f 3366/3372/1486 3375/3381/1495 3367/3373/1487
f 3372/3378/1492 3369/3375/1489 3376/3382/1496
f 3372/3378/1492 3364/3370/1484 3369/3375/1489
f 3372/3378/1492 3376/3382/1496 3377/3383/1497
f 3378/3384/1498 3379/3385/1499 3380/3386/1500
f 3378/3384/1498 3381/3387/911 3062/3068/910
f 3379/3385/1499 3382/3388/940 3383/3389/940
f 3379/3385/1499 3062/3068/910 3061/3067/974
f 3380/3386/1500 3379/3385/1499 3384/3390/1501
f 3380/3386/1500 3384/3390/1501 3385/3391/1502
f 3386/3392/841 3387/3393/932 3388/3394/841
f 3386/3392/841 3388/3394/841 3389/3395/833
f 3388/3394/841 3390/3396/833 3389/3395/833
f 3388/3394/841 3391/3397/932 3236/3242/841
f 3389/3395/833 3392/3398/835 3393/3399/835
f 3390/3396/833 3236/3242/841 3235/3241/833
f 3390/3396/833 3392/3398/835 3389/3395/833
f 3394/3400/851 3395/3401/853 3396/3402/849
f 3394/3400/851 3397/3403/906 3398/3404/943
f 3394/3400/851 3399/3405/944 3400/3406/945
f 3395/3401/853 3401/3407/972 3402/3408/971
f 3395/3401/853 3394/3400/851 3400/3406/945
f 3395/3401/853 3400/3406/945 3401/3407/972
f 3403/3409/845 3396/3402/849 3395/3401/853
f 3403/3409/845 3404/3410/854 3405/3411/848
f 3406/3412/1503 3407/3413/974 3408/3414/974
f 3406/3412/1503 3409/3415/919 3407/3413/974
f 3409/3415/919 3410/3416/949 3411/3417/949
f 3409/3415/919 3412/3418/946 3413/3419/948
f 3409/3415/919 3413/3419/948 3407/3413/974
f 3407/3413/974 3414/3420/950 3415/3421/940
f 3407/3413/974 3413/3419/948 3414/3420/950
f 3413/3419/948 3416/3422/947 3414/3420/950
f 3417/3423/862 3418/3424/880 3419/3425/875
f 3418/3424/880 3420/3426/966 3421/3427/965
f 3418/3424/880 3417/3423/862 3422/3428/868
f 3418/3424/880 3421/3427/965 3423/3429/964
f 3419/3425/875 3418/3424/880 3424/3430/881
f 3419/3425/875 3425/3431/878 3426/3432/879
f 3422/3428/868 3417/3423/862 3427/3433/862
f 3428/3434/1504 3429/3435/1505 3430/3436/1506
f 3428/3434/1504 3430/3436/1506 3431/3437/912
f 3428/3434/1504 3432/3438/913 3433/3439/914
f 3428/3434/1504 3433/3439/914 3434/3440/907
f 3430/3436/1506 3435/3441/1507 3436/3442/1508
f 3430/3436/1506 3437/3443/1509 3431/3437/912
f 3431/3437/912 3438/3444/912 3439/3445/913
f 3437/3443/1509 3438/3444/912 3431/3437/912
f 3437/3443/1509 3430/3436/1506 3436/3442/1508
f 3440/3446/1510 3441/3447/871 3442/3448/874
f 3440/3446/1510 3442/3448/874 3443/3449/874
f 3441/3447/871 3444/3450/969 3442/3448/874
f 3441/3447/871 3445/3451/928 3446/3452/928
f 3442/3448/874 3447/3453/970 3448/3454/830
f 3442/3448/874 3444/3450/969 3447/3453/970
f 3444/3450/969 3446/3452/928 3449/3455/967
f 3444/3450/969 3450/3456/968 3447/3453/970
f 3451/3457/843 3452/3458/846 3453/3459/847
f 3451/3457/843 3454/3460/853 3455/3461/854
f 3451/3457/843 3456/3462/904 3457/3463/850
f 3451/3457/843 3457/3463/850 3458/3464/851
f 3451/3457/843 3458/3464/851 3454/3460/853
f 3457/3463/850 3459/3465/903 3460/3466/905
f 3458/3464/851 3461/3467/944 3462/3468/945
f 3458/3464/851 3457/3463/850 3460/3466/905
f 3454/3460/853 3463/3469/972 3464/3470/971
f 3454/3460/853 3462/3468/945 3463/3469/972
f 3454/3460/853 3458/3464/851 3462/3468/945
f 3465/3471/882 3466/3472/927 3467/3473/870
f 3465/3471/882 3468/3474/969 3469/3475/887
f 3465/3471/882 3470/3476/885 3471/3477/886
f 3465/3471/882 3469/3475/887 3472/3478/888
f 3465/3471/882 3467/3473/870 3468/3474/969
f 3467/3473/870 3473/3479/872 3474/3480/873
f 3468/3474/969 3467/3473/870 3474/3480/873
f 3468/3474/969 3475/3481/968 3476/3482/970
f 3469/3475/887 3477/3483/957 3478/3484/956
f 3469/3475/887 3468/3474/969 3476/3482/970
f 3469/3475/887 3476/3482/970 3477/3483/957
f 3479/3485/909 3480/3486/916 3481/3487/948
f 3479/3485/909 3482/3488/914 3483/3489/907
f 3479/3485/909 3481/3487/948 3484/3490/936
f 3480/3486/916 3485/3491/946 3481/3487/948
f 3480/3486/916 3486/3492/915 3487/3493/918
f 3481/3487/948 3488/3494/947 3489/3495/950
f 3484/3490/936 3482/3488/914 3479/3485/909
f 3484/3490/936 3489/3495/950 3490/3496/938
f 3484/3490/936 3481/3487/948 3489/3495/950
f 3484/3490/936 3490/3496/938 3491/3497/937
f 3492/3498/875 3493/3499/864 3494/3500/867
f 3492/3498/875 3494/3500/867 3495/3501/880
f 3492/3498/875 3496/3502/878 3497/3503/879
f 3493/3499/864 3498/3504/865 3499/3505/982
f 3494/3500/867 3493/3499/864 3499/3505/982
f 3494/3500/867 3500/3506/965 3495/3501/880
f 3494/3500/867 3501/3507/959 3502/3508/960
f 3495/3501/880 3500/3506/965 3503/3509/964
f 3495/3501/880 3496/3502/878 3492/3498/875
f 3504/3510/889 3505/3511/892 3506/3512/893
f 3504/3510/889 3507/3513/899 3508/3514/902
f 3504/3510/889 3509/3515/895 3507/3513/899
f 3504/3510/889 3510/3516/996 3505/3511/892
f 3509/3515/895 3511/3517/897 3512/3518/921
f 3509/3515/895 3513/3519/920 3514/3520/922
f 3507/3513/899 3509/3515/895 3514/3520/922
f 3507/3513/899 3515/3521/961 3516/3522/963
f 3507/3513/899 3517/3523/953 3508/3514/902
f 3508/3514/902 3517/3523/953 3518/3524/951
f 3519/3525/858 3520/3526/1012 3521/3527/931
f 3519/3525/858 3522/3528/842 3523/3529/856
f 3519/3525/858 3521/3527/931 3524/3530/929
f 3522/3528/842 3525/3531/924 3526/3532/840
f 3522/3528/842 3527/3533/832 3523/3529/856
f 3522/3528/842 3528/3534/837 3527/3533/832
f 3523/3529/856 3529/3535/855 3530/3536/857
f 3527/3533/832 3529/3535/855 3523/3529/856
f 3527/3533/832 3531/3537/838 3532/3538/839
f 3533/3539/843 3534/3540/853 3535/3541/854
f 3533/3539/843 3536/3542/846 3537/3543/847
f 3533/3539/843 3538/3544/850 3539/3545/851
f 3533/3539/843 3539/3545/851 3534/3540/853
f 3533/3539/843 3540/3546/904 3538/3544/850
f 3538/3544/850 3541/3547/903 3542/3548/905
f 3539/3545/851 3543/3549/944 3544/3550/945
f 3539/3545/851 3538/3544/850 3542/3548/905
f 3534/3540/853 3539/3545/851 3544/3550/945
f 3534/3540/853 3545/3551/972 3546/3552/971
f 3534/3540/853 3544/3550/945 3545/3551/972
f 3547/3553/882 3548/3554/927 3549/3555/870
f 3547/3553/882 3549/3555/870 3550/3556/969
f 3547/3553/882 3551/3557/885 3552/3558/886
f 3547/3553/882 3550/3556/969 3553/3559/887
f 3547/3553/882 3553/3559/887 3554/3560/888
f 3549/3555/870 3555/3561/872 3556/3562/873
f 3550/3556/969 3549/3555/870 3556/3562/873
f 3550/3556/969 3557/3563/968 3558/3564/970
f 3553/3559/887 3550/3556/969 3558/3564/970
f 3553/3559/887 3558/3564/970 3559/3565/957
f 3553/3559/887 3559/3565/957 3560/3566/956
f 3561/3567/909 3562/3568/916 3563/3569/948
f 3561/3567/909 3563/3569/948 3564/3570/936
f 3561/3567/909 3565/3571/914 3566/3572/907
f 3561/3567/909 3564/3570/936 3567/3573/935
f 3562/3568/916 3568/3574/915 3569/3575/918
f 3563/3569/948 3570/3576/947 3571/3577/950
f 3563/3569/948 3572/3578/938 3564/3570/936
f 3563/3569/948 3569/3575/918 3573/3579/946
f 3564/3570/936 3572/3578/938 3574/3580/937
f 3575/3581/875 3576/3582/878 3577/3583/879
f 3575/3581/875 3578/3584/864 3579/3585/867
f 3575/3581/875 3579/3585/867 3580/3586/880
f 3578/3584/864 3581/3587/865 3582/3588/982
f 3579/3585/867 3578/3584/864 3582/3588/982
f 3579/3585/867 3583/3589/965 3580/3586/880
f 3579/3585/867 3584/3590/959 3585/3591/960
f 3580/3586/880 3576/3582/878 3575/3581/875
f 3580/3586/880 3583/3589/965 3586/3592/964
f 3587/3593/889 3588/3594/996 3589/3595/892
f 3587/3593/889 3590/3596/895 3591/3597/899
f 3587/3593/889 3589/3595/892 3592/3598/893
f 3587/3593/889 3591/3597/899 3593/3599/902
f 3590/3596/895 3594/3600/920 3595/3601/922
f 3591/3597/899 3590/3596/895 3595/3601/922
f 3591/3597/899 3596/3602/961 3597/3603/963
f 3591/3597/899 3598/3604/953 3593/3599/902
f 3593/3599/902 3598/3604/953 3599/3605/951
f 3600/3606/858 3601/3607/842 3602/3608/856
f 3600/3606/858 3603/3609/1012 3604/3610/931
f 3600/3606/858 3604/3610/931 3605/3611/929
f 3601/3607/842 3606/3612/837 3607/3613/832
f 3601/3607/842 3607/3613/832 3602/3608/856
f 3601/3607/842 3608/3614/924 3609/3615/840
f 3602/3608/856 3610/3616/855 3611/3617/1049
f 3607/3613/832 3612/3618/1511 3613/3619/839
f 3607/3613/832 3610/3616/855 3602/3608/856
f 3614/3620/843 3615/3621/904 3616/3622/850
f 3614/3620/843 3616/3622/850 3617/3623/851
f 3614/3620/843 3618/3624/853 3619/3625/854
f 3614/3620/843 3620/3626/846 3621/3627/847
f 3614/3620/843 3617/3623/851 3618/3624/853
f 3616/3622/850 3622/3628/903 3623/3629/905
f 3617/3623/851 3624/3630/944 3625/3631/945
f 3617/3623/851 3616/3622/850 3623/3629/905
f 3618/3624/853 3625/3631/945 3626/3632/972
f 3618/3624/853 3626/3632/972 3627/3633/971
f 3618/3624/853 3617/3623/851 3625/3631/945
f 3628/3634/882 3629/3635/885 3630/3636/886
f 3628/3634/882 3631/3637/969 3632/3638/887
f 3628/3634/882 3633/3639/870 3631/3637/969
f 3628/3634/882 3632/3638/887 3634/3640/888
f 3628/3634/882 3635/3641/927 3633/3639/870
f 3633/3639/870 3636/3642/872 3637/3643/873
f 3631/3637/969 3638/3644/968 3639/3645/970
f 3631/3637/969 3633/3639/870 3637/3643/873
f 3632/3638/887 3640/3646/957 3641/3647/956
f 3632/3638/887 3631/3637/969 3639/3645/970
f 3632/3638/887 3639/3645/970 3640/3646/957
f 3642/3648/909 3643/3649/914 3644/3650/907
f 3642/3648/909 3645/3651/916 3646/3652/948
f 3642/3648/909 3646/3652/948 3647/3653/936
f 3642/3648/909 3647/3653/936 3648/3654/935
f 3645/3651/916 3649/3655/915 3650/3656/918
f 3646/3652/948 3651/3657/938 3647/3653/936
f 3646/3652/948 3652/3658/947 3653/3659/950
f 3646/3652/948 3650/3656/918 3654/3660/946
f 3647/3653/936 3651/3657/938 3655/3661/937
f 3656/3662/875 3657/3663/867 3658/3664/880
f 3656/3662/875 3659/3665/864 3657/3663/867
f 3656/3662/875 3660/3666/878 3661/3667/879
f 3659/3665/864 3662/3668/865 3663/3669/982
f 3657/3663/867 3664/3670/965 3658/3664/880
f 3657/3663/867 3659/3665/864 3663/3669/982
f 3657/3663/867 3665/3671/959 3666/3672/960
f 3658/3664/880 3664/3670/965 3667/3673/964
f 3658/3664/880 3660/3666/878 3656/3662/875
f 3668/3674/889 3669/3675/892 3670/3676/893
f 3668/3674/889 3671/3677/899 3672/3678/902
f 3668/3674/889 3673/3679/895 3671/3677/899
f 3668/3674/889 3674/3680/996 3669/3675/892
f 3673/3679/895 3675/3681/920 3676/3682/922
f 3671/3677/899 3673/3679/895 3676/3682/922
f 3671/3677/899 3677/3683/953 3672/3678/902
f 3671/3677/899 3678/3684/961 3679/3685/963
f 3672/3678/902 3677/3683/953 3680/3686/951
f 3681/3687/858 3682/3688/842 3683/3689/856
f 3681/3687/858 3684/3690/931 3685/3691/929
f 3681/3687/858 3686/3692/1012 3684/3690/931
f 3682/3688/842 3687/3693/837 3688/3694/832
f 3682/3688/842 3688/3694/832 3683/3689/856
f 3682/3688/842 3689/3695/924 3690/3696/840
f 3683/3689/856 3691/3697/855 3692/3698/857
f 3688/3694/832 3691/3697/855 3683/3689/856
f 3688/3694/832 3693/3699/838 3694/3700/839
f 3695/3701/843 3696/3702/850 3697/3703/851
f 3695/3701/843 3698/3704/853 3699/3705/854
f 3695/3701/843 3700/3706/846 3701/3707/847
f 3695/3701/843 3697/3703/851 3698/3704/853
f 3695/3701/843 3702/3708/904 3696/3702/850
f 3696/3702/850 3703/3709/903 3704/3710/905
f 3697/3703/851 3696/3702/850 3704/3710/905
f 3697/3703/851 3705/3711/944 3706/3712/945
f 3698/3704/853 3697/3703/851 3706/3712/945
f 3698/3704/853 3706/3712/945 3707/3713/972
f 3698/3704/853 3707/3713/972 3708/3714/971
f 3709/3715/1512 3710/3716/1513 3711/3717/1514
f 3709/3715/1512 3712/3718/1515 3710/3716/1513
f 3711/3717/1514 3713/3719/1516 3714/3720/1517
f 3711/3717/1514 3715/3721/1518 3709/3715/1512
f 3716/3722/1519 3711/3717/1514 3710/3716/1513
f 3716/3722/1519 3710/3716/1513 3717/3723/1520
f 3716/3722/1519 3718/3724/1521 3719/3725/1522
f 3720/3726/909 3721/3727/916 3722/3728/948
f 3720/3726/909 3722/3728/948 3723/3729/936
f 3720/3726/909 3724/3730/914 3725/3731/907
f 3720/3726/909 3723/3729/936 3726/3732/935
f 3721/3727/916 3727/3733/915 3728/3734/918
f 3722/3728/948 3728/3734/918 3729/3735/946
f 3722/3728/948 3730/3736/938 3723/3729/936
f 3722/3728/948 3731/3737/947 3732/3738/950
f 3723/3729/936 3730/3736/938 3733/3739/937
f 3734/3740/875 3735/3741/867 3736/3742/880
f 3734/3740/875 3737/3743/878 3738/3744/879
f 3734/3740/875 3739/3745/864 3735/3741/867
f 3739/3745/864 3740/3746/865 3741/3747/982
f 3735/3741/867 3742/3748/959 3743/3749/1047
f 3735/3741/867 3744/3750/1050 3736/3742/880
f 3735/3741/867 3739/3745/864 3741/3747/982
f 3736/3742/880 3744/3750/1050 3745/3751/964
f 3736/3742/880 3737/3743/878 3734/3740/875
f 3746/3752/889 3747/3753/895 3748/3754/899
f 3746/3752/889 3749/3755/901 3750/3756/892
f 3746/3752/889 3750/3756/892 3751/3757/893
f 3746/3752/889 3748/3754/899 3752/3758/902
f 3747/3753/895 3753/3759/920 3754/3760/922
f 3748/3754/899 3747/3753/895 3754/3760/922
f 3748/3754/899 3755/3761/953 3752/3758/902
f 3748/3754/899 3756/3762/961 3757/3763/963
f 3752/3758/902 3755/3761/953 3758/3764/951
f 3759/3765/858 3760/3766/931 3761/3767/929
f 3759/3765/858 3762/3768/1012 3760/3766/931
f 3759/3765/858 3763/3769/842 3764/3770/856
f 3763/3769/842 3765/3771/837 3766/3772/832
f 3763/3769/842 3767/3773/924 3768/3774/840
f 3763/3769/842 3766/3772/832 3764/3770/856
f 3764/3770/856 3769/3775/855 3770/3776/857
f 3766/3772/832 3771/3777/838 3772/3778/839
f 3766/3772/832 3769/3775/855 3764/3770/856
f 3773/3779/849 3774/3780/905 3775/3781/906
f 3773/3779/849 3776/3782/845 3777/3783/850
f 3776/3782/845 3778/3784/849 3779/3785/845
f 3776/3782/845 3773/3779/849 3778/3784/849
f 3777/3783/850 3780/3786/903 3774/3780/905
f 3781/3787/843 3782/3788/846 3783/3789/847
f 3781/3787/843 3784/3790/848 3782/3788/846
f 3781/3787/843 3777/3783/850 3776/3782/845
f 3785/3791/974 3786/3792/974 3787/3793/1523
f 3785/3791/974 3788/3794/940 3789/3795/940
f 3785/3791/974 3787/3793/1523 3790/3796/1524
f 3786/3792/974 3791/3797/940 3792/3798/940
f 3786/3792/974 3785/3791/974 3789/3795/940
f 3786/3792/974 3789/3795/940 3791/3797/940
f 3787/3793/1523 3793/3799/1525 3794/3800/1526
f 3795/3801/1527 3786/3792/974 3796/3802/974
f 3795/3801/1527 3787/3793/1523 3786/3792/974
f 3797/3803/919 3410/3416/949 3798/3804/919
f 3797/3803/919 3799/3805/1528 3800/3806/1529
f 3799/3805/1528 3797/3803/919 3801/3807/1530
f 3799/3805/1528 3802/3808/1531 3803/3809/1532
f 3800/3806/1529 3804/3810/915 3805/3811/918
f 3800/3806/1529 3799/3805/1528 3806/3812/1533
f 3800/3806/1529 3807/3813/949 3797/3803/919
f 3801/3807/1530 3797/3803/919 3798/3804/919
f 3801/3807/1530 3802/3808/1531 3799/3805/1528
f 3801/3807/1530 3798/3804/919 3808/3814/1534
f 3809/3815/883 3810/3816/1535 3811/3817/887
f 3809/3815/883 3812/3818/1536 3810/3816/1535
f 3810/3816/1535 3813/3819/874 3811/3817/887
f 3810/3816/1535 3814/3820/1537 3815/3821/1538
f 3811/3817/887 3816/3822/830 3817/3823/957
f 3811/3817/887 3817/3823/957 3818/3824/956
f 3811/3817/887 3813/3819/874 3816/3822/830
f 3811/3817/887 3819/3825/884 3809/3815/883
f 3813/3819/874 3810/3816/1535 3815/3821/1538
f 3820/3826/1539 3821/3827/1540 3822/3828/1541
f 3820/3826/1539 3823/3829/1542 3824/3830/1543
f 3820/3826/1539 3825/3831/1544 3826/3832/1545
f 3825/3831/1544 3827/3833/1546 3826/3832/1545
f 3825/3831/1544 3820/3826/1539 3824/3830/1543
f 3824/3830/1543 3828/3834/1547 3825/3831/1544
f 3829/3835/899 3830/3836/923 3831/3837/962
f 3829/3835/899 3832/3838/902 3833/3839/896
f 3829/3835/899 3834/3840/961 3835/3841/963
f 3832/3838/902 3835/3841/963 3836/3842/953
f 3832/3838/902 3829/3835/899 3835/3841/963
f 3832/3838/902 3836/3842/953 3837/3843/951
f 3833/3839/896 3838/3844/923 3830/3836/923
f 3839/3845/891 3832/3838/902 3840/3846/996
f 3839/3845/891 3833/3839/896 3832/3838/902
f 3841/3847/874 3842/3848/830 3843/3849/830
f 3841/3847/874 3844/3850/874 3845/3851/1548
f 3841/3847/874 3845/3851/1548 3846/3852/1549
f 3844/3850/874 3843/3849/830 3847/3853/830
f 3844/3850/874 3841/3847/874 3843/3849/830
f 3844/3850/874 3847/3853/830 3848/3854/830
f 3849/3855/1550 3844/3850/874 3850/3856/874
f 3849/3855/1550 3845/3851/1548 3844/3850/874
f 3851/3857/1551 3852/3858/884 3853/3859/885
f 3851/3857/1551 3853/3859/885 3854/3860/886
f 3851/3857/1551 3855/3861/1552 3856/3862/1553
f 3851/3857/1551 3856/3862/1553 3857/3863/883
f 3856/3862/1553 3858/3864/1554 3857/3863/883
f 3856/3862/1553 3859/3865/1555 3860/3866/1556
f 3857/3863/883 3861/3867/883 3862/3868/884
f 3858/3864/1554 3856/3862/1553 3860/3866/1556
f 3858/3864/1554 3861/3867/883 3857/3863/883
f 3863/3869/882 3864/3870/885 3865/3871/886
f 3863/3869/882 3866/3872/870 3867/3873/969
f 3863/3869/882 3867/3873/969 3868/3874/887
f 3866/3872/870 3869/3875/872 3870/3876/873
f 3866/3872/870 3871/3877/967 3867/3873/969
f 3867/3873/969 3872/3878/968 3873/3879/970
f 3868/3874/887 3867/3873/969 3873/3879/970
f 3868/3874/887 3873/3879/970 3874/3880/957
f 3868/3874/887 3874/3880/957 3875/3881/956
f 3868/3874/887 3864/3870/885 3863/3869/882
f 3876/3882/871 3445/3451/928 3877/3883/871
f 3876/3882/871 3878/3884/873 3879/3885/928
f 3876/3882/871 3880/3886/1557 3881/3887/1558
f 3880/3886/1557 3882/3888/1559 3883/3889/1560
f 3880/3886/1557 3876/3882/871 3884/3890/1561
f 3881/3887/1558 3885/3891/872 3878/3884/873
f 3881/3887/1558 3880/3886/1557 3886/3892/1562
f 3884/3890/1561 3882/3888/1559 3880/3886/1557
f 3884/3890/1561 3876/3882/871 3877/3883/871
f 3884/3890/1561 3877/3883/871 3887/3893/1563
f 3888/3894/896 3838/3844/923 3889/3895/896
f 3888/3894/896 3890/3896/922 3891/3897/923
f 3888/3894/896 3892/3898/891 3893/3899/895
f 3892/3898/891 3888/3894/896 3889/3895/896
f 3892/3898/891 3889/3895/896 3894/3900/891
f 3893/3899/895 3895/3901/920 3890/3896/922
f 3896/3902/889 3892/3898/891 3897/3903/894
f 3896/3902/889 3898/3904/892 3899/3905/893
f 3896/3902/889 3893/3899/895 3892/3898/891
f 3900/3906/1564 3901/3907/1565 3902/3908/1566
f 3900/3906/1564 3903/3909/1567 3904/3910/1568
f 3900/3906/1564 3905/3911/1569 3906/3912/1570
f 3901/3907/1565 3907/3913/840 3908/3914/837
f 3901/3907/1565 3909/3915/838 3910/3916/1571
f 3901/3907/1565 3900/3906/1564 3906/3912/1570
f 3902/3908/1566 3910/3916/1571 3911/3917/1572
f 3902/3908/1566 3901/3907/1565 3910/3916/1571
f 3902/3908/1566 3903/3909/1567 3900/3906/1564
f 3902/3908/1566 3911/3917/1572 3912/3918/1573
f 3906/3912/1570 3913/3919/924 3907/3913/840
f 3914/3920/1574 3915/3921/931 3916/3922/929
f 3914/3920/1574 3917/3923/1012 3915/3921/931
f 3914/3920/1574 3918/3924/1575 3919/3925/1576
f 3918/3924/1575 3920/3926/1577 3919/3925/1576
f 3918/3924/1575 3914/3920/1574 3921/3927/1578
f 3918/3924/1575 3922/3928/1579 3923/3929/1580
f 3919/3925/1576 3920/3926/1577 3924/3930/857
f 3921/3927/1578 3925/3931/1581 3926/3932/1582
f 3921/3927/1578 3927/3933/1583 3918/3924/1575
f 3921/3927/1578 3928/3934/1584 3929/3935/1585
f 3930/3936/1586 3931/3937/1587 3932/3938/1588
f 3930/3936/1586 3933/3939/1589 3934/3940/1590
f 3930/3936/1586 3935/3941/1591 3931/3937/1587
f 3930/3936/1586 3936/3942/1592 3935/3941/1591
f 3930/3936/1586 3937/3943/1593 3936/3942/1592
f 3936/3942/1592 3938/3944/1594 3939/3945/1595
f 3936/3942/1592 3940/3946/1596 3935/3941/1591
f 3931/3937/1587 3935/3941/1591 3941/3947/1597
f 3931/3937/1587 3941/3947/1597 3942/3948/1598
f 3943/3949/862 3944/3950/942 3945/3951/862
f 3943/3949/862 3946/3952/868 3947/3953/862
f 3946/3952/868 3948/3954/966 3949/3955/966
f 3946/3952/868 3427/3433/862 3947/3953/862
f 3946/3952/868 3943/3949/862 3950/3956/868
f 3947/3953/862 3951/3957/942 3943/3949/862
f 3950/3956/868 3952/3958/966 3953/3959/966
f 3950/3956/868 3943/3949/862 3945/3951/862
f 3950/3956/868 3948/3954/966 3946/3952/868
f 3954/3960/1599 3955/3961/1600 3956/3962/1601
f 3954/3960/1599 3957/3963/1602 3958/3964/1603
f 3958/3964/1603 3959/3965/1604 3955/3961/1600
f 3958/3964/1603 3957/3963/1602 3960/3966/1605
f 3960/3966/1605 3961/3967/1606 3958/3964/1603
f 3962/3968/1607 3963/3969/1608 3964/3970/1609
f 3962/3968/1607 3965/3971/1610 2821/2827/1056
f 3965/3971/1610 3962/3968/1607 3964/3970/1609
f 3963/3969/1608 3962/3968/1607 3242/3248/1383
f 2858/2864/1093 3966/3972/1611 2851/2857/1086
f 3966/3972/1611 3967/3973/1612 2849/2855/1084
f 3966/3972/1611 2849/2855/1084 2851/2857/1086
f 3968/3974/1613 3969/3975/1614 3970/3976/1615
f 3968/3974/1613 3971/3977/1616 3238/3244/1379
f 3971/3977/1616 3963/3969/1608 3242/3248/1383
f 3971/3977/1616 3242/3248/1383 3238/3244/1379
f 3971/3977/1616 3968/3974/1613 3970/3976/1615
f 3969/3975/1614 3968/3974/1613 2940/2946/1164
f 3334/3340/1455 3333/3339/1454 3340/3346/1460
f 3334/3340/1455 3972/3978/831 3332/3338/869
f 3967/3973/1612 2852/2858/1087 2849/2855/1084
f 2853/2859/1088 3973/3979/1617 2854/2860/1089
f 3974/3980/1618 3975/3981/1619 3976/3982/1620
f 3975/3981/1619 3974/3980/1618 3312/3318/1443
f 3975/3981/1619 2935/2941/1160 3976/3982/1620
f 2935/2941/1160 3975/3981/1619 2931/2937/1156
f 2846/2852/1081 3977/3983/1621 2840/2846/1075
f 3977/3983/1621 2836/2842/1071 2840/2846/1075
f 3977/3983/1621 3978/3984/1622 2836/2842/1071
f 3157/3163/1329 3150/3156/1322 3147/3153/1319
f 3157/3163/1329 3149/3155/1321 3979/3985/1623
f 3151/3157/1323 3980/3986/1624 3152/3158/1324
f 3981/3987/1625 3982/3988/1626 3983/3989/1627
f 3982/3988/1626 3981/3987/1625 3984/3990/1628
f 3982/3988/1626 3313/3319/1444 3983/3989/1627
f 3313/3319/1444 3312/3318/1443 3974/3980/1618
f 3313/3319/1444 3982/3988/1626 3306/3312/1437
f 3159/3165/1331 3979/3985/1623 3149/3155/1321
f 3113/3119/1287 3107/3113/1283 3104/3110/1282
f 3113/3119/1287 3106/3112/869 3985/3991/831
f 3108/3114/1284 3986/3992/1629 3109/3115/1285
f 2856/2862/1091 2859/2865/1094 2850/2856/1085
f 2859/2865/1094 2851/2857/1086 2850/2856/1085
f 2855/2861/1090 2854/2860/1089 2861/2867/1096
f 3987/3993/1630 3988/3994/1631 3083/3089/1261
f 3987/3993/1630 3989/3995/1632 3990/3996/1633
f 3988/3994/1631 3987/3993/1630 3990/3996/1633
f 3989/3995/1632 3987/3993/1630 2830/2836/1065
f 3991/3997/1634 3992/3998/1635 3961/3967/1606
f 3961/3967/1606 3960/3966/1605 3991/3997/1634
f 3961/3967/1606 3992/3998/1635 3993/3999/1636
f 3337/3343/1458 3341/3347/1461 3335/3341/1456
f 3341/3347/1461 3339/3345/1459 3333/3339/1454
f 3336/3342/1457 3338/3344/874 3994/4000/830
f 3995/4001/1637 3086/3092/1264 3996/4002/1638
f 3995/4001/1637 3997/4003/1639 3221/3227/1374
f 3997/4003/1639 3995/4001/1637 3996/4002/1638
f 3086/3092/1264 3995/4001/1637 3085/3091/1263
f 3086/3092/1264 3083/3089/1261 3988/3994/1631
f 3973/3979/1617 2860/2866/1095 2854/2860/1089
f 3986/3992/1629 3998/4004/1640 3109/3115/1285
f 3998/4004/1640 3110/3116/1286 3109/3115/1285
f 3156/3162/1328 3158/3164/1330 3149/3155/1321
f 3156/3162/1328 3148/3154/1320 3154/3160/1326
f 3999/4005/1641 3260/3266/1401 3259/3265/1400
f 3999/4005/1641 4000/4006/1642 3260/3266/1401
f 3999/4005/1641 4001/4007/1643 4002/4008/1644
f 4001/4007/1643 3999/4005/1641 3259/3265/1400
f 4001/4007/1643 4003/4009/1645 4002/4008/1644
f 4003/4009/1645 4001/4007/1643 4004/4010/1646
f 4004/4010/1646 3264/3270/1405 4005/4011/1647
f 2843/2849/1078 2844/2850/1079 2839/2845/1074
f 2844/2850/1079 2845/2851/1080 2840/2846/1075
f 2842/2848/1077 2841/2847/1076 2848/2854/1083
f 4006/4012/1648 4007/4013/1649 4008/4014/1650
f 4007/4013/1649 4000/4006/1642 4008/4014/1650
f 4007/4013/1649 4006/4012/1648 3355/3361/1475
f 4000/4006/1642 4007/4013/1649 3260/3266/1401
f 3980/3986/1624 3160/3166/1332 3152/3158/1324
f 3256/3262/1397 3248/3254/1389 3247/3253/1388
f 3256/3262/1397 3247/3253/1388 3252/3258/1393
f 2889/2895/1114 2885/2891/1110 2891/2897/1116
f 2889/2895/1114 4009/4015/1651 2882/2888/1107
f 2889/2895/1114 2882/2888/1107 2881/2887/1106
f 2883/2889/1108 4010/4016/1652 2888/2894/1113
f 4009/4015/1651 2889/2895/1114 3142/3148/1314
f 2925/2931/1150 4011/4017/1653 2919/2925/1144
f 4011/4017/1653 2920/2926/1145 2919/2925/1144
f 3254/3260/1395 4012/4018/1654 3248/3254/1389
f 2922/2928/1147 2913/2919/1138 2912/2918/1137
f 2922/2928/1147 2916/2922/1141 4013/4019/1655
f 2914/2920/1139 2919/2925/1144 2912/2918/1137
f 3070/3076/1248 4014/4020/1656 3322/3328/1453
f 3070/3076/1248 3319/3325/1450 3071/3077/1249
f 4014/4020/1656 3070/3076/1248 3069/3075/1247
f 3069/3075/1247 3066/3072/1244 3068/3074/1246
f 3068/3074/1246 3065/3071/1243 4015/4021/1657
f 3255/3261/1396 3245/3251/1386 3244/3250/1385
f 3255/3261/1396 3248/3254/1389 4012/4018/1654
f 3246/3252/1387 4016/4022/1658 3251/3257/1392
f 4017/4023/1659 2911/2917/1136 4018/4024/1660
f 4017/4023/1659 4015/4021/1657 3065/3071/1243
f 4015/4021/1657 4017/4023/1659 4018/4024/1660
f 2911/2917/1136 4017/4023/1659 2907/2913/1132
f 2911/2917/1136 2910/2916/1135 4019/4025/1661
f 3184/3190/1356 4020/4026/1662 3175/3181/1347
f 4020/4026/1662 4021/4027/1663 3173/3179/1345
f 4020/4026/1662 3173/3179/1345 3175/3181/1347
f 4016/4022/1658 3257/3263/1398 3251/3257/1392
f 3249/3255/1390 3247/3253/1388 3251/3257/1392
f 3181/3187/1353 3182/3188/1354 3174/3180/1346
f 3182/3188/1354 3183/3189/1355 3175/3181/1347
f 4022/4028/1664 4023/4029/1665 3136/3142/1308
f 4022/4028/1664 4010/4016/1652 4024/4030/1666
f 4023/4029/1665 4022/4028/1664 4024/4030/1666
f 4010/4016/1652 4022/4028/1664 2888/2894/1113
f 4021/4027/1663 3176/3182/1348 3173/3179/1345
f 3177/3183/1349 4025/4031/1667 3178/3184/1350
f 4019/4025/1661 4026/4032/1668 4027/4033/1669
f 4026/4032/1668 4019/4025/1661 2910/2916/1135
f 4026/4032/1668 4028/4034/1670 4027/4033/1669
f 4028/4034/1670 4026/4032/1668 2897/2903/1122
f 3123/3129/1297 4029/4035/1671 3118/3124/1292
f 4029/4035/1671 3114/3120/1288 3118/3124/1292
f 4029/4035/1671 4030/4036/1672 3114/3120/1288
f 4025/4031/1667 3185/3191/1357 3178/3184/1350
f 3120/3126/1294 3124/3130/1298 3117/3123/1291
f 3124/3130/1298 3122/3128/1296 3118/3124/1292
f 3119/3125/1293 3121/3127/1295 3126/3132/1300
f 4031/4037/1673 4032/4038/1674 4033/4039/1675
f 4032/4038/1674 4031/4037/1673 3102/3108/1280
f 4032/4038/1674 3137/3143/1309 4033/4039/1675
f 3137/3143/1309 4032/4038/1674 3133/3139/1305
f 3137/3143/1309 3136/3142/1308 4023/4029/1665
f 4034/4040/1676 2899/2905/1124 3081/3087/1259
f 2899/2905/1124 4034/4040/1676 4035/4041/1677
f 2899/2905/1124 2898/2904/1123 3080/3086/1258
f 4035/4041/1677 4036/4042/1678 2896/2902/1121
f 4035/4041/1677 2896/2902/1121 2899/2905/1124
f 3273/3279/1414 4037/4043/1679 3268/3274/1409
f 3273/3279/1414 3272/3278/1413 3279/3285/1420
f 4030/4036/1672 3115/3121/1289 3114/3120/1288
f 3116/3122/1290 4038/4044/1680 3121/3127/1295
f 4036/4042/1678 2897/2903/1122 2896/2902/1121
f 4036/4042/1678 4028/4034/1670 2897/2903/1122
f 4039/4045/1681 3099/3105/1277 3098/3104/1276
f 3099/3105/1277 4039/4045/1681 2878/2884/1103
f 3099/3105/1277 2880/2886/1105 3096/3102/1274
f 3097/3103/1275 3102/3108/1280 4031/4037/1673
f 4038/4044/1680 3125/3131/1299 3121/3127/1295
f 3275/3281/1416 3277/3283/1418 3271/3277/1412
f 3277/3283/1418 3278/3284/1419 3272/3278/1413
f 3274/3280/1415 3276/3282/1417 3281/3287/1422
f 2877/2883/1102 2873/2879/1098 2879/2885/1104
f 2879/2885/1104 2878/2884/1103 4039/4045/1681
f 2874/2880/1099 4040/4046/1682 2872/2878/1097
f 4041/4047/1683 3280/3286/1421 3276/3282/1417
f 3350/3356/1470 3351/3357/1471 3343/3349/1463
f 3350/3356/1470 3347/3353/1467 3354/3360/1474
f 3346/3352/1466 3342/3348/1462 3349/3355/1469
f 3145/3151/1317 4042/4048/1684 3141/3147/1313
f 4042/4048/1684 4009/4015/1651 3142/3148/1314
f 4042/4048/1684 3142/3148/1314 3141/3147/1313
f 3144/3150/1316 3143/3149/1315 4043/4049/1685
f 4044/4050/1686 3205/3211/1363 3201/3207/1359
f 3206/3212/1364 3208/3214/1366 3201/3207/1359
f 2921/2927/1146 2915/2921/1140 2918/2924/1143
f 2921/2927/1146 2923/2929/1148 2916/2922/1141
f 3076/3082/1254 3075/3081/1253 3082/3088/1260
f 3082/3088/1260 3079/3085/1257 4045/4051/1687
f 3077/3083/1255 4034/4040/1676 3081/3087/1259
f 3352/3358/1472 4046/4052/1688 3343/3349/1463
f 4046/4052/1688 3344/3350/1464 3343/3349/1463
f 4046/4052/1688 4047/4053/1689 3344/3350/1464
f 3269/3275/1410 3268/3274/1409 4037/4043/1679
f 3270/3276/1411 4041/4047/1683 3276/3282/1417
f 3318/3324/1449 4048/4054/1690 3314/3320/1445
f 3318/3324/1449 3316/3322/1447 3321/3327/1452
f 3320/3326/1451 3322/3328/1453 4014/4020/1656
f 2924/2930/1149 4013/4019/1655 2916/2922/1141
f 3203/3209/1361 3200/3206/1358 3207/3213/1365
f 3207/3213/1365 3202/3208/1360 4049/4055/1691
f 3204/3210/1362 4044/4050/1686 3201/3207/1359
f 2942/2948/932 2944/2950/932 2939/2945/841
f 2944/2950/932 3969/3975/1614 2940/2946/1164
f 2941/2947/841 2943/2949/833 3232/3238/833
f 2941/2947/841 3237/3243/932 2942/2948/932
f 3237/3243/932 3234/3240/841 4050/4056/932
f 3237/3243/932 2941/2947/841 3231/3237/841
f 3198/3204/831 4051/4057/831 3190/3196/869
f 3197/3203/869 3972/3978/831 3198/3204/831
f 3197/3203/869 3196/3202/874 3338/3344/874
f 3972/3978/831 3197/3203/869 3332/3338/869
f 4050/4056/932 3236/3242/841 3391/3397/932
f 3236/3242/841 3390/3396/833 3388/3394/841
f 3236/3242/841 4050/4056/932 3234/3240/841
f 3391/3397/932 3388/3394/841 3387/3393/932
f 3387/3393/932 3386/3392/841 4052/4058/932
f 4053/4059/831 3188/3194/869 3187/3193/831
f 3188/3194/869 2954/2960/874 3191/3197/874
f 3188/3194/869 4053/4059/831 2948/2954/869
f 3187/3193/831 3186/3192/869 3195/3201/831
f 3195/3201/831 3190/3196/869 4051/4057/831
f 2934/2940/1159 2930/2936/1155 4054/4060/1692
f 2934/2940/1159 2927/2933/1152 2926/2932/1151
f 3371/3377/1491 4055/4061/1693 3365/3371/1485
f 2837/2843/1072 2836/2842/1071 3978/3984/1622
f 2838/2844/1073 4056/4062/1694 2841/2847/1076
f 2824/2830/1059 4057/4063/1695 2818/2824/1053
f 2824/2830/1059 2817/2823/1052 2823/2829/1058
f 2822/2828/1057 2821/2827/1056 3965/3971/1610
f 4058/4064/1696 3956/3962/1601 3955/3961/1600
f 3955/3961/1600 3959/3965/1604 4059/4065/1697
f 3955/3961/1600 3954/3960/1599 3958/3964/1603
f 3955/3961/1600 4060/4066/1698 4058/4064/1696
f 3299/3305/1430 3298/3304/1429 4061/4067/1699
f 3300/3306/1431 4062/4068/1700 3295/3301/1426
f 3360/3366/1480 3357/3363/1477 3356/3362/1476
f 3356/3362/1476 3355/3361/1475 4006/4012/1648
f 3361/3367/1481 3359/3365/1479 3357/3363/1477
f 2847/2853/1082 2841/2847/1076 4056/4062/1694
f 3373/3379/1493 3372/3378/1492 3377/3383/1497
f 3373/3379/1493 3370/3376/1490 3365/3371/1485
f 2832/2838/1067 4063/4069/1701 2829/2835/1064
f 4063/4069/1701 2830/2836/1065 2829/2835/1064
f 4063/4069/1701 3989/3995/1632 2830/2836/1065
f 2831/2837/1066 2833/2839/1068 4064/4070/1702
f 4062/4068/1700 3301/3307/1432 3295/3301/1426
f 4059/4065/1697 3959/3965/1604 4065/4071/1703
f 4059/4065/1697 4060/4066/1698 3955/3961/1600
f 3959/3965/1604 3958/3964/1603 3961/3967/1606
f 3959/3965/1604 3961/3967/1606 3993/3999/1636
f 3959/3965/1604 3993/3999/1636 4066/4072/1704
f 3959/3965/1604 4066/4072/1704 4065/4071/1703
f 3217/3223/868 3216/3222/868 3220/3226/966
f 3217/3223/868 3326/3332/862 3214/3220/862
f 3217/3223/868 4067/4073/966 3323/3329/868
f 3219/3225/966 3221/3227/1374 3997/4003/1639
f 3196/3202/874 3994/4000/830 3338/3344/874
f 3196/3202/874 3197/3203/869 3190/3196/869
f 3196/3202/874 3189/3195/874 3193/3199/830
f 3994/4000/830 3196/3202/874 3193/3199/830
f 4067/4073/966 3330/3336/868 3323/3329/868
f 4067/4073/966 3217/3223/868 3220/3226/966
f 4067/4073/966 4068/4074/966 3330/3336/868
f 4068/4074/966 3290/3296/868 3330/3336/868
f 3290/3296/868 3283/3289/966 3282/3288/868
f 3290/3296/868 3286/3292/862 3328/3334/862
f 3290/3296/868 4068/4074/966 3283/3289/966
f 2954/2960/874 3199/3205/830 3191/3197/874
f 2954/2960/874 3188/3194/869 2948/2954/869
f 2954/2960/874 2952/2958/830 3199/3205/830
f 2952/2958/830 2954/2960/874 2947/2953/874
f 3284/3290/966 4069/4075/966 3289/3295/868
f 2991/2997/1192 4070/4076/1705 2988/2994/1189
f 4070/4076/1705 2991/2997/1192 4071/4077/1706
f 4072/4078/1707 3162/3168/1334 3165/3171/1337
f 3162/3168/1334 3161/3167/1333 3165/3171/1337
f 3162/3168/1334 4072/4078/1707 4073/4079/1708
f 2827/2833/1062 3084/3090/1262 3091/3097/1269
f 2827/2833/1062 2826/2832/1061 2834/2840/1069
f 2834/2840/1069 3987/3993/1630 3083/3089/1261
f 2834/2840/1069 2830/2836/1065 3987/3993/1630
f 3091/3097/1269 3088/3094/1266 3090/3096/1268
f 4074/4080/1709 3163/3169/1335 4075/4081/1710
f 3163/3169/1335 4074/4080/1709 3161/3167/1333
f 2990/2996/1191 2988/2994/1189 2989/2995/1190
f 2990/2996/1191 4076/4082/1711 4077/4083/1712
f 4076/4082/1711 2990/2996/1191 2989/2995/1190
f 2820/2826/1055 3242/3248/1383 3962/3968/1607
f 2820/2826/1055 3962/3968/1607 2821/2827/1056
f 2820/2826/1055 2819/2825/1054 3239/3245/1380
f 2819/2825/1054 2816/2822/1051 2825/2831/1060
f 2825/2831/1060 2818/2824/1053 4078/4084/1713
f 2937/2943/1162 2936/2942/1161 2945/2951/1165
f 2937/2943/1162 3240/3246/1381 3243/3249/1384
f 2945/2951/1165 3968/3974/1613 3238/3244/1379
f 2945/2951/1165 2940/2946/1164 3968/3974/1613
f 4079/4085/1714 2989/2995/1190 2985/2991/1186
f 4079/4085/1714 4076/4082/1711 2989/2995/1190
f 4079/4085/1714 4080/4086/1715 4081/4087/1716
f 4080/4086/1715 4079/4085/1714 2985/2991/1186
f 2965/2971/1168 4082/4088/1717 2958/2964/1166
f 2965/2971/1168 4083/4089/1718 4084/4090/1719
f 4083/4089/1718 2965/2971/1168 2961/2967/1167
f 2938/2944/1163 4085/4091/835 2943/2949/833
f 3235/3241/833 3226/3232/833 3230/3236/835
f 3235/3241/833 3234/3240/841 3226/3232/833
f 3235/3241/833 4086/4092/835 3390/3396/833
f 4087/4093/911 3058/3064/910 3057/3063/911
f 3058/3064/910 4087/4093/911 3048/3054/910
f 3058/3064/910 3051/3057/974 3055/3061/974
f 3057/3063/911 3054/3060/910 3064/3070/911
f 3064/3070/911 3056/3062/910 4088/4094/911
f 4086/4092/835 3235/3241/833 3230/3236/835
f 3310/3316/1441 4089/4095/1720 4090/4096/1721
f 3310/3316/1441 3309/3315/1440 4089/4095/1720
f 3309/3315/1440 3306/3312/1437 3982/3988/1626
f 3309/3315/1440 3982/3988/1626 3984/3990/1628
f 3309/3315/1440 3984/3990/1628 4089/4095/1720
f 4091/4097/1722 4092/4098/1723 4093/4099/1722
f 4092/4098/1723 4091/4097/1722 3380/3386/1500
f 2974/2980/1175 4094/4100/1724 2969/2975/1170
f 2974/2980/1175 2972/2978/1173 4095/4101/1725
f 2972/2978/1173 2968/2974/1169 4096/4102/1726
f 2972/2978/1173 2974/2980/1175 2971/2977/1172
f 2932/2938/1157 3305/3311/1436 2933/2939/1158
f 2932/2938/1157 2931/2937/1156 3975/3981/1619
f 2932/2938/1157 3975/3981/1619 3312/3318/1443
f 3308/3314/1439 3307/3313/1438 3311/3317/1442
f 4096/4102/1726 4097/4103/1727 4098/4104/1728
f 4097/4103/1727 4096/4102/1726 2968/2974/1169
f 2983/2989/1184 4099/4105/1729 2976/2982/1177
f 2983/2989/1184 4100/4106/1730 4101/4107/1731
f 4100/4106/1730 2983/2989/1184 2980/2986/1181
f 4102/4108/1732 2929/2935/1154 2933/2939/1158
f 4102/4108/1732 2930/2936/1155 2929/2935/1154
f 4102/4108/1732 4103/4109/1733 2930/2936/1155
f 4078/4084/1713 4057/4063/1695 4104/4110/1734
f 4057/4063/1695 4078/4084/1713 2818/2824/1053
f 3294/3300/1425 4105/4111/1735 3292/3298/1423
f 4105/4111/1735 3298/3304/1429 3292/3298/1423
f 4105/4111/1735 4061/4067/1699 3298/3304/1429
f 3168/3174/1340 3166/3172/1338 3167/3173/1339
f 3167/3173/1339 3161/3167/1333 4074/4080/1709
f 4082/4088/1717 4106/4112/1736 2958/2964/1166
f 4106/4112/1736 4082/4088/1717 4107/4113/1737
f 2992/2998/1193 2988/2994/1189 4070/4076/1705
f 2992/2998/1193 2987/2993/1188 2986/2992/1187
f 2987/2993/1188 4080/4086/1715 2985/2991/1186
f 2987/2993/1188 2992/2998/1193 4108/4114/1738
f 3087/3093/1265 3089/3095/1267 3088/3094/1266
f 3087/3093/1265 3995/4001/1637 3221/3227/1374
f 3087/3093/1265 3085/3091/1263 3995/4001/1637
f 3089/3095/1267 3215/3221/1372 3218/3224/1373
f 3218/3224/1373 3214/3220/862 4109/4115/942
f 4110/4116/1739 4111/4117/1740 3079/3085/1257
f 4110/4116/1739 3079/3085/1257 3078/3084/1256
f 4110/4116/1739 3078/3084/1256 2901/2907/1126
f 3080/3086/1258 2898/2904/1123 2901/2907/1126
f 3080/3086/1258 3081/3087/1259 2899/2905/1124
f 4112/4118/1741 4113/4119/1742 2994/3000/1195
f 4112/4118/1741 4114/4120/1743 4115/4121/1744
f 4112/4118/1741 2994/3000/1195 2993/2999/1194
f 4114/4120/1743 4112/4118/1741 2993/2999/1194
f 3045/3051/1240 4116/4122/1745 4117/4123/1746
f 3045/3051/1240 4118/4124/1747 3039/3045/1234
f 4116/4122/1745 3045/3051/1240 3038/3044/1233
f 4045/4051/1687 4111/4117/1740 4119/4125/1748
f 4111/4117/1740 4045/4051/1687 3079/3085/1257
f 3044/3050/1239 3037/3043/1232 3041/3047/1236
f 3044/3050/1239 4116/4122/1745 3038/3044/1233
f 3353/3359/1473 3344/3350/1464 4047/4053/1689
f 3345/3351/1465 4120/4126/1749 3342/3348/1462
f 4121/4127/1750 3385/3391/1502 3384/3390/1501
f 3385/3391/1502 4092/4098/1723 3380/3386/1500
f 3385/3391/1502 4121/4127/1750 4122/4128/1751
f 4123/4129/1752 4005/4011/1647 3267/3273/1408
f 4005/4011/1647 3264/3270/1405 3267/3273/1408
f 3264/3270/1405 4004/4010/1646 4001/4007/1643
f 3264/3270/1405 4001/4007/1643 3259/3265/1400
f 3264/3270/1405 3263/3269/1404 3267/3273/1408
f 4094/4100/1724 4124/4130/1753 2969/2975/1170
f 4124/4130/1753 4125/4131/1754 2970/2976/1171
f 4124/4130/1753 4094/4100/1724 4126/4132/1755
f 4124/4130/1753 2970/2976/1171 2969/2975/1170
f 4099/4105/1729 4127/4133/1756 2976/2982/1177
f 4127/4133/1756 4099/4105/1729 4128/4134/1757
f 4125/4131/1754 2973/2979/1174 2970/2976/1171
f 2973/2979/1174 4125/4131/1754 4129/4135/1758
f 2973/2979/1174 4097/4103/1727 2968/2974/1169
f 3262/3268/1403 3265/3271/1406 3258/3264/1399
f 3262/3268/1403 3358/3364/1478 3363/3369/1483
f 3262/3268/1403 3261/3267/1402 3358/3364/1478
f 3265/3271/1406 3263/3269/1404 3258/3264/1399
f 3261/3267/1402 3260/3266/1401 4007/4013/1649
f 3261/3267/1402 4007/4013/1649 3355/3361/1475
f 3363/3369/1483 3359/3365/1479 4130/4136/1759
f 3100/3106/1278 2876/2882/1101 2875/2881/1100
f 3100/3106/1278 2880/2886/1105 2876/2882/1101
f 2880/2886/1105 3099/3105/1277 2878/2884/1103
f 2875/2881/1100 2872/2878/1097 4131/4137/1760
f 4118/4124/1747 4132/4138/1761 3039/3045/1234
f 4132/4138/1761 4118/4124/1747 4133/4139/1762
f 2999/3005/1200 2995/3001/1196 4134/4140/1763
f 2999/3005/1200 2997/3003/1198 2996/3002/1197
f 2997/3003/1198 2999/3005/1200 4135/4141/1764
f 2997/3003/1198 4114/4120/1743 2993/2999/1194
f 4040/4046/1682 4131/4137/1760 2872/2878/1097
f 4131/4137/1760 4040/4046/1682 4136/4142/1765
f 4120/4126/1749 3348/3354/1468 3342/3348/1462
f 3043/3049/1238 3040/3046/1235 3037/3043/1232
f 3043/3049/1238 3042/3048/1237 3047/3053/1242
f 3046/3052/1241 3039/3045/1234 4132/4138/1761
f 4064/4070/1702 2835/2841/1070 4137/4143/1766
f 2835/2841/1070 4064/4070/1702 2833/2839/1068
f 3170/3176/1342 3171/3177/1343 3164/3170/1336
f 3170/3176/1342 3166/3172/1338 3169/3175/1341
f 3172/3178/1344 4072/4078/1707 3165/3171/1337
f 3297/3303/1428 3296/3302/1427 3304/3310/1435
f 3297/3303/1428 3293/3299/1424 3292/3298/1423
f 3303/3309/1434 3295/3301/1426 3302/3308/1433
f 3329/3335/942 4138/4144/942 3324/3330/862
f 3328/3334/862 3330/3336/868 3290/3296/868
f 3328/3334/862 4139/4145/942 3329/3335/942
f 4139/4145/942 3328/3334/862 3286/3292/862
f 3051/3057/974 3059/3065/940 3055/3061/974
f 3051/3057/974 3058/3064/910 3048/3054/910
f 3051/3057/974 4140/4146/940 3059/3065/940
f 3060/3066/940 4141/4147/940 3063/3069/974
f 4140/4146/940 3051/3057/974 3050/3056/974
f 3013/3019/1214 4142/4148/1767 3010/3016/1211
f 4142/4148/1767 4143/4149/1768 3011/3017/1212
f 4142/4148/1767 3011/3017/1212 3010/3016/1211
f 4142/4148/1767 3013/3019/1214 4144/4150/1769
f 4145/4151/1770 3027/3033/1222 3030/3036/1225
f 3027/3033/1222 3026/3032/1221 3030/3036/1225
f 3027/3033/1222 4145/4151/1770 4146/4152/1771
f 2890/2896/1115 3139/3145/1311 2891/2897/1116
f 2890/2896/1115 2885/2891/1110 4147/4153/1772
f 2891/2897/1116 3142/3148/1314 2889/2895/1114
f 3012/3018/1213 3010/3016/1211 3009/3015/1210
f 3012/3018/1213 3008/3014/1209 4148/4154/1773
f 3008/3014/1209 3012/3018/1213 3009/3015/1210
f 3008/3014/1209 3007/3013/1208 4149/4155/1774
f 3319/3325/1450 3070/3076/1248 3322/3328/1453
f 3319/3325/1450 3072/3078/1250 3071/3077/1249
f 3072/3078/1250 3315/3321/1446 3317/3323/1448
f 3317/3323/1448 3314/3320/1445 4150/4156/1775
f 4151/4157/1776 3028/3034/1223 4152/4158/1777
f 3028/3034/1223 4151/4157/1776 3026/3032/1221
f 4149/4155/1774 3014/3020/1215 4153/4159/1778
f 3014/3020/1215 3011/3017/1212 4154/4160/1779
f 3014/3020/1215 4149/4155/1774 3007/3013/1208
f 3006/3012/1207 3004/3010/1205 4155/4161/1780
f 3006/3012/1207 4156/4162/1781 3002/3008/1203
f 3004/3010/1205 3000/3006/1201 4157/4163/1782
f 3004/3010/1205 3006/3012/1207 3001/3007/1202
f 2909/2915/1134 3067/3073/1245 3074/3080/1252
f 2909/2915/1134 2906/2912/1131 2908/2914/1133
f 2908/2914/1133 4017/4023/1659 3065/3071/1243
f 2908/2914/1133 2907/2913/1132 4017/4023/1659
f 3074/3080/1252 3071/3077/1249 3073/3079/1251
f 4143/4149/1768 4154/4160/1779 3011/3017/1212
f 4154/4160/1779 4143/4149/1768 4158/4164/1783
f 2892/2898/1117 4022/4028/1664 3136/3142/1308
f 2892/2898/1117 2888/2894/1113 4022/4028/1664
f 2892/2898/1117 2886/2892/1111 2884/2890/1109
f 2886/2892/1111 3135/3141/1307 3138/3144/1310
f 2887/2893/1112 4147/4153/1772 2885/2891/1110
f 3138/3144/1310 3134/3140/1306 4159/4165/1784
f 4156/4162/1781 4160/4166/1785 3002/3008/1203
f 4160/4166/1785 3003/3009/1204 3002/3008/1203
f 4160/4166/1785 4161/4167/1786 3003/3009/1204
f 4160/4166/1785 4156/4162/1781 4162/4168/1787
f 4157/4163/1782 4163/4169/1788 4164/4170/1789
f 4163/4169/1788 4157/4163/1782 3000/3006/1201
f 4165/4171/1790 4113/4119/1742 4166/4172/1791
f 4113/4119/1742 4165/4171/1790 2994/3000/1195
f 2895/2901/1120 2902/2908/1127 2893/2899/1118
f 2895/2901/1120 2894/2900/1119 2903/2909/1128
f 2895/2901/1120 2903/2909/1128 2905/2911/1130
f 2894/2900/1119 2897/2903/1122 4026/4032/1668
f 2894/2900/1119 4026/4032/1668 2910/2916/1135
f 4161/4167/1786 3005/3011/1206 3003/3009/1204
f 3005/3011/1206 4163/4169/1788 3000/3006/1201
f 3005/3011/1206 4161/4167/1786 4167/4173/1792
f 4159/4165/1784 3134/3140/1306 3094/3100/1272
f 3103/3109/1281 4032/4038/1674 3102/3108/1280
f 3103/3109/1281 3133/3139/1305 4032/4038/1674
f 3103/3109/1281 3092/3098/1270 3094/3100/1272
f 3093/3099/1271 3096/3102/1274 3101/3107/1279
f 2998/3004/1199 4134/4140/1763 2995/3001/1196
f 2998/3004/1199 2994/3000/1195 4165/4171/1790
f 4134/4140/1763 2998/3004/1199 4168/4174/1793
f 3146/3152/1318 4043/4049/1685 3143/3149/1315
f 4043/4049/1685 3146/3152/1318 4169/4175/1794
f 4170/4176/1795 3035/3041/1230 3029/3035/1224
f 3036/3042/1231 4145/4151/1770 3030/3036/1225
f 3209/3215/1367 3208/3214/1366 3213/3219/1371
f 3209/3215/1367 3210/3216/1368 3202/3208/1360
f 4150/4156/1775 4048/4054/1690 4171/4177/1796
f 4048/4054/1690 4150/4156/1775 3314/3320/1445
f 3211/3217/1369 4049/4055/1691 3202/3208/1360
f 3033/3039/1228 3031/3037/1226 3032/3038/1227
f 3032/3038/1227 3026/3032/1221 4151/4157/1776
f 3034/3040/1229 4170/4176/1795 3029/3035/1224
f 4085/4091/835 3232/3238/833 2943/2949/833
f 3232/3238/833 4085/4091/835 3233/3239/835
f 3232/3238/833 3233/3239/835 3227/3233/833
f 3232/3238/833 3231/3237/841 2941/2947/841
f 2963/2969/911 2964/2970/911 2957/2963/910
f 2964/2970/911 4083/4089/1718 2961/2967/1167
f 2962/2968/910 3052/3058/911 2963/2969/911
f 2962/2968/910 2960/2966/974 3049/3055/974
f 3052/3058/911 3048/3054/910 4087/4093/911
f 3052/3058/911 2962/2968/910 3053/3059/910
f 4054/4060/1692 4103/4109/1733 4172/4178/1797
f 4103/4109/1733 4054/4060/1692 2930/2936/1155
f 2979/2985/1180 4173/4179/1798 2975/2981/1176
f 4173/4179/1798 4100/4106/1730 2980/2986/1181
f 4173/4179/1798 2980/2986/1181 2975/2981/1176
f 3375/3381/1495 3366/3372/1486 3374/3380/1494
f 3374/3380/1494 3365/3371/1485 4055/4061/1693
f 3367/3373/1487 4174/4180/1799 3364/3370/1484
f 3362/3368/1482 4130/4136/1759 3359/3365/1479
f 4130/4136/1759 3362/3368/1482 4175/4181/1800
f 4174/4180/1799 3368/3374/1488 3364/3370/1484
f 2981/2987/1182 2978/2984/1179 2975/2981/1176
f 2981/2987/1182 2977/2983/1178 2984/2990/1185
f 2982/2988/1183 2976/2982/1177 4127/4133/1756
f 4109/4115/942 3326/3332/862 3331/3337/942
f 3326/3332/862 4109/4115/942 3214/3220/862
f 3326/3332/862 3217/3223/868 3323/3329/868
f 3331/3337/942 3325/3331/862 3327/3333/942
f 3327/3333/942 3324/3330/862 4138/4144/942
f 2960/2966/974 4176/4182/940 3049/3055/974
f 2960/2966/974 2962/2968/910 2957/2963/910
f 2960/2966/974 2959/2965/974 2967/2973/940
f 4176/4182/940 2960/2966/974 2967/2973/940
f 4176/4182/940 3050/3056/974 3049/3055/974
f 4176/4182/940 4140/4146/940 3050/3056/974
f 2966/2972/940 2958/2964/1166 4106/4112/1736
f 3985/3991/831 2950/2956/869 2949/2955/831
f 2950/2956/869 3985/3991/831 3106/3112/869
f 2950/2956/869 3112/3118/874 2953/2959/874
f 2955/2961/831 2949/2955/831 2946/2952/869
f 2955/2961/831 2948/2954/869 4053/4059/831
f 4052/4058/932 4177/4183/841 4178/4184/932
f 4177/4183/841 4052/4058/932 3386/3392/841
f 4178/4184/932 4179/4185/1801 4180/4186/932
f 4179/4185/1801 4178/4184/932 4177/4183/841
f 3111/3117/830 3112/3118/874 3105/3111/874
f 3112/3118/874 2956/2962/830 2953/2959/874
f 3112/3118/874 2950/2956/869 3106/3112/869
f 3112/3118/874 3111/3117/830 2956/2962/830
f 4181/4187/868 4069/4075/966 4182/4188/966
f 4181/4187/868 4182/4188/966 4183/4189/1802
f 4181/4187/868 4184/4190/1803 3287/3293/862
f 4183/4189/1802 4182/4188/966 4185/4191/966
f 4069/4075/966 4181/4187/868 3289/3295/868
f 4186/4192/911 3381/3387/911 3378/3384/1498
f 3062/3068/910 3379/3385/1499 3378/3384/1498
f 3062/3068/910 4088/4094/911 3056/3062/910
f 4187/4193/833 3386/3392/841 3389/3395/833
f 4187/4193/833 4177/4183/841 3386/3392/841
f 4187/4193/833 4188/4194/835 4189/4195/1804
f 4187/4193/833 3389/3395/833 3393/3399/835
f 4188/4194/835 4187/4193/833 3393/3399/835
f 4189/4195/1804 4177/4183/841 4187/4193/833
f 4189/4195/1804 4179/4185/1801 4177/4183/841
f 3392/3398/835 3390/3396/833 4086/4092/835
f 4088/4094/911 3062/3068/910 3381/3387/911
f 3061/3067/974 4141/4147/940 3382/3388/940
f 3061/3067/974 3382/3388/940 3379/3385/1499
f 3061/3067/974 3056/3062/910 3063/3069/974
f 4141/4147/940 3061/3067/974 3063/3069/974
f 3288/3294/942 3291/3297/942 3285/3291/862
f 3291/3297/942 4139/4145/942 3286/3292/862
f 3287/3293/862 4190/4196/942 3288/3294/942
f 3287/3293/862 3289/3295/868 4181/4187/868
f 4190/4196/942 3287/3293/862 4184/4190/1803
f 4184/4190/1803 4181/4187/868 4183/4189/1802
f 3016/3022/1216 3015/3021/912 3020/3026/936
f 3016/3022/1216 3020/3026/936 3025/3031/937
f 3024/3030/938 3021/3027/974 4191/4197/940
f 3426/3432/879 4192/4198/941 3419/3425/875
f 4192/4198/941 3417/3423/862 3419/3425/875
f 4192/4198/941 4193/4199/942 3417/3423/862
f 3399/3405/944 3394/3400/851 3398/3404/943
f 2865/2871/865 2862/2868/864 4194/4200/954
f 2866/2872/982 4195/4201/958 2867/2873/867
f 3412/3418/946 3416/3422/947 3413/3419/948
f 3412/3418/946 3409/3415/919 3411/3417/949
f 3840/3846/996 4196/4202/894 3839/3845/891
f 3840/3846/996 3832/3838/902 3837/3843/951
f 3831/3837/962 3834/3840/961 3829/3835/899
f 4197/4203/888 3811/3817/887 3818/3824/956
f 4195/4201/958 2870/2876/959 2867/2873/867
f 3404/3410/854 3395/3401/853 3402/3408/971
f 3404/3410/854 3403/3409/845 3395/3401/853
f 3424/3430/881 3418/3424/880 3423/3429/964
f 3424/3430/881 3425/3431/878 3419/3425/875
f 3450/3456/968 3444/3450/969 3449/3455/967
f 3434/3440/907 4198/4204/1805 3428/3434/1504
f 3780/3786/903 3777/3783/850 4199/4205/904
f 3774/3780/905 3773/3779/849 3777/3783/850
f 3917/3923/1012 3914/3920/1574 3919/3925/1576
f 3917/3923/1012 3919/3925/1576 3924/3930/857
f 3920/3926/1577 3918/3924/1575 3923/3929/1580
f 3899/3905/893 4200/4206/897 3896/3902/889
f 4200/4206/897 4201/4207/921 3893/3899/895
f 4200/4206/897 3893/3899/895 3896/3902/889
f 3804/3810/915 3800/3806/1529 4202/4208/1806
f 3908/3914/837 3909/3915/838 3901/3907/1565
f 3854/3860/886 4203/4209/1807 3851/3857/1551
f 3895/3901/920 3893/3899/895 4201/4207/921
f 3890/3896/922 3888/3894/896 3893/3899/895
f 3913/3919/924 3906/3912/1570 3905/3911/1569
f 3905/3911/1569 3900/3906/1564 4204/4210/1808
f 3907/3913/840 3901/3907/1565 3906/3912/1570
f 3916/3922/929 3925/3931/1581 3914/3920/1574
f 3925/3931/1581 3921/3927/1578 3914/3920/1574
f 3783/3789/847 4205/4211/933 3781/3787/843
f 4205/4211/933 4199/4205/904 3777/3783/850
f 4205/4211/933 3777/3783/850 3781/3787/843
f 3885/3891/872 3881/3887/1558 4206/4212/1809
f 3878/3884/873 3876/3882/871 3881/3887/1558
f 3871/3877/967 3872/3878/968 3867/3873/969
f 3871/3877/967 3866/3872/870 3870/3876/873
f 3455/3461/854 3454/3460/853 3464/3470/971
f 3455/3461/854 3452/3458/846 3451/3457/843
f 4207/4213/881 3495/3501/880 3503/3509/964
f 3500/3506/965 3494/3500/867 3502/3508/960
f 4208/4214/888 3868/3874/887 3875/3881/956
f 3501/3507/959 3494/3500/867 4209/4215/958
f 3515/3521/961 3507/3513/899 4210/4216/962
f 3488/3494/947 3481/3487/948 3485/3491/946
f 3485/3491/946 3480/3486/916 3487/3493/918
f 3510/3516/996 3508/3514/902 3518/3524/951
f 3510/3516/996 3504/3510/889 3508/3514/902
f 3517/3523/953 3507/3513/899 3516/3522/963
f 3498/3504/865 3493/3499/864 4211/4217/954
f 3499/3505/982 4209/4215/958 3494/3500/867
f 4212/4218/935 3484/3490/936 3491/3497/937
f 3497/3503/879 4213/4219/941 3492/3498/875
f 4213/4219/941 4211/4217/954 3493/3499/864
f 4213/4219/941 3493/3499/864 3492/3498/875
f 3496/3502/878 3495/3501/880 4207/4213/881
f 3461/3467/944 3458/3464/851 4214/4220/943
f 3869/3875/872 3866/3872/870 4215/4221/927
f 3524/3530/929 4216/4222/930 3519/3525/858
f 4216/4222/930 3522/3528/842 3519/3525/858
f 4216/4222/930 4217/4223/925 3522/3528/842
f 3453/3459/847 4218/4224/933 3451/3457/843
f 3865/3871/886 4219/4225/926 3863/3869/882
f 4219/4225/926 4215/4221/927 3866/3872/870
f 4219/4225/926 3866/3872/870 3863/3869/882
f 3864/3870/885 3868/3874/887 4208/4214/888
f 3513/3519/920 3509/3515/895 3512/3518/921
f 3514/3520/922 4210/4216/962 3507/3513/899
f 3525/3531/924 3522/3528/842 4217/4223/925
f 3486/3492/915 3480/3486/916 4220/4226/917
f 3528/3534/837 3522/3528/842 3526/3532/840
f 3528/3534/837 3531/3537/838 3527/3533/832
f 3506/3512/893 3511/3517/897 3504/3510/889
f 3511/3517/897 3509/3515/895 3504/3510/889
f 3483/3489/907 4221/4227/908 3479/3485/909
f 4221/4227/908 4220/4226/917 3480/3486/916
f 4221/4227/908 3480/3486/916 3479/3485/909
f 3482/3488/914 3484/3490/936 4212/4218/935
f 3459/3465/903 3457/3463/850 3456/3462/904
f 3456/3462/904 3451/3457/843 4218/4224/933
f 3460/3466/905 4214/4220/943 3458/3464/851
f 3520/3526/1012 3519/3525/858 3523/3529/856
f 3520/3526/1012 3523/3529/856 3530/3536/857
f 3529/3535/855 3527/3533/832 3532/3538/839
f 4222/4228/967 3475/3481/968 3468/3474/969
f 3535/3541/854 3534/3540/853 3546/3552/971
f 3535/3541/854 3536/3542/846 3533/3539/843
f 4223/4229/881 3580/3586/880 3586/3592/964
f 3583/3589/965 3579/3585/867 3585/3591/960
f 3472/3478/888 3470/3476/885 3465/3471/882
f 3472/3478/888 3469/3475/887 3478/3484/956
f 3584/3590/959 3579/3585/867 4224/4230/958
f 4225/4231/962 3596/3602/961 3591/3597/899
f 3570/3576/947 3563/3569/948 3573/3579/946
f 3588/3594/996 3587/3593/889 3593/3599/902
f 3588/3594/996 3593/3599/902 3599/3605/951
f 3598/3604/953 3591/3597/899 3597/3603/963
f 3581/3587/865 3578/3584/864 4226/4232/954
f 3582/3588/982 4224/4230/958 3579/3585/867
f 3567/3573/935 3564/3570/936 3574/3580/937
f 3567/3573/935 3565/3571/914 3561/3567/909
f 3572/3578/938 3563/3569/948 3571/3577/950
f 3577/3583/879 4227/4233/941 3575/3581/875
f 4227/4233/941 3578/3584/864 3575/3581/875
f 4227/4233/941 4226/4232/954 3578/3584/864
f 3576/3582/878 3580/3586/880 4223/4229/881
f 4228/4234/943 3543/3549/944 3539/3545/851
f 3473/3479/872 3467/3473/870 3466/3472/927
f 3466/3472/927 3465/3471/882 4229/4235/926
f 3474/3480/873 4222/4228/967 3468/3474/969
f 3605/3611/929 4230/4236/930 3600/3606/858
f 4230/4236/930 4231/4237/925 3601/3607/842
f 4230/4236/930 3601/3607/842 3600/3606/858
f 3537/3543/847 4232/4238/933 3533/3539/843
f 3471/3477/886 4229/4235/926 3465/3471/882
f 3594/3600/920 3590/3596/895 4233/4239/921
f 3595/3601/922 4225/4231/962 3591/3597/899
f 3608/3614/924 3601/3607/842 4231/4237/925
f 3568/3574/915 3562/3568/916 4234/4240/917
f 3569/3575/918 3563/3569/948 3562/3568/916
f 3606/3612/837 3612/3618/1511 3607/3613/832
f 3606/3612/837 3601/3607/842 3609/3615/840
f 3592/3598/893 4235/4241/897 3587/3593/889
f 4235/4241/897 3590/3596/895 3587/3593/889
f 4235/4241/897 4233/4239/921 3590/3596/895
f 3566/3572/907 4236/4242/908 3561/3567/909
f 4236/4242/908 3562/3568/916 3561/3567/909
f 4236/4242/908 4234/4240/917 3562/3568/916
f 3541/3547/903 3538/3544/850 3540/3546/904
f 3540/3546/904 3533/3539/843 4232/4238/933
f 3542/3548/905 4228/4234/943 3539/3545/851
f 3603/3609/1012 3600/3606/858 3602/3608/856
f 3603/3609/1012 3602/3608/856 3611/3617/1049
f 3610/3616/855 3607/3613/832 3613/3619/839
f 3557/3563/968 3550/3556/969 4237/4243/967
f 3619/3625/854 3618/3624/853 3627/3633/971
f 3619/3625/854 3620/3626/846 3614/3620/843
f 4238/4244/881 3658/3664/880 3667/3673/964
f 3664/3670/965 3657/3663/867 3666/3672/960
f 3554/3560/888 3551/3557/885 3547/3553/882
f 3554/3560/888 3553/3559/887 3560/3566/956
f 3665/3671/959 3657/3663/867 4239/4245/958
f 3678/3684/961 3671/3677/899 4240/4246/962
f 3652/3658/947 3646/3652/948 3654/3660/946
f 3674/3680/996 3668/3674/889 3672/3678/902
f 3674/3680/996 3672/3678/902 3680/3686/951
f 3677/3683/953 3671/3677/899 3679/3685/963
f 3662/3668/865 3659/3665/864 4241/4247/954
f 3663/3669/982 4239/4245/958 3657/3663/867
f 3648/3654/935 3643/3649/914 3642/3648/909
f 3648/3654/935 3647/3653/936 3655/3661/937
f 3651/3657/938 3646/3652/948 3653/3659/950
f 3661/3667/879 4242/4248/941 3656/3662/875
f 4242/4248/941 4241/4247/954 3659/3665/864
f 4242/4248/941 3659/3665/864 3656/3662/875
f 3660/3666/878 3658/3664/880 4238/4244/881
f 3624/3630/944 3617/3623/851 4243/4249/943
f 3555/3561/872 3549/3555/870 3548/3554/927
f 3548/3554/927 3547/3553/882 4244/4250/926
f 3556/3562/873 4237/4243/967 3550/3556/969
f 3685/3691/929 4245/4251/930 3681/3687/858
f 4245/4251/930 4246/4252/925 3682/3688/842
f 4245/4251/930 3682/3688/842 3681/3687/858
f 3621/3627/847 4247/4253/933 3614/3620/843
f 3552/3558/886 4244/4250/926 3547/3553/882
f 3675/3681/920 3673/3679/895 4248/4254/921
f 3676/3682/922 4240/4246/962 3671/3677/899
f 3689/3695/924 3682/3688/842 4246/4252/925
f 3649/3655/915 3645/3651/916 4249/4255/917
f 3650/3656/918 3646/3652/948 3645/3651/916
f 3687/3693/837 3693/3699/838 3688/3694/832
f 3687/3693/837 3682/3688/842 3690/3696/840
f 3670/3676/893 4250/4256/897 3668/3674/889
f 4250/4256/897 4248/4254/921 3673/3679/895
f 4250/4256/897 3673/3679/895 3668/3674/889
f 3644/3650/907 4251/4257/908 3642/3648/909
f 4251/4257/908 3645/3651/916 3642/3648/909
f 4251/4257/908 4249/4255/917 3645/3651/916
f 3622/3628/903 3616/3622/850 3615/3621/904
f 3615/3621/904 3614/3620/843 4247/4253/933
f 3623/3629/905 4243/4249/943 3617/3623/851
f 3686/3692/1012 3681/3687/858 3683/3689/856
f 3686/3692/1012 3683/3689/856 3692/3698/857
f 3691/3697/855 3688/3694/832 3694/3700/839
f 4252/4258/967 3638/3644/968 3631/3637/969
f 3699/3705/854 3700/3706/846 3695/3701/843
f 3699/3705/854 3698/3704/853 3708/3714/971
f 4253/4259/881 3736/3742/880 3745/3751/964
f 3744/3750/1050 3735/3741/867 3743/3749/1047
f 3634/3640/888 3632/3638/887 3641/3647/956
f 3634/3640/888 3629/3635/885 3628/3634/882
f 3742/3748/959 3735/3741/867 4254/4260/958
f 4255/4261/962 3756/3762/961 3748/3754/899
f 3731/3737/947 3722/3728/948 3729/3735/946
f 3749/3755/901 3746/3752/889 3752/3758/902
f 3749/3755/901 3752/3758/902 3758/3764/951
f 3755/3761/953 3748/3754/899 3757/3763/963
f 3740/3746/865 3739/3745/864 4256/4262/1810
f 3741/3747/982 4254/4260/958 3735/3741/867
f 3726/3732/935 3724/3730/914 3720/3726/909
f 3726/3732/935 3723/3729/936 3733/3739/937
f 3730/3736/938 3722/3728/948 3732/3738/950
f 3738/3744/879 4257/4263/1811 3734/3740/875
f 4257/4263/1811 4256/4262/1810 3739/3745/864
f 4257/4263/1811 3739/3745/864 3734/3740/875
f 3737/3743/878 3736/3742/880 4253/4259/881
f 4258/4264/943 3705/3711/944 3697/3703/851
f 3636/3642/872 3633/3639/870 3635/3641/927
f 3635/3641/927 3628/3634/882 4259/4265/926
f 3637/3643/873 4252/4258/967 3631/3637/969
f 3761/3767/929 4260/4266/930 3759/3765/858
f 4260/4266/930 4261/4267/925 3763/3769/842
f 4260/4266/930 3763/3769/842 3759/3765/858
f 3701/3707/847 4262/4268/933 3695/3701/843
f 3630/3636/886 4259/4265/926 3628/3634/882
f 3753/3759/920 3747/3753/895 4263/4269/921
f 3754/3760/922 4255/4261/962 3748/3754/899
f 3767/3773/924 3763/3769/842 4261/4267/925
f 3727/3733/915 3721/3727/916 4264/4270/917
f 3728/3734/918 3722/3728/948 3721/3727/916
f 3765/3771/837 3771/3777/838 3766/3772/832
f 3765/3771/837 3763/3769/842 3768/3774/840
f 3751/3757/893 4265/4271/897 3746/3752/889
f 4265/4271/897 4263/4269/921 3747/3753/895
f 4265/4271/897 3747/3753/895 3746/3752/889
f 3725/3731/907 4266/4272/908 3720/3726/909
f 4266/4272/908 4264/4270/917 3721/3727/916
f 4266/4272/908 3721/3727/916 3720/3726/909
f 3703/3709/903 3696/3702/850 3702/3708/904
f 3702/3708/904 3695/3701/843 4262/4268/933
f 3704/3710/905 4258/4264/943 3697/3703/851
f 3762/3768/1012 3764/3770/856 3770/3776/857
f 3762/3768/1012 3759/3765/858 3764/3770/856
f 3769/3775/855 3766/3772/832 3772/3778/839
f 3883/3889/1560 3886/3892/1562 3880/3886/1557
f 3886/3892/1562 4206/4212/1809 3881/3887/1558
f 3882/3888/1559 3884/3890/1561 4267/4273/1812
f 3713/3719/1516 3711/3717/1514 4268/4274/1813
f 3928/3934/1584 3921/3927/1578 3926/3932/1582
f 3859/3865/1555 3856/3862/1553 3855/3861/1552
f 3855/3861/1552 3851/3857/1551 4203/4209/1807
f 3860/3866/1556 4269/4275/1814 3858/3864/1554
f 3904/3910/1568 4204/4210/1808 3900/3906/1564
f 3903/3909/1567 3902/3908/1566 4270/4276/1815
f 3934/3940/1590 4271/4277/1816 3930/3936/1586
f 4272/4278/868 3420/3426/966 3422/3428/868
f 4272/4278/868 3946/3952/868 3949/3955/966
f 3420/3426/966 4272/4278/868 3949/3955/966
f 3420/3426/966 3418/3424/880 3422/3428/868
f 3948/3954/966 3950/3956/868 3953/3959/966
f 3443/3449/874 3842/3848/830 3841/3847/874
f 3443/3449/874 3448/3454/830 3842/3848/830
f 3443/3449/874 3846/3852/1549 3440/3446/1510
f 3448/3454/830 3443/3449/874 3442/3448/874
f 2868/2874/868 3945/3951/862 2864/2870/862
f 2868/2874/868 2869/2875/966 3952/3958/966
f 2869/2875/966 2868/2874/868 2863/2869/868
f 2869/2875/966 2867/2873/867 2871/2877/960
f 3952/3958/966 3950/3956/868 2868/2874/868
f 3850/3856/874 3815/3821/1538 3849/3855/1550
f 3850/3856/874 3816/3822/830 3813/3819/874
f 3850/3856/874 3844/3850/874 3848/3854/830
f 3816/3822/830 3850/3856/874 3848/3854/830
f 4273/4279/942 4194/4200/954 2862/2868/864
f 4273/4279/942 2862/2868/864 2864/2870/862
f 4273/4279/942 3945/3951/862 3944/3950/942
f 3945/3951/862 2868/2874/868 3950/3956/868
f 3945/3951/862 4273/4279/942 2864/2870/862
f 3944/3950/942 3943/3949/862 3951/3957/942
f 3951/3957/942 3947/3953/862 4274/4280/942
f 3408/3414/974 3788/3794/940 3785/3791/974
f 3408/3414/974 3790/3796/1524 3406/3412/1503
f 3408/3414/974 3415/3421/940 3788/3794/940
f 3415/3421/940 3408/3414/974 3407/3413/974
f 4193/4199/942 3427/3433/862 3417/3423/862
f 3427/3433/862 4193/4199/942 4275/4281/942
f 3427/3433/862 4274/4280/942 3947/3953/862
f 3427/3433/862 4272/4278/868 3422/3428/868
f 3427/3433/862 3946/3952/868 4272/4278/868
f 3796/3802/974 3023/3029/1220 3795/3801/1527
f 3796/3802/974 3786/3792/974 3792/3798/940
f 3796/3802/974 4191/4197/940 3021/3027/974
f 4191/4197/940 3796/3802/974 3792/3798/940
f 4274/4280/942 3427/3433/862 4275/4281/942
f 3803/3809/1532 3806/3812/1533 3799/3805/1528
f 3806/3812/1533 4202/4208/1806 3800/3806/1529
f 3802/3808/1531 3801/3807/1530 4276/4282/1817
f 3938/3944/1594 3936/3942/1592 3937/3943/1593
f 3937/3943/1593 3930/3936/1586 4271/4277/1816
f 4270/4276/1815 3902/3908/1566 3912/3918/1573
f 3435/3441/1507 3430/3436/1506 3429/3435/1505
f 3429/3435/1505 3428/3434/1504 4198/4204/1805
f 3436/3442/1508 4277/4283/1818 3437/3443/1509
f 3927/3933/1583 3921/3927/1578 3929/3935/1585
f 3927/3933/1583 3922/3928/1579 3918/3924/1575
f 3719/3725/1522 4278/4284/1819 3716/3722/1519
f 4278/4284/1819 3711/3717/1514 3716/3722/1519
f 4278/4284/1819 4268/4274/1813 3711/3717/1514
f 3775/3781/906 3778/3784/849 3773/3779/849
f 3778/3784/849 3775/3781/906 4279/4285/906
f 3778/3784/849 3397/3403/906 3396/3402/849
f 3432/3438/913 3431/3437/912 3439/3445/913
f 3432/3438/913 3428/3434/1504 3431/3437/912
f 3439/3445/913 3438/3444/912 3015/3021/912
f 3439/3445/913 3015/3021/912 3017/3023/913
f 3438/3444/912 3437/3443/1509 3018/3024/1217
f 3397/3403/906 3394/3400/851 3396/3402/849
f 3397/3403/906 3778/3784/849 4279/4285/906
f 3894/3900/891 3889/3895/896 3833/3839/896
f 3894/3900/891 3897/3903/894 3892/3898/891
f 3894/3900/891 3833/3839/896 3839/3845/891
f 3894/3900/891 4196/4202/894 4280/4286/894
f 4196/4202/894 3894/3900/891 3839/3845/891
f 3410/3416/949 3409/3415/919 3798/3804/919
f 3807/3813/949 3800/3806/1529 3805/3811/918
f 3807/3813/949 3410/3416/949 3797/3803/919
f 3897/3903/894 3894/3900/891 4280/4286/894
f 3897/3903/894 3898/3904/892 3896/3902/889
f 3784/3790/848 3781/3787/843 3776/3782/845
f 3784/3790/848 3779/3785/845 4281/4287/848
f 3779/3785/845 3778/3784/849 3396/3402/849
f 3779/3785/845 3396/3402/849 3403/3409/845
f 3779/3785/845 3784/3790/848 3776/3782/845
f 3779/3785/845 3405/3411/848 4281/4287/848
f 3405/3411/848 3779/3785/845 3403/3409/845
f 3445/3451/928 3441/3447/871 3877/3883/871
f 3446/3452/928 3444/3450/969 3441/3447/871
f 3879/3885/928 3445/3451/928 3876/3882/871
f 3891/3897/923 3838/3844/923 3888/3894/896
f 3838/3844/923 3833/3839/896 3889/3895/896
f 3852/3858/884 3857/3863/883 3862/3868/884
f 3852/3858/884 3851/3857/1551 3857/3863/883
f 3862/3868/884 3809/3815/883 3819/3825/884
f 3862/3868/884 3861/3867/883 3809/3815/883
f 3861/3867/883 3858/3864/1554 3812/3818/1536
f 3819/3825/884 3811/3817/887 4197/4203/888
f 3830/3836/923 3829/3835/899 3833/3839/896
f 4282/4288/1820 3440/3446/1510 3846/3852/1549
f 4282/4288/1820 3887/3893/1563 3440/3446/1510
f 3887/3893/1563 4267/4273/1812 3884/3890/1561
f 3887/3893/1563 3441/3447/871 3440/3446/1510
f 3887/3893/1563 3877/3883/871 3441/3447/871
f 3846/3852/1549 4283/4289/1821 4282/4288/1820
f 3846/3852/1549 3443/3449/874 3841/3847/874
f 4283/4289/1821 3846/3852/1549 3845/3851/1548
f 4284/4290/1822 3822/3828/1541 4285/4291/1823
f 3822/3828/1541 4284/4290/1822 3820/3826/1539
f 3715/3721/1518 3711/3717/1514 3714/3720/1517
f 3715/3721/1518 4286/4292/1824 3709/3715/1512
f 4286/4292/1824 3715/3721/1518 4287/4293/1825
f 4267/4273/1812 3887/3893/1563 4282/4288/1820
f 3814/3820/1537 3810/3816/1535 3812/3818/1536
f 3812/3818/1536 4269/4275/1814 3814/3820/1537
f 3812/3818/1536 3809/3815/883 3861/3867/883
f 3815/3821/1538 4288/4294/1826 3849/3855/1550
f 3815/3821/1538 3850/3856/874 3813/3819/874
f 4269/4275/1814 3812/3818/1536 3858/3864/1554
f 3932/3938/1588 3933/3939/1589 3930/3936/1586
f 3932/3938/1588 3942/3948/1598 4289/4295/1827
f 3942/3948/1598 3932/3938/1588 3931/3937/1587
f 3823/3829/1542 3820/3826/1539 4284/4290/1822
f 3823/3829/1542 4290/4296/1828 3824/3830/1543
f 4290/4296/1828 3823/3829/1542 4291/4297/1829
f 4288/4294/1826 3815/3821/1538 3814/3820/1537
f 4288/4294/1826 3845/3851/1548 3849/3855/1550
f 4288/4294/1826 4283/4289/1821 3845/3851/1548
f 4292/4298/1830 3406/3412/1503 3790/3796/1524
f 4292/4298/1830 3808/3814/1534 3406/3412/1503
f 3808/3814/1534 4276/4282/1817 3801/3807/1530
f 3808/3814/1534 3409/3415/919 3406/3412/1503
f 3808/3814/1534 3798/3804/919 3409/3415/919
f 3790/3796/1524 3408/3414/974 3785/3791/974
f 3790/3796/1524 3794/3800/1526 4292/4298/1830
f 3794/3800/1526 3790/3796/1524 3787/3793/1523
f 3828/3834/1547 4293/4299/1831 3825/3831/1544
f 3828/3834/1547 3824/3830/1543 4290/4296/1828
f 4293/4299/1831 3828/3834/1547 4294/4300/1832
f 3940/3946/1596 3936/3942/1592 3939/3945/1595
f 3940/3946/1596 3941/3947/1597 3935/3941/1591
f 3941/3947/1597 3940/3946/1596 4295/4301/1833
f 4276/4282/1817 3808/3814/1534 4292/4298/1830
f 3022/3028/1219 3019/3025/1218 3018/3024/1217
f 3018/3024/1217 3015/3021/912 3438/3444/912
f 3018/3024/1217 4277/4283/1818 3022/3028/1219
f 3023/3029/1220 3793/3799/1525 3795/3801/1527
f 3023/3029/1220 3796/3802/974 3021/3027/974
f 4277/4283/1818 3018/3024/1217 3437/3443/1509
f 3717/3723/1520 3712/3718/1515 4296/4302/1834
f 3717/3723/1520 3718/3724/1521 3716/3722/1519
f 3712/3718/1515 3717/3723/1520 3710/3716/1513
f 3712/3718/1515 3709/3715/1512 4286/4292/1824
f 3827/3833/1546 3821/3827/1540 3826/3832/1545
f 3827/3833/1546 3825/3831/1544 4293/4299/1831
f 3821/3827/1540 3827/3833/1546 4297/4303/1835
f 3821/3827/1540 3820/3826/1539 3826/3832/1545
f 3793/3799/1525 3023/3029/1220 3022/3028/1219
f 3793/3799/1525 3787/3793/1523 3795/3801/1527
f 4298/4304/942 3225/3231/1378 3222/3228/1375
f 4302/4305/966 3224/3230/1377 4303/4306/966
f 4303/4306/966 3224/3230/1377 3223/3229/1376
f 3132/3138/932 3131/3137/1304 4304/4307/932
f 4308/4308/916 4309/4309/1836 4310/4310/909
f 4308/4308/916 4311/4311/915 4312/4312/918
f 4309/4309/1836 4312/4312/918 4313/4313/1837
f 4310/4310/909 4309/4309/1836 4314/4314/1838
f 4310/4310/909 4315/4315/914 4316/4316/907
f 4314/4314/1838 4315/4315/914 4310/4310/909
f 4314/4314/1838 4317/4317/1839 4318/4318/1840
f 4314/4314/1838 4309/4309/1836 4317/4317/1839
f 4321/4319/858 4322/4320/842 4323/4321/856
f 4321/4319/858 4324/4322/1012 4325/4323/931
f 4321/4319/858 4325/4323/931 4326/4324/929
f 4322/4320/842 4327/4325/837 4328/4326/832
f 4322/4320/842 4329/4327/924 4330/4328/840
f 4322/4320/842 4328/4326/832 4323/4321/856
f 4323/4321/856 4331/4329/855 4332/4330/857
f 4328/4326/832 4333/4331/838 4334/4332/839
f 4328/4326/832 4331/4329/855 4323/4321/856
f 4335/4333/870 4336/4334/871 4337/4335/882
f 4335/4333/870 4338/4336/872 4339/4337/873
f 4336/4334/871 4340/4338/928 4341/4339/871
f 4336/4334/871 4335/4333/870 4339/4337/873
f 4337/4335/882 4336/4334/871 4342/4340/883
f 4337/4335/882 4343/4341/885 4344/4342/886
f 4342/4340/883 4343/4341/885 4337/4335/882
f 4342/4340/883 4341/4339/871 4345/4343/883
f 4342/4340/883 4336/4334/871 4341/4339/871
f 4342/4340/883 4345/4343/883 4346/4344/884
f 4347/4345/850 4348/4346/903 4349/4347/905
f 4347/4345/850 4350/4348/1841 4351/4349/843
f 4350/4348/1841 4349/4347/905 4352/4350/1842
f 4351/4349/843 4353/4351/904 4347/4345/850
f 4351/4349/843 4350/4348/1841 4354/4352/845
f 4351/4349/843 4355/4353/846 4356/4354/847
f 4354/4352/845 4357/4355/845 4358/4356/848
f 4354/4352/845 4355/4353/846 4351/4349/843
f 4354/4352/845 4350/4348/1841 4359/4357/1843
f 4354/4352/845 4359/4357/1843 4357/4355/845
f 4360/4358/1844 4361/4359/899 4362/4360/900
f 4360/4358/1844 4363/4361/896 4361/4359/899
f 4361/4359/899 4364/4362/961 4365/4363/963
f 4361/4359/899 4366/4364/923 4367/4365/962
f 4362/4360/900 4361/4359/899 4365/4363/963
f 4362/4360/900 4365/4363/963 4368/4366/952
f 4362/4360/900 4369/4367/1845 4360/4358/1844
f 4370/4368/875 4371/4369/876 4372/4370/877
f 4370/4368/875 4373/4371/864 4374/4372/863
f 4370/4368/875 4374/4372/863 4371/4369/876
f 4370/4368/875 4375/4373/878 4376/4374/879
f 4373/4371/864 4377/4375/865 4378/4376/982
f 4373/4371/864 4379/4377/955 4374/4372/863
f 4374/4372/863 4380/4378/955 4381/4379/863
f 4371/4369/876 4381/4379/863 4382/4380/876
f 4371/4369/876 4374/4372/863 4381/4379/863
f 4383/4381/1846 4384/4382/1847 4385/4383/1848
f 4383/4381/1846 4386/4384/1849 4387/4385/1850
f 4383/4381/1846 4388/4386/1851 4389/4387/1852
f 4388/4386/1851 4390/4388/1853 4391/4389/1854
f 4388/4386/1851 4383/4381/1846 4392/4390/1855
f 4389/4387/1852 4393/4391/1856 4394/4392/1857
f 4389/4387/1852 4388/4386/1851 4395/4393/1858
f 4392/4390/1855 4396/4394/1859 4397/4395/1860
f 4392/4390/1855 4390/4388/1853 4388/4386/1851
f 4392/4390/1855 4385/4383/1848 4398/4396/1861
f 4399/4397/871 4400/4398/928 4401/4399/969
f 4399/4397/871 4402/4400/887 4403/4401/883
f 4402/4400/887 4404/4402/957 4405/4403/956
f 4402/4400/887 4399/4397/871 4401/4399/969
f 4402/4400/887 4406/4404/884 4403/4401/883
f 4401/4399/969 4407/4405/968 4408/4406/970
f 4401/4399/969 4404/4402/957 4402/4400/887
f 4409/4407/1862 4410/4408/1863 4411/4409/1864
f 4409/4407/1862 4412/4410/1865 4410/4408/1863
f 4412/4410/1865 4413/4411/1866 4410/4408/1863
f 4410/4408/1863 4414/4412/1867 4415/4413/1868
f 4411/4409/1864 4416/4414/1869 4417/4415/1870
f 4411/4409/1864 4415/4413/1868 4416/4414/1869
f 4411/4409/1864 4418/4416/1871 4409/4407/1862
f 4411/4409/1864 4410/4408/1863 4415/4413/1868
f 4419/4417/1872 4420/4418/1873 4421/4419/1874
f 4419/4417/1872 4422/4420/900 4423/4421/1875
f 4422/4420/900 4419/4417/1872 4424/4422/1876
f 4422/4420/900 4425/4423/952 4423/4421/1875
f 4423/4421/1875 4420/4418/1873 4419/4417/1872
f 4423/4421/1875 4425/4423/952 4426/4424/953
f 4423/4421/1875 4426/4424/953 4427/4425/951
f 4424/4422/1876 4428/4426/900 4422/4420/900
f 4429/4427/1877 4430/4428/852 4431/4429/1878
f 4429/4427/1877 4432/4430/1879 4433/4431/1880
f 4430/4428/852 4434/4432/945 4435/4433/973
f 4430/4428/852 4436/4434/1881 4434/4432/945
f 4430/4428/852 4429/4427/1877 4436/4434/1881
f 4431/4429/1878 4437/4435/1882 4429/4427/1877
f 4431/4429/1878 4438/4436/852 4439/4437/1883
f 4436/4434/1881 4440/4438/944 4434/4432/945
f 4436/4434/1881 4433/4431/1880 4441/4439/1884
f 4442/4440/1885 4443/4441/1886 4444/4442/1887
f 4442/4440/1885 4445/4443/1888 4446/4444/1889
f 4445/4443/1888 4447/4445/1890 4448/4446/1891
f 4445/4443/1888 4442/4440/1885 4449/4447/1892
f 4446/4444/1889 4445/4443/1888 4450/4448/1893
f 4446/4444/1889 4451/4449/1894 4452/4450/1895
f 4449/4447/1892 4453/4451/1896 4454/4452/1897
f 4449/4447/1892 4444/4442/1887 4455/4453/1898
f 4449/4447/1892 4447/4445/1890 4445/4443/1888
f 4456/4454/1899 4457/4455/1900 4458/4456/1901
f 4456/4454/1899 4459/4457/1902 4460/4458/1903
f 4456/4454/1899 4461/4459/1904 4457/4455/1900
f 4456/4454/1899 4462/4460/1905 4463/4461/1906
f 4457/4455/1900 4461/4459/1904 4464/4462/1907
f 4458/4456/1901 4465/4463/1908 4459/4457/1902
f 4466/4464/1909 4458/4456/1901 4457/4455/1900
f 4466/4464/1909 4467/4465/1910 4468/4466/1911
f 4466/4464/1909 4469/4467/1912 4467/4465/1910
f 4470/4468/1913 4471/4469/1914 4472/4470/1915
f 4470/4468/1913 4473/4471/1916 4474/4472/1917
f 4471/4469/1914 4475/4473/1918 4476/4474/1919
f 4471/4469/1914 4470/4468/1913 4477/4475/1920
f 4471/4469/1914 4478/4476/1921 4472/4470/1915
f 4471/4469/1914 4479/4477/1922 4480/4478/1923
f 4472/4470/1915 4478/4476/1921 4481/4479/1924
f 4472/4470/1915 4473/4471/1916 4470/4468/1913
f 4477/4475/1920 4482/4480/1925 4479/4477/1922
f 4483/4481/1846 4484/4482/1851 4485/4483/1852
f 4483/4481/1846 4486/4484/1847 4487/4485/1848
f 4484/4482/1851 4483/4481/1846 4488/4486/1855
f 4484/4482/1851 4489/4487/1926 4485/4483/1852
f 4484/4482/1851 4490/4488/1853 4491/4489/1854
f 4484/4482/1851 4488/4486/1855 4492/4490/1860
f 4484/4482/1851 4492/4490/1860 4490/4488/1853
f 4485/4483/1852 4493/4491/1850 4483/4481/1846
f 4485/4483/1852 4489/4487/1926 4494/4492/1857
f 4488/4486/1855 4483/4481/1846 4487/4485/1848
f 4488/4486/1855 4495/4493/1859 4492/4490/1860
f 4496/4494/1927 4497/4495/1928 4498/4496/1929
f 4496/4494/1927 4499/4497/1930 4500/4498/1931
f 4499/4497/1930 4496/4494/1927 4498/4496/1929
f 4499/4497/1930 4501/4499/1932 4502/4500/1933
f 4500/4498/1931 4499/4497/1930 4503/4501/1934
f 4500/4498/1931 4504/4502/1935 4505/4503/1936
f 4503/4501/1934 4502/4500/1933 4506/4504/1937
f 4503/4501/1934 4506/4504/1937 4507/4505/1938
f 4503/4501/1934 4504/4502/1935 4500/4498/1931
f 4503/4501/1934 4499/4497/1930 4502/4500/1933
f 4508/4506/1909 4509/4507/1939 4510/4508/1940
f 4508/4506/1909 4511/4509/1941 4512/4510/1911
f 4508/4506/1909 4513/4511/1942 4514/4512/1943
f 4509/4507/1939 4515/4513/1944 4516/4514/1945
f 4509/4507/1939 4508/4506/1909 4514/4512/1943
f 4510/4508/1940 4509/4507/1939 4516/4514/1945
f 4510/4508/1940 4511/4509/1941 4508/4506/1909
f 4510/4508/1940 4517/4515/1946 4518/4516/1947
f 4514/4512/1943 4519/4517/1948 4509/4507/1939
f 4514/4512/1943 4520/4518/1949 4521/4519/1950
f 4522/4520/1846 4523/4521/1847 4524/4522/1848
f 4522/4520/1846 4525/4523/1851 4526/4524/1852
f 4525/4523/1851 4527/4525/1853 4528/4526/1854
f 4525/4523/1851 4522/4520/1846 4529/4527/1855
f 4526/4524/1852 4530/4528/1926 4531/4529/1857
f 4526/4524/1852 4525/4523/1851 4532/4530/1858
f 4529/4527/1855 4522/4520/1846 4524/4522/1848
f 4529/4527/1855 4533/4531/1859 4534/4532/1860
f 4529/4527/1855 4527/4525/1853 4525/4523/1851
f 4535/4533/1951 4536/4534/1952 4537/4535/1953
f 4535/4533/1951 4538/4536/1954 4536/4534/1952
f 4535/4533/1951 4539/4537/1955 4540/4538/1956
f 4535/4533/1951 4541/4539/1957 4538/4536/1954
f 4538/4536/1954 4542/4540/1958 4543/4541/1959
f 4538/4536/1954 4544/4542/1960 4545/4543/1961
f 4538/4536/1954 4545/4543/1961 4536/4534/1952
f 4536/4534/1952 4546/4544/1962 4547/4545/1963
f 4536/4534/1952 4545/4543/1961 4546/4544/1962
f 4536/4534/1952 4547/4545/1963 4548/4546/1964
f 4545/4543/1961 4549/4547/1965 4546/4544/1962
f 4550/4548/1966 4551/4549/1967 4552/4550/1931
f 4550/4548/1966 4553/4551/1928 4554/4552/1968
f 4551/4549/1967 4550/4548/1966 4554/4552/1968
f 4551/4549/1967 4555/4553/1969 4556/4554/1970
f 4552/4550/1931 4551/4549/1967 4557/4555/1971
f 4552/4550/1931 4558/4556/1972 4559/4557/1936
f 4557/4555/1971 4551/4549/1967 4556/4554/1970
f 4557/4555/1971 4560/4558/1973 4561/4559/1974
f 4557/4555/1971 4556/4554/1970 4560/4558/1973
f 4557/4555/1971 4558/4556/1972 4552/4550/1931
f 4562/4560/1975 4563/4561/1976 4564/4562/1977
f 4562/4560/1975 4565/4563/1978 4566/4564/1979
f 4565/4563/1978 4562/4560/1975 4567/4565/1980
f 4565/4563/1978 4568/4566/1981 4569/4567/1982
f 4566/4564/1979 4565/4563/1978 4570/4568/1983
f 4566/4564/1979 4571/4569/1984 4572/4570/1985
f 4567/4565/1980 4562/4560/1975 4564/4562/1977
f 4567/4565/1980 4568/4566/1981 4565/4563/1978
f 4567/4565/1980 4573/4571/1986 4574/4572/1987
f 4575/4573/1885 4576/4574/1886 4577/4575/1988
f 4575/4573/1885 4578/4576/1989 4579/4577/1990
f 4578/4576/1989 4575/4573/1885 4580/4578/1991
f 4578/4576/1989 4581/4579/1992 4582/4580/1993
f 4579/4577/1990 4578/4576/1989 4583/4581/1994
f 4579/4577/1990 4584/4582/1995 4585/4583/1895
f 4580/4578/1991 4581/4579/1992 4578/4576/1989
f 4580/4578/1991 4575/4573/1885 4577/4575/1988
f 4580/4578/1991 4586/4584/1996 4587/4585/1997
f 4588/4586/1909 4589/4587/1910 4590/4588/1911
f 4588/4586/1909 4591/4589/1901 4592/4590/1900
f 4588/4586/1909 4593/4591/1912 4589/4587/1910
f 4591/4589/1901 4594/4592/1949 4595/4593/1902
f 4591/4589/1901 4596/4594/1899 4592/4590/1900
f 4592/4590/1900 4597/4595/1904 4598/4596/1907
f 4596/4594/1899 4599/4597/1905 4600/4598/1906
f 4596/4594/1899 4597/4595/1904 4592/4590/1900
f 4596/4594/1899 4595/4593/1902 4601/4599/1903
f 4602/4600/1931 4603/4601/1930 4604/4602/1934
f 4602/4600/1931 4605/4603/1935 4606/4604/1936
f 4602/4600/1931 4607/4605/1927 4603/4601/1930
f 4607/4605/1927 4608/4606/1998 4603/4601/1930
f 4607/4605/1927 4609/4607/1999 4610/4608/1929
f 4603/4601/1930 4611/4609/1932 4612/4610/1933
f 4604/4602/1934 4605/4603/1935 4602/4600/1931
f 4604/4602/1934 4603/4601/1930 4612/4610/1933
f 4604/4602/1934 4612/4610/1933 4613/4611/1937
f 4604/4602/1934 4613/4611/1937 4614/4612/1938
f 4615/4613/2000 4616/4614/1954 4617/4615/2001
f 4615/4613/2000 4618/4616/2002 4619/4617/1956
f 4615/4613/2000 4617/4615/2001 4620/4618/2003
f 4616/4614/1954 4621/4619/2004 4622/4620/2005
f 4616/4614/1954 4623/4621/1958 4624/4622/2006
f 4616/4614/1954 4622/4620/2005 4617/4615/2001
f 4617/4615/2001 4625/4623/2007 4626/4624/2008
f 4617/4615/2001 4627/4625/2009 4625/4623/2007
f 4617/4615/2001 4622/4620/2005 4627/4625/2009
f 4622/4620/2005 4628/4626/2010 4627/4625/2009
f 4629/4627/1927 4630/4628/1930 4631/4629/1931
f 4629/4627/1927 4632/4630/1928 4633/4631/1929
f 4629/4627/1927 4634/4632/1998 4630/4628/1930
f 4630/4628/1930 4635/4633/1932 4636/4634/1933
f 4631/4629/1931 4630/4628/1930 4637/4635/1934
f 4631/4629/1931 4638/4636/1935 4639/4637/1936
f 4631/4629/1931 4640/4638/2011 4629/4627/1927
f 4637/4635/1934 4638/4636/1935 4631/4629/1931
f 4637/4635/1934 4636/4634/1933 4641/4639/1937
f 4637/4635/1934 4630/4628/1930 4636/4634/1933
f 4637/4635/1934 4641/4639/1937 4642/4640/1938
f 4643/4641/1920 4644/4642/1925 4645/4643/2012
f 4643/4641/1920 4646/4644/1915 4647/4645/1913
f 4643/4641/1920 4648/4646/1923 4649/4647/1914
f 4646/4644/1915 4649/4647/1914 4650/4648/1919
f 4646/4644/1915 4651/4649/2013 4647/4645/1913
f 4646/4644/1915 4650/4648/1919 4652/4650/1921
f 4646/4644/1915 4643/4641/1920 4649/4647/1914
f 4646/4644/1915 4652/4650/1921 4653/4651/1924
f 4647/4645/1913 4651/4649/2013 4654/4652/1917
f 4649/4647/1914 4655/4653/1918 4650/4648/1919
f 4656/4654/1885 4657/4655/1888 4658/4656/1889
f 4656/4654/1885 4659/4657/1898 4660/4658/1892
f 4656/4654/1885 4661/4659/1886 4662/4660/1887
f 4657/4655/1888 4656/4654/1885 4660/4658/1892
f 4657/4655/1888 4660/4658/1892 4663/4661/1897
f 4657/4655/1888 4664/4662/1890 4665/4663/1891
f 4657/4655/1888 4663/4661/1897 4664/4662/1890
f 4658/4656/1889 4657/4655/1888 4666/4664/1893
f 4658/4656/1889 4667/4665/1894 4668/4666/1895
f 4660/4658/1892 4669/4667/2014 4663/4661/1897
f 4670/4668/1846 4671/4669/2015 4672/4670/1850
f 4670/4668/1846 4673/4671/1851 4674/4672/1852
f 4670/4668/1846 4675/4673/1847 4676/4674/2016
f 4673/4671/1851 4677/4675/1856 4674/4672/1852
f 4673/4671/1851 4670/4668/1846 4678/4676/1855
f 4673/4671/1851 4679/4677/1853 4680/4678/1854
f 4674/4672/1852 4677/4675/1856 4681/4679/1857
f 4678/4676/1855 4679/4677/1853 4673/4671/1851
f 4678/4676/1855 4670/4668/1846 4676/4674/2016
f 4678/4676/1855 4682/4680/1859 4683/4681/1860
f 4684/4682/1899 4685/4683/1905 4686/4684/1906
f 4684/4682/1899 4687/4685/1902 4688/4686/1903
f 4684/4682/1899 4689/4687/1900 4690/4688/1901
f 4689/4687/1900 4691/4689/1904 4692/4690/1907
f 4689/4687/1900 4686/4684/1906 4691/4689/1904
f 4689/4687/1900 4684/4682/1899 4686/4684/1906
f 4690/4688/1901 4693/4691/1949 4687/4685/1902
f 4694/4692/1909 4690/4688/1901 4689/4687/1900
f 4694/4692/1909 4695/4693/1910 4696/4694/1911
f 4694/4692/1909 4697/4695/1942 4690/4688/1901
f 4694/4692/1909 4689/4687/1900 4698/4696/1912
f 4699/4697/1913 4700/4698/2017 4701/4699/1920
f 4699/4697/1913 4702/4700/1915 4703/4701/2018
f 4699/4697/1913 4704/4702/1914 4702/4700/1915
f 4699/4697/1913 4705/4703/2013 4706/4704/1917
f 4704/4702/1914 4699/4697/1913 4701/4699/1920
f 4704/4702/1914 4707/4705/1918 4708/4706/1919
f 4702/4700/1915 4704/4702/1914 4708/4706/1919
f 4702/4700/1915 4709/4707/1921 4710/4708/1924
f 4702/4700/1915 4708/4706/1919 4709/4707/1921
f 4701/4699/1920 4711/4709/1923 4704/4702/1914
f 4701/4699/1920 4712/4710/1925 4713/4711/1922
f 4714/4712/2000 4715/4713/2001 4716/4714/2003
f 4714/4712/2000 4717/4715/1954 4715/4713/2001
f 4714/4712/2000 4718/4716/2002 4719/4717/1956
f 4717/4715/1954 4720/4718/1958 4721/4719/2006
f 4717/4715/1954 4722/4720/2005 4715/4713/2001
f 4715/4713/2001 4722/4720/2005 4723/4721/2019
f 4715/4713/2001 4723/4721/2019 4724/4722/2020
f 4715/4713/2001 4724/4722/2020 4725/4723/2008
f 4722/4720/2005 4726/4724/2010 4723/4721/2019
f 4722/4720/2005 4721/4719/2006 4727/4725/2004
f 4728/4726/1954 4729/4727/2001 4730/4728/2000
f 4728/4726/1954 4731/4729/1958 4732/4730/2006
f 4729/4727/2001 4728/4726/1954 4733/4731/2005
f 4729/4727/2001 4734/4732/2007 4735/4733/2008
f 4729/4727/2001 4736/4734/2009 4734/4732/2007
f 4729/4727/2001 4733/4731/2005 4736/4734/2009
f 4730/4728/2000 4737/4735/2002 4738/4736/1956
f 4730/4728/2000 4739/4737/2021 4728/4726/1954
f 4730/4728/2000 4740/4738/2003 4737/4735/2002
f 4733/4731/2005 4741/4739/2022 4736/4734/2009
f 4733/4731/2005 4728/4726/1954 4732/4730/2006
f 4742/4740/1885 4743/4741/1888 4744/4742/1889
f 4742/4740/1885 4745/4743/1886 4746/4744/1887
f 4743/4741/1888 4747/4745/1892 4748/4746/1897
f 4743/4741/1888 4748/4746/1897 4749/4747/1890
f 4743/4741/1888 4742/4740/1885 4747/4745/1892
f 4743/4741/1888 4749/4747/1890 4750/4748/1891
f 4744/4742/1889 4743/4741/1888 4751/4749/1893
f 4744/4742/1889 4752/4750/1894 4753/4751/1895
f 4744/4742/1889 4754/4752/2023 4742/4740/1885
f 4747/4745/1892 4742/4740/1885 4746/4744/1887
f 4747/4745/1892 4755/4753/2014 4748/4746/1897
f 4756/4754/876 4757/4755/863 4758/4756/867
f 4756/4754/876 4758/4756/867 4759/4757/880
f 4756/4754/876 4759/4757/880 4760/4758/2024
f 4757/4755/863 4380/4378/955 4761/4759/955
f 4758/4756/867 4762/4760/959 4763/4761/960
f 4758/4756/867 4761/4759/955 4764/4762/958
f 4758/4756/867 4765/4763/965 4759/4757/880
f 4759/4757/880 4765/4763/965 4766/4764/964
f 4767/4765/845 4768/4766/2025 4769/4767/852
f 4767/4765/845 4769/4767/852 4770/4768/853
f 4768/4766/2025 4771/4769/2026 4439/4437/1883
f 4769/4767/852 4439/4437/1883 4438/4436/852
f 4769/4767/852 4772/4770/972 4770/4768/853
f 4769/4767/852 4773/4771/973 4774/4772/973
f 4770/4768/853 4772/4770/972 4775/4773/971
f 4770/4768/853 4776/4774/848 4767/4765/845
f 4777/4775/893 4778/4776/897 4779/4777/889
f 4778/4776/897 4780/4778/921 4781/4779/895
f 4778/4776/897 4781/4779/895 4779/4777/889
f 4779/4777/889 4782/4780/896 4783/4781/2027
f 4779/4777/889 4784/4782/892 4777/4775/893
f 4784/4782/892 4783/4781/2027 4785/4783/2028
f 4311/4311/915 4308/4308/916 4786/4784/917
f 4312/4312/918 4309/4309/1836 4308/4308/916
f 4327/4325/837 4333/4331/838 4328/4326/832
f 4327/4325/837 4322/4320/842 4330/4328/840
f 4787/4785/920 4781/4779/895 4780/4778/921
f 4781/4779/895 4787/4785/920 4788/4786/922
f 4781/4779/895 4782/4780/896 4779/4777/889
f 4788/4786/922 4789/4787/923 4782/4780/896
f 4329/4327/924 4322/4320/842 4790/4788/925
f 4344/4342/886 4791/4789/926 4337/4335/882
f 4791/4789/926 4335/4333/870 4337/4335/882
f 4791/4789/926 4792/4790/927 4335/4333/870
f 4343/4341/885 4342/4340/883 4793/4791/884
f 4348/4346/903 4347/4345/850 4353/4351/904
f 4353/4351/904 4351/4349/843 4794/4792/933
f 4349/4347/905 4350/4348/1841 4347/4345/850
f 4324/4322/1012 4321/4319/858 4323/4321/856
f 4324/4322/1012 4323/4321/856 4332/4330/857
f 4331/4329/855 4328/4326/832 4334/4332/839
f 4316/4316/907 4795/4793/908 4310/4310/909
f 4795/4793/908 4786/4784/917 4308/4308/916
f 4795/4793/908 4308/4308/916 4310/4310/909
f 4315/4315/914 4314/4314/1838 4796/4794/2029
f 4338/4336/872 4335/4333/870 4792/4790/927
f 4339/4337/873 4797/4795/928 4336/4334/871
f 4326/4324/929 4798/4796/930 4321/4319/858
f 4798/4796/930 4790/4788/925 4322/4320/842
f 4798/4796/930 4322/4320/842 4321/4319/858
f 4356/4354/847 4794/4792/933 4351/4349/843
f 4355/4353/846 4354/4352/845 4799/4797/848
f 4800/4798/896 4366/4364/923 4363/4361/896
f 4800/4798/896 4789/4787/923 4801/4799/923
f 4366/4364/923 4361/4359/899 4363/4361/896
f 4366/4364/923 4800/4798/896 4801/4799/923
f 4789/4787/923 4800/4798/896 4782/4780/896
f 4782/4780/896 4781/4779/895 4788/4786/922
f 4793/4791/884 4342/4340/883 4346/4344/884
f 4346/4344/884 4345/4343/883 4403/4401/883
f 4346/4344/884 4403/4401/883 4406/4404/884
f 4345/4343/883 4399/4397/871 4403/4401/883
f 4345/4343/883 4341/4339/871 4399/4397/871
f 4406/4404/884 4402/4400/887 4802/4800/888
f 4803/4801/2030 4804/4802/2031 4360/4358/1844
f 4803/4801/2030 4360/4358/1844 4369/4367/1845
f 4804/4802/2031 4785/4783/2028 4783/4781/2027
f 4804/4802/2031 4363/4361/896 4360/4358/1844
f 4804/4802/2031 4800/4798/896 4363/4361/896
f 4369/4367/1845 4805/4803/2032 4803/4801/2030
f 4369/4367/1845 4362/4360/900 4428/4426/900
f 4805/4803/2032 4369/4367/1845 4424/4422/1876
f 4317/4317/1839 4313/4313/1837 4806/4804/2033
f 4317/4317/1839 4413/4411/1866 4412/4410/1865
f 4413/4411/1866 4807/4805/2034 4410/4408/1863
f 4413/4411/1866 4317/4317/1839 4808/4806/2035
f 4313/4313/1837 4317/4317/1839 4309/4309/1836
f 4785/4783/2028 4804/4802/2031 4803/4801/2030
f 4783/4781/2027 4782/4780/896 4800/4798/896
f 4783/4781/2027 4800/4798/896 4804/4802/2031
f 4783/4781/2027 4784/4782/892 4779/4777/889
f 4341/4339/871 4400/4398/928 4399/4397/871
f 4400/4398/928 4809/4807/967 4401/4399/969
f 4400/4398/928 4341/4339/871 4340/4338/928
f 4797/4795/928 4340/4338/928 4336/4334/871
f 4799/4797/848 4354/4352/845 4358/4356/848
f 4358/4356/848 4767/4765/845 4776/4774/848
f 4358/4356/848 4357/4355/845 4767/4765/845
f 4357/4355/845 4768/4766/2025 4767/4765/845
f 4357/4355/845 4359/4357/1843 4768/4766/2025
f 4776/4774/848 4770/4768/853 4810/4808/854
f 4771/4769/2026 4768/4766/2025 4359/4357/1843
f 4359/4357/1843 4352/4350/1842 4771/4769/2026
f 4439/4437/1883 4769/4767/852 4768/4766/2025
f 4439/4437/1883 4811/4809/2036 4431/4429/1878
f 4352/4350/1842 4359/4357/1843 4350/4348/1841
f 4796/4794/2029 4318/4318/1840 4812/4810/2037
f 4318/4318/1840 4418/4416/1871 4813/4811/2038
f 4318/4318/1840 4796/4794/2029 4314/4314/1838
f 4318/4318/1840 4317/4317/1839 4412/4410/1865
f 4318/4318/1840 4412/4410/1865 4409/4407/1862
f 4418/4416/1871 4318/4318/1840 4409/4407/1862
f 4418/4416/1871 4411/4409/1864 4814/4812/2039
f 4811/4809/2036 4439/4437/1883 4771/4769/2026
f 4441/4439/1884 4440/4438/944 4436/4434/1881
f 4815/4813/2040 4816/4814/2041 4817/4815/2042
f 4815/4813/2040 4817/4815/2042 4818/4816/937
f 4817/4815/2042 4819/4817/2043 4820/4818/950
f 4817/4815/2042 4820/4818/950 4821/4819/938
f 4817/4815/2042 4821/4819/938 4818/4816/937
f 4376/4374/879 4822/4820/941 4370/4368/875
f 4822/4820/941 4373/4371/864 4370/4368/875
f 4822/4820/941 4823/4821/954 4373/4371/864
f 4375/4373/878 4370/4368/875 4372/4370/877
f 4824/4822/2044 4423/4421/1875 4427/4425/951
f 4377/4375/865 4373/4371/864 4823/4821/954
f 4825/4823/2045 4819/4817/2043 4826/4824/2046
f 4825/4823/2045 4827/4825/947 4819/4817/2043
f 4819/4817/2043 4827/4825/947 4820/4818/950
f 4432/4430/1879 4429/4427/1877 4437/4435/1882
f 4437/4435/1882 4431/4429/1878 4811/4809/2036
f 4433/4431/1880 4436/4434/1881 4429/4427/1877
f 4814/4812/2039 4411/4409/1864 4417/4415/1870
f 4828/4826/2047 4829/4827/2048 4830/4828/2049
f 4829/4827/2048 4831/4829/2050 4830/4828/2049
f 4829/4827/2048 4832/4830/2051 4831/4829/2050
f 4830/4828/2049 4816/4814/2041 4828/4826/2047
f 4816/4814/2041 4830/4828/2049 4817/4815/2042
f 4421/4419/1874 4833/4831/2052 4419/4417/1872
f 4833/4831/2052 4424/4422/1876 4419/4417/1872
f 4833/4831/2052 4805/4803/2032 4424/4422/1876
f 4420/4418/1873 4423/4421/1875 4824/4822/2044
f 4834/4832/2053 4831/4829/2050 4832/4830/2051
f 4831/4829/2050 4834/4832/2053 4826/4824/2054
f 4807/4805/2034 4414/4412/1867 4410/4408/1863
f 4372/4370/877 4382/4380/876 4835/4833/877
f 4382/4380/876 4381/4379/863 4757/4755/863
f 4382/4380/876 4757/4755/863 4756/4754/876
f 4382/4380/876 4372/4370/877 4371/4369/876
f 4835/4833/877 4756/4754/876 4836/4834/877
f 4835/4833/877 4382/4380/876 4756/4754/876
f 4773/4771/973 4769/4767/852 4438/4436/852
f 4438/4436/852 4435/4433/973 4773/4771/973
f 4438/4436/852 4431/4429/1878 4430/4428/852
f 4435/4433/973 4438/4436/852 4430/4428/852
f 4809/4807/967 4407/4405/968 4401/4399/969
f 4810/4808/854 4770/4768/853 4775/4773/971
f 4772/4770/972 4769/4767/852 4774/4772/973
f 4760/4758/2024 4759/4757/880 4766/4764/964
f 4760/4758/2024 4836/4834/877 4756/4754/876
f 4765/4763/965 4758/4756/867 4763/4761/960
f 4379/4377/955 4373/4371/864 4378/4376/982
f 4379/4377/955 4380/4378/955 4374/4372/863
f 4380/4378/955 4757/4755/863 4381/4379/863
f 4428/4426/900 4368/4366/952 4837/4835/952
f 4428/4426/900 4425/4423/952 4422/4420/900
f 4428/4426/900 4424/4422/1876 4369/4367/1845
f 4425/4423/952 4428/4426/900 4837/4835/952
f 4368/4366/952 4428/4426/900 4362/4360/900
f 4761/4759/955 4758/4756/867 4757/4755/863
f 4367/4365/962 4364/4362/961 4361/4359/899
f 4802/4800/888 4402/4400/887 4405/4403/956
f 4404/4402/957 4401/4399/969 4408/4406/970
f 4762/4760/959 4758/4756/867 4764/4762/958
f 4395/4393/1858 4388/4386/1851 4391/4389/1854
f 4395/4393/1858 4393/4391/1856 4389/4387/1852
f 4390/4388/1853 4392/4390/1855 4397/4395/1860
f 4452/4450/1895 4838/4836/2055 4446/4444/1889
f 4838/4836/2055 4442/4440/1885 4446/4444/1889
f 4838/4836/2055 4839/4837/2023 4442/4440/1885
f 4497/4495/1928 4496/4494/1927 4840/4838/2056
f 4498/4496/1929 4841/4839/1998 4499/4497/1930
f 4394/4392/1857 4386/4384/1849 4389/4387/1852
f 4386/4384/1849 4383/4381/1846 4389/4387/1852
f 4505/4503/1936 4842/4840/2057 4500/4498/1931
f 4842/4840/2057 4840/4838/2056 4496/4494/1927
f 4842/4840/2057 4496/4494/1927 4500/4498/1931
f 4504/4502/1935 4503/4501/1934 4843/4841/2058
f 4693/4691/1949 4690/4688/1901 4697/4695/1942
f 4697/4695/1942 4694/4692/1909 4844/4842/2059
f 4687/4685/1902 4684/4682/1899 4690/4688/1901
f 4474/4472/1917 4845/4843/2060 4470/4468/1913
f 4845/4843/2060 4477/4475/1920 4470/4468/1913
f 4845/4843/2060 4846/4844/2061 4477/4475/1920
f 4473/4471/1916 4472/4470/1915 4847/4845/2018
f 4841/4839/1998 4501/4499/1932 4499/4497/1930
f 4450/4448/1893 4445/4443/1888 4448/4446/1891
f 4450/4448/1893 4451/4449/1894 4446/4444/1889
f 4447/4445/1890 4449/4447/1892 4454/4452/1897
f 4688/4686/1903 4685/4683/1905 4684/4682/1899
f 4843/4841/2058 4503/4501/1934 4507/4505/1938
f 4847/4845/2018 4472/4470/1915 4481/4479/1924
f 4478/4476/1921 4471/4469/1914 4476/4474/1919
f 4486/4484/1847 4483/4481/1846 4493/4491/1850
f 4493/4491/1850 4485/4483/1852 4848/4846/2015
f 4487/4485/1848 4849/4847/1861 4488/4486/1855
f 4468/4466/1911 4850/4848/2059 4466/4464/1909
f 4850/4848/2059 4458/4456/1901 4466/4464/1909
f 4850/4848/2059 4851/4849/1942 4458/4456/1901
f 4720/4718/1958 4717/4715/1954 4852/4850/2021
f 4721/4719/2006 4722/4720/2005 4717/4715/1954
f 4849/4847/1861 4495/4493/1859 4488/4486/1855
f 4719/4717/1956 4853/4851/2062 4714/4712/2000
f 4853/4851/2062 4852/4850/2021 4717/4715/1954
f 4853/4851/2062 4717/4715/1954 4714/4712/2000
f 4745/4743/1886 4742/4740/1885 4754/4752/2023
f 4754/4752/2023 4744/4742/1889 4854/4852/2055
f 4746/4744/1887 4855/4853/1898 4747/4745/1892
f 4469/4467/1912 4457/4455/1900 4464/4462/1907
f 4469/4467/1912 4466/4464/1909 4457/4455/1900
f 4461/4459/1904 4456/4454/1899 4463/4461/1906
f 4711/4709/1923 4707/4705/1918 4704/4702/1914
f 4711/4709/1923 4701/4699/1920 4713/4711/1922
f 4726/4724/2010 4722/4720/2005 4727/4725/2004
f 4712/4710/1925 4701/4699/1920 4700/4698/2017
f 4700/4698/2017 4699/4697/1913 4856/4854/2060
f 4855/4853/1898 4755/4753/2014 4747/4745/1892
f 4716/4714/2003 4718/4716/2002 4714/4712/2000
f 4716/4714/2003 4715/4713/2001 4725/4723/2008
f 4681/4679/1857 4671/4669/2015 4674/4672/1852
f 4671/4669/2015 4670/4668/1846 4674/4672/1852
f 4677/4675/1856 4673/4671/1851 4857/4855/1858
f 4559/4557/1936 4858/4856/2063 4552/4550/1931
f 4858/4856/2063 4550/4548/1966 4552/4550/1931
f 4858/4856/2063 4859/4857/2056 4550/4548/1966
f 4558/4556/1972 4557/4555/1971 4860/4858/2064
f 4520/4518/1949 4514/4512/1943 4513/4511/1942
f 4513/4511/1942 4508/4506/1909 4861/4859/2059
f 4857/4855/1858 4673/4671/1851 4680/4678/1854
f 4679/4677/1853 4678/4676/1855 4683/4681/1860
f 4585/4583/1895 4862/4860/2055 4579/4577/1990
f 4862/4860/2055 4575/4573/1885 4579/4577/1990
f 4862/4860/2055 4863/4861/2023 4575/4573/1885
f 4553/4551/1928 4550/4548/1966 4859/4857/2056
f 4554/4552/1968 4864/4862/2065 4551/4549/1967
f 4519/4517/1948 4514/4512/1943 4521/4519/1950
f 4519/4517/1948 4515/4513/1944 4509/4507/1939
f 4516/4514/1945 4517/4515/1946 4510/4508/1940
f 4860/4858/2064 4557/4555/1971 4561/4559/1974
f 4570/4568/1983 4565/4563/1978 4569/4567/1982
f 4570/4568/1983 4571/4569/1984 4566/4564/1979
f 4568/4566/1981 4567/4565/1980 4574/4572/1987
f 4572/4570/1985 4865/4863/2066 4566/4564/1979
f 4865/4863/2066 4866/4864/2067 4562/4560/1975
f 4865/4863/2066 4562/4560/1975 4566/4564/1979
f 4555/4553/1969 4551/4549/1967 4864/4862/2065
f 4583/4581/1994 4584/4582/1995 4579/4577/1990
f 4583/4581/1994 4578/4576/1989 4582/4580/1993
f 4581/4579/1992 4580/4578/1991 4587/4585/1997
f 4675/4673/1847 4670/4668/1846 4672/4670/1850
f 4676/4674/2016 4867/4865/1861 4678/4676/1855
f 4512/4510/1911 4861/4859/2059 4508/4506/1909
f 4511/4509/1941 4510/4508/1940 4868/4866/2068
f 4542/4540/1958 4538/4536/1954 4541/4539/1957
f 4541/4539/1957 4535/4533/1951 4869/4867/2062
f 4682/4680/1859 4678/4676/1855 4867/4865/1861
f 4540/4538/1956 4869/4867/2062 4535/4533/1951
f 4576/4574/1886 4575/4573/1885 4863/4861/2023
f 4577/4575/1988 4870/4868/2069 4580/4578/1991
f 4868/4866/2068 4510/4508/1940 4518/4516/1947
f 4871/4869/2070 4573/4571/1986 4567/4565/1980
f 4544/4542/1960 4538/4536/1954 4543/4541/1959
f 4544/4542/1960 4549/4547/1965 4545/4543/1961
f 4563/4561/1976 4562/4560/1975 4866/4864/2067
f 4564/4562/1977 4871/4869/2070 4567/4565/1980
f 4586/4584/1996 4580/4578/1991 4870/4868/2069
f 4537/4535/1953 4539/4537/1955 4535/4533/1951
f 4537/4535/1953 4536/4534/1952 4548/4546/1964
f 4531/4529/1857 4872/4870/1849 4526/4524/1852
f 4872/4870/1849 4873/4871/1850 4522/4520/1846
f 4872/4870/1849 4522/4520/1846 4526/4524/1852
f 4639/4637/1936 4874/4872/2063 4631/4629/1931
f 4638/4636/1935 4637/4635/1934 4875/4873/2058
f 4594/4592/1949 4591/4589/1901 4876/4874/1942
f 4595/4593/1902 4596/4594/1899 4591/4589/1901
f 4532/4530/1858 4530/4528/1926 4526/4524/1852
f 4532/4530/1858 4525/4523/1851 4528/4526/1854
f 4527/4525/1853 4529/4527/1855 4534/4532/1860
f 4668/4666/1895 4877/4875/2055 4658/4656/1889
f 4877/4875/2055 4878/4876/2023 4656/4654/1885
f 4877/4875/2055 4656/4654/1885 4658/4656/1889
f 4632/4630/1928 4629/4627/1927 4640/4638/2011
f 4640/4638/2011 4631/4629/1931 4874/4872/2063
f 4599/4597/1905 4596/4594/1899 4601/4599/1903
f 4875/4873/2058 4637/4635/1934 4642/4640/1938
f 4879/4877/2018 4646/4644/1915 4653/4651/1924
f 4654/4652/1917 4880/4878/2060 4647/4645/1913
f 4880/4878/2060 4643/4641/1920 4647/4645/1913
f 4880/4878/2060 4881/4879/2061 4643/4641/1920
f 4651/4649/2013 4646/4644/1915 4879/4877/2018
f 4634/4632/1998 4635/4633/1932 4630/4628/1930
f 4634/4632/1998 4629/4627/1927 4633/4631/1929
f 4666/4664/1893 4667/4665/1894 4658/4656/1889
f 4666/4664/1893 4657/4655/1888 4665/4663/1891
f 4523/4521/1847 4522/4520/1846 4873/4871/1850
f 4524/4522/1848 4882/4880/1861 4529/4527/1855
f 4590/4588/1911 4883/4881/2059 4588/4586/1909
f 4883/4881/2059 4591/4589/1901 4588/4586/1909
f 4883/4881/2059 4876/4874/1942 4591/4589/1901
f 4623/4621/1958 4616/4614/1954 4884/4882/2021
f 4533/4531/1859 4529/4527/1855 4882/4880/1861
f 4619/4617/1956 4885/4883/2062 4615/4613/2000
f 4885/4883/2062 4884/4882/2021 4616/4614/1954
f 4885/4883/2062 4616/4614/1954 4615/4613/2000
f 4661/4659/1886 4656/4654/1885 4878/4876/2023
f 4593/4591/1912 4592/4590/1900 4598/4596/1907
f 4593/4591/1912 4588/4586/1909 4592/4590/1900
f 4597/4595/1904 4596/4594/1899 4600/4598/1906
f 4648/4646/1923 4643/4641/1920 4645/4643/2012
f 4648/4646/1923 4655/4653/1918 4649/4647/1914
f 4621/4619/2004 4616/4614/1954 4624/4622/2006
f 4621/4619/2004 4628/4626/2010 4622/4620/2005
f 4644/4642/1925 4643/4641/1920 4881/4879/2061
f 4659/4657/1898 4656/4654/1885 4662/4660/1887
f 4659/4657/1898 4669/4667/2014 4660/4658/1892
f 4620/4618/2003 4618/4616/2002 4615/4613/2000
f 4620/4618/2003 4617/4615/2001 4626/4624/2008
f 4465/4463/1908 4458/4456/1901 4851/4849/1942
f 4459/4457/1902 4456/4454/1899 4458/4456/1901
f 4494/4492/1857 4848/4846/2015 4485/4483/1852
f 4489/4487/1926 4484/4482/1851 4886/4884/1858
f 4606/4604/1936 4887/4885/2057 4602/4600/1931
f 4887/4885/2057 4607/4605/1927 4602/4600/1931
f 4887/4885/2057 4888/4886/2056 4607/4605/1927
f 4605/4603/1935 4604/4602/1934 4889/4887/2058
f 4696/4694/1911 4844/4842/2059 4694/4692/1909
f 4731/4729/1958 4728/4726/1954 4739/4737/2021
f 4739/4737/2021 4730/4728/2000 4890/4888/2062
f 4732/4730/2006 4891/4889/2004 4733/4731/2005
f 4384/4382/1847 4383/4381/1846 4387/4385/1850
f 4385/4383/1848 4392/4390/1855 4383/4381/1846
f 4443/4441/1886 4442/4440/1885 4839/4837/2023
f 4444/4442/1887 4449/4447/1892 4442/4440/1885
f 4396/4394/1859 4392/4390/1855 4398/4396/1861
f 4738/4736/1956 4890/4888/2062 4730/4728/2000
f 4753/4751/1895 4854/4852/2055 4744/4742/1889
f 4609/4607/1999 4607/4605/1927 4888/4886/2056
f 4886/4884/1858 4484/4482/1851 4491/4489/1854
f 4482/4480/1925 4477/4475/1920 4846/4844/2061
f 4479/4477/1922 4471/4469/1914 4477/4475/1920
f 4455/4453/1898 4453/4451/1896 4449/4447/1892
f 4740/4738/2003 4730/4728/2000 4729/4727/2001
f 4740/4738/2003 4729/4727/2001 4735/4733/2008
f 4706/4704/1917 4856/4854/2060 4699/4697/1913
f 4608/4606/1998 4607/4605/1927 4610/4608/1929
f 4608/4606/1998 4611/4609/1932 4603/4601/1930
f 4751/4749/1893 4743/4741/1888 4750/4748/1891
f 4751/4749/1893 4752/4750/1894 4744/4742/1889
f 4703/4701/2018 4702/4700/1915 4710/4708/1924
f 4703/4701/2018 4705/4703/2013 4699/4697/1913
f 4460/4458/1903 4462/4460/1905 4456/4454/1899
f 4889/4887/2058 4604/4602/1934 4614/4612/1938
f 4480/4478/1923 4475/4473/1918 4471/4469/1914
f 4891/4889/2004 4741/4739/2022 4733/4731/2005
f 4698/4696/1912 4689/4687/1900 4692/4690/1907
f 4698/4696/1912 4695/4693/1910 4694/4692/1909
f 4892/4890/1838 4893/4891/909 4894/4892/916
f 4893/4891/909 4892/4890/1838 4895/4893/914
f 4893/4891/909 4895/4893/914 4896/4894/907
f 4893/4891/909 4897/4895/917 4894/4892/916
f 4894/4892/916 4898/4896/915 4899/4897/918
f 4894/4892/916 4900/4898/1836 4892/4890/1838
f 4900/4898/1836 4901/4899/2071 4892/4890/1838
f 4900/4898/1836 4899/4897/918 4902/4900/1837
f 4905/4901/842 4906/4902/858 4907/4903/925
f 4905/4901/842 4908/4904/837 4909/4905/832
f 4905/4901/842 4909/4905/832 4906/4902/858
f 4905/4901/842 4910/4906/924 4911/4907/840
f 4909/4905/832 4912/4908/838 4913/4909/839
f 4906/4902/858 4914/4910/931 4915/4911/929
f 4906/4902/858 4916/4912/1012 4914/4910/931
f 4906/4902/858 4909/4905/832 4917/4913/856
f 4917/4913/856 4918/4914/855 4919/4915/857
f 4917/4913/856 4913/4909/839 4918/4914/855
f 4920/4916/883 4921/4917/883 4922/4918/884
f 4920/4916/883 4923/4919/882 4924/4920/870
f 4923/4919/882 4925/4921/927 4924/4920/870
f 4923/4919/882 4920/4916/883 4926/4922/885
f 4923/4919/882 4926/4922/885 4927/4923/886
f 4924/4920/870 4928/4924/872 4929/4925/873
f 4924/4920/870 4930/4926/871 4920/4916/883
f 4930/4926/871 4931/4927/928 4932/4928/871
f 4930/4926/871 4929/4925/873 4933/4929/928
f 4930/4926/871 4921/4917/883 4920/4916/883
f 4934/4930/2027 4935/4931/889 4936/4932/895
f 4935/4931/889 4937/4933/892 4938/4934/893
f 4935/4931/889 4934/4930/2027 4937/4933/892
f 4936/4932/895 4939/4935/896 4934/4930/2027
f 4936/4932/895 4940/4936/920 4941/4937/922
f 4936/4932/895 4942/4938/897 4943/4939/921
f 4939/4935/896 4941/4937/922 4944/4940/923
f 4939/4935/896 4945/4941/923 4946/4942/896
f 4939/4935/896 4947/4943/2072 4934/4930/2027
f 4948/4944/852 4949/4945/972 4950/4946/853
f 4948/4944/852 4951/4947/1883 4952/4948/852
f 4948/4944/852 4950/4946/853 4953/4949/2025
f 4950/4946/853 4949/4945/972 4954/4950/971
f 4953/4949/2025 4955/4951/2026 4951/4947/1883
f 4956/4952/845 4953/4949/2025 4950/4946/853
f 4956/4952/845 4957/4953/2073 4953/4949/2025
f 4958/4954/864 4959/4955/865 4960/4956/982
f 4958/4954/864 4961/4957/876 4962/4958/875
f 4958/4954/864 4963/4959/955 4964/4960/863
f 4961/4957/876 4965/4961/876 4966/4962/877
f 4961/4957/876 4958/4954/864 4964/4960/863
f 4962/4958/875 4967/4963/878 4968/4964/879
f 4962/4958/875 4969/4965/954 4958/4954/864
f 4962/4958/875 4970/4966/877 4967/4963/878
f 4964/4960/863 4965/4961/876 4961/4957/876
f 4971/4967/2074 4972/4968/2075 4973/4969/2076
f 4971/4967/2074 4974/4970/2077 4975/4971/2078
f 4971/4967/2074 4975/4971/2078 4976/4972/2079
f 4971/4967/2074 4976/4972/2079 4972/4968/2075
f 4974/4970/2077 4977/4973/2080 4978/4974/2081
f 4974/4970/2077 4979/4975/2082 4975/4971/2078
f 4974/4970/2077 4971/4967/2074 4980/4976/2083
f 4975/4971/2078 4981/4977/2084 4982/4978/2085
f 4976/4972/2079 4983/4979/2086 4984/4980/2087
f 4976/4972/2079 4982/4978/2085 4983/4979/2086
f 4985/4981/969 4986/4982/968 4987/4983/970
f 4985/4981/969 4988/4984/883 4989/4985/871
f 4985/4981/969 4990/4986/928 4991/4987/967
f 4988/4984/883 4932/4928/871 4989/4985/871
f 4988/4984/883 4985/4981/969 4992/4988/887
f 4989/4985/871 4931/4927/928 4990/4986/928
f 4992/4988/887 4993/4989/957 4994/4990/956
f 4992/4988/887 4987/4983/970 4993/4989/957
f 4992/4988/887 4995/4991/884 4988/4984/883
f 4996/4992/2088 4997/4993/1867 4998/4994/1868
f 4996/4992/2088 4999/4995/1869 5000/4996/2089
f 4996/4992/2088 5000/4996/2089 5001/4997/1865
f 4996/4992/2088 5002/4998/1866 5003/4999/2034
f 5000/4996/2089 4999/4995/1869 5004/5000/1870
f 5005/5001/1862 5006/5002/2090 5001/4997/1865
f 5005/5001/1862 5000/4996/2089 5007/5003/1871
f 5005/5001/1862 5001/4997/1865 5000/4996/2089
f 5008/5004/1877 5009/5005/1879 5010/5006/1880
f 5008/5004/1877 5011/5007/852 5012/5008/1878
f 5011/5007/852 5008/5004/1877 5013/5009/2091
f 5011/5007/852 5013/5009/2091 5014/5010/973
f 5012/5008/1878 4952/4948/852 4951/4947/1883
f 5013/5009/2091 5015/5011/945 5014/5010/973
f 5013/5009/2091 5010/5006/1880 5016/5012/1884
f 5013/5009/2091 5017/5013/944 5015/5011/945
f 5018/5014/1872 5019/5015/900 5020/5016/2092
f 5018/5014/1872 5021/5017/1876 5019/5015/900
f 5018/5014/1872 5022/5018/1873 5023/5019/1874
f 5021/5017/1876 5024/5020/2052 5025/5021/2032
f 5021/5017/1876 5026/5022/1845 5027/5023/900
f 5021/5017/1876 5027/5023/900 5019/5015/900
f 5019/5015/900 5028/5024/953 5020/5016/2092
f 5020/5016/2092 5028/5024/953 5029/5025/951
f 5030/5026/2093 5031/5027/2094 5032/5028/2095
f 5030/5026/2093 5032/5028/2095 5033/5029/2096
f 5030/5026/2093 5034/5030/2097 5031/5027/2094
f 5030/5026/2093 5035/5031/2098 5034/5030/2097
f 5030/5026/2093 5036/5032/2099 5035/5031/2098
f 5035/5031/2098 5037/5033/2100 5034/5030/2097
f 5035/5031/2098 5038/5034/2101 5039/5035/2102
f 5034/5030/2097 5040/5036/2103 5041/5037/2104
f 5031/5027/2094 5041/5037/2104 5042/5038/2105
f 5031/5027/2094 5042/5038/2105 5043/5039/2106
f 5044/5040/2107 5045/5041/2108 5046/5042/2109
f 5044/5040/2107 5046/5042/2109 5047/5043/2110
f 5044/5040/2107 5047/5043/2110 5048/5044/2111
f 5044/5040/2107 5049/5045/2112 5045/5041/2108
f 5049/5045/2112 5044/5040/2107 5050/5046/2113
f 5049/5045/2112 5051/5047/2114 5045/5041/2108
f 5049/5045/2112 5052/5048/2115 5053/5049/2116
f 5045/5041/2108 5054/5050/2117 5055/5051/2118
f 5046/5042/2109 5055/5051/2118 5056/5052/2119
f 5046/5042/2109 5056/5052/2119 5057/5053/2120
f 5058/5054/2121 5059/5055/2122 5060/5056/2123
f 5058/5054/2121 5061/5057/2124 5062/5058/2125
f 5061/5057/2124 5063/5059/2126 5064/5060/2127
f 5061/5057/2124 5065/5061/2128 5063/5059/2126
f 5061/5057/2124 5058/5054/2121 5066/5062/2129
f 5062/5058/2125 5067/5063/2130 5068/5064/2131
f 5062/5058/2125 5061/5057/2124 5067/5063/2130
f 5062/5058/2125 5069/5065/2132 5058/5054/2121
f 5066/5062/2129 5070/5066/2133 5065/5061/2128
f 5066/5062/2129 5060/5056/2123 5071/5067/2134
f 5072/5068/2074 5073/5069/2079 5074/5070/2075
f 5072/5068/2074 5075/5071/2078 5073/5069/2079
f 5072/5068/2074 5074/5070/2075 5076/5072/2076
f 5072/5068/2074 5077/5073/2077 5075/5071/2078
f 5077/5073/2077 5078/5074/2080 5079/5075/2135
f 5077/5073/2077 5080/5076/2136 5081/5077/2083
f 5075/5071/2078 5082/5078/2086 5073/5069/2079
f 5075/5071/2078 5079/5075/2135 5083/5079/2082
f 5075/5071/2078 5084/5080/2084 5085/5081/2137
f 5073/5069/2079 5082/5078/2086 5086/5082/2087
f 5087/5083/2138 5088/5084/2139 5089/5085/2140
f 5087/5083/2138 5090/5086/2141 5091/5087/2142
f 5087/5083/2138 5089/5085/2140 5090/5086/2141
f 5088/5084/2139 5092/5088/2143 5093/5089/2144
f 5088/5084/2139 5087/5083/2138 5094/5090/2145
f 5088/5084/2139 5095/5091/2146 5089/5085/2140
f 5089/5085/2140 5096/5092/2147 5097/5093/2148
f 5095/5091/2146 5098/5094/2149 5099/5095/2150
f 5095/5091/2146 5093/5089/2144 5100/5096/2151
f 5095/5091/2146 5096/5092/2147 5089/5085/2140
f 5101/5097/2112 5102/5098/2152 5103/5099/2153
f 5101/5097/2112 5104/5100/2115 5105/5101/2154
f 5101/5097/2112 5106/5102/2155 5107/5103/2113
f 5102/5098/2152 5101/5097/2112 5108/5104/2156
f 5102/5098/2152 5109/5105/2157 5110/5106/2158
f 5102/5098/2152 5108/5104/2156 5109/5105/2157
f 5103/5099/2153 5111/5107/2159 5112/5108/2160
f 5103/5099/2153 5113/5109/2161 5111/5107/2159
f 5108/5104/2156 5105/5101/2154 5114/5110/2162
f 5108/5104/2156 5115/5111/2163 5116/5112/2164
f 5117/5113/2074 5118/5114/2077 5119/5115/2078
f 5117/5113/2074 5119/5115/2078 5120/5116/2079
f 5117/5113/2074 5121/5117/2075 5122/5118/2076
f 5118/5114/2077 5123/5119/2080 5124/5120/2081
f 5118/5114/2077 5125/5121/2165 5119/5115/2078
f 5118/5114/2077 5117/5113/2074 5126/5122/2166
f 5119/5115/2078 5127/5123/2084 5128/5124/2085
f 5120/5116/2079 5128/5124/2085 5129/5125/2086
f 5120/5116/2079 5121/5117/2075 5117/5113/2074
f 5120/5116/2079 5129/5125/2086 5130/5126/2087
f 5131/5127/2167 5132/5128/2168 5133/5129/2169
f 5131/5127/2167 5134/5130/2170 5135/5131/2171
f 5131/5127/2167 5136/5132/2172 5137/5133/2173
f 5131/5127/2167 5138/5134/2174 5134/5130/2170
f 5134/5130/2170 5139/5135/2175 5140/5136/2176
f 5135/5131/2171 5134/5130/2170 5141/5137/2177
f 5135/5131/2171 5142/5138/2178 5143/5139/2179
f 5135/5131/2171 5143/5139/2179 5144/5140/2180
f 5141/5137/2177 5145/5141/2181 5146/5142/2182
f 5141/5137/2177 5134/5130/2170 5145/5141/2181
f 5147/5143/2183 5148/5144/2139 5149/5145/2184
f 5147/5143/2183 5150/5146/2185 5151/5147/2142
f 5148/5144/2139 5147/5143/2183 5152/5148/2145
f 5148/5144/2139 5153/5149/2143 5154/5150/2186
f 5148/5144/2139 5155/5151/2187 5149/5145/2184
f 5149/5145/2184 5150/5146/2185 5147/5143/2183
f 5149/5145/2184 5156/5152/2188 5157/5153/2189
f 5155/5151/2187 5156/5152/2188 5149/5145/2184
f 5155/5151/2187 5154/5150/2186 5158/5154/2190
f 5155/5151/2187 5159/5155/2191 5160/5156/2192
f 5161/5157/2193 5162/5158/2194 5163/5159/2195
f 5161/5157/2193 5164/5160/2196 5162/5158/2194
f 5161/5157/2193 5165/5161/2197 5166/5162/2198
f 5164/5160/2196 5167/5163/2199 5162/5158/2194
f 5164/5160/2196 5161/5157/2193 5168/5164/2200
f 5164/5160/2196 5169/5165/2201 5170/5166/2202
f 5162/5158/2194 5171/5167/2203 5172/5168/2204
f 5163/5159/2195 5165/5161/2197 5161/5157/2193
f 5163/5159/2195 5172/5168/2204 5173/5169/2205
f 5163/5159/2195 5173/5169/2205 5174/5170/2206
f 5175/5171/2093 5176/5172/2207 5177/5173/2208
f 5175/5171/2093 5178/5174/2209 5179/5175/2210
f 5175/5171/2093 5180/5176/2099 5178/5174/2209
f 5175/5171/2093 5179/5175/2210 5176/5172/2207
f 5175/5171/2093 5177/5173/2208 5181/5177/2096
f 5178/5174/2209 5182/5178/2211 5179/5175/2210
f 5178/5174/2209 5183/5179/2212 5184/5180/2213
f 5179/5175/2210 5185/5181/2214 5186/5182/2215
f 5176/5172/2207 5187/5183/2216 5188/5184/2217
f 5176/5172/2207 5186/5182/2215 5187/5183/2216
f 5189/5185/2112 5190/5186/2108 5191/5187/2107
f 5189/5185/2112 5192/5188/2218 5193/5189/2116
f 5189/5185/2112 5194/5190/2114 5190/5186/2108
f 5190/5186/2108 5195/5191/2117 5196/5192/2219
f 5191/5187/2107 5197/5193/2110 5198/5194/2160
f 5191/5187/2107 5190/5186/2108 5199/5195/2109
f 5191/5187/2107 5199/5195/2109 5197/5193/2110
f 5191/5187/2107 5200/5196/2113 5189/5185/2112
f 5199/5195/2109 5201/5197/2119 5202/5198/2120
f 5199/5195/2109 5196/5192/2219 5201/5197/2119
f 5203/5199/2139 5204/5200/2140 5205/5201/2138
f 5203/5199/2139 5205/5201/2138 5206/5202/2145
f 5203/5199/2139 5207/5203/2143 5208/5204/2144
f 5204/5200/2140 5209/5205/2147 5210/5206/2148
f 5204/5200/2140 5203/5199/2139 5211/5207/2146
f 5205/5201/2138 5212/5208/2220 5213/5209/2142
f 5205/5201/2138 5214/5210/2221 5212/5208/2220
f 5211/5207/2146 5208/5204/2144 5215/5211/2151
f 5211/5207/2146 5209/5205/2147 5204/5200/2140
f 5211/5207/2146 5216/5212/2222 5217/5213/2150
f 5218/5214/2223 5219/5215/2224 5220/5216/2225
f 5218/5214/2223 5221/5217/2226 5219/5215/2224
f 5218/5214/2223 5222/5218/2172 5223/5219/2227
f 5219/5215/2224 5224/5220/2228 5225/5221/2229
f 5220/5216/2225 5226/5222/2169 5218/5214/2223
f 5220/5216/2225 5219/5215/2224 5227/5223/2230
f 5220/5216/2225 5228/5224/2231 5229/5225/2180
f 5220/5216/2225 5230/5226/2232 5228/5224/2231
f 5227/5223/2230 5231/5227/2233 5232/5228/2234
f 5227/5223/2230 5219/5215/2224 5231/5227/2233
f 5233/5229/2138 5234/5230/2221 5235/5231/2220
f 5233/5229/2138 5236/5232/2139 5237/5233/2140
f 5233/5229/2138 5235/5231/2220 5238/5234/2142
f 5236/5232/2139 5239/5235/2143 5240/5236/2144
f 5236/5232/2139 5241/5237/2146 5237/5233/2140
f 5236/5232/2139 5242/5238/2235 5243/5239/2145
f 5237/5233/2140 5244/5240/2147 5245/5241/2148
f 5241/5237/2146 5244/5240/2147 5237/5233/2140
f 5241/5237/2146 5246/5242/2149 5247/5243/2150
f 5241/5237/2146 5240/5236/2144 5248/5244/2151
f 5249/5245/2125 5250/5246/2121 5251/5247/2129
f 5249/5245/2125 5252/5248/2236 5253/5249/2131
f 5249/5245/2125 5251/5247/2129 5254/5250/2124
f 5249/5245/2125 5255/5251/2237 5252/5248/2236
f 5250/5246/2121 5249/5245/2125 5256/5252/2132
f 5250/5246/2121 5257/5253/2122 5258/5254/2123
f 5251/5247/2129 5258/5254/2123 5259/5255/2134
f 5251/5247/2129 5260/5256/2133 5261/5257/2128
f 5251/5247/2129 5262/5258/2238 5254/5250/2124
f 5254/5250/2124 5262/5258/2238 5263/5259/2127
f 5264/5260/2093 5265/5261/2239 5266/5262/2094
f 5264/5260/2093 5267/5263/2098 5265/5261/2239
f 5264/5260/2093 5268/5264/2240 5269/5265/2095
f 5264/5260/2093 5269/5265/2095 5270/5266/2096
f 5264/5260/2093 5271/5267/2099 5267/5263/2098
f 5267/5263/2098 5272/5268/2100 5265/5261/2239
f 5267/5263/2098 5273/5269/2212 5274/5270/2102
f 5265/5261/2239 5275/5271/2103 5276/5272/2104
f 5266/5262/2094 5277/5273/2105 5278/5274/2241
f 5266/5262/2094 5265/5261/2239 5277/5273/2105
f 5279/5275/2074 5280/5276/2079 5281/5277/2075
f 5279/5275/2074 5281/5277/2075 5282/5278/2076
f 5279/5275/2074 5283/5279/2077 5284/5280/2078
f 5279/5275/2074 5284/5280/2078 5280/5276/2079
f 5283/5279/2077 5279/5275/2074 5285/5281/2083
f 5283/5279/2077 5286/5282/2080 5287/5283/2081
f 5284/5280/2078 5287/5283/2081 5288/5284/2082
f 5284/5280/2078 5289/5285/2084 5290/5286/2085
f 5280/5276/2079 5291/5287/2086 5292/5288/2087
f 5280/5276/2079 5290/5286/2085 5291/5287/2086
f 5293/5289/2107 5294/5290/2109 5295/5291/2110
f 5293/5289/2107 5296/5292/2108 5294/5290/2109
f 5293/5289/2107 5295/5291/2110 5297/5293/2160
f 5293/5289/2107 5298/5294/2112 5296/5292/2108
f 5298/5294/2112 5299/5295/2115 5300/5296/2116
f 5298/5294/2112 5301/5297/2155 5302/5298/2113
f 5298/5294/2112 5303/5299/2114 5296/5292/2108
f 5296/5292/2108 5304/5300/2119 5294/5290/2109
f 5296/5292/2108 5305/5301/2117 5306/5302/2118
f 5294/5290/2109 5304/5300/2119 5307/5303/2120
f 5308/5304/2121 5309/5305/2242 5310/5306/2132
f 5308/5304/2121 5311/5307/2134 5312/5308/2129
f 5308/5304/2121 5313/5309/2122 5314/5310/2123
f 5308/5304/2121 5315/5311/2124 5316/5312/2125
f 5315/5311/2124 5312/5308/2129 5317/5313/2238
f 5315/5311/2124 5308/5304/2121 5312/5308/2129
f 5315/5311/2124 5317/5313/2238 5318/5314/2127
f 5316/5312/2125 5319/5315/2243 5320/5316/2236
f 5316/5312/2125 5320/5316/2236 5321/5317/2131
f 5312/5308/2129 5322/5318/2133 5323/5319/2128
f 5324/5320/2223 5325/5321/2226 5326/5322/2224
f 5324/5320/2223 5327/5323/2244 5328/5324/2227
f 5324/5320/2223 5326/5322/2224 5329/5325/2225
f 5326/5322/2224 5330/5326/2228 5331/5327/2229
f 5329/5325/2225 5332/5328/2230 5333/5329/2231
f 5329/5325/2225 5333/5329/2231 5334/5330/2180
f 5329/5325/2225 5326/5322/2224 5332/5328/2230
f 5329/5325/2225 5335/5331/2169 5324/5320/2223
f 5332/5328/2230 5326/5322/2224 5336/5332/2233
f 5332/5328/2230 5336/5332/2233 5337/5333/2234
f 5338/5334/2225 5339/5335/2224 5340/5336/2230
f 5338/5334/2225 5341/5337/2231 5342/5338/2180
f 5338/5334/2225 5340/5336/2230 5341/5337/2231
f 5339/5335/2224 5338/5334/2225 5343/5339/2223
f 5339/5335/2224 5344/5340/2233 5340/5336/2230
f 5339/5335/2224 5345/5341/2228 5346/5342/2229
f 5340/5336/2230 5344/5340/2233 5347/5343/2234
f 5343/5339/2223 5348/5344/2226 5339/5335/2224
f 5343/5339/2223 5349/5345/2244 5350/5346/2227
f 5343/5339/2223 5351/5347/2245 5352/5348/2169
f 5353/5349/2093 5354/5350/2094 5355/5351/2095
f 5353/5349/2093 5355/5351/2095 5356/5352/2096
f 5353/5349/2093 5357/5353/2098 5358/5354/2097
f 5353/5349/2093 5358/5354/2097 5354/5350/2094
f 5357/5353/2098 5359/5355/2101 5360/5356/2102
f 5357/5353/2098 5361/5357/2100 5358/5354/2097
f 5357/5353/2098 5362/5358/2246 5363/5359/2099
f 5358/5354/2097 5364/5360/2247 5365/5361/2104
f 5358/5354/2097 5366/5362/2248 5354/5350/2094
f 5354/5350/2094 5366/5362/2248 5367/5363/2106
f 5368/5364/863 5369/5365/2249 5370/5366/867
f 5368/5364/863 5371/5367/955 5372/5368/955
f 5368/5364/863 5373/5369/880 5374/5370/876
f 5373/5369/880 5368/5364/863 5370/5366/867
f 5373/5369/880 5375/5371/965 5376/5372/964
f 5373/5369/880 5377/5373/960 5375/5371/965
f 5374/5370/876 5378/5374/863 5368/5364/863
f 5374/5370/876 5373/5369/880 5379/5375/877
f 5370/5366/867 5380/5376/959 5377/5373/960
f 5381/5377/899 5382/5378/900 5383/5379/896
f 5381/5377/899 5384/5380/961 5385/5381/2250
f 5381/5377/899 5386/5382/923 5387/5383/962
f 5382/5378/900 5385/5381/2250 5388/5384/952
f 5382/5378/900 5388/5384/952 5389/5385/952
f 5383/5379/896 4945/4941/923 5386/5382/923
f 5390/5386/1844 5383/5379/896 5382/5378/900
f 5390/5386/1844 4946/4942/896 5383/5379/896
f 5391/5387/903 5392/5388/850 5393/5389/2251
f 5392/5388/850 5394/5390/1841 5395/5391/845
f 5392/5388/850 5391/5387/903 5396/5392/905
f 5393/5389/2251 5397/5393/843 5398/5394/933
f 5396/5392/905 5394/5390/1841 5392/5388/850
f 4896/4894/907 5399/5395/908 4893/4891/909
f 4895/4893/914 4892/4890/1838 5400/5396/2029
f 4916/4912/1012 4917/4913/856 4919/4915/857
f 4916/4912/1012 4906/4902/858 4917/4913/856
f 5401/5397/847 5398/5394/933 5397/5393/843
f 5397/5393/843 5402/5398/846 5401/5397/847
f 5397/5393/843 5395/5391/845 5402/5398/846
f 5397/5393/843 5393/5389/2251 5392/5388/850
f 5402/5398/846 5395/5391/845 5403/5399/848
f 4915/4911/929 5404/5400/930 4906/4902/858
f 5404/5400/930 4907/4903/925 4906/4902/858
f 4928/4924/872 4924/4920/870 4925/4921/927
f 4925/4921/927 4923/4919/882 5405/5401/926
f 4929/4925/873 4930/4926/871 4924/4920/870
f 4938/4934/893 4942/4938/897 4935/4931/889
f 4942/4938/897 4936/4932/895 4935/4931/889
f 4937/4933/892 4934/4930/2027 5406/5402/2028
f 4908/4904/837 4912/4908/838 4909/4905/832
f 4913/4909/839 4917/4913/856 4909/4905/832
f 4898/4896/915 4894/4892/916 4897/4895/917
f 4897/4895/917 4893/4891/909 5399/5395/908
f 4899/4897/918 4900/4898/1836 4894/4892/916
f 4927/4923/886 5405/5401/926 4923/4919/882
f 4926/4922/885 4920/4916/883 5407/5403/884
f 4910/4906/924 4905/4901/842 4907/4903/925
f 4911/4907/840 4908/4904/837 4905/4901/842
f 4940/4936/920 4936/4932/895 4943/4939/921
f 4941/4937/922 4939/4935/896 4936/4932/895
f 5408/5404/845 5403/5399/848 5395/5391/845
f 5408/5404/845 5394/5390/1841 4957/4953/2073
f 5408/5404/845 5409/5405/848 5410/5406/848
f 5409/5405/848 5408/5404/845 4956/4952/845
f 5409/5405/848 4956/4952/845 4950/4946/853
f 5409/5405/848 4950/4946/853 5411/5407/854
f 5403/5399/848 5408/5404/845 5410/5406/848
f 5395/5391/845 5397/5393/843 5392/5388/850
f 4933/4929/928 4931/4927/928 4930/4926/871
f 4931/4927/928 4989/4985/871 4932/4928/871
f 4932/4928/871 4988/4984/883 4921/4917/883
f 4990/4986/928 4985/4981/969 4989/4985/871
f 4955/4951/2026 4953/4949/2025 4957/4953/2073
f 4957/4953/2073 5412/5408/1842 4955/4951/2026
f 4957/4953/2073 4956/4952/845 5408/5404/845
f 4951/4947/1883 4948/4944/852 4953/4949/2025
f 4951/4947/1883 5413/5409/2036 5012/5008/1878
f 5413/5409/2036 4951/4947/1883 4955/4951/2026
f 4901/4899/2071 5007/5003/1871 5414/5410/2038
f 4901/4899/2071 5400/5396/2029 4892/4890/1838
f 4901/4899/2071 4900/4898/1836 5006/5002/2090
f 5007/5003/1871 5000/4996/2089 5415/5411/2039
f 5007/5003/1871 4901/4899/2071 5005/5001/1862
f 5400/5396/2029 4901/4899/2071 5416/5412/2037
f 5412/5408/1842 4957/4953/2073 5394/5390/1841
f 5394/5390/1841 5396/5392/905 5412/5408/1842
f 5394/5390/1841 5408/5404/845 5395/5391/845
f 4921/4917/883 4930/4926/871 4932/4928/871
f 4921/4917/883 4995/4991/884 4922/4918/884
f 4995/4991/884 4921/4917/883 4988/4984/883
f 4995/4991/884 4992/4988/887 5417/5413/888
f 5407/5403/884 4920/4916/883 4922/4918/884
f 4945/4941/923 4939/4935/896 4944/4940/923
f 4945/4941/923 5383/5379/896 4946/4942/896
f 4946/4942/896 5390/5386/1844 4947/4943/2072
f 5386/5382/923 5381/5377/899 5383/5379/896
f 5418/5414/2030 4947/4943/2072 5390/5386/1844
f 5418/5414/2030 5390/5386/1844 5026/5022/1845
f 4947/4943/2072 5406/5402/2028 4934/4930/2027
f 4947/4943/2072 4939/4935/896 4946/4942/896
f 5026/5022/1845 5382/5378/900 5027/5023/900
f 5026/5022/1845 5025/5021/2032 5418/5414/2030
f 5026/5022/1845 5390/5386/1844 5382/5378/900
f 5406/5402/2028 4947/4943/2072 5418/5414/2030
f 4902/4900/1837 5006/5002/2090 4900/4898/1836
f 5006/5002/2090 4902/4900/1837 5419/5415/2033
f 5006/5002/2090 5005/5001/1862 4901/4899/2071
f 5006/5002/2090 5002/4998/1866 5001/4997/1865
f 5002/4998/1866 5006/5002/2090 5420/5416/2035
f 5002/4998/1866 4996/4992/2088 5001/4997/1865
f 5025/5021/2032 5026/5022/1845 5021/5017/1876
f 5421/5417/2044 5020/5016/2092 5029/5025/951
f 5028/5024/953 5019/5015/900 5422/5418/952
f 5423/5419/2045 5424/5420/947 5425/5421/2043
f 5425/5421/2043 5426/5422/938 5427/5423/2252
f 5425/5421/2043 5428/5424/2046 5423/5419/2045
f 5425/5421/2043 5424/5420/947 5429/5425/950
f 4959/4955/865 4958/4954/864 4969/4965/954
f 4969/4965/954 4962/4958/875 5430/5426/941
f 4960/4956/982 4963/4959/955 4958/4954/864
f 5016/5012/1884 5017/5013/944 5013/5009/2091
f 4968/4964/879 5430/5426/941 4962/4958/875
f 5431/5427/2040 5427/5423/2252 5432/5428/937
f 5427/5423/2252 5426/5422/938 5432/5428/937
f 5426/5422/938 5425/5421/2043 5429/5425/950
f 5023/5019/1874 5024/5020/2052 5018/5014/1872
f 5024/5020/2052 5021/5017/1876 5018/5014/1872
f 5022/5018/1873 5020/5016/2092 5421/5417/2044
f 5022/5018/1873 5018/5014/1872 5020/5016/2092
f 5003/4999/2034 4997/4993/1867 4996/4992/2088
f 5433/5429/2053 5434/5430/2050 5435/5431/2051
f 5434/5430/2050 5433/5429/2053 5428/5424/2054
f 5435/5431/2051 5436/5432/2253 5437/5433/2048
f 5009/5005/1879 5008/5004/1877 5438/5434/2254
f 5438/5434/2254 5012/5008/1878 5413/5409/2036
f 5438/5434/2254 5008/5004/1877 5012/5008/1878
f 5010/5006/1880 5013/5009/2091 5008/5004/1877
f 5439/5435/2047 5437/5433/2048 5436/5432/2253
f 5436/5432/2253 5435/5431/2051 5434/5430/2050
f 5436/5432/2253 5440/5436/2041 5439/5435/2047
f 5440/5436/2041 5436/5432/2253 5431/5427/2040
f 5415/5411/2039 5000/4996/2089 5004/5000/1870
f 4999/4995/1869 4996/4992/2088 4998/4994/1868
f 4963/4959/955 5378/5374/863 4964/4960/863
f 5378/5374/863 4963/4959/955 5371/5367/955
f 5378/5374/863 5374/5370/876 4965/4961/876
f 5371/5367/955 5368/5364/863 5378/5374/863
f 5027/5023/900 5382/5378/900 5389/5385/952
f 5027/5023/900 5422/5418/952 5019/5015/900
f 5422/5418/952 5027/5023/900 5389/5385/952
f 5417/5413/888 4992/4988/887 4994/4990/956
f 5387/5383/962 5384/5380/961 5381/5377/899
f 5385/5381/2250 5382/5378/900 5381/5377/899
f 5369/5365/2249 5368/5364/863 5372/5368/955
f 5369/5365/2249 5380/5376/959 5370/5366/867
f 5377/5373/960 5373/5369/880 5370/5366/867
f 4970/4966/877 4961/4957/876 4966/4962/877
f 4970/4966/877 4962/4958/875 4961/4957/876
f 4966/4962/877 5374/5370/876 5379/5375/877
f 4966/4962/877 4965/4961/876 5374/5370/876
f 4965/4961/876 4964/4960/863 5378/5374/863
f 4952/4948/852 5441/5437/973 4948/4944/852
f 4952/4948/852 5012/5008/1878 5011/5007/852
f 4952/4948/852 5014/5010/973 5442/5438/973
f 5014/5010/973 4952/4948/852 5011/5007/852
f 5441/5437/973 4952/4948/852 5442/5438/973
f 5379/5375/877 5373/5369/880 5443/5439/881
f 5411/5407/854 4950/4946/853 4954/4950/971
f 4949/4945/972 4948/4944/852 5441/5437/973
f 4986/4982/968 4985/4981/969 4991/4987/967
f 4987/4983/970 4992/4988/887 4985/4981/969
f 5443/5439/881 5373/5369/880 5376/5372/964
f 4979/4975/2082 4981/4977/2084 4975/4971/2078
f 4982/4978/2085 4976/4972/2079 4975/4971/2078
f 5038/5034/2101 5035/5031/2098 5036/5032/2099
f 5036/5032/2099 5030/5026/2093 5444/5440/2246
f 5091/5087/2142 5445/5441/2235 5087/5083/2138
f 5445/5441/2235 5094/5090/2145 5087/5083/2138
f 5090/5086/2141 5089/5085/2140 5446/5442/2221
f 4977/4973/2080 4974/4970/2077 4980/4976/2083
f 4978/4974/2081 4979/4975/2082 4974/4970/2077
f 5092/5088/2143 5088/5084/2139 5094/5090/2145
f 5093/5089/2144 5095/5091/2146 5088/5084/2139
f 5297/5293/2160 5301/5297/2155 5293/5289/2107
f 5301/5297/2155 5298/5294/2112 5293/5289/2107
f 5295/5291/2110 5294/5290/2109 5447/5443/2255
f 5059/5055/2122 5058/5054/2121 5069/5065/2132
f 5069/5065/2132 5062/5058/2125 5448/5444/2242
f 5060/5056/2123 5066/5062/2129 5058/5054/2121
f 5446/5442/2221 5089/5085/2140 5097/5093/2148
f 5096/5092/2147 5095/5091/2146 5099/5095/2150
f 5037/5033/2100 5040/5036/2103 5034/5030/2097
f 5037/5033/2100 5035/5031/2098 5039/5035/2102
f 5041/5037/2104 5031/5027/2094 5034/5030/2097
f 5447/5443/2255 5294/5290/2109 5307/5303/2120
f 5304/5300/2119 5296/5292/2108 5306/5302/2118
f 5100/5096/2151 5098/5094/2149 5095/5091/2146
f 5070/5066/2133 5066/5062/2129 5071/5067/2134
f 5065/5061/2128 5061/5057/2124 5066/5062/2129
f 5076/5072/2076 5080/5076/2136 5072/5068/2074
f 5080/5076/2136 5077/5073/2077 5072/5068/2074
f 5074/5070/2075 5073/5069/2079 5449/5445/2256
f 5052/5048/2115 5049/5045/2112 5050/5046/2113
f 5053/5049/2116 5051/5047/2114 5049/5045/2112
f 5334/5330/2180 5450/5446/2168 5329/5325/2225
f 5333/5329/2231 5332/5328/2230 5451/5447/2232
f 5449/5445/2256 5073/5069/2079 5086/5082/2087
f 5082/5078/2086 5075/5071/2078 5085/5081/2137
f 5327/5323/2244 5324/5320/2223 5335/5331/2169
f 5335/5331/2169 5329/5325/2225 5450/5446/2168
f 5328/5324/2227 5325/5321/2226 5324/5320/2223
f 5356/5352/2096 5362/5358/2246 5353/5349/2093
f 5362/5358/2246 5357/5353/2098 5353/5349/2093
f 5355/5351/2095 5354/5350/2094 5452/5448/2240
f 5051/5047/2114 5054/5050/2117 5045/5041/2108
f 5055/5051/2118 5046/5042/2109 5045/5041/2108
f 5319/5315/2243 5315/5311/2124 5318/5314/2127
f 5319/5315/2243 5316/5312/2125 5315/5311/2124
f 5451/5447/2232 5332/5328/2230 5337/5333/2234
f 5321/5317/2131 5309/5305/2242 5316/5312/2125
f 5309/5305/2242 5308/5304/2121 5316/5312/2125
f 5452/5448/2240 5354/5350/2094 5367/5363/2106
f 5366/5362/2248 5358/5354/2097 5365/5361/2104
f 5330/5326/2228 5326/5322/2224 5325/5321/2226
f 5331/5327/2229 5336/5332/2233 5326/5322/2224
f 5286/5282/2080 5283/5279/2077 5285/5281/2083
f 5287/5283/2081 5284/5280/2078 5283/5279/2077
f 5153/5149/2143 5148/5144/2139 5152/5148/2145
f 5154/5150/2186 5155/5151/2187 5148/5144/2139
f 5112/5108/2160 5106/5102/2155 5103/5099/2153
f 5106/5102/2155 5101/5097/2112 5103/5099/2153
f 5289/5285/2084 5284/5280/2078 5288/5284/2082
f 5290/5286/2085 5280/5276/2079 5284/5280/2078
f 5183/5179/2212 5178/5174/2209 5180/5176/2099
f 5180/5176/2099 5175/5171/2093 5453/5449/2246
f 5184/5180/2213 5182/5178/2211 5178/5174/2209
f 5151/5147/2142 5454/5450/2257 5147/5143/2183
f 5454/5450/2257 5152/5148/2145 5147/5143/2183
f 5150/5146/2185 5149/5145/2184 5455/5451/2258
f 5113/5109/2161 5103/5099/2153 5102/5098/2152
f 5113/5109/2161 5102/5098/2152 5110/5106/2158
f 5159/5155/2191 5155/5151/2187 5158/5154/2190
f 5167/5163/2199 5171/5167/2203 5162/5158/2194
f 5172/5168/2204 5163/5159/2195 5162/5158/2194
f 5169/5165/2201 5164/5160/2196 5168/5164/2200
f 5170/5166/2202 5167/5163/2199 5164/5160/2196
f 5455/5451/2258 5149/5145/2184 5157/5153/2189
f 5156/5152/2188 5155/5151/2187 5160/5156/2192
f 5182/5178/2211 5185/5181/2214 5179/5175/2210
f 5186/5182/2215 5176/5172/2207 5179/5175/2210
f 5282/5278/2076 5456/5452/2136 5279/5275/2074
f 5456/5452/2136 5285/5281/2083 5279/5275/2074
f 5281/5277/2075 5280/5276/2079 5457/5453/2256
f 5104/5100/2115 5101/5097/2112 5107/5103/2113
f 5105/5101/2154 5108/5104/2156 5101/5097/2112
f 5144/5140/2180 5132/5128/2168 5135/5131/2171
f 5132/5128/2168 5131/5127/2167 5135/5131/2171
f 5457/5453/2256 5280/5276/2079 5292/5288/2087
f 5136/5132/2172 5131/5127/2167 5133/5129/2169
f 5137/5133/2173 5138/5134/2174 5131/5127/2167
f 5181/5177/2096 5453/5449/2246 5175/5171/2093
f 5177/5173/2208 5176/5172/2207 5458/5454/2259
f 5115/5111/2163 5108/5104/2156 5114/5110/2162
f 5116/5112/2164 5109/5105/2157 5108/5104/2156
f 5459/5455/2260 5163/5159/2195 5174/5170/2206
f 5142/5138/2178 5135/5131/2171 5141/5137/2177
f 5142/5138/2178 5141/5137/2177 5146/5142/2182
f 5166/5162/2198 5460/5456/2261 5161/5157/2193
f 5460/5456/2261 5168/5164/2200 5161/5157/2193
f 5165/5161/2197 5163/5159/2195 5459/5455/2260
f 5458/5454/2259 5176/5172/2207 5188/5184/2217
f 5138/5134/2174 5139/5135/2175 5134/5130/2170
f 5140/5136/2176 5145/5141/2181 5134/5130/2170
f 5123/5119/2080 5118/5114/2077 5126/5122/2166
f 5124/5120/2081 5125/5121/2165 5118/5114/2077
f 5239/5235/2143 5236/5232/2139 5243/5239/2145
f 5240/5236/2144 5241/5237/2146 5236/5232/2139
f 5198/5194/2160 5461/5457/2262 5191/5187/2107
f 5197/5193/2110 5199/5195/2109 5462/5458/2263
f 5125/5121/2165 5127/5123/2084 5119/5115/2078
f 5128/5124/2085 5120/5116/2079 5119/5115/2078
f 5273/5269/2212 5267/5263/2098 5271/5267/2099
f 5271/5267/2099 5264/5260/2093 5463/5459/2246
f 5274/5270/2102 5272/5268/2100 5267/5263/2098
f 5238/5234/2142 5242/5238/2235 5233/5229/2138
f 5242/5238/2235 5236/5232/2139 5233/5229/2138
f 5462/5458/2263 5199/5195/2109 5202/5198/2120
f 5246/5242/2149 5241/5237/2146 5248/5244/2151
f 5259/5255/2134 5260/5256/2133 5251/5247/2129
f 5257/5253/2122 5250/5246/2121 5256/5252/2132
f 5258/5254/2123 5251/5247/2129 5250/5246/2121
f 5234/5230/2221 5233/5229/2138 5237/5233/2140
f 5234/5230/2221 5237/5233/2140 5245/5241/2148
f 5244/5240/2147 5241/5237/2146 5247/5243/2150
f 5272/5268/2100 5275/5271/2103 5265/5261/2239
f 5276/5272/2104 5277/5273/2105 5265/5261/2239
f 5122/5118/2076 5464/5460/2136 5117/5113/2074
f 5464/5460/2136 5126/5122/2166 5117/5113/2074
f 5121/5117/2075 5120/5116/2079 5465/5461/2256
f 5192/5188/2218 5189/5185/2112 5200/5196/2113
f 5200/5196/2113 5191/5187/2107 5461/5457/2262
f 5193/5189/2116 5194/5190/2114 5189/5185/2112
f 5229/5225/2180 5466/5462/2168 5220/5216/2225
f 5465/5461/2256 5120/5116/2079 5130/5126/2087
f 5222/5218/2172 5218/5214/2223 5226/5222/2169
f 5226/5222/2169 5220/5216/2225 5466/5462/2168
f 5223/5219/2227 5221/5217/2226 5218/5214/2223
f 5270/5266/2096 5463/5459/2246 5264/5260/2093
f 5194/5190/2114 5195/5191/2117 5190/5186/2108
f 5196/5192/2219 5199/5195/2109 5190/5186/2108
f 5255/5251/2237 5254/5250/2124 5263/5259/2127
f 5255/5251/2237 5249/5245/2125 5254/5250/2124
f 5262/5258/2238 5251/5247/2129 5261/5257/2128
f 5230/5226/2232 5220/5216/2225 5227/5223/2230
f 5230/5226/2232 5227/5223/2230 5232/5228/2234
f 5253/5249/2131 5467/5463/2242 5249/5245/2125
f 5467/5463/2242 5256/5252/2132 5249/5245/2125
f 5268/5264/2240 5266/5262/2094 5278/5274/2241
f 5268/5264/2240 5264/5260/2093 5266/5262/2094
f 5221/5217/2226 5224/5220/2228 5219/5215/2224
f 5225/5221/2229 5231/5227/2233 5219/5215/2224
f 5048/5044/2111 5468/5464/2262 5044/5040/2107
f 5468/5464/2262 5050/5046/2113 5044/5040/2107
f 5047/5043/2110 5046/5042/2109 5469/5465/2263
f 5078/5074/2080 5077/5073/2077 5081/5077/2083
f 5079/5075/2135 5075/5071/2078 5077/5073/2077
f 5207/5203/2143 5203/5199/2139 5206/5202/2145
f 5208/5204/2144 5211/5207/2146 5203/5199/2139
f 5299/5295/2115 5298/5294/2112 5302/5298/2113
f 5342/5338/2180 5351/5347/2245 5338/5334/2225
f 5351/5347/2245 5343/5339/2223 5338/5334/2225
f 5341/5337/2231 5340/5336/2230 5470/5466/2232
f 4973/4969/2076 5471/5467/2136 4971/4967/2074
f 5471/5467/2136 4980/4976/2083 4971/4967/2074
f 4972/4968/2075 4976/4972/2079 5472/5468/2256
f 5033/5029/2096 5444/5440/2246 5030/5026/2093
f 5032/5028/2095 5031/5027/2094 5473/5469/2240
f 5472/5468/2256 4976/4972/2079 4984/4980/2087
f 5349/5345/2244 5343/5339/2223 5352/5348/2169
f 5350/5346/2227 5348/5344/2226 5343/5339/2223
f 5359/5355/2101 5357/5353/2098 5363/5359/2099
f 5213/5209/2142 5474/5470/2257 5205/5201/2138
f 5474/5470/2257 5206/5202/2145 5205/5201/2138
f 5084/5080/2084 5075/5071/2078 5083/5079/2082
f 5068/5064/2131 5448/5444/2242 5062/5058/2125
f 5067/5063/2130 5061/5057/2124 5475/5471/2237
f 5473/5469/2240 5031/5027/2094 5043/5039/2106
f 5348/5344/2226 5345/5341/2228 5339/5335/2224
f 5313/5309/2122 5308/5304/2121 5310/5306/2132
f 5314/5310/2123 5311/5307/2134 5308/5304/2121
f 5214/5210/2221 5205/5201/2138 5204/5200/2140
f 5214/5210/2221 5204/5200/2140 5210/5206/2148
f 5209/5205/2147 5211/5207/2146 5217/5213/2150
f 5361/5357/2100 5357/5353/2098 5360/5356/2102
f 5361/5357/2100 5364/5360/2247 5358/5354/2097
f 5311/5307/2134 5322/5318/2133 5312/5308/2129
f 5323/5319/2128 5317/5313/2238 5312/5308/2129
f 5469/5465/2263 5046/5042/2109 5057/5053/2120
f 5215/5211/2151 5216/5212/2222 5211/5207/2146
f 5475/5471/2237 5061/5057/2124 5064/5060/2127
f 5470/5466/2232 5340/5336/2230 5347/5343/2234
f 5344/5340/2233 5339/5335/2224 5346/5342/2229
f 5303/5299/2114 5305/5301/2117 5296/5292/2108
f 5303/5299/2114 5298/5294/2112 5300/5296/2116
