# Blender v3.1.2 OBJ File: ''
# www.blender.org
mtllib Slime.mtl
o Slime
v -0.426462 0.705414 1.170472
v -0.361988 0.750366 1.181884
v -0.430915 0.925259 1.145216
v -0.564418 0.911423 1.101660
v -0.449987 1.167460 1.055810
v -0.564418 0.911423 1.101660
v -0.430915 0.925259 1.145216
v -0.363131 1.127669 1.096231
v -0.055639 0.661658 1.235299
v -0.361988 0.750366 1.181884
v -0.426462 0.705414 1.170472
v -0.065195 0.728058 1.231303
v -0.121423 1.260652 1.085211
v -0.363131 1.127669 1.096231
v -0.117277 1.216293 1.102383
v -0.449987 1.167460 1.055810
v 0.200818 0.812110 1.187330
v -0.055639 0.661658 1.235299
v 0.310381 0.760253 1.168565
v -0.065195 0.728058 1.231303
v 0.310381 0.760253 1.168565
v 0.232436 0.984737 1.150583
v 0.200818 0.812110 1.187330
v 0.375921 0.995301 1.101253
v 0.214455 1.223083 1.060351
v 0.232436 0.984737 1.150583
v 0.375921 0.995301 1.101253
v 0.131862 1.161855 1.105688
v -0.121423 1.260652 1.085211
v 0.131862 1.161855 1.105688
v 0.214455 1.223083 1.060351
v -0.117277 1.216293 1.102383
v -0.261609 0.820888 1.218617
v -0.430915 0.925259 1.145216
v -0.361988 0.750366 1.181884
v -0.306958 0.938770 1.185859
v -0.306958 0.938770 1.185859
v -0.363131 1.127669 1.096231
v -0.430915 0.925259 1.145216
v -0.260818 1.080450 1.157914
v -0.361988 0.750366 1.181884
v -0.065195 0.728058 1.231303
v -0.261609 0.820888 1.218617
v -0.076503 0.805530 1.255790
v 0.131862 1.161855 1.105688
v 0.130626 0.977206 1.185591
v 0.232436 0.984737 1.150583
v 0.061009 1.107831 1.157508
v -0.117277 1.216293 1.102383
v -0.260818 1.080450 1.157914
v -0.107660 1.117999 1.176557
v -0.363131 1.127669 1.096231
v -0.117277 1.216293 1.102383
v -0.107660 1.117999 1.176557
v 0.061009 1.107831 1.157508
v 0.131862 1.161855 1.105688
v 0.108969 0.854214 1.218652
v -0.065195 0.728058 1.231303
v 0.200818 0.812110 1.187330
v -0.076503 0.805530 1.255790
v 0.200818 0.812110 1.187330
v 0.130626 0.977206 1.185591
v 0.108969 0.854214 1.218652
v 0.232436 0.984737 1.150583
v -0.227615 1.250865 1.468722
v -0.218692 1.279583 1.389216
v -0.244994 1.221234 1.445487
v -0.227615 1.250865 1.468722
v -0.140352 1.313751 1.434102
v -0.218692 1.279583 1.389216
v -0.140683 1.303805 1.495768
v -0.012578 1.205273 1.503295
v 0.000623 1.252872 1.449422
v -0.032139 1.278010 1.473398
v -0.131177 1.244803 1.525526
v -0.120831 1.189036 1.528634
v -0.012578 1.205273 1.503295
v -0.032139 1.278010 1.473398
v 0.000623 1.252872 1.449422
v -0.037989 1.303008 1.392131
v -0.037989 1.303008 1.392131
v -0.140352 1.313751 1.434102
v -0.032139 1.278010 1.473398
v -0.140683 1.303805 1.495768
v -0.221748 1.178414 1.499878
v -0.120831 1.189036 1.528634
v -0.131177 1.244803 1.525526
v -0.227615 1.250865 1.468722
v -0.244994 1.221234 1.445487
v -0.221748 1.178414 1.499878
v -0.116484 1.186648 1.264068
v -0.134175 1.308210 1.391599
v -0.037989 1.303008 1.392131
v 0.023108 1.177133 1.258160
v 0.023108 1.177133 1.258160
v -0.037989 1.303008 1.392131
v 0.000623 1.252872 1.449422
v 0.080146 1.085625 1.319057
v -0.095253 0.968047 1.413355
v -0.221748 1.178414 1.499878
v -0.243668 0.964784 1.373603
v -0.120831 1.189036 1.528634
v -0.240970 1.149095 1.254859
v -0.244994 1.221234 1.445487
v -0.218692 1.279583 1.389216
v -0.278859 1.045867 1.314114
v -0.032139 1.278010 1.473398
v -0.131177 1.244803 1.525526
v -0.012578 1.205273 1.503295
v -0.140683 1.303805 1.495768
v -0.134175 1.308210 1.391599
v -0.140352 1.313751 1.434102
v -0.037989 1.303008 1.392131
v -0.131177 1.244803 1.525526
v -0.227615 1.250865 1.468722
v -0.221748 1.178414 1.499878
v -0.140683 1.303805 1.495768
v -0.134175 1.308210 1.391599
v -0.218692 1.279583 1.389216
v -0.140352 1.313751 1.434102
v 0.130626 0.977206 1.185591
v 0.080146 1.085625 1.319057
v 0.062050 0.998537 1.377949
v 0.108969 0.854214 1.218652
v -0.240970 1.149095 1.254859
v -0.107660 1.117999 1.176557
v -0.260818 1.080450 1.157914
v -0.116484 1.186648 1.264068
v -0.095253 0.968047 1.413355
v 0.108969 0.854214 1.218652
v 0.062050 0.998537 1.377949
v -0.076503 0.805530 1.255790
v -0.107660 1.117999 1.176557
v -0.116484 1.186648 1.264068
v 0.023108 1.177133 1.258160
v 0.061009 1.107831 1.157508
v -0.012578 1.205273 1.503295
v -0.095253 0.968047 1.413355
v 0.062050 0.998537 1.377949
v -0.120831 1.189036 1.528634
v -0.218692 1.279583 1.389216
v -0.116484 1.186648 1.264068
v -0.240970 1.149095 1.254859
v -0.134175 1.308210 1.391599
v 0.080146 1.085625 1.319057
v 0.000623 1.252872 1.449422
v -0.012578 1.205273 1.503295
v 0.062050 0.998537 1.377949
v -0.278859 1.045867 1.314114
v -0.221748 1.178414 1.499878
v -0.244994 1.221234 1.445487
v -0.243668 0.964784 1.373603
v 0.312318 1.295786 1.013661
v 0.214455 1.223083 1.060351
v 0.375921 0.995301 1.101253
v -0.121423 1.260652 1.085211
v 0.214455 1.223083 1.060351
v 0.312318 1.295786 1.013661
v 0.375921 0.995301 1.101253
v 0.310381 0.760253 1.168565
v 0.432886 0.701512 1.152944
v -0.055639 0.661658 1.235299
v -0.426462 0.705414 1.170472
v -0.544224 0.626944 1.153124
v -0.306958 0.938770 1.185859
v -0.243668 0.964784 1.373603
v -0.278859 1.045867 1.314114
v -0.261609 0.820888 1.218617
v -0.278859 1.045867 1.314114
v -0.260818 1.080450 1.157914
v -0.306958 0.938770 1.185859
v -0.240970 1.149095 1.254859
v -0.076503 0.805530 1.255790
v -0.243668 0.964784 1.373603
v -0.261609 0.820888 1.218617
v -0.095253 0.968047 1.413355
v 0.061009 1.107831 1.157508
v 0.023108 1.177133 1.258160
v 0.080146 1.085625 1.319057
v 0.130626 0.977206 1.185591
v -0.827157 0.046521 0.415810
v -0.831224 0.119750 0.824452
v -1.055911 0.113751 0.449267
v -0.705645 0.069292 0.700983
v -1.168569 0.225339 0.497245
v -0.831224 0.119750 0.824452
v -0.923130 0.225191 0.911815
v -1.055911 0.113751 0.449267
v -0.887281 0.036331 0.000000
v -1.055911 0.113751 0.449267
v -1.131475 0.108939 0.000000
v -0.827157 0.046521 0.415810
v -1.168569 0.225339 0.497245
v -1.250427 0.226282 0.000000
v -1.055911 0.113751 0.449267
v -1.131475 0.108939 0.000000
v -0.956823 0.595261 0.905886
v -1.208689 0.366204 0.507355
v -0.960078 0.372854 0.930151
v -1.198698 0.583513 0.494119
v -1.198698 0.583513 0.494119
v -1.290491 0.367739 0.000000
v -1.208689 0.366204 0.507355
v -1.282786 0.574927 0.000000
v -0.923130 0.225191 0.911815
v -1.208689 0.366204 0.507355
v -1.168569 0.225339 0.497245
v -0.960078 0.372854 0.930151
v -1.168569 0.225339 0.497245
v -1.290491 0.367739 0.000000
v -1.250427 0.226282 0.000000
v -1.208689 0.366204 0.507355
v 0.409526 0.083678 0.824452
v 0.815879 0.173878 0.824452
v 0.438684 0.162569 1.051475
v 0.694747 0.112321 0.700983
v 0.815879 0.173878 0.824452
v 0.480795 0.281543 1.161034
v 0.438684 0.162569 1.051475
v 0.898138 0.291350 0.911814
v -0.006191 0.057923 0.885390
v 0.438684 0.162569 1.051475
v -0.010362 0.137566 1.127946
v 0.409526 0.083678 0.824452
v 0.480795 0.281543 1.161034
v -0.016452 0.258079 1.244307
v 0.438684 0.162569 1.051475
v -0.010362 0.137566 1.127946
v 0.853094 0.721422 0.905879
v 0.432886 0.701512 1.152944
v 0.472551 0.465181 1.183839
v 0.900050 0.480944 0.930151
v 0.432886 0.701512 1.152944
v -0.032188 0.431989 1.268388
v 0.472551 0.465181 1.183839
v -0.055639 0.661658 1.235299
v 0.898138 0.291350 0.911814
v 0.472551 0.465181 1.183839
v 0.480795 0.281543 1.161034
v 0.900050 0.480944 0.930151
v 0.480795 0.281543 1.161034
v -0.032188 0.431989 1.268388
v -0.016452 0.258079 1.244307
v 0.472551 0.465181 1.183839
v -0.535229 0.402222 1.183883
v -0.956823 0.595261 0.905886
v -0.960078 0.372854 0.930151
v -0.544224 0.626944 1.153124
v -0.923130 0.225191 0.911815
v -0.535229 0.402222 1.183883
v -0.960078 0.372854 0.930151
v -0.510731 0.237595 1.161034
v -0.032188 0.431989 1.268388
v -0.544224 0.626944 1.153124
v -0.535229 0.402222 1.183883
v -0.055639 0.661658 1.235299
v -0.510731 0.237595 1.161034
v -0.032188 0.431989 1.268388
v -0.535229 0.402222 1.183883
v -0.016452 0.258079 1.244307
v -0.421449 0.051984 0.824452
v -0.831224 0.119750 0.824452
v -0.705645 0.069292 0.700983
v -0.458559 0.123475 1.051475
v -0.006191 0.057923 0.885390
v -0.458559 0.123475 1.051475
v -0.421449 0.051984 0.824452
v -0.010362 0.137566 1.127946
v -0.510731 0.237595 1.161034
v -0.831224 0.119750 0.824452
v -0.458559 0.123475 1.051475
v -0.923130 0.225191 0.911815
v -0.016452 0.258079 1.244307
v -0.458559 0.123475 1.051475
v -0.010362 0.137566 1.127946
v -0.510731 0.237595 1.161034
v 1.171473 0.450585 0.507355
v 0.853094 0.721422 0.905879
v 0.900050 0.480944 0.930151
v 1.109125 0.722049 0.494120
v 0.898138 0.291350 0.911814
v 1.171473 0.450585 0.507355
v 0.900050 0.480944 0.930151
v 1.155212 0.270643 0.497245
v 1.259649 0.443054 0.000000
v 1.109125 0.722049 0.494120
v 1.171473 0.450585 0.507355
v 1.214647 0.685511 0.000000
v 1.155212 0.270643 0.497245
v 1.259649 0.443054 0.000000
v 1.171473 0.450585 0.507355
v 1.240348 0.263411 0.000000
v 0.821037 0.079651 0.415811
v 0.815879 0.173878 0.824452
v 0.694747 0.112321 0.700983
v 1.047154 0.154738 0.449267
v 1.047154 0.154738 0.449267
v 0.883063 0.063270 0.000000
v 1.124892 0.143452 0.000000
v 0.821037 0.079651 0.415811
v 1.155212 0.270643 0.497245
v 0.898138 0.291350 0.911814
v 0.815879 0.173878 0.824452
v 1.047154 0.154738 0.449267
v 1.240348 0.263411 0.000000
v 1.155212 0.270643 0.497245
v 1.047154 0.154738 0.449267
v 1.124892 0.143452 0.000000
v -0.527993 1.825597 0.354220
v -0.727994 1.610639 0.572243
v -0.500693 1.700487 0.660949
v -0.822348 1.671293 0.337681
v -0.178269 1.901840 0.376862
v -0.500693 1.700487 0.660949
v -0.167844 1.765125 0.703747
v -0.527993 1.825597 0.354220
v -0.553650 1.866515 0.000495
v -0.822348 1.671293 0.337681
v -0.527993 1.825597 0.354220
v -0.867789 1.701489 0.000370
v -0.181495 1.947948 0.000892
v -0.527993 1.825597 0.354220
v -0.178269 1.901840 0.376862
v -0.553650 1.866515 0.000495
v 0.177499 1.891259 0.354403
v 0.171163 1.762145 0.660932
v 0.411320 1.715431 0.572267
v 0.493729 1.792404 0.337722
v 0.196877 1.936891 0.000804
v 0.177499 1.891259 0.354403
v 0.493729 1.792404 0.337722
v 0.533542 1.830446 0.000414
v -0.178269 1.901840 0.376862
v -0.167844 1.765125 0.703747
v 0.171163 1.762145 0.660932
v 0.177499 1.891259 0.354403
v -0.181495 1.947948 0.000892
v -0.178269 1.901840 0.376862
v 0.177499 1.891259 0.354403
v 0.196877 1.936891 0.000804
v 0.446883 0.028687 0.449267
v 0.821037 0.079651 0.415811
v 0.694747 0.112321 0.700983
v 0.409526 0.083678 0.824452
v 0.409526 0.083678 0.824452
v -0.002104 0.006129 0.482723
v 0.446883 0.028687 0.449267
v -0.006191 0.057923 0.885390
v 0.821037 0.079651 0.415811
v 0.446883 0.028687 0.449267
v 0.481478 0.009040 0.000000
v 0.883063 0.063270 0.000000
v 0.446883 0.028687 0.449267
v -0.002104 0.006129 0.482723
v -0.000000 -0.014279 -0.000000
v 0.481478 0.009040 0.000000
v -0.451424 0.010460 0.449267
v -0.705645 0.069292 0.700983
v -0.827157 0.046521 0.415810
v -0.421449 0.051984 0.824452
v -0.483608 -0.001889 0.000000
v -0.827157 0.046521 0.415810
v -0.887281 0.036331 0.000000
v -0.451424 0.010460 0.449267
v -0.002104 0.006129 0.482723
v -0.421449 0.051984 0.824452
v -0.451424 0.010460 0.449267
v -0.006191 0.057923 0.885390
v -0.000000 -0.014279 -0.000000
v -0.451424 0.010460 0.449267
v -0.483608 -0.001889 0.000000
v -0.002104 0.006129 0.482723
v 0.543821 1.568556 0.690478
v 0.724935 1.603932 0.377719
v 0.411320 1.715431 0.572267
v 0.493729 1.792404 0.337722
v 0.888884 1.350081 0.435519
v 0.543821 1.568556 0.690478
v 0.673712 1.325407 0.797668
v 0.724935 1.603932 0.377719
v 0.724935 1.603932 0.377719
v 0.533542 1.830446 0.000414
v 0.493729 1.792404 0.337722
v 0.782791 1.628309 0.000427
v 0.960317 1.361845 0.000481
v 0.724935 1.603932 0.377719
v 0.888884 1.350081 0.435519
v 0.782791 1.628309 0.000427
v 1.109125 0.722049 0.494120
v 0.767936 1.032202 0.865405
v 0.853094 0.721422 0.905879
v 1.007907 1.048794 0.472146
v 1.214647 0.685511 0.000000
v 1.007907 1.048794 0.472146
v 1.109125 0.722049 0.494120
v 1.084579 1.059135 0.000226
v 1.007907 1.048794 0.472146
v 0.673712 1.325407 0.797668
v 0.767936 1.032202 0.865405
v 0.888884 1.350081 0.435519
v 1.084579 1.059135 0.000226
v 0.888884 1.350081 0.435519
v 1.007907 1.048794 0.472146
v 0.960317 1.361845 0.000481
v 0.432886 0.701512 1.152944
v 0.767936 1.032202 0.865405
v 0.375921 0.995301 1.101253
v 0.853094 0.721422 0.905879
v 0.673712 1.325407 0.797668
v 0.375921 0.995301 1.101253
v 0.767936 1.032202 0.865405
v 0.312318 1.295786 1.013661
v 0.432886 0.701512 1.152944
v 0.310381 0.760253 1.168565
v -0.055639 0.661658 1.235299
v -0.544224 0.626944 1.153124
v -0.426462 0.705414 1.170472
v -0.564418 0.911423 1.101660
v 0.230242 1.557994 0.873937
v 0.543821 1.568556 0.690478
v 0.411320 1.715431 0.572267
v 0.171163 1.762145 0.660932
v 0.230242 1.557994 0.873937
v -0.167844 1.765125 0.703747
v -0.147466 1.541757 0.933363
v 0.171163 1.762145 0.660932
v 0.312318 1.295786 1.013661
v 0.673712 1.325407 0.797668
v 0.543821 1.568556 0.690478
v 0.230242 1.557994 0.873937
v -0.121423 1.260652 1.085211
v 0.312318 1.295786 1.013661
v 0.230242 1.557994 0.873937
v -0.147466 1.541757 0.933363
v -0.521571 1.488657 0.873881
v -0.727994 1.610639 0.572243
v -0.831120 1.441729 0.690370
v -0.500693 1.700487 0.660949
v -0.554871 1.216309 1.013769
v -0.831120 1.441729 0.690370
v -0.915012 1.178666 0.797501
v -0.521571 1.488657 0.873881
v -0.521571 1.488657 0.873881
v -0.167844 1.765125 0.703747
v -0.500693 1.700487 0.660949
v -0.147466 1.541757 0.933363
v -0.121423 1.260652 1.085211
v -0.521571 1.488657 0.873881
v -0.554871 1.216309 1.013769
v -0.147466 1.541757 0.933363
v -0.544224 0.626944 1.153124
v -0.956183 0.874849 0.865559
v -0.956823 0.595261 0.905886
v -0.564418 0.911423 1.101660
v -0.564418 0.911423 1.101660
v -0.449987 1.167460 1.055810
v -0.554871 1.216309 1.013769
v -0.564418 0.911423 1.101660
v -0.915012 1.178666 0.797501
v -0.956183 0.874849 0.865559
v -0.554871 1.216309 1.013769
v -0.554871 1.216309 1.013769
v -0.449987 1.167460 1.055810
v -0.121423 1.260652 1.085211
v -1.198698 0.583513 0.494119
v -0.956183 0.874849 0.865559
v -1.190657 0.853175 0.472178
v -0.956823 0.595261 0.905886
v -0.915012 1.178666 0.797501
v -1.190657 0.853175 0.472178
v -0.956183 0.874849 0.865559
v -1.130435 1.163968 0.435393
v -1.282786 0.574927 0.000000
v -1.190657 0.853175 0.472178
v -1.269501 0.845394 0.000000
v -1.198698 0.583513 0.494119
v -1.269501 0.845394 0.000000
v -1.130435 1.163968 0.435393
v -1.202112 1.162186 0.000269
v -1.190657 0.853175 0.472178
v -1.015230 1.443927 0.377694
v -0.727994 1.610639 0.572243
v -0.822348 1.671293 0.337681
v -0.831120 1.441729 0.690370
v -0.867789 1.701489 0.000370
v -1.015230 1.443927 0.377694
v -0.822348 1.671293 0.337681
v -1.075932 1.457300 0.000378
v -1.130435 1.163968 0.435393
v -0.915012 1.178666 0.797501
v -0.831120 1.441729 0.690370
v -1.015230 1.443927 0.377694
v -1.202112 1.162186 0.000269
v -1.130435 1.163968 0.435393
v -1.015230 1.443927 0.377694
v -1.075932 1.457300 0.000378
v -0.423781 0.706301 -1.170379
v -0.431087 0.926799 -1.145236
v -0.357407 0.751505 -1.181858
v -0.564424 0.912555 -1.101512
v -0.449370 1.168310 -1.055792
v -0.431087 0.926799 -1.145236
v -0.564424 0.912555 -1.101512
v -0.361996 1.129483 -1.096267
v -0.357407 0.751505 -1.181858
v -0.054999 0.661516 -1.235298
v -0.423781 0.706301 -1.170379
v -0.061407 0.727285 -1.231300
v -0.120446 1.260865 -1.085057
v -0.361996 1.129483 -1.096267
v -0.449370 1.168310 -1.055792
v -0.115748 1.215737 -1.102236
v -0.054999 0.661516 -1.235298
v 0.201204 0.811624 -1.187344
v 0.313602 0.757830 -1.168580
v -0.061407 0.727285 -1.231300
v 0.313602 0.757830 -1.168580
v 0.201204 0.811624 -1.187344
v 0.232438 0.983870 -1.150655
v 0.376019 0.994607 -1.101417
v 0.214875 1.220945 -1.060172
v 0.376019 0.994607 -1.101417
v 0.232438 0.983870 -1.150655
v 0.132405 1.159769 -1.105527
v -0.120446 1.260865 -1.085057
v 0.132405 1.159769 -1.105527
v -0.115748 1.215737 -1.102236
v 0.214875 1.220945 -1.060172
v -0.258915 0.821071 -1.218565
v -0.431087 0.926799 -1.145236
v -0.307118 0.939969 -1.185814
v -0.357407 0.751505 -1.181858
v -0.361996 1.129483 -1.096267
v -0.307118 0.939969 -1.185814
v -0.431087 0.926799 -1.145236
v -0.259091 1.082822 -1.157937
v -0.061407 0.727285 -1.231300
v -0.357407 0.751505 -1.181858
v -0.258915 0.821071 -1.218565
v -0.073486 0.804943 -1.255774
v 0.132405 1.159769 -1.105527
v 0.232438 0.983870 -1.150655
v 0.130560 0.976373 -1.185633
v 0.061582 1.107117 -1.157783
v -0.259091 1.082822 -1.157937
v -0.115748 1.215737 -1.102236
v -0.106395 1.118126 -1.176936
v -0.361996 1.129483 -1.096267
v -0.115748 1.215737 -1.102236
v 0.061582 1.107117 -1.157783
v -0.106395 1.118126 -1.176936
v 0.132405 1.159769 -1.105527
v -0.061407 0.727285 -1.231300
v 0.108492 0.853500 -1.218591
v 0.201204 0.811624 -1.187344
v -0.073486 0.804943 -1.255774
v 0.130560 0.976373 -1.185633
v 0.201204 0.811624 -1.187344
v 0.108492 0.853500 -1.218591
v 0.232438 0.983870 -1.150655
v -0.225092 1.250667 -1.470408
v -0.242740 1.221531 -1.446858
v -0.215596 1.279990 -1.391023
v -0.137040 1.312729 -1.436325
v -0.225092 1.250667 -1.470408
v -0.215596 1.279990 -1.391023
v -0.137684 1.302181 -1.498047
v -0.010906 1.201943 -1.504898
v -0.029507 1.275079 -1.475560
v 0.003014 1.249797 -1.451420
v -0.129018 1.242616 -1.527397
v -0.010906 1.201943 -1.504898
v -0.119290 1.186789 -1.530051
v -0.029507 1.275079 -1.475560
v -0.034736 1.301059 -1.394341
v 0.003014 1.249797 -1.451420
v -0.029507 1.275079 -1.475560
v -0.137684 1.302181 -1.498047
v -0.137040 1.312729 -1.436325
v -0.034736 1.301059 -1.394341
v -0.220044 1.178046 -1.500981
v -0.129018 1.242616 -1.527397
v -0.119290 1.186789 -1.530051
v -0.225092 1.250667 -1.470408
v -0.220044 1.178046 -1.500981
v -0.242740 1.221531 -1.446858
v -0.114033 1.186972 -1.265257
v 0.024950 1.175540 -1.259306
v -0.034736 1.301059 -1.394341
v -0.130860 1.307489 -1.393771
v 0.024950 1.175540 -1.259306
v 0.003014 1.249797 -1.451420
v -0.034736 1.301059 -1.394341
v 0.080828 1.083579 -1.319612
v -0.095971 0.966985 -1.413211
v -0.244473 0.966212 -1.373627
v -0.220044 1.178046 -1.500981
v -0.119290 1.186789 -1.530051
v -0.242740 1.221531 -1.446858
v -0.238926 1.151045 -1.255523
v -0.215596 1.279990 -1.391023
v -0.278406 1.047360 -1.314182
v -0.129018 1.242616 -1.527397
v -0.029507 1.275079 -1.475560
v -0.010906 1.201943 -1.504898
v -0.137684 1.302181 -1.498047
v -0.130860 1.307489 -1.393771
v -0.034736 1.301059 -1.394341
v -0.137040 1.312729 -1.436325
v -0.129018 1.242616 -1.527397
v -0.225092 1.250667 -1.470408
v -0.137684 1.302181 -1.498047
v -0.220044 1.178046 -1.500981
v -0.130860 1.307489 -1.393771
v -0.137040 1.312729 -1.436325
v -0.215596 1.279990 -1.391023
v 0.130560 0.976373 -1.185633
v 0.061785 0.996145 -1.378137
v 0.080828 1.083579 -1.319612
v 0.108492 0.853500 -1.218591
v -0.106395 1.118126 -1.176936
v -0.238926 1.151045 -1.255523
v -0.259091 1.082822 -1.157937
v -0.114033 1.186972 -1.265257
v -0.095971 0.966985 -1.413211
v 0.108492 0.853500 -1.218591
v -0.073486 0.804943 -1.255774
v 0.061785 0.996145 -1.378137
v -0.106395 1.118126 -1.176936
v 0.061582 1.107117 -1.157783
v 0.024950 1.175540 -1.259306
v -0.114033 1.186972 -1.265257
v -0.095971 0.966985 -1.413211
v -0.010906 1.201943 -1.504898
v 0.061785 0.996145 -1.378137
v -0.119290 1.186789 -1.530051
v -0.114033 1.186972 -1.265257
v -0.215596 1.279990 -1.391023
v -0.238926 1.151045 -1.255523
v -0.130860 1.307489 -1.393771
v 0.080828 1.083579 -1.319612
v -0.010906 1.201943 -1.504898
v 0.003014 1.249797 -1.451420
v 0.061785 0.996145 -1.378137
v -0.220044 1.178046 -1.500981
v -0.278406 1.047360 -1.314182
v -0.242740 1.221531 -1.446858
v -0.244473 0.966212 -1.373627
v 0.312373 1.295570 -1.013445
v 0.376019 0.994607 -1.101417
v 0.214875 1.220945 -1.060172
v -0.120446 1.260865 -1.085057
v 0.312373 1.295570 -1.013445
v 0.214875 1.220945 -1.060172
v 0.376019 0.994607 -1.101417
v 0.438292 0.696580 -1.152959
v 0.313602 0.757830 -1.168580
v -0.054999 0.661516 -1.235298
v -0.546540 0.626122 -1.152994
v -0.423781 0.706301 -1.170379
v -0.244473 0.966212 -1.373627
v -0.307118 0.939969 -1.185814
v -0.278406 1.047360 -1.314182
v -0.258915 0.821071 -1.218565
v -0.278406 1.047360 -1.314182
v -0.259091 1.082822 -1.157937
v -0.238926 1.151045 -1.255523
v -0.307118 0.939969 -1.185814
v -0.073486 0.804943 -1.255774
v -0.244473 0.966212 -1.373627
v -0.095971 0.966985 -1.413211
v -0.258915 0.821071 -1.218565
v 0.061582 1.107117 -1.157783
v 0.080828 1.083579 -1.319612
v 0.024950 1.175540 -1.259306
v 0.130560 0.976373 -1.185633
v -0.827156 0.046528 -0.415810
v -0.831210 0.119796 -0.824452
v -0.705609 0.069420 -0.700983
v -1.055907 0.113771 -0.449267
v -1.170442 0.219002 -0.497245
v -0.831210 0.119796 -0.824452
v -1.055907 0.113771 -0.449267
v -0.922998 0.225508 -0.911814
v -0.887281 0.036331 0.000000
v -1.055907 0.113771 -0.449267
v -0.827156 0.046528 -0.415810
v -1.131475 0.108939 0.000000
v -1.250427 0.226282 0.000000
v -1.170442 0.219002 -0.497245
v -1.055907 0.113771 -0.449267
v -1.131475 0.108939 0.000000
v -1.214590 0.353216 -0.507355
v -0.962383 0.589371 -0.905885
v -0.966067 0.363236 -0.930151
v -1.202968 0.577382 -0.494119
v -1.290491 0.367739 0.000000
v -1.202968 0.577382 -0.494119
v -1.214590 0.353216 -0.507355
v -1.282786 0.574927 0.000000
v -0.922998 0.225508 -0.911814
v -1.214590 0.353216 -0.507355
v -0.966067 0.363236 -0.930151
v -1.170442 0.219002 -0.497245
v -1.170442 0.219002 -0.497245
v -1.290491 0.367739 0.000000
v -1.214590 0.353216 -0.507355
v -1.250427 0.226282 0.000000
v 0.815900 0.173798 -0.824452
v 0.409699 0.083066 -0.824452
v 0.439541 0.160354 -1.051475
v 0.694733 0.112381 -0.700983
v 0.482586 0.278201 -1.161034
v 0.899486 0.287518 -0.911814
v 0.815900 0.173798 -0.824452
v 0.439541 0.160354 -1.051475
v 0.439541 0.160354 -1.051475
v -0.005423 0.056869 -0.885390
v -0.009313 0.136663 -1.127946
v 0.409699 0.083066 -0.824452
v -0.014840 0.257208 -1.244306
v 0.482586 0.278201 -1.161034
v 0.439541 0.160354 -1.051475
v -0.009313 0.136663 -1.127946
v 0.471573 0.466313 -1.183835
v 0.852055 0.722769 -0.905886
v 0.903908 0.473251 -0.930150
v 0.438292 0.696580 -1.152959
v -0.035230 0.433035 -1.268387
v 0.438292 0.696580 -1.152959
v 0.471573 0.466313 -1.183835
v -0.054999 0.661516 -1.235298
v 0.899486 0.287518 -0.911814
v 0.471573 0.466313 -1.183835
v 0.903908 0.473251 -0.930150
v 0.482586 0.278201 -1.161034
v 0.482586 0.278201 -1.161034
v -0.035230 0.433035 -1.268387
v 0.471573 0.466313 -1.183835
v -0.014840 0.257208 -1.244306
v -0.962383 0.589371 -0.905885
v -0.546540 0.626122 -1.152994
v -0.539784 0.399277 -1.183849
v -0.966067 0.363236 -0.930151
v -0.922998 0.225508 -0.911814
v -0.539784 0.399277 -1.183849
v -0.510338 0.237982 -1.161034
v -0.966067 0.363236 -0.930151
v -0.546540 0.626122 -1.152994
v -0.054999 0.661516 -1.235298
v -0.035230 0.433035 -1.268387
v -0.539784 0.399277 -1.183849
v -0.510338 0.237982 -1.161034
v -0.035230 0.433035 -1.268387
v -0.014840 0.257208 -1.244306
v -0.539784 0.399277 -1.183849
v -0.831210 0.119796 -0.824452
v -0.420658 0.053307 -0.824452
v -0.705609 0.069420 -0.700983
v -0.457514 0.124795 -1.051475
v -0.457514 0.124795 -1.051475
v -0.005423 0.056869 -0.885390
v -0.420658 0.053307 -0.824452
v -0.009313 0.136663 -1.127946
v -0.510338 0.237982 -1.161034
v -0.831210 0.119796 -0.824452
v -0.922998 0.225508 -0.911814
v -0.457514 0.124795 -1.051475
v -0.510338 0.237982 -1.161034
v -0.014840 0.257208 -1.244306
v -0.457514 0.124795 -1.051475
v -0.009313 0.136663 -1.127946
v 0.852055 0.722769 -0.905886
v 1.117271 0.708510 -0.494119
v 1.171283 0.451042 -0.507355
v 0.903908 0.473251 -0.930150
v 0.899486 0.287518 -0.911814
v 1.171283 0.451042 -0.507355
v 1.155197 0.270694 -0.497245
v 0.903908 0.473251 -0.930150
v 1.117271 0.708510 -0.494119
v 1.214647 0.685511 0.000000
v 1.259649 0.443054 0.000000
v 1.171283 0.451042 -0.507355
v 1.155197 0.270694 -0.497245
v 1.259649 0.443054 0.000000
v 1.240348 0.263411 0.000000
v 1.171283 0.451042 -0.507355
v 0.815900 0.173798 -0.824452
v 0.821031 0.079680 -0.415810
v 0.694733 0.112381 -0.700983
v 1.047147 0.154770 -0.449267
v 1.047147 0.154770 -0.449267
v 0.883063 0.063270 0.000000
v 0.821031 0.079680 -0.415810
v 1.124892 0.143452 0.000000
v 0.899486 0.287518 -0.911814
v 1.155197 0.270694 -0.497245
v 0.815900 0.173798 -0.824452
v 1.047147 0.154770 -0.449267
v 1.155197 0.270694 -0.497245
v 1.240348 0.263411 0.000000
v 1.047147 0.154770 -0.449267
v 1.124892 0.143452 0.000000
v -0.527806 1.825815 -0.353417
v -0.727772 1.610899 -0.571716
v -0.822421 1.671208 -0.337092
v -0.500366 1.700870 -0.660422
v -0.177117 1.903187 -0.375237
v -0.500366 1.700870 -0.660422
v -0.527806 1.825815 -0.353417
v -0.166477 1.766724 -0.702980
v -0.553650 1.866515 0.000495
v -0.822421 1.671208 -0.337092
v -0.867789 1.701489 0.000370
v -0.527806 1.825815 -0.353417
v -0.181495 1.947948 0.000892
v -0.527806 1.825815 -0.353417
v -0.553650 1.866515 0.000495
v -0.177117 1.903187 -0.375237
v 0.178574 1.892518 -0.353024
v 0.494798 1.793654 -0.336782
v 0.412509 1.716823 -0.571464
v 0.172415 1.763609 -0.660221
v 0.494798 1.793654 -0.336782
v 0.196877 1.936891 0.000804
v 0.533542 1.830446 0.000414
v 0.178574 1.892518 -0.353024
v 0.172415 1.763609 -0.660221
v -0.166477 1.766724 -0.702980
v -0.177117 1.903187 -0.375237
v 0.178574 1.892518 -0.353024
v 0.178574 1.892518 -0.353024
v -0.177117 1.903187 -0.375237
v -0.181495 1.947948 0.000892
v 0.196877 1.936891 0.000804
v 0.446878 0.028713 -0.449267
v 0.409699 0.083066 -0.824452
v 0.694733 0.112381 -0.700983
v 0.821031 0.079680 -0.415810
v -0.001700 0.005280 -0.482723
v -0.005423 0.056869 -0.885390
v 0.409699 0.083066 -0.824452
v 0.446878 0.028713 -0.449267
v 0.481478 0.009040 0.000000
v 0.446878 0.028713 -0.449267
v 0.821031 0.079680 -0.415810
v 0.883063 0.063270 0.000000
v -0.000000 -0.014279 -0.000000
v -0.001700 0.005280 -0.482723
v 0.446878 0.028713 -0.449267
v 0.481478 0.009040 0.000000
v -0.451035 0.011595 -0.449267
v -0.705609 0.069420 -0.700983
v -0.420658 0.053307 -0.824452
v -0.827156 0.046528 -0.415810
v -0.483608 -0.001889 0.000000
v -0.827156 0.046528 -0.415810
v -0.451035 0.011595 -0.449267
v -0.887281 0.036331 0.000000
v -0.001700 0.005280 -0.482723
v -0.420658 0.053307 -0.824452
v -0.005423 0.056869 -0.885390
v -0.451035 0.011595 -0.449267
v -0.000000 -0.014279 -0.000000
v -0.451035 0.011595 -0.449267
v -0.001700 0.005280 -0.482723
v -0.483608 -0.001889 0.000000
v 0.726374 1.605616 -0.376682
v 0.544222 1.569026 -0.689700
v 0.412509 1.716823 -0.571464
v 0.494798 1.793654 -0.336782
v 0.889222 1.350475 -0.434706
v 0.673240 1.324855 -0.797146
v 0.544222 1.569026 -0.689700
v 0.726374 1.605616 -0.376682
v 0.726374 1.605616 -0.376682
v 0.533542 1.830446 0.000414
v 0.782791 1.628309 0.000427
v 0.494798 1.793654 -0.336782
v 0.960317 1.361845 0.000481
v 0.889222 1.350475 -0.434706
v 0.726374 1.605616 -0.376682
v 0.782791 1.628309 0.000427
v 1.117271 0.708510 -0.494119
v 0.767733 1.031653 -0.865425
v 1.003109 1.053761 -0.472035
v 0.852055 0.722769 -0.905886
v 1.214647 0.685511 0.000000
v 1.003109 1.053761 -0.472035
v 1.084579 1.059135 0.000226
v 1.117271 0.708510 -0.494119
v 0.673240 1.324855 -0.797146
v 1.003109 1.053761 -0.472035
v 0.767733 1.031653 -0.865425
v 0.889222 1.350475 -0.434706
v 1.084579 1.059135 0.000226
v 0.889222 1.350475 -0.434706
v 0.960317 1.361845 0.000481
v 1.003109 1.053761 -0.472035
v 0.438292 0.696580 -1.152959
v 0.767733 1.031653 -0.865425
v 0.852055 0.722769 -0.905886
v 0.376019 0.994607 -1.101417
v 0.376019 0.994607 -1.101417
v 0.673240 1.324855 -0.797146
v 0.767733 1.031653 -0.865425
v 0.312373 1.295570 -1.013445
v 0.438292 0.696580 -1.152959
v -0.054999 0.661516 -1.235298
v 0.313602 0.757830 -1.168580
v -0.546540 0.626122 -1.152994
v -0.564424 0.912555 -1.101512
v -0.423781 0.706301 -1.170379
v 0.230627 1.558444 -0.873362
v 0.172415 1.763609 -0.660221
v 0.412509 1.716823 -0.571464
v 0.544222 1.569026 -0.689700
v -0.166477 1.766724 -0.702980
v 0.230627 1.558444 -0.873362
v -0.146835 1.542495 -0.932832
v 0.172415 1.763609 -0.660221
v 0.312373 1.295570 -1.013445
v 0.544222 1.569026 -0.689700
v 0.673240 1.324855 -0.797146
v 0.230627 1.558444 -0.873362
v -0.120446 1.260865 -1.085057
v 0.230627 1.558444 -0.873362
v 0.312373 1.295570 -1.013445
v -0.146835 1.542495 -0.932832
v -0.521164 1.489133 -0.873412
v -0.727772 1.610899 -0.571716
v -0.500366 1.700870 -0.660422
v -0.830847 1.442048 -0.689838
v -0.554539 1.216699 -1.013445
v -0.914899 1.178797 -0.797176
v -0.830847 1.442048 -0.689838
v -0.521164 1.489133 -0.873412
v -0.166477 1.766724 -0.702980
v -0.521164 1.489133 -0.873412
v -0.500366 1.700870 -0.660422
v -0.146835 1.542495 -0.932832
v -0.120446 1.260865 -1.085057
v -0.554539 1.216699 -1.013445
v -0.521164 1.489133 -0.873412
v -0.146835 1.542495 -0.932832
v -0.546540 0.626122 -1.152994
v -0.956161 0.875074 -0.865461
v -0.564424 0.912555 -1.101512
v -0.962383 0.589371 -0.905885
v -0.564424 0.912555 -1.101512
v -0.554539 1.216699 -1.013445
v -0.449370 1.168310 -1.055792
v -0.914899 1.178797 -0.797176
v -0.564424 0.912555 -1.101512
v -0.956161 0.875074 -0.865461
v -0.554539 1.216699 -1.013445
v -0.554539 1.216699 -1.013445
v -0.120446 1.260865 -1.085057
v -0.449370 1.168310 -1.055792
v -1.202968 0.577382 -0.494119
v -0.956161 0.875074 -0.865461
v -0.962383 0.589371 -0.905885
v -1.190833 0.852969 -0.471984
v -1.190833 0.852969 -0.471984
v -0.914899 1.178797 -0.797176
v -0.956161 0.875074 -0.865461
v -1.130302 1.164124 -0.434880
v -1.282786 0.574927 0.000000
v -1.190833 0.852969 -0.471984
v -1.202968 0.577382 -0.494119
v -1.269501 0.845394 0.000000
v -1.269501 0.845394 0.000000
v -1.130302 1.164124 -0.434880
v -1.190833 0.852969 -0.471984
v -1.202112 1.162186 0.000269
v -0.727772 1.610899 -0.571716
v -1.014951 1.444254 -0.376981
v -0.822421 1.671208 -0.337092
v -0.830847 1.442048 -0.689838
v -0.867789 1.701489 0.000370
v -1.014951 1.444254 -0.376981
v -1.075932 1.457300 0.000378
v -0.822421 1.671208 -0.337092
v -1.130302 1.164124 -0.434880
v -0.830847 1.442048 -0.689838
v -0.914899 1.178797 -0.797176
v -1.014951 1.444254 -0.376981
v -1.202112 1.162186 0.000269
v -1.014951 1.444254 -0.376981
v -1.130302 1.164124 -0.434880
v -1.075932 1.457300 0.000378
v 0.402156 1.344133 -0.903804
v 0.466374 1.409197 -0.888222
v 0.435153 1.340489 -0.861009
v 0.406149 1.387005 -0.936534
v 0.328040 1.372250 -0.975195
v 0.406149 1.387005 -0.936534
v 0.402156 1.344133 -0.903804
v 0.360421 1.316530 -0.904873
v 0.402156 1.344133 -0.903804
v 0.386963 1.277803 -0.821808
v 0.360421 1.316530 -0.904873
v 0.435153 1.340489 -0.861009
v 0.360421 1.316530 -0.904873
v 0.300509 1.261495 -0.857413
v 0.311615 1.292641 -0.900953
v 0.386963 1.277803 -0.821808
v 0.328040 1.372250 -0.975195
v 0.311615 1.292641 -0.900953
v 0.271012 1.308626 -0.934073
v 0.360421 1.316530 -0.904873
v 0.300509 1.261495 -0.857413
v 0.271012 1.308626 -0.934073
v 0.311615 1.292641 -0.900953
v 0.208374 1.262383 -0.880163
v 0.241140 1.372157 -0.990401
v 0.271012 1.308626 -0.934073
v 0.232634 1.329070 -0.959161
v 0.328040 1.372250 -0.975195
v 0.182250 1.318097 -0.943600
v 0.241140 1.372157 -0.990401
v 0.232634 1.329070 -0.959161
v 0.161792 1.381887 -0.987662
v 0.232634 1.329070 -0.959161
v 0.208374 1.262383 -0.880163
v 0.182250 1.318097 -0.943600
v 0.271012 1.308626 -0.934073
v 0.350988 1.244966 -0.727005
v 0.324397 1.238663 -0.680304
v 0.261940 1.221261 -0.726874
v 0.324369 1.238630 -0.773638
v 0.324397 1.238663 -0.680304
v 0.394499 1.269693 -0.727035
v 0.387416 1.278332 -0.632162
v 0.350988 1.244966 -0.727005
v 0.324369 1.238630 -0.773638
v 0.394499 1.269693 -0.727035
v 0.350988 1.244966 -0.727005
v 0.386963 1.277803 -0.821808
v 0.454734 1.325105 -0.774418
v 0.394499 1.269693 -0.727035
v 0.386963 1.277803 -0.821808
v 0.437257 1.303946 -0.727039
v 0.394499 1.269693 -0.727035
v 0.455121 1.325557 -0.679616
v 0.387416 1.278332 -0.632162
v 0.437257 1.303946 -0.727039
v 0.437257 1.303946 -0.727039
v 0.507945 1.389208 -0.726990
v 0.455121 1.325557 -0.679616
v 0.454734 1.325105 -0.774418
v 0.387416 1.278332 -0.632162
v 0.455121 1.325557 -0.679616
v 0.465795 1.350743 -0.637155
v 0.436066 1.341557 -0.592929
v 0.436066 1.341557 -0.592929
v 0.495314 1.396035 -0.639645
v 0.467262 1.410236 -0.565747
v 0.465795 1.350743 -0.637155
v 0.495314 1.396035 -0.639645
v 0.455121 1.325557 -0.679616
v 0.507945 1.389208 -0.726990
v 0.465795 1.350743 -0.637155
v 0.131349 1.320348 -0.925808
v 0.161792 1.381887 -0.987662
v 0.182250 1.318097 -0.943600
v 0.098840 1.359854 -0.943568
v 0.119052 1.295505 -0.884052
v 0.098840 1.359854 -0.943568
v 0.131349 1.320348 -0.925808
v 0.038638 1.346791 -0.880177
v 0.208374 1.262383 -0.880163
v 0.131349 1.320348 -0.925808
v 0.182250 1.318097 -0.943600
v 0.119052 1.295505 -0.884052
v 0.148515 1.248334 -0.807401
v 0.119052 1.295505 -0.884052
v 0.208374 1.262383 -0.880163
v 0.108884 1.275007 -0.834287
v 0.108884 1.275007 -0.834287
v 0.038638 1.346791 -0.880177
v 0.119052 1.295505 -0.884052
v 0.063633 1.290433 -0.807424
v 0.063633 1.290433 -0.807424
v 0.148515 1.248334 -0.807401
v 0.097420 1.252178 -0.726824
v 0.108884 1.275007 -0.834287
v -0.003058 1.350776 -0.802302
v 0.063633 1.290433 -0.807424
v 0.026375 1.310803 -0.780568
v 0.038638 1.346791 -0.880177
v -0.026204 1.365299 -0.726792
v 0.026375 1.310803 -0.780568
v 0.026035 1.304364 -0.726756
v -0.003058 1.350776 -0.802302
v 0.097420 1.252178 -0.726824
v 0.026375 1.310803 -0.780568
v 0.063633 1.290433 -0.807424
v 0.026035 1.304364 -0.726756
v 0.026628 1.311099 -0.672991
v -0.026204 1.365299 -0.726792
v 0.026035 1.304364 -0.726756
v -0.003055 1.350780 -0.651292
v -0.003055 1.350780 -0.651292
v 0.063763 1.290586 -0.646118
v 0.038950 1.347155 -0.573420
v 0.026628 1.311099 -0.672991
v 0.026628 1.311099 -0.672991
v 0.097420 1.252178 -0.726824
v 0.063763 1.290586 -0.646118
v 0.026035 1.304364 -0.726756
v 0.147967 1.247693 -0.646255
v 0.063763 1.290586 -0.646118
v 0.097420 1.252178 -0.726824
v 0.108604 1.274680 -0.619318
v 0.038950 1.347155 -0.573420
v 0.063763 1.290586 -0.646118
v 0.108604 1.274680 -0.619318
v 0.118904 1.295332 -0.569564
v 0.118904 1.295332 -0.569564
v 0.147967 1.247693 -0.646255
v 0.208351 1.262356 -0.573486
v 0.108604 1.274680 -0.619318
v 0.118904 1.295332 -0.569564
v 0.098958 1.359991 -0.510123
v 0.038950 1.347155 -0.573420
v 0.131291 1.320279 -0.527868
v 0.131291 1.320279 -0.527868
v 0.182153 1.317983 -0.510206
v 0.161679 1.381755 -0.466248
v 0.098958 1.359991 -0.510123
v 0.131291 1.320279 -0.527868
v 0.208351 1.262356 -0.573486
v 0.182153 1.317983 -0.510206
v 0.118904 1.295332 -0.569564
v 0.182153 1.317983 -0.510206
v 0.241657 1.372761 -0.463533
v 0.161679 1.381755 -0.466248
v 0.232861 1.329335 -0.494704
v 0.241657 1.372761 -0.463533
v 0.271668 1.309394 -0.519721
v 0.329257 1.373673 -0.478684
v 0.232861 1.329335 -0.494704
v 0.208351 1.262356 -0.573486
v 0.232861 1.329335 -0.494704
v 0.182153 1.317983 -0.510206
v 0.271668 1.309394 -0.519721
v 0.300873 1.261921 -0.596379
v 0.271668 1.309394 -0.519721
v 0.208351 1.262356 -0.573486
v 0.312450 1.293618 -0.552824
v 0.312450 1.293618 -0.552824
v 0.361362 1.317631 -0.548990
v 0.329257 1.373673 -0.478684
v 0.271668 1.309394 -0.519721
v 0.361362 1.317631 -0.548990
v 0.300873 1.261921 -0.596379
v 0.387416 1.278332 -0.632162
v 0.312450 1.293618 -0.552824
v 0.329257 1.373673 -0.478684
v 0.403111 1.345250 -0.550113
v 0.407182 1.388213 -0.517416
v 0.361362 1.317631 -0.548990
v 0.403111 1.345250 -0.550113
v 0.436066 1.341557 -0.592929
v 0.467262 1.410236 -0.565747
v 0.407182 1.388213 -0.517416
v 0.403111 1.345250 -0.550113
v 0.387416 1.278332 -0.632162
v 0.436066 1.341557 -0.592929
v 0.361362 1.317631 -0.548990
v 0.513665 1.446932 -0.637167
v 0.467262 1.410236 -0.565747
v 0.495314 1.396035 -0.639645
v 0.503209 1.476550 -0.592967
v 0.503209 1.476550 -0.592967
v 0.527042 1.469978 -0.679606
v 0.524119 1.552892 -0.632158
v 0.513665 1.446932 -0.637167
v 0.527042 1.469978 -0.679606
v 0.495314 1.396035 -0.639645
v 0.507945 1.389208 -0.726990
v 0.513665 1.446932 -0.637167
v 0.507945 1.389208 -0.726990
v 0.533307 1.496689 -0.726990
v 0.527042 1.469978 -0.679606
v 0.526904 1.469817 -0.774350
v 0.527042 1.469978 -0.679606
v 0.534853 1.551452 -0.726995
v 0.524119 1.552892 -0.632158
v 0.533307 1.496689 -0.726990
v 0.534853 1.551452 -0.726995
v 0.526904 1.469817 -0.774350
v 0.523818 1.552539 -0.821769
v 0.533307 1.496689 -0.726990
v 0.534853 1.551452 -0.726995
v 0.517513 1.626589 -0.680317
v 0.524119 1.552892 -0.632158
v 0.528379 1.601240 -0.727000
v 0.528379 1.601240 -0.727000
v 0.493684 1.687279 -0.727029
v 0.517513 1.626589 -0.680317
v 0.517371 1.626423 -0.773679
v 0.517371 1.626423 -0.773679
v 0.534853 1.551452 -0.726995
v 0.523818 1.552539 -0.821769
v 0.528379 1.601240 -0.727000
v 0.411002 1.436598 -0.957605
v 0.466374 1.409197 -0.888222
v 0.406149 1.387005 -0.936534
v 0.447683 1.470480 -0.936549
v 0.447683 1.470480 -0.936549
v 0.373636 1.455164 -0.985588
v 0.412341 1.541721 -0.975238
v 0.411002 1.436598 -0.957605
v 0.373636 1.455164 -0.985588
v 0.406149 1.387005 -0.936534
v 0.328040 1.372250 -0.975195
v 0.411002 1.436598 -0.957605
v 0.284022 1.447021 -1.014836
v 0.373636 1.455164 -0.985588
v 0.328040 1.372250 -0.975195
v 0.329113 1.477344 -1.008602
v 0.373636 1.455164 -0.985588
v 0.326144 1.531702 -1.014858
v 0.412341 1.541721 -0.975238
v 0.329113 1.477344 -1.008602
v 0.232992 1.525414 -1.033772
v 0.329113 1.477344 -1.008602
v 0.284022 1.447021 -1.014836
v 0.326144 1.531702 -1.014858
v 0.320985 1.581645 -1.013080
v 0.412341 1.541721 -0.975238
v 0.326144 1.531702 -1.014858
v 0.360133 1.611492 -0.990494
v 0.320985 1.581645 -1.013080
v 0.271824 1.603465 -1.019316
v 0.304764 1.669610 -0.987818
v 0.360133 1.611492 -0.990494
v 0.271824 1.603465 -1.019316
v 0.326144 1.531702 -1.014858
v 0.232992 1.525414 -1.033772
v 0.320985 1.581645 -1.013080
v 0.098840 1.359854 -0.943568
v 0.106446 1.440032 -0.990287
v 0.161792 1.381887 -0.987662
v 0.077175 1.406929 -0.959097
v 0.106446 1.440032 -0.990287
v 0.037715 1.425287 -0.934002
v 0.054167 1.509721 -0.975039
v 0.077175 1.406929 -0.959097
v 0.077175 1.406929 -0.959097
v 0.098840 1.359854 -0.943568
v 0.038638 1.346791 -0.880177
v 0.037715 1.425287 -0.934002
v -0.017602 1.420334 -0.857349
v 0.037715 1.425287 -0.934002
v 0.038638 1.346791 -0.880177
v 0.000464 1.448085 -0.900879
v 0.054167 1.509721 -0.975039
v 0.000464 1.448085 -0.900879
v -0.009859 1.501729 -0.904754
v 0.037715 1.425287 -0.934002
v -0.056267 1.500123 -0.821576
v -0.009859 1.501729 -0.904754
v 0.000464 1.448085 -0.900879
v -0.017602 1.420334 -0.857349
v -0.012916 1.551889 -0.903649
v 0.054167 1.509721 -0.975039
v -0.009859 1.501729 -0.904754
v 0.018913 1.581064 -0.936356
v 0.018913 1.581064 -0.936356
v -0.035558 1.576228 -0.860814
v 0.000609 1.642800 -0.887982
v -0.012916 1.551889 -0.903649
v -0.012916 1.551889 -0.903649
v -0.056267 1.500123 -0.821576
v -0.035558 1.576228 -0.860814
v -0.009859 1.501729 -0.904754
v -0.003055 1.350780 -0.651292
v -0.050001 1.426028 -0.680168
v -0.026204 1.365299 -0.726792
v -0.027629 1.397582 -0.639849
v -0.050001 1.426028 -0.680168
v -0.017403 1.420566 -0.596353
v -0.056380 1.499990 -0.632062
v -0.027629 1.397582 -0.639849
v -0.027629 1.397582 -0.639849
v -0.003055 1.350780 -0.651292
v 0.038950 1.347155 -0.573420
v -0.017403 1.420566 -0.596353
v 0.038114 1.425754 -0.519710
v -0.017403 1.420566 -0.596353
v 0.038950 1.347155 -0.573420
v 0.000980 1.448688 -0.552824
v -0.056380 1.499990 -0.632062
v 0.000980 1.448688 -0.552824
v -0.009429 1.502232 -0.548991
v -0.017403 1.420566 -0.596353
v 0.053956 1.509474 -0.478862
v -0.009429 1.502232 -0.548991
v 0.000980 1.448688 -0.552824
v 0.038114 1.425754 -0.519710
v -0.012790 1.552035 -0.550153
v -0.056380 1.499990 -0.632062
v -0.009429 1.502232 -0.548991
v -0.035492 1.576305 -0.592933
v -0.035492 1.576305 -0.592933
v 0.018633 1.580737 -0.517547
v 0.000104 1.642210 -0.565835
v -0.012790 1.552035 -0.550153
v -0.012790 1.552035 -0.550153
v -0.009429 1.502232 -0.548991
v 0.053956 1.509474 -0.478862
v 0.018633 1.580737 -0.517547
v 0.241807 1.421918 -0.440963
v 0.194518 1.447783 -0.434773
v 0.161679 1.381755 -0.466248
v 0.241657 1.372761 -0.463533
v 0.194518 1.447783 -0.434773
v 0.285116 1.448301 -0.439103
v 0.233583 1.526106 -0.420262
v 0.241807 1.421918 -0.440963
v 0.241807 1.421918 -0.440963
v 0.329257 1.373673 -0.478684
v 0.285116 1.448301 -0.439103
v 0.241657 1.372761 -0.463533
v 0.374850 1.456583 -0.468363
v 0.285116 1.448301 -0.439103
v 0.329257 1.373673 -0.478684
v 0.330504 1.478971 -0.445304
v 0.233583 1.526106 -0.420262
v 0.330504 1.478971 -0.445304
v 0.327463 1.533245 -0.439071
v 0.285116 1.448301 -0.439103
v 0.327463 1.533245 -0.439071
v 0.374850 1.456583 -0.468363
v 0.413458 1.543027 -0.478748
v 0.330504 1.478971 -0.445304
v 0.327463 1.533245 -0.439071
v 0.272559 1.604324 -0.434714
v 0.233583 1.526106 -0.420262
v 0.322075 1.582919 -0.440899
v 0.322075 1.582919 -0.440899
v 0.305479 1.670447 -0.466208
v 0.272559 1.604324 -0.434714
v 0.361323 1.612884 -0.463466
v 0.322075 1.582919 -0.440899
v 0.413458 1.543027 -0.478748
v 0.361323 1.612884 -0.463466
v 0.327463 1.533245 -0.439071
v 0.470463 1.701714 -0.802546
v 0.517371 1.626423 -0.773679
v 0.494933 1.654791 -0.814013
v 0.493684 1.687279 -0.727029
v 0.428645 1.705557 -0.880374
v 0.470463 1.701714 -0.802546
v 0.494933 1.654791 -0.814013
v 0.484742 1.631847 -0.857502
v 0.484742 1.631847 -0.857502
v 0.517371 1.626423 -0.773679
v 0.523818 1.552539 -0.821769
v 0.494933 1.654791 -0.814013
v 0.466266 1.603617 -0.901053
v 0.523818 1.552539 -0.821769
v 0.476504 1.549873 -0.904926
v 0.484742 1.631847 -0.857502
v 0.484742 1.631847 -0.857502
v 0.428969 1.626361 -0.934205
v 0.428645 1.705557 -0.880374
v 0.466266 1.603617 -0.901053
v 0.466266 1.603617 -0.901053
v 0.476504 1.549873 -0.904926
v 0.412341 1.541721 -0.975238
v 0.428969 1.626361 -0.934205
v 0.428645 1.705557 -0.880374
v 0.428969 1.626361 -0.934205
v 0.389519 1.644731 -0.959315
v 0.368091 1.692081 -0.943800
v 0.368091 1.692081 -0.943800
v 0.360133 1.611492 -0.990494
v 0.304764 1.669610 -0.987818
v 0.389519 1.644731 -0.959315
v 0.360133 1.611492 -0.990494
v 0.428969 1.626361 -0.934205
v 0.412341 1.541721 -0.975238
v 0.389519 1.644731 -0.959315
v 0.304764 1.669610 -0.987818
v 0.224936 1.629798 -1.013032
v 0.225259 1.679157 -0.990421
v 0.271824 1.603465 -1.019316
v 0.138301 1.678997 -0.975119
v 0.225259 1.679157 -0.990421
v 0.224936 1.629798 -1.013032
v 0.182116 1.603987 -1.014776
v 0.182116 1.603987 -1.014776
v 0.271824 1.603465 -1.019316
v 0.232992 1.525414 -1.033772
v 0.224936 1.629798 -1.013032
v 0.137176 1.573842 -1.008470
v 0.232992 1.525414 -1.033772
v 0.140159 1.519499 -1.014717
v 0.182116 1.603987 -1.014776
v 0.182116 1.603987 -1.014776
v 0.092772 1.596161 -0.985424
v 0.138301 1.678997 -0.975119
v 0.137176 1.573842 -1.008470
v 0.092772 1.596161 -0.985424
v 0.140159 1.519499 -1.014717
v 0.054167 1.509721 -0.975039
v 0.137176 1.573842 -1.008470
v 0.060435 1.664525 -0.936373
v 0.092772 1.596161 -0.985424
v 0.055584 1.614935 -0.957410
v 0.138301 1.678997 -0.975119
v 0.000609 1.642800 -0.887982
v 0.060435 1.664525 -0.936373
v 0.055584 1.614935 -0.957410
v 0.018913 1.581064 -0.936356
v 0.018913 1.581064 -0.936356
v 0.092772 1.596161 -0.985424
v 0.054167 1.509721 -0.975039
v 0.055584 1.614935 -0.957410
v 0.000609 1.642800 -0.887982
v -0.035558 1.576228 -0.860814
v -0.046158 1.605677 -0.816648
v -0.027752 1.656639 -0.814157
v -0.027752 1.656639 -0.814157
v -0.059648 1.582500 -0.774235
v -0.040735 1.663055 -0.726895
v -0.046158 1.605677 -0.816648
v -0.059648 1.582500 -0.774235
v -0.035558 1.576228 -0.860814
v -0.056267 1.500123 -0.821576
v -0.046158 1.605677 -0.816648
v -0.067398 1.501097 -0.726832
v -0.059648 1.582500 -0.774235
v -0.056267 1.500123 -0.821576
v -0.065830 1.555886 -0.726832
v -0.065830 1.555886 -0.726832
v -0.040735 1.663055 -0.726895
v -0.059648 1.582500 -0.774235
v -0.059560 1.582602 -0.679504
v -0.059560 1.582602 -0.679504
v -0.067398 1.501097 -0.726832
v -0.056380 1.499990 -0.632062
v -0.065830 1.555886 -0.726832
v -0.059560 1.582602 -0.679504
v -0.027971 1.656383 -0.639672
v -0.040735 1.663055 -0.726895
v -0.046104 1.605740 -0.637137
v 0.000104 1.642210 -0.565835
v -0.046104 1.605740 -0.637137
v -0.035492 1.576305 -0.592933
v -0.027971 1.656383 -0.639672
v -0.035492 1.576305 -0.592933
v -0.059560 1.582602 -0.679504
v -0.056380 1.499990 -0.632062
v -0.046104 1.605740 -0.637137
v 0.000104 1.642210 -0.565835
v 0.055295 1.614597 -0.496494
v 0.060253 1.664312 -0.517541
v 0.018633 1.580737 -0.517547
v 0.060253 1.664312 -0.517541
v 0.092615 1.595977 -0.468522
v 0.138433 1.679151 -0.478863
v 0.055295 1.614597 -0.496494
v 0.092615 1.595977 -0.468522
v 0.018633 1.580737 -0.517547
v 0.053956 1.509474 -0.478862
v 0.055295 1.614597 -0.496494
v 0.140042 1.519363 -0.439268
v 0.092615 1.595977 -0.468522
v 0.053956 1.509474 -0.478862
v 0.137145 1.573806 -0.445507
v 0.092615 1.595977 -0.468522
v 0.182394 1.604312 -0.439236
v 0.138433 1.679151 -0.478863
v 0.137145 1.573806 -0.445507
v 0.137145 1.573806 -0.445507
v 0.233583 1.526106 -0.420262
v 0.182394 1.604312 -0.439236
v 0.140042 1.519363 -0.439268
v 0.138433 1.679151 -0.478863
v 0.225417 1.630361 -0.440996
v 0.225628 1.679589 -0.463588
v 0.182394 1.604312 -0.439236
v 0.305479 1.670447 -0.466208
v 0.225628 1.679589 -0.463588
v 0.225417 1.630361 -0.440996
v 0.272559 1.604324 -0.434714
v 0.272559 1.604324 -0.434714
v 0.182394 1.604312 -0.439236
v 0.233583 1.526106 -0.420262
v 0.225417 1.630361 -0.440996
v 0.368905 1.693034 -0.510191
v 0.361323 1.612884 -0.463466
v 0.390488 1.645864 -0.494681
v 0.305479 1.670447 -0.466208
v 0.428947 1.705910 -0.573619
v 0.390488 1.645864 -0.494681
v 0.429898 1.627447 -0.519788
v 0.368905 1.693034 -0.510191
v 0.361323 1.612884 -0.463466
v 0.429898 1.627447 -0.519788
v 0.390488 1.645864 -0.494681
v 0.413458 1.543027 -0.478748
v 0.467079 1.604567 -0.552928
v 0.413458 1.543027 -0.478748
v 0.477333 1.550842 -0.549068
v 0.429898 1.627447 -0.519788
v 0.429898 1.627447 -0.519788
v 0.485193 1.632375 -0.596446
v 0.428947 1.705910 -0.573619
v 0.467079 1.604567 -0.552928
v 0.467079 1.604567 -0.552928
v 0.524119 1.552892 -0.632158
v 0.485193 1.632375 -0.596446
v 0.477333 1.550842 -0.549068
v 0.428947 1.705910 -0.573619
v 0.485193 1.632375 -0.596446
v 0.495195 1.655098 -0.639986
v 0.470626 1.701905 -0.651499
v 0.470626 1.701905 -0.651499
v 0.517513 1.626589 -0.680317
v 0.493684 1.687279 -0.727029
v 0.495195 1.655098 -0.639986
v 0.517513 1.626589 -0.680317
v 0.485193 1.632375 -0.596446
v 0.524119 1.552892 -0.632158
v 0.495195 1.655098 -0.639986
v 0.440982 1.741632 -0.780799
v 0.493684 1.687279 -0.727029
v 0.470463 1.701714 -0.802546
v 0.441577 1.748369 -0.727034
v 0.440982 1.741632 -0.780799
v 0.370117 1.800467 -0.726984
v 0.441577 1.748369 -0.727034
v 0.403879 1.762183 -0.807665
v 0.403879 1.762183 -0.807665
v 0.470463 1.701714 -0.802546
v 0.428645 1.705557 -0.880374
v 0.440982 1.741632 -0.780799
v 0.428645 1.705557 -0.880374
v 0.358821 1.777834 -0.834516
v 0.403879 1.762183 -0.807665
v 0.348565 1.757234 -0.884260
v 0.403879 1.762183 -0.807665
v 0.319364 1.804712 -0.807601
v 0.370117 1.800467 -0.726984
v 0.358821 1.777834 -0.834516
v 0.348565 1.757234 -0.884260
v 0.319364 1.804712 -0.807601
v 0.358821 1.777834 -0.834516
v 0.259304 1.790427 -0.880294
v 0.319364 1.804712 -0.807601
v 0.285604 1.826477 -0.726970
v 0.370117 1.800467 -0.726984
v 0.280605 1.821996 -0.780726
v 0.280605 1.821996 -0.780726
v 0.205439 1.831199 -0.726971
v 0.285604 1.826477 -0.726970
v 0.230987 1.821471 -0.802471
v 0.230987 1.821471 -0.802471
v 0.319364 1.804712 -0.807601
v 0.259304 1.790427 -0.880294
v 0.280605 1.821996 -0.780726
v 0.225259 1.679157 -0.990421
v 0.284771 1.733945 -0.943746
v 0.304764 1.669610 -0.987818
v 0.234179 1.722729 -0.959221
v 0.259304 1.790427 -0.880294
v 0.234179 1.722729 -0.959221
v 0.195838 1.743215 -0.934094
v 0.284771 1.733945 -0.943746
v 0.195838 1.743215 -0.934094
v 0.225259 1.679157 -0.990421
v 0.138301 1.678997 -0.975119
v 0.234179 1.722729 -0.959221
v 0.155355 1.759341 -0.900921
v 0.138301 1.678997 -0.975119
v 0.106351 1.735220 -0.904776
v 0.195838 1.743215 -0.934094
v 0.195838 1.743215 -0.934094
v 0.166643 1.790700 -0.857434
v 0.259304 1.790427 -0.880294
v 0.155355 1.759341 -0.900921
v 0.166643 1.790700 -0.857434
v 0.106351 1.735220 -0.904776
v 0.079750 1.773879 -0.821733
v 0.155355 1.759341 -0.900921
v 0.230987 1.821471 -0.802471
v 0.166643 1.790700 -0.857434
v 0.178782 1.812644 -0.813950
v 0.259304 1.790427 -0.880294
v 0.205439 1.831199 -0.726971
v 0.230987 1.821471 -0.802471
v 0.178782 1.812644 -0.813950
v 0.142584 1.813332 -0.773635
v 0.166643 1.790700 -0.857434
v 0.142584 1.813332 -0.773635
v 0.178782 1.812644 -0.813950
v 0.079750 1.773879 -0.821733
v -0.027752 1.656639 -0.814157
v 0.031574 1.711208 -0.860854
v 0.000609 1.642800 -0.887982
v 0.001683 1.701834 -0.816666
v 0.001683 1.701834 -0.816666
v 0.079750 1.773879 -0.821733
v 0.031574 1.711208 -0.860854
v 0.011960 1.726554 -0.774299
v 0.011960 1.726554 -0.774299
v -0.027752 1.656639 -0.814157
v -0.040735 1.663055 -0.726895
v 0.001683 1.701834 -0.816666
v -0.040735 1.663055 -0.726895
v 0.011888 1.726471 -0.679605
v 0.029465 1.747745 -0.726961
v 0.011960 1.726554 -0.774299
v 0.072202 1.781975 -0.726970
v 0.011960 1.726554 -0.774299
v 0.029465 1.747745 -0.726961
v 0.079750 1.773879 -0.821733
v 0.011888 1.726471 -0.679605
v 0.072202 1.781975 -0.726970
v 0.029465 1.747745 -0.726961
v 0.079712 1.773834 -0.632203
v 0.072202 1.781975 -0.726970
v 0.142584 1.813332 -0.773635
v 0.079750 1.773879 -0.821733
v 0.115834 1.806842 -0.726971
v 0.115834 1.806842 -0.726971
v 0.205439 1.831199 -0.726971
v 0.142584 1.813332 -0.773635
v 0.142580 1.813327 -0.680308
v 0.142580 1.813327 -0.680308
v 0.072202 1.781975 -0.726970
v 0.079712 1.773834 -0.632203
v 0.115834 1.806842 -0.726971
v 0.064366 1.707324 -0.550244
v 0.000104 1.642210 -0.565835
v 0.060253 1.664312 -0.517541
v 0.031367 1.710966 -0.593039
v 0.064366 1.707324 -0.550244
v 0.106229 1.735078 -0.549144
v 0.079712 1.773834 -0.632203
v 0.031367 1.710966 -0.593039
v 0.064366 1.707324 -0.550244
v 0.138433 1.679151 -0.478863
v 0.106229 1.735078 -0.549144
v 0.060253 1.664312 -0.517541
v 0.155280 1.759254 -0.553006
v 0.138433 1.679151 -0.478863
v 0.195946 1.743342 -0.519872
v 0.106229 1.735078 -0.549144
v 0.106229 1.735078 -0.549144
v 0.166590 1.790637 -0.596498
v 0.079712 1.773834 -0.632203
v 0.155280 1.759254 -0.553006
v 0.166590 1.790637 -0.596498
v 0.195946 1.743342 -0.519872
v 0.259241 1.790353 -0.573626
v 0.155280 1.759254 -0.553006
v 0.166590 1.790637 -0.596498
v 0.142580 1.813327 -0.680308
v 0.079712 1.773834 -0.632203
v 0.178763 1.812622 -0.639989
v 0.178763 1.812622 -0.639989
v 0.230971 1.821452 -0.651467
v 0.205439 1.831199 -0.726971
v 0.142580 1.813327 -0.680308
v 0.230971 1.821452 -0.651467
v 0.166590 1.790637 -0.596498
v 0.259241 1.790353 -0.573626
v 0.178763 1.812622 -0.639989
v 0.336346 1.732483 -0.527962
v 0.305479 1.670447 -0.466208
v 0.368905 1.693034 -0.510191
v 0.285122 1.734355 -0.510246
v 0.336346 1.732483 -0.527962
v 0.259241 1.790353 -0.573626
v 0.285122 1.734355 -0.510246
v 0.348781 1.757486 -0.569686
v 0.348781 1.757486 -0.569686
v 0.368905 1.693034 -0.510191
v 0.428947 1.705910 -0.573619
v 0.336346 1.732483 -0.527962
v 0.359002 1.778046 -0.619439
v 0.428947 1.705910 -0.573619
v 0.404022 1.762350 -0.646356
v 0.348781 1.757486 -0.569686
v 0.348781 1.757486 -0.569686
v 0.319351 1.804696 -0.646329
v 0.259241 1.790353 -0.573626
v 0.359002 1.778046 -0.619439
v 0.319351 1.804696 -0.646329
v 0.404022 1.762350 -0.646356
v 0.370117 1.800467 -0.726984
v 0.359002 1.778046 -0.619439
v 0.319351 1.804696 -0.646329
v 0.230971 1.821452 -0.651467
v 0.259241 1.790353 -0.573626
v 0.280596 1.821986 -0.673211
v 0.205439 1.831199 -0.726971
v 0.230971 1.821452 -0.651467
v 0.280596 1.821986 -0.673211
v 0.285604 1.826477 -0.726970
v 0.285604 1.826477 -0.726970
v 0.319351 1.804696 -0.646329
v 0.370117 1.800467 -0.726984
v 0.280596 1.821986 -0.673211
v 0.470626 1.701905 -0.651499
v 0.404022 1.762350 -0.646356
v 0.428947 1.705910 -0.573619
v 0.441076 1.741742 -0.673260
v 0.370117 1.800467 -0.726984
v 0.441076 1.741742 -0.673260
v 0.441577 1.748369 -0.727034
v 0.404022 1.762350 -0.646356
v 0.441076 1.741742 -0.673260
v 0.470626 1.701905 -0.651499
v 0.493684 1.687279 -0.727029
v 0.441577 1.748369 -0.727034
v 0.225628 1.679589 -0.463588
v 0.195946 1.743342 -0.519872
v 0.138433 1.679151 -0.478863
v 0.234416 1.723006 -0.494762
v 0.234416 1.723006 -0.494762
v 0.259241 1.790353 -0.573626
v 0.195946 1.743342 -0.519872
v 0.285122 1.734355 -0.510246
v 0.285122 1.734355 -0.510246
v 0.225628 1.679589 -0.463588
v 0.305479 1.670447 -0.466208
v 0.234416 1.723006 -0.494762
v -0.027971 1.656383 -0.639672
v 0.011888 1.726471 -0.679605
v -0.040735 1.663055 -0.726895
v 0.001497 1.701616 -0.637212
v 0.001497 1.701616 -0.637212
v 0.079712 1.773834 -0.632203
v 0.011888 1.726471 -0.679605
v 0.031367 1.710966 -0.593039
v 0.031367 1.710966 -0.593039
v -0.027971 1.656383 -0.639672
v 0.000104 1.642210 -0.565835
v 0.001497 1.701616 -0.637212
v 0.064604 1.707603 -0.903652
v 0.106351 1.735220 -0.904776
v 0.138301 1.678997 -0.975119
v 0.060435 1.664525 -0.936373
v 0.079750 1.773879 -0.821733
v 0.064604 1.707603 -0.903652
v 0.031574 1.711208 -0.860854
v 0.106351 1.735220 -0.904776
v 0.064604 1.707603 -0.903652
v 0.060435 1.664525 -0.936373
v 0.000609 1.642800 -0.887982
v 0.031574 1.711208 -0.860854
v 0.368091 1.692081 -0.943800
v 0.348565 1.757234 -0.884260
v 0.428645 1.705557 -0.880374
v 0.335870 1.731925 -0.926029
v 0.335870 1.731925 -0.926029
v 0.259304 1.790427 -0.880294
v 0.348565 1.757234 -0.884260
v 0.284771 1.733945 -0.943746
v 0.335870 1.731925 -0.926029
v 0.368091 1.692081 -0.943800
v 0.304764 1.669610 -0.987818
v 0.284771 1.733945 -0.943746
v 0.413458 1.543027 -0.478748
v 0.480433 1.500734 -0.550163
v 0.477333 1.550842 -0.549068
v 0.448655 1.471618 -0.517444
v 0.524119 1.552892 -0.632158
v 0.480433 1.500734 -0.550163
v 0.503209 1.476550 -0.592967
v 0.477333 1.550842 -0.549068
v 0.503209 1.476550 -0.592967
v 0.448655 1.471618 -0.517444
v 0.467262 1.410236 -0.565747
v 0.480433 1.500734 -0.550163
v 0.053956 1.509474 -0.478862
v 0.106183 1.439725 -0.463601
v 0.145169 1.469384 -0.441054
v 0.140042 1.519363 -0.439268
v 0.140042 1.519363 -0.439268
v 0.194518 1.447783 -0.434773
v 0.233583 1.526106 -0.420262
v 0.145169 1.469384 -0.441054
v 0.161679 1.381755 -0.466248
v 0.194518 1.447783 -0.434773
v 0.145169 1.469384 -0.441054
v 0.106183 1.439725 -0.463601
v -0.049898 1.426148 -0.773472
v -0.067398 1.501097 -0.726832
v -0.056267 1.500123 -0.821576
v -0.060945 1.451285 -0.726832
v -0.067398 1.501097 -0.726832
v -0.050001 1.426028 -0.680168
v -0.056380 1.499990 -0.632062
v -0.060945 1.451285 -0.726832
v -0.026204 1.365299 -0.726792
v -0.060945 1.451285 -0.726832
v -0.049898 1.426148 -0.773472
v -0.050001 1.426028 -0.680168
v 0.194333 1.447567 -1.019246
v 0.140159 1.519499 -1.014717
v 0.232992 1.525414 -1.033772
v 0.145385 1.469636 -1.012927
v 0.054167 1.509721 -0.975039
v 0.145385 1.469636 -1.012927
v 0.106446 1.440032 -0.990287
v 0.140159 1.519499 -1.014717
v 0.161792 1.381887 -0.987662
v 0.106446 1.440032 -0.990287
v 0.145385 1.469636 -1.012927
v 0.194333 1.447567 -1.019246
v 0.523818 1.552539 -0.821769
v 0.479588 1.499746 -0.903829
v 0.476504 1.549873 -0.904926
v 0.502479 1.475697 -0.861004
v 0.412341 1.541721 -0.975238
v 0.476504 1.549873 -0.904926
v 0.479588 1.499746 -0.903829
v 0.447683 1.470480 -0.936549
v 0.447683 1.470480 -0.936549
v 0.502479 1.475697 -0.861004
v 0.466374 1.409197 -0.888222
v 0.479588 1.499746 -0.903829
v 0.407182 1.388213 -0.517416
v 0.374850 1.456583 -0.468363
v 0.329257 1.373673 -0.478684
v 0.412072 1.437849 -0.496369
v 0.374850 1.456583 -0.468363
v 0.448655 1.471618 -0.517444
v 0.413458 1.543027 -0.478748
v 0.412072 1.437849 -0.496369
v 0.412072 1.437849 -0.496369
v 0.407182 1.388213 -0.517416
v 0.467262 1.410236 -0.565747
v 0.448655 1.471618 -0.517444
v 0.077316 1.407093 -0.494658
v 0.038950 1.347155 -0.573420
v 0.098958 1.359991 -0.510123
v 0.038114 1.425754 -0.519710
v 0.038114 1.425754 -0.519710
v 0.106183 1.439725 -0.463601
v 0.053956 1.509474 -0.478862
v 0.077316 1.407093 -0.494658
v 0.106183 1.439725 -0.463601
v 0.098958 1.359991 -0.510123
v 0.161679 1.381755 -0.466248
v 0.077316 1.407093 -0.494658
v -0.027480 1.397755 -0.813780
v 0.038638 1.346791 -0.880177
v -0.003058 1.350776 -0.802302
v -0.017602 1.420334 -0.857349
v -0.017602 1.420334 -0.857349
v -0.049898 1.426148 -0.773472
v -0.056267 1.500123 -0.821576
v -0.027480 1.397755 -0.813780
v -0.049898 1.426148 -0.773472
v -0.003058 1.350776 -0.802302
v -0.026204 1.365299 -0.726792
v -0.027480 1.397755 -0.813780
v 0.241211 1.421221 -1.013026
v 0.328040 1.372250 -0.975195
v 0.241140 1.372157 -0.990401
v 0.284022 1.447021 -1.014836
v 0.284022 1.447021 -1.014836
v 0.194333 1.447567 -1.019246
v 0.232992 1.525414 -1.033772
v 0.241211 1.421221 -1.013026
v 0.241211 1.421221 -1.013026
v 0.161792 1.381887 -0.987662
v 0.194333 1.447567 -1.019246
v 0.241140 1.372157 -0.990401
v 0.494659 1.395269 -0.814336
v 0.526904 1.469817 -0.774350
v 0.507945 1.389208 -0.726990
v 0.513091 1.446262 -0.816801
v 0.526904 1.469817 -0.774350
v 0.502479 1.475697 -0.861004
v 0.523818 1.552539 -0.821769
v 0.513091 1.446262 -0.816801
v 0.513091 1.446262 -0.816801
v 0.466374 1.409197 -0.888222
v 0.502479 1.475697 -0.861004
v 0.494659 1.395269 -0.814336
v 0.236491 1.231106 -0.651350
v 0.300873 1.261921 -0.596379
v 0.208351 1.262356 -0.573486
v 0.288488 1.239689 -0.639921
v 0.300873 1.261921 -0.596379
v 0.324397 1.238663 -0.680304
v 0.387416 1.278332 -0.632162
v 0.288488 1.239689 -0.639921
v 0.288488 1.239689 -0.639921
v 0.261940 1.221261 -0.726874
v 0.324397 1.238663 -0.680304
v 0.236491 1.231106 -0.651350
v 0.181997 1.226243 -0.726823
v 0.147967 1.247693 -0.646255
v 0.097420 1.252178 -0.726824
v 0.186837 1.230538 -0.673104
v 0.147967 1.247693 -0.646255
v 0.236491 1.231106 -0.651350
v 0.208351 1.262356 -0.573486
v 0.186837 1.230538 -0.673104
v 0.186837 1.230538 -0.673104
v 0.181997 1.226243 -0.726823
v 0.261940 1.221261 -0.726874
v 0.236491 1.231106 -0.651350
v 0.236562 1.231189 -0.802342
v 0.148515 1.248334 -0.807401
v 0.208374 1.262383 -0.880163
v 0.187172 1.230930 -0.780542
v 0.148515 1.248334 -0.807401
v 0.181997 1.226243 -0.726823
v 0.097420 1.252178 -0.726824
v 0.187172 1.230930 -0.780542
v 0.261940 1.221261 -0.726874
v 0.187172 1.230930 -0.780542
v 0.236562 1.231189 -0.802342
v 0.181997 1.226243 -0.726823
v 0.386963 1.277803 -0.821808
v 0.465071 1.349896 -0.816824
v 0.454734 1.325105 -0.774418
v 0.435153 1.340489 -0.861009
v 0.454734 1.325105 -0.774418
v 0.494659 1.395269 -0.814336
v 0.507945 1.389208 -0.726990
v 0.465071 1.349896 -0.816824
v 0.435153 1.340489 -0.861009
v 0.494659 1.395269 -0.814336
v 0.465071 1.349896 -0.816824
v 0.466374 1.409197 -0.888222
v 0.324369 1.238630 -0.773638
v 0.300509 1.261495 -0.857413
v 0.386963 1.277803 -0.821808
v 0.288482 1.239681 -0.813888
v 0.300509 1.261495 -0.857413
v 0.236562 1.231189 -0.802342
v 0.208374 1.262383 -0.880163
v 0.288482 1.239681 -0.813888
v 0.288482 1.239681 -0.813888
v 0.261940 1.221261 -0.726874
v 0.236562 1.231189 -0.802342
v 0.324369 1.238630 -0.773638
v 0.327687 1.371836 0.976838
v 0.401751 1.343659 0.905459
v 0.405852 1.386658 0.938163
v 0.359895 1.315915 0.906556
v 0.401751 1.343659 0.905459
v 0.434841 1.340124 0.862675
v 0.466174 1.408963 0.889889
v 0.405852 1.386658 0.938163
v 0.401751 1.343659 0.905459
v 0.386418 1.277165 0.823496
v 0.434841 1.340124 0.862675
v 0.359895 1.315915 0.906556
v 0.310852 1.291748 0.902692
v 0.359895 1.315915 0.906556
v 0.327687 1.371836 0.976838
v 0.270197 1.307673 0.935824
v 0.359895 1.315915 0.906556
v 0.299544 1.260367 0.859200
v 0.386418 1.277165 0.823496
v 0.310852 1.291748 0.902692
v 0.299544 1.260367 0.859200
v 0.270197 1.307673 0.935824
v 0.206910 1.260671 0.882068
v 0.310852 1.291748 0.902692
v 0.181084 1.316733 0.945435
v 0.240553 1.371469 0.992099
v 0.160839 1.380772 0.989447
v 0.231753 1.328039 0.960928
v 0.240553 1.371469 0.992099
v 0.270197 1.307673 0.935824
v 0.327687 1.371836 0.976838
v 0.231753 1.328039 0.960928
v 0.206910 1.260671 0.882068
v 0.231753 1.328039 0.960928
v 0.181084 1.316733 0.945435
v 0.270197 1.307673 0.935824
v 0.323555 1.237678 0.682062
v 0.393983 1.269089 0.728736
v 0.350305 1.244167 0.728726
v 0.386549 1.277318 0.633987
v 0.350305 1.244167 0.728726
v 0.323555 1.237678 0.775390
v 0.260698 1.219809 0.728726
v 0.323555 1.237678 0.682062
v 0.323555 1.237678 0.775390
v 0.393983 1.269089 0.728736
v 0.386418 1.277165 0.823496
v 0.350305 1.244167 0.728726
v 0.454582 1.324926 0.681439
v 0.393983 1.269089 0.728736
v 0.386549 1.277318 0.633987
v 0.436856 1.303478 0.728759
v 0.393983 1.269089 0.728736
v 0.454439 1.324759 0.776116
v 0.386418 1.277165 0.823496
v 0.436856 1.303478 0.728759
v 0.436856 1.303478 0.728759
v 0.507704 1.388926 0.728846
v 0.454439 1.324759 0.776116
v 0.454582 1.324926 0.681439
v 0.435162 1.340500 0.594886
v 0.494802 1.395436 0.641590
v 0.465118 1.349951 0.639080
v 0.466627 1.409492 0.567729
v 0.386549 1.277318 0.633987
v 0.465118 1.349951 0.639080
v 0.454582 1.324926 0.681439
v 0.435162 1.340500 0.594886
v 0.454582 1.324926 0.681439
v 0.494802 1.395436 0.641590
v 0.507704 1.388926 0.728846
v 0.465118 1.349951 0.639080
v 0.117457 1.293639 0.885988
v 0.097536 1.358329 0.945435
v 0.037234 1.345149 0.882068
v 0.129926 1.318683 0.927703
v 0.129926 1.318683 0.927703
v 0.181084 1.316733 0.945435
v 0.160839 1.380772 0.989447
v 0.097536 1.358329 0.945435
v 0.129926 1.318683 0.927703
v 0.117457 1.293639 0.885988
v 0.206910 1.260671 0.882068
v 0.181084 1.316733 0.945435
v 0.037234 1.345149 0.882068
v 0.107199 1.273036 0.836243
v 0.117457 1.293639 0.885988
v 0.062019 1.288545 0.809364
v 0.117457 1.293639 0.885988
v 0.146805 1.246333 0.809364
v 0.206910 1.260671 0.882068
v 0.107199 1.273036 0.836243
v 0.146805 1.246333 0.809364
v 0.062019 1.288545 0.809364
v 0.095967 1.250478 0.728726
v 0.107199 1.273036 0.836243
v 0.024860 1.309030 0.782485
v -0.027793 1.363441 0.728726
v 0.024294 1.302328 0.728726
v -0.004625 1.348943 0.804230
v -0.004625 1.348943 0.804230
v 0.062019 1.288545 0.809364
v 0.037234 1.345149 0.882068
v 0.024860 1.309030 0.782485
v 0.024860 1.309030 0.782485
v 0.024294 1.302328 0.728726
v 0.095967 1.250478 0.728726
v 0.062019 1.288545 0.809364
v -0.004625 1.348943 0.653222
v 0.062019 1.288545 0.648088
v 0.024860 1.309030 0.674967
v 0.037234 1.345149 0.575384
v -0.027793 1.363441 0.728726
v -0.004625 1.348943 0.653222
v 0.024860 1.309030 0.674967
v 0.024294 1.302328 0.728726
v 0.095967 1.250478 0.728726
v 0.024860 1.309030 0.674967
v 0.062019 1.288545 0.648088
v 0.024294 1.302328 0.728726
v 0.107199 1.273036 0.621209
v 0.037234 1.345149 0.575384
v 0.117457 1.293639 0.571465
v 0.062019 1.288545 0.648088
v 0.062019 1.288545 0.648088
v 0.146805 1.246333 0.648088
v 0.095967 1.250478 0.728726
v 0.107199 1.273036 0.621209
v 0.146805 1.246333 0.648088
v 0.117457 1.293639 0.571465
v 0.206910 1.260671 0.575385
v 0.107199 1.273036 0.621209
v 0.129926 1.318684 0.529749
v 0.160839 1.380772 0.468006
v 0.181084 1.316733 0.512017
v 0.097536 1.358329 0.512017
v 0.117457 1.293639 0.571465
v 0.097536 1.358329 0.512017
v 0.129926 1.318684 0.529749
v 0.037234 1.345149 0.575384
v 0.206910 1.260671 0.575385
v 0.117457 1.293639 0.571465
v 0.129926 1.318684 0.529749
v 0.181084 1.316733 0.512017
v 0.240553 1.371470 0.465353
v 0.270197 1.307673 0.521628
v 0.231753 1.328040 0.496524
v 0.327755 1.371915 0.480630
v 0.181084 1.316733 0.512017
v 0.240553 1.371470 0.465353
v 0.231753 1.328040 0.496524
v 0.160839 1.380772 0.468006
v 0.231753 1.328040 0.496524
v 0.206910 1.260671 0.575385
v 0.181084 1.316733 0.512017
v 0.270197 1.307673 0.521628
v 0.327755 1.371915 0.480630
v 0.360055 1.316102 0.550934
v 0.310905 1.291810 0.554773
v 0.270197 1.307673 0.521628
v 0.299544 1.260367 0.598252
v 0.270197 1.307673 0.521628
v 0.310905 1.291810 0.554773
v 0.206910 1.260671 0.575385
v 0.360055 1.316102 0.550934
v 0.299544 1.260367 0.598252
v 0.310905 1.291810 0.554773
v 0.386549 1.277318 0.633987
v 0.402097 1.344064 0.552075
v 0.466627 1.409492 0.567729
v 0.435162 1.340500 0.594886
v 0.406314 1.387198 0.519398
v 0.327755 1.371915 0.480630
v 0.402097 1.344064 0.552075
v 0.360055 1.316102 0.550934
v 0.406314 1.387198 0.519398
v 0.402097 1.344064 0.552075
v 0.386549 1.277318 0.633987
v 0.360055 1.316102 0.550934
v 0.435162 1.340500 0.594886
v 0.526764 1.469652 0.681510
v 0.502603 1.475841 0.594918
v 0.523389 1.552037 0.634023
v 0.513216 1.446407 0.639121
v 0.513216 1.446407 0.639121
v 0.466627 1.409492 0.567729
v 0.502603 1.475841 0.594918
v 0.494802 1.395436 0.641590
v 0.494802 1.395436 0.641590
v 0.526764 1.469652 0.681510
v 0.507704 1.388926 0.728846
v 0.513216 1.446407 0.639121
v 0.534401 1.550923 0.728792
v 0.526764 1.469652 0.681510
v 0.523389 1.552037 0.634023
v 0.533093 1.496438 0.728853
v 0.507704 1.388926 0.728846
v 0.533093 1.496438 0.728853
v 0.526719 1.469600 0.776210
v 0.526764 1.469652 0.681510
v 0.526719 1.469600 0.776210
v 0.534401 1.550923 0.728792
v 0.523304 1.551938 0.823543
v 0.533093 1.496438 0.728853
v 0.527794 1.600555 0.728755
v 0.516799 1.625753 0.682079
v 0.493112 1.686610 0.728729
v 0.516789 1.625741 0.775405
v 0.516799 1.625753 0.682079
v 0.534401 1.550923 0.728792
v 0.523389 1.552037 0.634023
v 0.527794 1.600555 0.728755
v 0.534401 1.550923 0.728792
v 0.516789 1.625741 0.775405
v 0.523304 1.551938 0.823543
v 0.527794 1.600555 0.728755
v 0.373434 1.454927 0.987196
v 0.447475 1.470237 0.938170
v 0.412218 1.541577 0.976853
v 0.410777 1.436334 0.959218
v 0.410777 1.436334 0.959218
v 0.405852 1.386658 0.938163
v 0.466174 1.408963 0.889889
v 0.447475 1.470237 0.938170
v 0.405852 1.386658 0.938163
v 0.373434 1.454927 0.987196
v 0.327687 1.371836 0.976838
v 0.410777 1.436334 0.959218
v 0.325953 1.531478 1.016466
v 0.373434 1.454927 0.987196
v 0.412218 1.541577 0.976853
v 0.328903 1.477098 1.010211
v 0.373434 1.454927 0.987196
v 0.283735 1.446685 1.016464
v 0.327687 1.371836 0.976838
v 0.328903 1.477098 1.010211
v 0.232654 1.525019 1.035411
v 0.328903 1.477098 1.010211
v 0.325953 1.531478 1.016466
v 0.283735 1.446685 1.016464
v 0.320853 1.581489 1.014705
v 0.304492 1.669292 0.989452
v 0.271622 1.603228 1.020958
v 0.359996 1.611331 0.992114
v 0.320853 1.581489 1.014705
v 0.325953 1.531478 1.016466
v 0.412218 1.541577 0.976853
v 0.359996 1.611331 0.992114
v 0.325953 1.531478 1.016466
v 0.271622 1.603228 1.020958
v 0.232654 1.525019 1.035411
v 0.320853 1.581489 1.014705
v 0.036596 1.423978 0.935825
v 0.105371 1.438774 0.992100
v 0.053145 1.508525 0.976840
v 0.076019 1.405576 0.960929
v 0.105371 1.438774 0.992100
v 0.097536 1.358329 0.945435
v 0.160839 1.380772 0.989447
v 0.076019 1.405576 0.960929
v 0.076019 1.405576 0.960929
v 0.037234 1.345149 0.882068
v 0.097536 1.358329 0.945435
v 0.036596 1.423978 0.935825
v 0.053145 1.508525 0.976840
v -0.000615 1.446822 0.902693
v 0.036596 1.423978 0.935825
v -0.010891 1.500522 0.906557
v 0.036596 1.423978 0.935825
v -0.018841 1.418884 0.859201
v 0.037234 1.345149 0.882068
v -0.000615 1.446822 0.902693
v -0.057798 1.498332 0.823496
v -0.000615 1.446822 0.902693
v -0.010891 1.500522 0.906557
v -0.018841 1.418884 0.859201
v -0.036767 1.574813 0.862659
v 0.017860 1.579833 0.938164
v -0.000740 1.641222 0.889859
v -0.013979 1.550644 0.905459
v -0.013979 1.550644 0.905459
v -0.010891 1.500522 0.906557
v 0.053145 1.508525 0.976840
v 0.017860 1.579833 0.938164
v -0.013979 1.550644 0.905459
v -0.057798 1.498332 0.823496
v -0.010891 1.500522 0.906557
v -0.036767 1.574813 0.862659
v -0.018841 1.418884 0.598251
v -0.051419 1.424369 0.682062
v -0.057798 1.498332 0.633956
v -0.029047 1.395923 0.641743
v -0.051419 1.424369 0.682062
v -0.004625 1.348943 0.653222
v -0.027793 1.363441 0.728726
v -0.029047 1.395923 0.641743
v -0.029047 1.395923 0.641743
v 0.037234 1.345149 0.575384
v -0.004625 1.348943 0.653222
v -0.018841 1.418884 0.598251
v -0.057798 1.498332 0.633956
v -0.000615 1.446822 0.554759
v -0.018841 1.418884 0.598251
v -0.010891 1.500522 0.550895
v -0.018841 1.418884 0.598251
v 0.036596 1.423978 0.521627
v 0.037234 1.345149 0.575384
v -0.000615 1.446822 0.554759
v 0.053145 1.508526 0.480613
v -0.000615 1.446822 0.554759
v -0.010891 1.500522 0.550895
v 0.036596 1.423978 0.521627
v 0.017860 1.579833 0.519288
v -0.036767 1.574813 0.594794
v -0.000740 1.641222 0.567593
v -0.013979 1.550644 0.551993
v -0.013979 1.550644 0.551993
v -0.010891 1.500522 0.550895
v -0.057798 1.498332 0.633956
v -0.036767 1.574813 0.594794
v -0.013979 1.550644 0.551993
v 0.053145 1.508526 0.480613
v -0.010891 1.500522 0.550895
v 0.017860 1.579833 0.519288
v 0.283735 1.446685 0.440989
v 0.193760 1.446896 0.436512
v 0.232654 1.525019 0.422041
v 0.240778 1.420715 0.442765
v 0.240778 1.420715 0.442765
v 0.160839 1.380772 0.468006
v 0.193760 1.446896 0.436512
v 0.240553 1.371470 0.465353
v 0.240778 1.420715 0.442765
v 0.327755 1.371915 0.480630
v 0.240553 1.371470 0.465353
v 0.283735 1.446685 0.440989
v 0.232654 1.525019 0.422041
v 0.328903 1.477098 0.447241
v 0.283735 1.446685 0.440989
v 0.325947 1.531472 0.440988
v 0.283735 1.446685 0.440989
v 0.373537 1.455048 0.470281
v 0.327755 1.371915 0.480630
v 0.328903 1.477098 0.447241
v 0.373537 1.455048 0.470281
v 0.325947 1.531472 0.440988
v 0.412209 1.541567 0.480624
v 0.328903 1.477098 0.447241
v 0.320779 1.581403 0.442764
v 0.271549 1.603142 0.436512
v 0.304469 1.669266 0.468006
v 0.359938 1.611264 0.465352
v 0.271549 1.603142 0.436512
v 0.325947 1.531472 0.440988
v 0.232654 1.525019 0.422041
v 0.320779 1.581403 0.442764
v 0.320779 1.581403 0.442764
v 0.412209 1.541567 0.480624
v 0.325947 1.531472 0.440988
v 0.359938 1.611264 0.465352
v 0.428078 1.704893 0.882069
v 0.494379 1.654143 0.815715
v 0.469937 1.701099 0.804231
v 0.484183 1.631193 0.859209
v 0.469937 1.701099 0.804231
v 0.516789 1.625741 0.775405
v 0.493112 1.686610 0.728729
v 0.494379 1.654143 0.815715
v 0.516789 1.625741 0.775405
v 0.484183 1.631193 0.859209
v 0.523304 1.551938 0.823543
v 0.494379 1.654143 0.815715
v 0.428746 1.626100 0.935833
v 0.484183 1.631193 0.859209
v 0.428078 1.704893 0.882069
v 0.465974 1.603276 0.902705
v 0.465974 1.603276 0.902705
v 0.476319 1.549655 0.906585
v 0.523304 1.551938 0.823543
v 0.484183 1.631193 0.859209
v 0.465974 1.603276 0.902705
v 0.412218 1.541577 0.976853
v 0.476319 1.549655 0.906585
v 0.428746 1.626100 0.935833
v 0.367782 1.691720 0.945437
v 0.359996 1.611331 0.992114
v 0.389319 1.644496 0.960936
v 0.304492 1.669292 0.989452
v 0.428078 1.704893 0.882069
v 0.389319 1.644496 0.960936
v 0.428746 1.626100 0.935833
v 0.367782 1.691720 0.945437
v 0.359996 1.611331 0.992114
v 0.428746 1.626100 0.935833
v 0.389319 1.644496 0.960936
v 0.412218 1.541577 0.976853
v 0.137630 1.678212 0.976840
v 0.224578 1.629379 1.014699
v 0.224771 1.678587 0.992103
v 0.181635 1.603424 1.016478
v 0.304492 1.669292 0.989452
v 0.224578 1.629379 1.014699
v 0.271622 1.603228 1.020958
v 0.224771 1.678587 0.992103
v 0.271622 1.603228 1.020958
v 0.181635 1.603424 1.016478
v 0.232654 1.525019 1.035411
v 0.224578 1.629379 1.014699
v 0.091908 1.595150 0.987204
v 0.181635 1.603424 1.016478
v 0.137630 1.678212 0.976840
v 0.136452 1.572994 1.010222
v 0.136452 1.572994 1.010222
v 0.139361 1.518566 1.016464
v 0.232654 1.525019 1.035411
v 0.181635 1.603424 1.016478
v 0.139361 1.518566 1.016464
v 0.091908 1.595150 0.987204
v 0.053145 1.508525 0.976840
v 0.136452 1.572994 1.010222
v -0.000740 1.641222 0.889859
v 0.054535 1.613708 0.959219
v 0.059456 1.663381 0.938163
v 0.017860 1.579833 0.938164
v 0.059456 1.663381 0.938163
v 0.091908 1.595150 0.987204
v 0.137630 1.678212 0.976840
v 0.054535 1.613708 0.959219
v 0.091908 1.595150 0.987204
v 0.017860 1.579833 0.938164
v 0.053145 1.508525 0.976840
v 0.054535 1.613708 0.959219
v -0.060865 1.581077 0.776082
v -0.028932 1.655259 0.815994
v -0.041886 1.661708 0.728726
v -0.047295 1.604347 0.818475
v -0.000740 1.641222 0.889859
v -0.047295 1.604347 0.818475
v -0.036767 1.574813 0.862659
v -0.028932 1.655259 0.815994
v -0.036767 1.574813 0.862659
v -0.060865 1.581077 0.776082
v -0.057798 1.498332 0.823496
v -0.047295 1.604347 0.818475
v -0.067248 1.554227 0.728726
v -0.060865 1.581077 0.776082
v -0.041886 1.661708 0.728726
v -0.060865 1.581077 0.681371
v -0.060865 1.581077 0.776082
v -0.068816 1.499439 0.728726
v -0.057798 1.498332 0.823496
v -0.067248 1.554227 0.728726
v -0.068816 1.499439 0.728726
v -0.060865 1.581077 0.681371
v -0.057798 1.498332 0.633956
v -0.067248 1.554227 0.728726
v -0.000740 1.641222 0.567593
v -0.047295 1.604347 0.638977
v -0.028932 1.655259 0.641458
v -0.036767 1.574813 0.594794
v -0.028932 1.655259 0.641458
v -0.060865 1.581077 0.681371
v -0.041886 1.661708 0.728726
v -0.047295 1.604347 0.638977
v -0.060865 1.581077 0.681371
v -0.036767 1.574813 0.594794
v -0.057798 1.498332 0.633956
v -0.047295 1.604347 0.638977
v 0.059456 1.663381 0.519289
v 0.091875 1.595111 0.470257
v 0.054531 1.613704 0.498234
v 0.137622 1.678202 0.480614
v -0.000740 1.641222 0.567593
v 0.054531 1.613704 0.498234
v 0.017860 1.579833 0.519288
v 0.059456 1.663381 0.519289
v 0.017860 1.579833 0.519288
v 0.091875 1.595111 0.470257
v 0.053145 1.508526 0.480613
v 0.054531 1.613704 0.498234
v 0.181574 1.603353 0.440989
v 0.091875 1.595111 0.470257
v 0.137622 1.678202 0.480614
v 0.136405 1.572940 0.447241
v 0.091875 1.595111 0.470257
v 0.139362 1.518567 0.440988
v 0.053145 1.508526 0.480613
v 0.136405 1.572940 0.447241
v 0.136405 1.572940 0.447241
v 0.232654 1.525019 0.422041
v 0.139362 1.518567 0.440988
v 0.181574 1.603353 0.440989
v 0.304469 1.669266 0.468006
v 0.224530 1.629324 0.442765
v 0.224755 1.678569 0.465353
v 0.271549 1.603142 0.436512
v 0.137622 1.678202 0.480614
v 0.224530 1.629324 0.442765
v 0.181574 1.603353 0.440989
v 0.224755 1.678569 0.465353
v 0.181574 1.603353 0.440989
v 0.271549 1.603142 0.436512
v 0.232654 1.525019 0.422041
v 0.224530 1.629324 0.442765
v 0.428074 1.704890 0.575384
v 0.389289 1.644462 0.496524
v 0.367772 1.691709 0.512017
v 0.428714 1.626062 0.521627
v 0.367772 1.691709 0.512017
v 0.359938 1.611264 0.465352
v 0.304469 1.669266 0.468006
v 0.389289 1.644462 0.496524
v 0.359938 1.611264 0.465352
v 0.428714 1.626062 0.521627
v 0.412209 1.541567 0.480624
v 0.389289 1.644462 0.496524
v 0.484189 1.631200 0.598261
v 0.428714 1.626062 0.521627
v 0.428074 1.704890 0.575384
v 0.465973 1.603274 0.554771
v 0.465973 1.603274 0.554771
v 0.476367 1.549713 0.550935
v 0.412209 1.541567 0.480624
v 0.428714 1.626062 0.521627
v 0.465973 1.603274 0.554771
v 0.523389 1.552037 0.634023
v 0.476367 1.549713 0.550935
v 0.484189 1.631200 0.598261
v 0.469936 1.701098 0.653222
v 0.516799 1.625753 0.682079
v 0.494383 1.654147 0.641750
v 0.493112 1.686610 0.728729
v 0.428074 1.704890 0.575384
v 0.494383 1.654147 0.641750
v 0.484189 1.631200 0.598261
v 0.469936 1.701098 0.653222
v 0.484189 1.631200 0.598261
v 0.516799 1.625753 0.682079
v 0.523389 1.552037 0.634023
v 0.494383 1.654147 0.641750
v 0.369342 1.799560 0.728726
v 0.440448 1.741008 0.782485
v 0.441014 1.747710 0.728726
v 0.403289 1.761493 0.809364
v 0.440448 1.741008 0.782485
v 0.469937 1.701099 0.804231
v 0.493112 1.686610 0.728729
v 0.441014 1.747710 0.728726
v 0.469937 1.701099 0.804231
v 0.403289 1.761493 0.809364
v 0.428078 1.704893 0.882069
v 0.440448 1.741008 0.782485
v 0.318504 1.803705 0.809364
v 0.403289 1.761493 0.809364
v 0.369342 1.799560 0.728726
v 0.358110 1.777002 0.836243
v 0.358110 1.777002 0.836243
v 0.347852 1.756399 0.885988
v 0.428078 1.704893 0.882069
v 0.403289 1.761493 0.809364
v 0.347852 1.756399 0.885988
v 0.318504 1.803705 0.809364
v 0.258398 1.789367 0.882068
v 0.358110 1.777002 0.836243
v 0.204611 1.830230 0.728726
v 0.279762 1.821010 0.782485
v 0.284770 1.825501 0.728726
v 0.230142 1.820482 0.804230
v 0.284770 1.825501 0.728726
v 0.318504 1.803705 0.809364
v 0.369342 1.799560 0.728726
v 0.279762 1.821010 0.782485
v 0.318504 1.803705 0.809364
v 0.230142 1.820482 0.804230
v 0.258398 1.789367 0.882068
v 0.279762 1.821010 0.782485
v 0.233558 1.722001 0.960929
v 0.284227 1.733307 0.945435
v 0.258398 1.789367 0.882068
v 0.195112 1.742366 0.935825
v 0.284227 1.733307 0.945435
v 0.224771 1.678587 0.992103
v 0.304492 1.669292 0.989452
v 0.233558 1.722001 0.960929
v 0.224771 1.678587 0.992103
v 0.195112 1.742366 0.935825
v 0.137630 1.678212 0.976840
v 0.233558 1.722001 0.960929
v 0.165764 1.789672 0.859200
v 0.195112 1.742366 0.935825
v 0.258398 1.789367 0.882068
v 0.154457 1.758290 0.902692
v 0.154457 1.758290 0.902692
v 0.137630 1.678212 0.976840
v 0.195112 1.742366 0.935825
v 0.105413 1.734124 0.906557
v 0.105413 1.734124 0.906557
v 0.165764 1.789672 0.859200
v 0.078891 1.772873 0.823496
v 0.154457 1.758290 0.902692
v 0.177935 1.811654 0.815709
v 0.230142 1.820482 0.804230
v 0.204611 1.830230 0.728726
v 0.141754 1.812361 0.775390
v 0.230142 1.820482 0.804230
v 0.165764 1.789672 0.859200
v 0.258398 1.789367 0.882068
v 0.177935 1.811654 0.815709
v 0.165764 1.789672 0.859200
v 0.141754 1.812361 0.775390
v 0.078891 1.772873 0.823496
v 0.177935 1.811654 0.815709
v 0.000626 1.700596 0.818475
v 0.078891 1.772873 0.823496
v 0.011016 1.725450 0.776082
v 0.030538 1.709996 0.862659
v 0.030538 1.709996 0.862659
v -0.028932 1.655259 0.815994
v -0.000740 1.641222 0.889859
v 0.000626 1.700596 0.818475
v -0.028932 1.655259 0.815994
v 0.011016 1.725450 0.776082
v -0.041886 1.661708 0.728726
v 0.000626 1.700596 0.818475
v 0.011016 1.725450 0.776082
v 0.071367 1.780998 0.728726
v 0.028593 1.746725 0.728726
v 0.078891 1.772873 0.823496
v -0.041886 1.661708 0.728726
v 0.028593 1.746725 0.728726
v 0.011016 1.725450 0.681371
v 0.011016 1.725450 0.776082
v 0.071367 1.780998 0.728726
v 0.011016 1.725450 0.681371
v 0.028593 1.746725 0.728726
v 0.078891 1.772873 0.633957
v 0.115004 1.805872 0.728726
v 0.204611 1.830230 0.728726
v 0.141754 1.812361 0.682062
v 0.141754 1.812361 0.775390
v 0.141754 1.812361 0.775390
v 0.071367 1.780998 0.728726
v 0.078891 1.772873 0.823496
v 0.115004 1.805872 0.728726
v 0.071367 1.780998 0.728726
v 0.141754 1.812361 0.682062
v 0.078891 1.772873 0.633957
v 0.115004 1.805872 0.728726
v 0.078891 1.772873 0.633957
v 0.105413 1.734124 0.550896
v 0.063557 1.706379 0.551994
v 0.030538 1.709996 0.594794
v 0.063557 1.706379 0.551994
v 0.059456 1.663381 0.519289
v -0.000740 1.641222 0.567593
v 0.030538 1.709996 0.594794
v 0.063557 1.706379 0.551994
v 0.105413 1.734124 0.550896
v 0.137622 1.678202 0.480614
v 0.059456 1.663381 0.519289
v 0.165764 1.789672 0.598252
v 0.105413 1.734124 0.550896
v 0.078891 1.772873 0.633957
v 0.154456 1.758290 0.554760
v 0.154456 1.758290 0.554760
v 0.137622 1.678202 0.480614
v 0.105413 1.734124 0.550896
v 0.195112 1.742366 0.521628
v 0.195112 1.742366 0.521628
v 0.165764 1.789672 0.598252
v 0.258398 1.789367 0.575385
v 0.154456 1.758290 0.554760
v 0.204611 1.830230 0.728726
v 0.230142 1.820482 0.653222
v 0.177935 1.811654 0.641743
v 0.141754 1.812361 0.682062
v 0.165764 1.789672 0.598252
v 0.141754 1.812361 0.682062
v 0.177935 1.811654 0.641743
v 0.078891 1.772873 0.633957
v 0.230142 1.820482 0.653222
v 0.165764 1.789672 0.598252
v 0.177935 1.811654 0.641743
v 0.258398 1.789367 0.575385
v 0.335382 1.731355 0.529749
v 0.258398 1.789367 0.575385
v 0.347852 1.756399 0.571465
v 0.284225 1.733305 0.512018
v 0.335382 1.731355 0.529749
v 0.367772 1.691709 0.512017
v 0.304469 1.669266 0.468006
v 0.284225 1.733305 0.512018
v 0.367772 1.691709 0.512017
v 0.347852 1.756399 0.571465
v 0.428074 1.704890 0.575384
v 0.335382 1.731355 0.529749
v 0.347852 1.756399 0.571465
v 0.318504 1.803705 0.648088
v 0.358110 1.777002 0.621209
v 0.258398 1.789367 0.575385
v 0.428074 1.704890 0.575384
v 0.358110 1.777002 0.621209
v 0.403289 1.761493 0.648088
v 0.347852 1.756399 0.571465
v 0.403289 1.761493 0.648088
v 0.318504 1.803705 0.648088
v 0.369342 1.799560 0.728726
v 0.358110 1.777002 0.621209
v 0.279762 1.821010 0.674968
v 0.204611 1.830230 0.728726
v 0.284770 1.825501 0.728726
v 0.230142 1.820482 0.653222
v 0.230142 1.820482 0.653222
v 0.318504 1.803705 0.648088
v 0.258398 1.789367 0.575385
v 0.279762 1.821010 0.674968
v 0.318504 1.803705 0.648088
v 0.284770 1.825501 0.728726
v 0.369342 1.799560 0.728726
v 0.279762 1.821010 0.674968
v 0.440448 1.741008 0.674968
v 0.369342 1.799560 0.728726
v 0.441014 1.747710 0.728726
v 0.403289 1.761493 0.648088
v 0.403289 1.761493 0.648088
v 0.469936 1.701098 0.653222
v 0.428074 1.704890 0.575384
v 0.440448 1.741008 0.674968
v 0.440448 1.741008 0.674968
v 0.493112 1.686610 0.728729
v 0.469936 1.701098 0.653222
v 0.441014 1.747710 0.728726
v 0.258398 1.789367 0.575385
v 0.233555 1.721999 0.496524
v 0.195112 1.742366 0.521628
v 0.284225 1.733305 0.512018
v 0.195112 1.742366 0.521628
v 0.224755 1.678569 0.465353
v 0.137622 1.678202 0.480614
v 0.233555 1.721999 0.496524
v 0.224755 1.678569 0.465353
v 0.284225 1.733305 0.512018
v 0.304469 1.669266 0.468006
v 0.233555 1.721999 0.496524
v 0.000626 1.700596 0.638977
v 0.078891 1.772873 0.633957
v 0.030538 1.709996 0.594794
v 0.011016 1.725450 0.681371
v 0.011016 1.725450 0.681371
v -0.028932 1.655259 0.641458
v -0.041886 1.661708 0.728726
v 0.000626 1.700596 0.638977
v -0.028932 1.655259 0.641458
v 0.030538 1.709996 0.594794
v -0.000740 1.641222 0.567593
v 0.000626 1.700596 0.638977
v 0.063557 1.706379 0.905459
v 0.105413 1.734124 0.906557
v 0.078891 1.772873 0.823496
v 0.030538 1.709996 0.862659
v 0.063557 1.706379 0.905459
v 0.137630 1.678212 0.976840
v 0.105413 1.734124 0.906557
v 0.059456 1.663381 0.938163
v 0.063557 1.706379 0.905459
v -0.000740 1.641222 0.889859
v 0.059456 1.663381 0.938163
v 0.030538 1.709996 0.862659
v 0.335384 1.731357 0.927704
v 0.258398 1.789367 0.882068
v 0.284227 1.733307 0.945435
v 0.347852 1.756399 0.885988
v 0.347852 1.756399 0.885988
v 0.367782 1.691720 0.945437
v 0.428078 1.704893 0.882069
v 0.335384 1.731357 0.927704
v 0.335384 1.731357 0.927704
v 0.304492 1.669292 0.989452
v 0.367782 1.691720 0.945437
v 0.284227 1.733307 0.945435
v 0.523389 1.552037 0.634023
v 0.479667 1.499838 0.552083
v 0.476367 1.549713 0.550935
v 0.502603 1.475841 0.594918
v 0.412209 1.541567 0.480624
v 0.479667 1.499838 0.552083
v 0.447837 1.470660 0.519380
v 0.476367 1.549713 0.550935
v 0.447837 1.470660 0.519380
v 0.502603 1.475841 0.594918
v 0.466627 1.409492 0.567729
v 0.479667 1.499838 0.552083
v 0.193760 1.446896 0.436512
v 0.139362 1.518567 0.440988
v 0.232654 1.525019 0.422041
v 0.144529 1.468635 0.442764
v 0.053145 1.508526 0.480613
v 0.144529 1.468635 0.442764
v 0.105371 1.438775 0.465352
v 0.139362 1.518567 0.440988
v 0.160839 1.380772 0.468006
v 0.144529 1.468635 0.442764
v 0.193760 1.446896 0.436512
v 0.105371 1.438775 0.465352
v -0.051419 1.424369 0.682062
v -0.068816 1.499439 0.728726
v -0.057798 1.498332 0.633956
v -0.062363 1.449626 0.728726
v -0.068816 1.499439 0.728726
v -0.051419 1.424369 0.775390
v -0.057798 1.498332 0.823496
v -0.062363 1.449626 0.728726
v -0.027793 1.363441 0.728726
v -0.062363 1.449626 0.728726
v -0.051419 1.424369 0.682062
v -0.051419 1.424369 0.775390
v 0.053145 1.508525 0.976840
v 0.144529 1.468635 1.014688
v 0.139361 1.518566 1.016464
v 0.105371 1.438774 0.992100
v 0.139361 1.518566 1.016464
v 0.193760 1.446896 1.020941
v 0.232654 1.525019 1.035411
v 0.144529 1.468635 1.014688
v 0.160839 1.380772 0.989447
v 0.144529 1.468635 1.014688
v 0.105371 1.438774 0.992100
v 0.193760 1.446896 1.020941
v 0.412218 1.541577 0.976853
v 0.479426 1.499556 0.905492
v 0.476319 1.549655 0.906585
v 0.447475 1.470237 0.938170
v 0.523304 1.551938 0.823543
v 0.479426 1.499556 0.905492
v 0.502352 1.475548 0.862724
v 0.476319 1.549655 0.906585
v 0.502352 1.475548 0.862724
v 0.447475 1.470237 0.938170
v 0.466174 1.408963 0.889889
v 0.479426 1.499556 0.905492
v 0.447837 1.470660 0.519380
v 0.373537 1.455048 0.470281
v 0.412209 1.541567 0.480624
v 0.411148 1.436769 0.498322
v 0.373537 1.455048 0.470281
v 0.406314 1.387198 0.519398
v 0.327755 1.371915 0.480630
v 0.411148 1.436769 0.498322
v 0.411148 1.436769 0.498322
v 0.466627 1.409492 0.567729
v 0.406314 1.387198 0.519398
v 0.447837 1.470660 0.519380
v 0.105371 1.438775 0.465352
v 0.036596 1.423978 0.521627
v 0.053145 1.508526 0.480613
v 0.076019 1.405576 0.496524
v 0.076019 1.405576 0.496524
v 0.097536 1.358329 0.512017
v 0.037234 1.345149 0.575384
v 0.036596 1.423978 0.521627
v 0.097536 1.358329 0.512017
v 0.105371 1.438775 0.465352
v 0.160839 1.380772 0.468006
v 0.076019 1.405576 0.496524
v -0.051419 1.424369 0.775390
v -0.018841 1.418884 0.859201
v -0.057798 1.498332 0.823496
v -0.029047 1.395923 0.815709
v -0.029047 1.395923 0.815709
v -0.004625 1.348943 0.804230
v 0.037234 1.345149 0.882068
v -0.018841 1.418884 0.859201
v -0.004625 1.348943 0.804230
v -0.051419 1.424369 0.775390
v -0.027793 1.363441 0.728726
v -0.029047 1.395923 0.815709
v 0.193760 1.446896 1.020941
v 0.283735 1.446685 1.016464
v 0.232654 1.525019 1.035411
v 0.240778 1.420714 1.014687
v 0.240778 1.420714 1.014687
v 0.240553 1.371469 0.992099
v 0.327687 1.371836 0.976838
v 0.283735 1.446685 1.016464
v 0.240778 1.420714 1.014687
v 0.193760 1.446896 1.020941
v 0.160839 1.380772 0.989447
v 0.240553 1.371469 0.992099
v 0.502352 1.475548 0.862724
v 0.526719 1.469600 0.776210
v 0.523304 1.551938 0.823543
v 0.513104 1.446276 0.818593
v 0.526719 1.469600 0.776210
v 0.494662 1.395272 0.816094
v 0.507704 1.388926 0.728846
v 0.513104 1.446276 0.818593
v 0.513104 1.446276 0.818593
v 0.502352 1.475548 0.862724
v 0.466174 1.408963 0.889889
v 0.494662 1.395272 0.816094
v 0.323555 1.237678 0.682062
v 0.299544 1.260367 0.598252
v 0.386549 1.277318 0.633987
v 0.287373 1.238384 0.641743
v 0.299544 1.260367 0.598252
v 0.235166 1.229556 0.653222
v 0.206910 1.260671 0.575385
v 0.287373 1.238384 0.641743
v 0.287373 1.238384 0.641743
v 0.260698 1.219809 0.728726
v 0.235166 1.229556 0.653222
v 0.323555 1.237678 0.682062
v 0.235166 1.229556 0.653222
v 0.146805 1.246333 0.648088
v 0.206910 1.260671 0.575385
v 0.185547 1.229028 0.674968
v 0.146805 1.246333 0.648088
v 0.180539 1.224537 0.728726
v 0.095967 1.250478 0.728726
v 0.185547 1.229028 0.674968
v 0.260698 1.219809 0.728726
v 0.180539 1.224537 0.728726
v 0.185547 1.229028 0.674968
v 0.235166 1.229556 0.653222
v 0.180539 1.224537 0.728726
v 0.146805 1.246333 0.809364
v 0.095967 1.250478 0.728726
v 0.185547 1.229028 0.782484
v 0.146805 1.246333 0.809364
v 0.235166 1.229556 0.804230
v 0.206910 1.260671 0.882068
v 0.185547 1.229028 0.782484
v 0.185547 1.229028 0.782484
v 0.260698 1.219809 0.728726
v 0.235166 1.229556 0.804230
v 0.180539 1.224537 0.728726
v 0.494662 1.395272 0.816094
v 0.454439 1.324759 0.776116
v 0.507704 1.388926 0.728846
v 0.464875 1.349667 0.818521
v 0.386418 1.277165 0.823496
v 0.464875 1.349667 0.818521
v 0.434841 1.340124 0.862675
v 0.454439 1.324759 0.776116
v 0.434841 1.340124 0.862675
v 0.494662 1.395272 0.816094
v 0.466174 1.408963 0.889889
v 0.464875 1.349667 0.818521
v 0.235166 1.229556 0.804230
v 0.299544 1.260367 0.859200
v 0.206910 1.260671 0.882068
v 0.287373 1.238384 0.815709
v 0.299544 1.260367 0.859200
v 0.323555 1.237678 0.775390
v 0.386418 1.277165 0.823496
v 0.287373 1.238384 0.815709
v 0.287373 1.238384 0.815709
v 0.260698 1.219809 0.728726
v 0.323555 1.237678 0.775390
v 0.235166 1.229556 0.804230
vn 0.7233 0.4198 0.5482
vn 0.2135 0.0938 0.9724
vn 0.6758 0.7168 0.1719
vn -0.2743 0.0027 0.9616
vn -0.8683 0.1350 0.4774
vn 0.0543 0.9911 -0.1213
vn -0.3121 0.9352 -0.1673
vn 0.2085 0.3141 0.9262
vn 0.1139 0.4237 0.8986
vn 0.2224 0.2106 0.9519
vn -0.8605 0.0677 0.5049
vn -0.8610 0.0703 0.5037
vn -0.9857 0.0550 0.1591
vn -0.9853 0.0366 0.1670
vn 0.4904 0.1934 0.8497
vn 0.4968 0.1826 0.8485
vn 0.1534 0.1534 0.9762
vn 0.1518 0.1561 0.9760
vn -0.5153 0.1004 0.8511
vn -0.5170 0.0957 0.8506
vn -0.1716 0.1268 0.9770
vn -0.1731 0.1231 0.9772
vn 0.8289 0.2140 0.5168
vn 0.8291 0.2156 0.5159
vn 0.9598 0.2284 0.1634
vn 0.9648 0.1791 0.1928
vn 0.8129 0.2886 0.5059
vn 0.8126 0.2859 0.5079
vn 0.9366 0.3021 0.1777
vn 0.9325 0.3245 0.1586
vn 0.4832 0.2420 0.8414
vn 0.1601 0.0720 0.9845
vn -0.2448 0.1558 0.9570
vn -0.5170 0.1234 0.8470
vn -0.5206 0.1161 0.8459
vn -0.2443 0.2757 0.9297
vn -0.1880 0.3768 0.9070
vn -0.8587 0.0669 0.5081
vn -0.8608 0.0746 0.5035
vn -0.9853 0.0484 0.1637
vn -0.9850 0.0430 0.1669
vn -0.8774 0.4746 -0.0703
vn 0.7269 0.4068 -0.5533
vn 0.2142 0.0836 -0.9732
vn 0.6841 0.7063 -0.1819
vn -0.2770 -0.0026 -0.9609
vn -0.8678 0.1404 -0.4767
vn 0.0670 0.9914 0.1124
vn -0.3001 0.9405 0.1594
vn 0.1163 0.4136 -0.9030
vn 0.2230 0.2112 -0.9517
vn -0.1680 0.0438 -0.9848
vn -0.8608 0.0681 -0.5044
vn -0.8620 0.0743 -0.5015
vn -0.9870 0.0600 -0.1494
vn -0.9866 0.0367 -0.1592
vn 0.4951 0.1854 -0.8488
vn 0.1528 0.1530 -0.9763
vn 0.1520 0.1545 -0.9762
vn -0.5148 0.1005 -0.8514
vn -0.5151 0.0997 -0.8513
vn -0.1727 0.1265 -0.9768
vn -0.1722 0.1277 -0.9767
vn 0.8268 0.2005 -0.5256
vn 0.8293 0.2222 -0.5128
vn 0.9668 0.1794 -0.1822
vn 0.9636 0.2106 -0.1645
vn 0.8096 0.2880 -0.5115
vn 0.9315 0.3244 -0.1644
vn 0.4860 0.2427 -0.8396
vn 0.1592 0.0729 -0.9846
vn -0.2385 0.1574 -0.9583
vn -0.5208 0.1194 -0.8453
vn -0.5150 0.1311 -0.8471
vn -0.2465 0.2769 -0.9287
vn -0.1882 0.3827 -0.9045
vn -0.8611 0.0896 -0.5005
vn -0.8581 0.0785 -0.5074
vn -0.9857 0.0562 -0.1589
vn -0.9854 0.0484 -0.1635
vn -0.2950 0.1035 0.9499
vn -0.2987 0.1047 0.9486
vn -0.2938 0.1029 0.9503
vn -0.2915 0.1020 0.9511
vn -0.3072 0.3082 0.9004
vn -0.3065 0.3082 0.9006
vn -0.3067 0.3082 0.9005
vn -0.3076 0.3080 0.9003
vn -0.1664 0.0185 0.9859
vn -0.1679 0.0141 0.9857
vn -0.1682 0.0137 0.9857
vn -0.1656 0.0190 0.9860
vn -0.1849 0.4098 0.8932
vn -0.1855 0.4112 0.8925
vn -0.1848 0.4096 0.8933
vn -0.1854 0.4113 0.8924
vn 0.1617 0.0393 0.9861
vn 0.1613 0.0397 0.9861
vn 0.1621 0.0390 0.9860
vn 0.1622 0.0406 0.9859
vn 0.2830 0.1738 0.9432
vn 0.2819 0.1734 0.9436
vn 0.2840 0.1734 0.9430
vn 0.2808 0.1737 0.9439
vn 0.2613 0.3589 0.8960
vn 0.2612 0.3589 0.8961
vn 0.2611 0.3589 0.8961
vn 0.2615 0.3590 0.8960
vn 0.1033 0.4491 0.8875
vn 0.1032 0.4486 0.8878
vn 0.1032 0.4485 0.8878
vn 0.1032 0.4492 0.8875
vn -0.3534 0.0821 0.9319
vn -0.3518 0.0845 0.9322
vn -0.3557 0.0791 0.9312
vn -0.3495 0.0888 0.9327
vn -0.3522 0.3136 0.8818
vn -0.3517 0.3139 0.8819
vn -0.3532 0.3132 0.8816
vn -0.3503 0.3145 0.8823
vn -0.1916 -0.2763 0.9418
vn -0.1911 -0.2723 0.9430
vn -0.1909 -0.2755 0.9421
vn -0.1902 -0.2714 0.9435
vn 0.3036 0.3765 0.8752
vn 0.3071 0.3762 0.8741
vn 0.3098 0.3759 0.8734
vn 0.3001 0.3769 0.8763
vn -0.2263 0.5639 0.7943
vn -0.2292 0.5659 0.7920
vn -0.2235 0.5618 0.7965
vn -0.2313 0.5674 0.7903
vn 0.1240 0.6040 0.7873
vn 0.1261 0.6063 0.7852
vn 0.1215 0.6012 0.7898
vn 0.1199 0.5993 0.7915
vn 0.2360 -0.2316 0.9437
vn 0.2408 -0.2385 0.9408
vn 0.2343 -0.2296 0.9447
vn 0.2432 -0.2415 0.9394
vn 0.3409 0.1552 0.9272
vn 0.3468 0.1569 0.9247
vn 0.3339 0.1537 0.9300
vn 0.3508 0.1586 0.9229
vn -0.8831 0.4642 0.0686
vn -0.5220 0.8307 0.1934
vn -0.5220 0.8308 0.1933
vn -0.5222 0.8307 0.1929
vn -0.5217 0.8308 0.1938
vn 0.2315 0.9468 0.2236
vn 0.2322 0.9470 0.2221
vn 0.2318 0.9469 0.2228
vn 0.2326 0.9471 0.2211
vn 0.0299 0.7306 -0.6821
vn 0.0310 0.7302 -0.6825
vn 0.0303 0.7304 -0.6823
vn 0.0294 0.7308 -0.6820
vn 0.8599 0.5010 -0.0973
vn 0.8624 0.4971 -0.0954
vn 0.8614 0.4987 -0.0962
vn 0.8593 0.5021 -0.0979
vn -0.2081 -0.4765 0.8542
vn -0.2083 -0.4766 0.8541
vn -0.2079 -0.4763 0.8544
vn -0.2085 -0.4766 0.8540
vn -0.9499 0.2851 -0.1279
vn -0.9493 0.2867 -0.1286
vn -0.9489 0.2880 -0.1290
vn -0.9502 0.2843 -0.1276
vn 0.2945 0.4474 0.8445
vn 0.2945 0.4473 0.8445
vn -0.4643 0.3270 0.8231
vn -0.4642 0.3271 0.8231
vn -0.4642 0.3272 0.8231
vn 0.9406 -0.0286 0.3384
vn 0.9400 -0.0337 0.3394
vn 0.9403 -0.0315 0.3388
vn 0.9407 -0.0267 0.3381
vn -0.1572 0.7965 -0.5839
vn -0.1567 0.7970 -0.5834
vn -0.1593 0.7943 -0.5863
vn -0.1542 0.7992 -0.5809
vn 0.2968 -0.6554 0.6945
vn 0.2990 -0.6533 0.6955
vn 0.2897 -0.6623 0.6910
vn 0.3050 -0.6475 0.6983
vn 0.0047 0.8061 -0.5917
vn 0.0080 0.8035 -0.5952
vn 0.0031 0.8074 -0.5900
vn 0.0003 0.8097 -0.5869
vn 0.2715 -0.4225 0.8647
vn 0.2724 -0.4226 0.8644
vn 0.2731 -0.4228 0.8641
vn 0.2707 -0.4223 0.8651
vn -0.1867 0.7096 -0.6794
vn -0.1871 0.7093 -0.6796
vn -0.1876 0.7091 -0.6797
vn -0.1862 0.7099 -0.6792
vn 0.9150 0.1126 0.3874
vn 0.9147 0.1109 0.3886
vn 0.9148 0.1113 0.3882
vn 0.9150 0.1130 0.3874
vn -0.9263 -0.1071 0.3613
vn -0.9275 -0.1038 0.3591
vn -0.9280 -0.1024 0.3582
vn -0.9259 -0.1080 0.3620
vn -0.1681 0.0346 0.9852
vn -0.9156 -0.2168 0.3387
vn -0.9175 -0.2091 0.3383
vn -0.9198 -0.2000 0.3375
vn -0.9137 -0.2238 0.3392
vn -0.9492 0.3120 -0.0406
vn -0.9494 0.3113 -0.0407
vn -0.9509 0.3065 -0.0419
vn -0.9472 0.3183 -0.0389
vn -0.1838 -0.7019 0.6881
vn -0.1845 -0.7023 0.6875
vn -0.1819 -0.7011 0.6894
vn -0.1864 -0.7032 0.6862
vn 0.8745 0.4836 -0.0371
vn 0.8770 0.4790 -0.0377
vn 0.8749 0.4828 -0.0372
vn 0.8725 0.4872 -0.0366
vn -0.2428 -0.9553 0.1688
vn -0.2421 -0.9555 0.1688
vn -0.2433 -0.9552 0.1687
vn -0.2412 -0.9557 0.1689
vn -0.5685 -0.7468 0.3451
vn -0.5660 -0.7504 0.3413
vn -0.5651 -0.7517 0.3400
vn -0.5695 -0.7453 0.3467
vn -0.2793 -0.9583 0.0603
vn -0.2790 -0.9584 0.0604
vn -0.2794 -0.9583 0.0603
vn -0.2788 -0.9585 0.0605
vn -0.6843 -0.7199 0.1159
vn -0.6867 -0.7173 0.1177
vn -0.6849 -0.7193 0.1163
vn -0.6874 -0.7166 0.1181
vn -0.8286 -0.2678 0.4916
vn -0.8283 -0.2714 0.4902
vn -0.8282 -0.2729 0.4895
vn -0.8287 -0.2665 0.4922
vn -0.9484 -0.2777 0.1530
vn -0.9497 -0.2723 0.1548
vn -0.9500 -0.2709 0.1553
vn -0.9481 -0.2790 0.1526
vn 0.2077 -0.9355 0.2858
vn 0.2076 -0.9355 0.2860
vn 0.2077 -0.9356 0.2855
vn 0.2076 -0.9354 0.2864
vn 0.3819 -0.6994 0.6041
vn 0.3779 -0.7041 0.6012
vn 0.3762 -0.7059 0.6002
vn 0.3834 -0.6978 0.6050
vn 0.1061 -0.9445 0.3109
vn 0.1040 -0.9432 0.3156
vn 0.1079 -0.9456 0.3068
vn 0.1020 -0.9419 0.3202
vn 0.1558 -0.6881 0.7087
vn 0.1540 -0.6914 0.7059
vn 0.1553 -0.6889 0.7080
vn 0.1535 -0.6923 0.7051
vn 0.5114 -0.0857 0.8550
vn 0.5117 -0.0854 0.8549
vn 0.5118 -0.0851 0.8549
vn 0.5113 -0.0859 0.8551
vn 0.1713 -0.1141 0.9786
vn 0.1697 -0.1197 0.9782
vn 0.1690 -0.1219 0.9781
vn 0.1719 -0.1120 0.9787
vn -0.4915 -0.2188 0.8430
vn -0.4999 -0.1998 0.8428
vn -0.4887 -0.2250 0.8430
vn -0.5025 -0.1937 0.8426
vn -0.1557 -0.1556 0.9755
vn -0.1570 -0.1522 0.9758
vn -0.1552 -0.1567 0.9754
vn -0.1575 -0.1512 0.9759
vn -0.1576 -0.9528 0.2593
vn -0.1577 -0.9535 0.2567
vn -0.1579 -0.9545 0.2530
vn -0.1574 -0.9523 0.2613
vn -0.0260 -0.9520 0.3050
vn -0.0267 -0.9525 0.3033
vn -0.0274 -0.9530 0.3016
vn -0.0254 -0.9515 0.3064
vn -0.3394 -0.7390 0.5819
vn -0.3342 -0.7439 0.5787
vn -0.3415 -0.7371 0.5832
vn -0.3324 -0.7456 0.5775
vn -0.0932 -0.7033 0.7047
vn -0.0943 -0.7017 0.7062
vn -0.0928 -0.7039 0.7042
vn -0.0946 -0.7012 0.7066
vn 0.8390 -0.0694 0.5397
vn 0.8419 -0.0965 0.5309
vn 0.8377 -0.0590 0.5429
vn 0.8429 -0.1078 0.5272
vn 0.9802 -0.0986 0.1717
vn 0.9799 -0.1048 0.1695
vn 0.9803 -0.0965 0.1724
vn 0.9798 -0.1070 0.1687
vn 0.2686 -0.9379 0.2197
vn 0.2719 -0.9370 0.2195
vn 0.2760 -0.9358 0.2193
vn 0.2663 -0.9385 0.2198
vn 0.3087 -0.9478 0.0802
vn 0.3088 -0.9478 0.0802
vn 0.3088 -0.9477 0.0802
vn 0.5809 -0.7138 0.3911
vn 0.5911 -0.6962 0.4073
vn 0.5884 -0.7008 0.4033
vn 0.5777 -0.7191 0.3862
vn 0.7048 -0.6966 0.1345
vn 0.7063 -0.6947 0.1358
vn 0.7059 -0.6952 0.1355
vn 0.7043 -0.6971 0.1342
vn -0.4539 0.8065 0.3788
vn -0.4537 0.8065 0.3790
vn -0.4541 0.8065 0.3786
vn -0.2218 0.8965 0.3836
vn -0.2218 0.8964 0.3837
vn -0.2204 0.8962 0.3851
vn -0.2233 0.8967 0.3821
vn -0.4632 0.8755 0.1378
vn -0.4633 0.8755 0.1377
vn -0.4631 0.8755 0.1379
vn -0.4633 0.8754 0.1376
vn -0.2155 0.9686 0.1240
vn -0.2155 0.9686 0.1241
vn -0.2151 0.9686 0.1244
vn -0.2159 0.9686 0.1237
vn 0.3009 0.8737 0.3822
vn 0.2993 0.8736 0.3838
vn 0.3010 0.8737 0.3821
vn 0.3026 0.8739 0.3805
vn 0.3003 0.9435 0.1400
vn 0.2991 0.9437 0.1412
vn 0.3004 0.9435 0.1400
vn 0.3016 0.9433 0.1388
vn 0.0543 0.9209 0.3861
vn 0.0538 0.9207 0.3866
vn 0.0542 0.9208 0.3861
vn 0.0547 0.9210 0.3856
vn 0.0331 0.9916 0.1254
vn 0.0334 0.9916 0.1251
vn 0.0327 0.9915 0.1257
vn 0.1575 -0.9731 0.1682
vn 0.1535 -0.9730 0.1720
vn 0.1576 -0.9731 0.1682
vn 0.1615 -0.9731 0.1643
vn 0.0699 -0.9877 0.1399
vn 0.0711 -0.9878 0.1386
vn 0.0626 -0.9869 0.1485
vn 0.0782 -0.9884 0.1301
vn 0.1364 -0.9890 0.0566
vn 0.1374 -0.9889 0.0558
vn 0.1363 -0.9890 0.0566
vn 0.1357 -0.9891 0.0571
vn 0.0508 -0.9977 0.0449
vn 0.0519 -0.9977 0.0438
vn 0.0497 -0.9977 0.0460
vn -0.1086 -0.9867 0.1210
vn -0.1109 -0.9867 0.1187
vn -0.1063 -0.9867 0.1233
vn -0.0962 -0.9947 0.0363
vn -0.0965 -0.9947 0.0361
vn -0.0963 -0.9947 0.0362
vn -0.0964 -0.9947 0.0362
vn -0.0107 -0.9927 0.1200
vn -0.0119 -0.9929 0.1186
vn -0.0197 -0.9938 0.1092
vn -0.0028 -0.9916 0.1297
vn -0.0192 -0.9992 0.0357
vn -0.0270 -0.9992 0.0279
vn -0.0114 -0.9990 0.0435
vn 0.5182 0.7542 0.4032
vn 0.5187 0.7532 0.4045
vn 0.5186 0.7535 0.4042
vn 0.5191 0.7523 0.4056
vn 0.6916 0.5603 0.4559
vn 0.6916 0.5602 0.4559
vn 0.6916 0.5599 0.4562
vn 0.6915 0.5606 0.4555
vn 0.6158 0.7731 0.1518
vn 0.6160 0.7731 0.1516
vn 0.6159 0.7731 0.1517
vn 0.8179 0.5541 0.1548
vn 0.8180 0.5540 0.1549
vn 0.8180 0.5539 0.1550
vn 0.8179 0.5542 0.1546
vn 0.7870 0.3694 0.4941
vn 0.7870 0.3684 0.4949
vn 0.7869 0.3666 0.4964
vn 0.7871 0.3716 0.4923
vn 0.9126 0.3768 0.1584
vn 0.9124 0.3776 0.1578
vn 0.9122 0.3785 0.1571
vn 0.9130 0.3756 0.1594
vn 0.4834 0.2418 0.8413
vn 0.4620 0.3375 0.8202
vn 0.4622 0.3373 0.8201
vn 0.4624 0.3371 0.8201
vn 0.4618 0.3377 0.8202
vn 0.3363 0.7369 0.5864
vn 0.3359 0.7372 0.5863
vn 0.3362 0.7369 0.5864
vn 0.3367 0.7366 0.5866
vn 0.0843 0.7243 0.6843
vn 0.0842 0.7242 0.6845
vn 0.0839 0.7239 0.6848
vn 0.0846 0.7246 0.6840
vn 0.4073 0.5330 0.7416
vn 0.4067 0.5335 0.7416
vn 0.4071 0.5332 0.7416
vn 0.4076 0.5327 0.7416
vn 0.1090 0.4868 0.8667
vn 0.1093 0.4866 0.8668
vn 0.1091 0.4868 0.8667
vn 0.1088 0.4870 0.8666
vn -0.4662 0.6621 0.5868
vn -0.4661 0.6621 0.5868
vn -0.4663 0.6620 0.5868
vn -0.4988 0.4507 0.7403
vn -0.4989 0.4507 0.7403
vn -0.4988 0.4508 0.7403
vn -0.2150 0.6964 0.6847
vn -0.2151 0.6965 0.6846
vn -0.1959 0.4592 0.8664
vn -0.1958 0.4594 0.8664
vn -0.1955 0.4598 0.8663
vn -0.1963 0.4588 0.8666
vn -0.5168 0.2529 0.8179
vn -0.5172 0.2523 0.8178
vn -0.8423 0.2227 0.4909
vn -0.8422 0.2224 0.4911
vn -0.8424 0.2231 0.4905
vn -0.8422 0.2223 0.4912
vn -0.9658 0.2055 0.1581
vn -0.9658 0.2056 0.1580
vn -0.9657 0.2062 0.1576
vn -0.9658 0.2051 0.1584
vn -0.6482 0.6454 0.4040
vn -0.7468 0.6478 0.1504
vn -0.7467 0.6479 0.1505
vn -0.7468 0.6479 0.1504
vn -0.7823 0.4251 0.4553
vn -0.7823 0.4250 0.4553
vn -0.7823 0.4250 0.4554
vn -0.9056 0.3955 0.1532
vn -0.9056 0.3954 0.1532
vn -0.9056 0.3956 0.1531
vn -0.2903 0.0995 -0.9518
vn -0.2933 0.0985 -0.9509
vn -0.2913 0.1013 -0.9513
vn -0.2929 0.0971 -0.9512
vn -0.3086 0.3097 -0.8994
vn -0.3087 0.3097 -0.8993
vn -0.3088 0.3094 -0.8994
vn -0.1681 0.0206 -0.9856
vn -0.1663 0.0265 -0.9857
vn -0.1684 0.0201 -0.9855
vn -0.1658 0.0273 -0.9858
vn -0.1798 0.4062 -0.8959
vn -0.1851 0.4165 -0.8901
vn -0.1852 0.4178 -0.8895
vn -0.1792 0.4040 -0.8971
vn 0.1634 0.0351 -0.9859
vn 0.1601 0.0424 -0.9862
vn 0.1600 0.0431 -0.9862
vn 0.1643 0.0343 -0.9858
vn 0.2812 0.1758 -0.9434
vn 0.2814 0.1745 -0.9436
vn 0.2799 0.1754 -0.9439
vn 0.2796 0.1760 -0.9439
vn 0.2601 0.3611 -0.8955
vn 0.2596 0.3610 -0.8957
vn 0.2598 0.3611 -0.8956
vn 0.2603 0.3612 -0.8954
vn 0.1056 0.4454 -0.8891
vn 0.1063 0.4455 -0.8890
vn 0.1042 0.4451 -0.8894
vn 0.1066 0.4456 -0.8889
vn -0.3530 0.0722 -0.9328
vn -0.3506 0.0759 -0.9335
vn -0.3479 0.0805 -0.9341
vn -0.3556 0.0691 -0.9321
vn -0.3506 0.3153 -0.8818
vn -0.3509 0.3150 -0.8818
vn -0.3520 0.3145 -0.8816
vn -0.3488 0.3162 -0.8823
vn -0.1928 -0.2741 -0.9422
vn -0.1939 -0.2801 -0.9402
vn -0.1929 -0.2790 -0.9407
vn -0.1914 -0.2726 -0.9429
vn 0.3091 0.3779 -0.8727
vn 0.3090 0.3782 -0.8726
vn 0.3092 0.3781 -0.8726
vn 0.3095 0.3778 -0.8726
vn -0.2251 0.5729 -0.7881
vn -0.2219 0.5707 -0.7906
vn -0.2188 0.5684 -0.7931
vn -0.2273 0.5745 -0.7863
vn 0.1286 0.6099 -0.7820
vn 0.1270 0.6081 -0.7836
vn 0.1298 0.6113 -0.7807
vn 0.1259 0.6068 -0.7848
vn 0.2439 -0.2338 -0.9412
vn 0.2378 -0.2254 -0.9448
vn 0.2356 -0.2228 -0.9460
vn 0.2470 -0.2376 -0.9394
vn 0.3452 0.1573 -0.9252
vn 0.3382 0.1551 -0.9282
vn 0.3294 0.1531 -0.9317
vn 0.3503 0.1594 -0.9230
vn -0.5117 0.8356 -0.1996
vn -0.5119 0.8356 -0.1992
vn -0.5121 0.8356 -0.1987
vn -0.5115 0.8356 -0.2001
vn 0.2446 0.9412 -0.2329
vn 0.2457 0.9415 -0.2306
vn 0.2450 0.9413 -0.2321
vn 0.2440 0.9411 -0.2342
vn 0.0403 0.7363 0.6755
vn 0.0401 0.7363 0.6754
vn 0.0407 0.7362 0.6756
vn 0.0409 0.7361 0.6757
vn 0.8651 0.4931 0.0919
vn 0.8679 0.4886 0.0898
vn 0.8698 0.4854 0.0882
vn 0.8638 0.4952 0.0930
vn -0.2151 -0.4801 -0.8504
vn -0.2140 -0.4796 -0.8510
vn -0.2169 -0.4808 -0.8496
vn -0.2185 -0.4814 -0.8489
vn -0.9456 0.2988 0.1289
vn -0.9461 0.2974 0.1284
vn -0.9451 0.3000 0.1294
vn -0.9464 0.2966 0.1281
vn 0.2996 0.4364 -0.8484
vn 0.2994 0.4369 -0.8482
vn 0.2992 0.4372 -0.8481
vn 0.2998 0.4360 -0.8486
vn -0.4620 0.3260 -0.8248
vn -0.4619 0.3260 -0.8248
vn 0.9401 -0.0337 -0.3392
vn 0.9396 -0.0395 -0.3399
vn 0.9391 -0.0441 -0.3409
vn 0.9405 -0.0301 -0.3385
vn -0.1449 0.8015 0.5802
vn -0.1457 0.8006 0.5812
vn -0.1477 0.7983 0.5838
vn -0.1424 0.8039 0.5774
vn 0.2951 -0.6574 -0.6934
vn 0.2991 -0.6536 -0.6953
vn 0.3099 -0.6430 -0.7003
vn 0.2823 -0.6697 -0.6869
vn 0.0132 0.8103 0.5858
vn 0.0054 0.8164 0.5774
vn 0.0106 0.8123 0.5831
vn 0.0193 0.8056 0.5922
vn 0.2673 -0.4327 -0.8610
vn 0.2662 -0.4325 -0.8614
vn 0.2681 -0.4329 -0.8607
vn 0.2653 -0.4324 -0.8618
vn -0.1772 0.7174 0.6737
vn -0.1767 0.7177 0.6735
vn -0.1776 0.7172 0.6739
vn -0.1762 0.7180 0.6733
vn 0.9157 0.1008 -0.3890
vn 0.9152 0.0978 -0.3909
vn 0.9150 0.0967 -0.3917
vn 0.9158 0.1017 -0.3885
vn -0.9293 -0.0951 -0.3568
vn -0.9286 -0.0971 -0.3581
vn -0.9296 -0.0944 -0.3563
vn -0.9285 -0.0976 -0.3584
vn 0.2039 0.3142 -0.9272
vn -0.9182 -0.2103 -0.3357
vn -0.9139 -0.2268 -0.3366
vn -0.9233 -0.1896 -0.3340
vn -0.9097 -0.2422 -0.3374
vn -0.9460 0.3211 0.0441
vn -0.9460 0.3212 0.0440
vn -0.9436 0.3285 0.0421
vn -0.9480 0.3149 0.0457
vn -0.1892 -0.7022 -0.6864
vn -0.1911 -0.7031 -0.6849
vn -0.1959 -0.7052 -0.6814
vn -0.1847 -0.7001 -0.6898
vn 0.8774 0.4785 0.0347
vn 0.8783 0.4768 0.0351
vn 0.8819 0.4701 0.0362
vn 0.8744 0.4840 0.0339
vn -0.2426 -0.9553 -0.1689
vn -0.2417 -0.9555 -0.1689
vn -0.2404 -0.9559 -0.1690
vn -0.2434 -0.9551 -0.1688
vn -0.5489 -0.7648 -0.3373
vn -0.5558 -0.7553 -0.3472
vn -0.5462 -0.7685 -0.3332
vn -0.5582 -0.7520 -0.3507
vn -0.2792 -0.9583 -0.0604
vn -0.2790 -0.9584 -0.0605
vn -0.2788 -0.9584 -0.0606
vn -0.2794 -0.9583 -0.0603
vn -0.6817 -0.7227 -0.1142
vn -0.6611 -0.7436 -0.1001
vn -0.6662 -0.7385 -0.1035
vn -0.6874 -0.7166 -0.1182
vn -0.8142 -0.3155 -0.4874
vn -0.8151 -0.3090 -0.4901
vn -0.8139 -0.3173 -0.4867
vn -0.8154 -0.3072 -0.4907
vn -0.9414 -0.3090 -0.1349
vn -0.9491 -0.2794 -0.1456
vn -0.9392 -0.3170 -0.1320
vn -0.9510 -0.2712 -0.1484
vn 0.2092 -0.9364 -0.2818
vn 0.2093 -0.9369 -0.2799
vn 0.2094 -0.9373 -0.2787
vn 0.2090 -0.9358 -0.2840
vn 0.3772 -0.7107 -0.5939
vn 0.3764 -0.7115 -0.5934
vn 0.3765 -0.7113 -0.5936
vn 0.3774 -0.7104 -0.5940
vn 0.1034 -0.9446 -0.3116
vn 0.1044 -0.9452 -0.3093
vn 0.1053 -0.9458 -0.3073
vn 0.1024 -0.9439 -0.3139
vn 0.1517 -0.6927 -0.7052
vn 0.1520 -0.6919 -0.7058
vn 0.1519 -0.6921 -0.7056
vn 0.1515 -0.6928 -0.7050
vn 0.5071 -0.0902 -0.8572
vn 0.5107 -0.0804 -0.8560
vn 0.5055 -0.0947 -0.8576
vn 0.5124 -0.0756 -0.8554
vn 0.1704 -0.1088 -0.9793
vn 0.1689 -0.1141 -0.9790
vn 0.1710 -0.1069 -0.9795
vn 0.1682 -0.1163 -0.9789
vn -0.4826 -0.2502 -0.8394
vn -0.4960 -0.2207 -0.8398
vn -0.4999 -0.2120 -0.8397
vn -0.4783 -0.2593 -0.8391
vn -0.1539 -0.1618 -0.9747
vn -0.1564 -0.1557 -0.9753
vn -0.1573 -0.1537 -0.9755
vn -0.1530 -0.1639 -0.9745
vn -0.1544 -0.9536 -0.2584
vn -0.1543 -0.9530 -0.2606
vn -0.1546 -0.9543 -0.2557
vn -0.1542 -0.9526 -0.2621
vn -0.0318 -0.9525 -0.3029
vn -0.0310 -0.9518 -0.3050
vn -0.0327 -0.9531 -0.3008
vn -0.0302 -0.9513 -0.3069
vn -0.3358 -0.7417 -0.5806
vn -0.3336 -0.7439 -0.5791
vn -0.3328 -0.7446 -0.5786
vn -0.3367 -0.7408 -0.5812
vn -0.0955 -0.7046 -0.7031
vn -0.0961 -0.7037 -0.7039
vn -0.0957 -0.7044 -0.7033
vn -0.0963 -0.7035 -0.7042
vn 0.8418 -0.0787 -0.5340
vn 0.8440 -0.0986 -0.5273
vn 0.8447 -0.1066 -0.5245
vn 0.8410 -0.0710 -0.5364
vn 0.9802 -0.0977 -0.1720
vn 0.9799 -0.1046 -0.1696
vn 0.9798 -0.1071 -0.1687
vn 0.9803 -0.0953 -0.1729
vn 0.2714 -0.9372 -0.2192
vn 0.2685 -0.9380 -0.2194
vn 0.2752 -0.9361 -0.2191
vn 0.2663 -0.9385 -0.2195
vn 0.3088 -0.9477 -0.0803
vn 0.3087 -0.9478 -0.0803
vn 0.3089 -0.9477 -0.0802
vn 0.5830 -0.7104 -0.3944
vn 0.5791 -0.7170 -0.3880
vn 0.5819 -0.7121 -0.3928
vn 0.5779 -0.7190 -0.3861
vn 0.7064 -0.6947 -0.1359
vn 0.7048 -0.6965 -0.1346
vn 0.7059 -0.6952 -0.1356
vn 0.7043 -0.6971 -0.1342
vn -0.4541 0.8067 -0.3783
vn -0.4543 0.8067 -0.3780
vn -0.4538 0.8067 -0.3785
vn -0.2236 0.8965 -0.3826
vn -0.2235 0.8965 -0.3826
vn -0.2246 0.8966 -0.3816
vn -0.2225 0.8963 -0.3837
vn -0.4633 0.8754 -0.1376
vn -0.4634 0.8754 -0.1376
vn -0.4632 0.8755 -0.1377
vn -0.4634 0.8754 -0.1375
vn -0.2164 0.9686 -0.1223
vn -0.2164 0.9686 -0.1224
vn -0.2156 0.9687 -0.1231
vn -0.2172 0.9685 -0.1215
vn 0.3008 0.8743 -0.3811
vn 0.3022 0.8744 -0.3796
vn 0.3008 0.8743 -0.3810
vn 0.2994 0.8741 -0.3824
vn 0.3002 0.9442 -0.1357
vn 0.3014 0.9440 -0.1345
vn 0.2989 0.9444 -0.1369
vn 0.0542 0.9214 -0.3848
vn 0.0539 0.9213 -0.3851
vn 0.0543 0.9214 -0.3847
vn 0.0547 0.9216 -0.3843
vn 0.0330 0.9920 -0.1218
vn 0.0334 0.9920 -0.1214
vn 0.0327 0.9920 -0.1221
vn 0.1583 -0.9731 -0.1675
vn 0.1632 -0.9731 -0.1628
vn 0.1584 -0.9731 -0.1674
vn 0.1536 -0.9730 -0.1722
vn 0.0725 -0.9878 -0.1376
vn 0.0793 -0.9884 -0.1295
vn 0.0715 -0.9877 -0.1388
vn 0.0645 -0.9870 -0.1471
vn 0.1364 -0.9890 -0.0567
vn 0.1374 -0.9889 -0.0558
vn 0.1365 -0.9890 -0.0565
vn 0.1357 -0.9891 -0.0572
vn 0.0517 -0.9977 -0.0440
vn 0.0538 -0.9977 -0.0420
vn 0.0497 -0.9977 -0.0461
vn -0.1049 -0.9871 -0.1207
vn -0.1020 -0.9871 -0.1236
vn -0.1078 -0.9872 -0.1178
vn -0.0949 -0.9948 -0.0374
vn -0.0947 -0.9948 -0.0376
vn -0.0936 -0.9949 -0.0385
vn -0.0963 -0.9947 -0.0362
vn -0.0158 -0.9926 -0.1201
vn -0.0169 -0.9928 -0.1188
vn -0.0084 -0.9916 -0.1291
vn -0.0241 -0.9936 -0.1101
vn -0.0213 -0.9991 -0.0361
vn -0.0157 -0.9990 -0.0418
vn -0.0270 -0.9992 -0.0305
vn 0.5186 0.7524 -0.4061
vn 0.5191 0.7512 -0.4077
vn 0.5187 0.7522 -0.4064
vn 0.5181 0.7535 -0.4047
vn 0.6922 0.5567 -0.4593
vn 0.6921 0.5570 -0.4590
vn 0.6921 0.5568 -0.4592
vn 0.6922 0.5565 -0.4595
vn 0.6158 0.7741 -0.1466
vn 0.6161 0.7739 -0.1464
vn 0.6164 0.7737 -0.1461
vn 0.6154 0.7744 -0.1470
vn 0.8197 0.5524 -0.1514
vn 0.8212 0.5495 -0.1542
vn 0.8201 0.5516 -0.1522
vn 0.8186 0.5546 -0.1493
vn 0.8110 0.3003 -0.5021
vn 0.9325 0.3192 -0.1689
vn 0.7883 0.3673 -0.4936
vn 0.7883 0.3665 -0.4943
vn 0.7883 0.3679 -0.4931
vn 0.7883 0.3657 -0.4948
vn 0.9136 0.3738 -0.1600
vn 0.9139 0.3727 -0.1608
vn 0.9131 0.3758 -0.1584
vn 0.9145 0.3705 -0.1626
vn 0.4830 0.2462 -0.8403
vn 0.4628 0.3384 -0.8193
vn 0.4624 0.3388 -0.8194
vn 0.4629 0.3383 -0.8193
vn 0.3377 0.7344 -0.5887
vn 0.0849 0.7228 -0.6858
vn 0.0849 0.7229 -0.6857
vn 0.0848 0.7228 -0.6858
vn 0.0850 0.7229 -0.6857
vn 0.4084 0.5320 -0.7418
vn 0.4085 0.5319 -0.7418
vn 0.4086 0.5317 -0.7418
vn 0.4082 0.5321 -0.7418
vn 0.1096 0.4870 -0.8665
vn 0.1098 0.4869 -0.8665
vn 0.1101 0.4866 -0.8667
vn 0.1093 0.4874 -0.8663
vn -0.4663 0.6622 -0.5866
vn -0.4663 0.6621 -0.5866
vn -0.4664 0.6621 -0.5866
vn -0.4988 0.4511 -0.7401
vn -0.4989 0.4510 -0.7400
vn -0.2157 0.6960 -0.6848
vn -0.2158 0.6961 -0.6847
vn -0.2163 0.6965 -0.6842
vn -0.2153 0.6958 -0.6852
vn -0.1959 0.4593 -0.8664
vn -0.1954 0.4600 -0.8661
vn -0.1958 0.4596 -0.8663
vn -0.1963 0.4588 -0.8666
vn -0.5173 0.2534 -0.8174
vn -0.5169 0.2540 -0.8175
vn -0.5176 0.2530 -0.8174
vn -0.5166 0.2544 -0.8175
vn -0.8421 0.2233 -0.4909
vn -0.8422 0.2235 -0.4907
vn -0.8423 0.2238 -0.4904
vn -0.8421 0.2232 -0.4909
vn -0.9657 0.2060 -0.1581
vn -0.9657 0.2062 -0.1579
vn -0.9657 0.2057 -0.1584
vn -0.9656 0.2065 -0.1578
vn -0.6483 0.6454 -0.4038
vn -0.6484 0.6454 -0.4038
vn -0.7471 0.6476 -0.1501
vn -0.7467 0.6479 -0.1504
vn -0.7468 0.6478 -0.1504
vn -0.7823 0.4255 -0.4550
vn -0.7823 0.4254 -0.4551
vn -0.7823 0.4254 -0.4550
vn -0.9055 0.3957 -0.1534
vn -0.9055 0.3956 -0.1534
vn 0.3514 -0.8008 -0.4850
vn 0.3513 -0.8008 -0.4851
vn 0.9931 -0.0293 0.1134
vn 0.9931 -0.0293 0.1133
vn -0.6215 0.7747 -0.1161
vn -0.6216 0.7747 -0.1160
vn 0.1345 -0.8193 0.5573
vn 0.6220 -0.7743 0.1162
vn 0.6220 -0.7744 0.1162
vn -0.2979 -0.8591 0.4163
vn -0.4339 -0.8716 -0.2283
vn 0.9929 -0.0258 -0.1161
vn -0.3209 0.2896 0.9017
vn -0.3209 0.2898 0.9017
vn -0.4245 0.0815 0.9018
vn -0.1345 0.8193 -0.5573
vn 0.4339 0.8716 -0.2283
vn 0.6515 -0.5082 -0.5632
vn 0.6516 -0.5082 -0.5632
vn 0.6515 -0.5082 -0.5633
vn 0.4341 -0.5882 -0.6823
vn 0.4343 -0.5880 -0.6824
vn 0.4339 -0.5884 -0.6822
vn 0.5109 -0.7122 -0.4815
vn 0.5110 -0.7121 -0.4814
vn 0.5107 -0.7123 -0.4815
vn 0.5111 -0.7121 -0.4814
vn 0.3523 -0.8010 -0.4841
vn 0.2802 -0.6850 -0.6725
vn 0.2800 -0.6850 -0.6726
vn 0.2804 -0.6850 -0.6724
vn 0.1291 -0.8218 -0.5549
vn 0.1307 -0.8213 -0.5553
vn 0.1285 -0.8220 -0.5548
vn 0.1487 -0.6160 -0.7736
vn 0.1485 -0.6160 -0.7736
vn 0.1478 -0.6163 -0.7735
vn 0.1492 -0.6159 -0.7736
vn -0.1082 -0.5807 -0.8069
vn -0.1076 -0.5812 -0.8067
vn -0.1085 -0.5804 -0.8071
vn -0.0120 -0.7623 -0.6472
vn -0.0118 -0.7623 -0.6471
vn -0.0112 -0.7625 -0.6469
vn -0.0125 -0.7621 -0.6473
vn 0.2572 -0.9663 0.0003
vn 0.2572 -0.9663 -0.0001
vn 0.2572 -0.9664 0.0007
vn 0.4707 -0.8732 0.1263
vn 0.4709 -0.8730 0.1268
vn 0.4703 -0.8736 0.1253
vn 0.4698 -0.8739 -0.1245
vn 0.4699 -0.8739 -0.1246
vn 0.4702 -0.8737 -0.1251
vn 0.4697 -0.8741 -0.1242
vn 0.6216 -0.7747 -0.1158
vn 0.6216 -0.7748 -0.1159
vn 0.6214 -0.7748 -0.1162
vn 0.6217 -0.7747 -0.1156
vn 0.6216 -0.7744 0.1177
vn 0.6218 -0.7743 0.1174
vn 0.6215 -0.7745 0.1178
vn 0.7698 -0.6382 -0.0001
vn 0.7698 -0.6382 -0.0002
vn 0.6620 -0.6976 0.2741
vn 0.6620 -0.6975 0.2743
vn 0.6619 -0.6976 0.2744
vn 0.6619 -0.6977 0.2742
vn 0.7710 -0.4970 0.3982
vn 0.7710 -0.4969 0.3984
vn 0.7710 -0.4973 0.3979
vn 0.8205 -0.5521 0.1485
vn 0.8203 -0.5522 0.1487
vn 0.8207 -0.5518 0.1479
vn -0.2998 -0.5984 -0.7430
vn -0.2999 -0.5984 -0.7430
vn -0.3010 -0.5978 -0.7430
vn -0.2988 -0.5990 -0.7430
vn -0.4723 -0.6739 -0.5682
vn -0.4721 -0.6739 -0.5683
vn -0.4734 -0.6736 -0.5675
vn -0.4715 -0.6740 -0.5686
vn -0.2540 -0.7838 -0.5667
vn -0.2538 -0.7837 -0.5670
vn -0.2548 -0.7842 -0.5658
vn -0.2530 -0.7833 -0.5678
vn -0.2999 -0.8596 -0.4137
vn -0.3000 -0.8596 -0.4137
vn -0.3003 -0.8595 -0.4135
vn -0.2988 -0.8597 -0.4142
vn -0.5037 -0.7579 -0.4145
vn -0.5039 -0.7579 -0.4142
vn -0.5036 -0.7579 -0.4147
vn -0.4322 -0.8716 -0.2312
vn -0.4323 -0.8717 -0.2309
vn -0.4322 -0.8715 -0.2319
vn -0.4324 -0.8720 -0.2294
vn -0.6474 -0.6876 -0.3287
vn -0.6473 -0.6875 -0.3290
vn -0.6464 -0.6861 -0.3338
vn -0.6479 -0.6883 -0.3264
vn -0.7630 -0.6388 -0.0986
vn -0.7618 -0.6408 -0.0955
vn -0.7642 -0.6369 -0.1017
vn -0.5725 -0.8100 -0.1267
vn -0.5723 -0.8101 -0.1271
vn -0.5695 -0.8113 -0.1321
vn -0.5754 -0.8088 -0.1217
vn -0.7607 -0.6412 0.1011
vn -0.7613 -0.6402 0.1026
vn -0.7601 -0.6421 0.0996
vn -0.6460 -0.6888 0.3290
vn -0.6461 -0.6889 0.3286
vn -0.6456 -0.6882 0.3309
vn -0.6468 -0.6901 0.3246
vn -0.5738 -0.8085 0.1304
vn -0.5739 -0.8085 0.1303
vn -0.5730 -0.8089 0.1318
vn -0.5747 -0.8082 0.1288
vn -0.4417 -0.8679 0.2272
vn -0.4417 -0.8678 0.2275
vn -0.4416 -0.8677 0.2282
vn -0.4419 -0.8682 0.2258
vn -0.5106 -0.7533 0.4145
vn -0.5125 -0.7534 0.4120
vn -0.5088 -0.7531 0.4171
vn -0.2989 -0.8573 0.4192
vn -0.2992 -0.8572 0.4191
vn -0.2972 -0.8575 0.4200
vn -0.3028 -0.8568 0.4175
vn -0.4759 -0.6703 0.5694
vn -0.4762 -0.6702 0.5693
vn -0.4754 -0.6704 0.5697
vn -0.3006 -0.5970 0.7438
vn -0.3001 -0.5972 0.7439
vn -0.3007 -0.5969 0.7438
vn -0.3013 -0.5967 0.7438
vn -0.2524 -0.7833 0.5681
vn -0.2526 -0.7834 0.5679
vn -0.2543 -0.7841 0.5661
vn -0.2507 -0.7825 0.5700
vn -0.1025 -0.5783 0.8094
vn -0.1020 -0.5787 0.8091
vn -0.1033 -0.5776 0.8097
vn 0.1538 -0.6138 0.7744
vn 0.1537 -0.6138 0.7743
vn 0.1535 -0.6139 0.7743
vn 0.1541 -0.6137 0.7744
vn -0.0041 -0.7612 0.6485
vn -0.0040 -0.7612 0.6484
vn -0.0053 -0.7610 0.6487
vn -0.0030 -0.7615 0.6482
vn 0.1352 -0.8185 0.5584
vn 0.1338 -0.8189 0.5581
vn 0.1387 -0.8174 0.5591
vn 0.2825 -0.6831 0.6735
vn 0.2817 -0.6831 0.6738
vn 0.2834 -0.6830 0.6732
vn 0.3530 -0.7983 0.4879
vn 0.3533 -0.7984 0.4876
vn 0.3527 -0.7983 0.4882
vn 0.4344 -0.5874 0.6829
vn 0.4343 -0.5875 0.6828
vn 0.4344 -0.5874 0.6828
vn 0.4343 -0.5874 0.6829
vn 0.6518 -0.5079 0.5632
vn 0.6518 -0.5080 0.5631
vn 0.6518 -0.5080 0.5632
vn 0.6518 -0.5079 0.5631
vn 0.5114 -0.7113 0.4823
vn 0.5115 -0.7112 0.4822
vn 0.5118 -0.7111 0.4820
vn 0.5109 -0.7114 0.4825
vn 0.8616 -0.3152 0.3979
vn 0.8616 -0.3151 0.3979
vn 0.9565 -0.1071 0.2712
vn 0.9566 -0.1069 0.2712
vn 0.9564 -0.1078 0.2713
vn 0.9567 -0.1054 0.2711
vn 0.9353 -0.3218 0.1471
vn 0.9353 -0.3218 0.1472
vn 0.9353 -0.3218 0.1473
vn 0.9733 -0.2297 -0.0010
vn 0.9733 -0.2297 -0.0017
vn 0.9733 -0.2297 -0.0004
vn 0.9931 -0.0289 0.1140
vn 0.9927 -0.0290 -0.1167
vn 0.9928 -0.0292 -0.1162
vn 0.9927 -0.0289 -0.1169
vn 0.9811 0.1511 0.1213
vn 0.9811 0.1511 0.1212
vn 0.9811 0.1514 0.1208
vn 0.9810 0.1505 0.1221
vn 0.9274 0.3740 -0.0021
vn 0.9274 0.3740 -0.0034
vn 0.9274 0.3740 -0.0007
vn 0.9806 0.1509 -0.1249
vn 0.9806 0.1512 -0.1245
vn 0.9806 0.1505 -0.1256
vn 0.6686 -0.3328 -0.6650
vn 0.5669 -0.1433 -0.8112
vn 0.4561 -0.3662 -0.8111
vn 0.4560 -0.3662 -0.8111
vn 0.4560 -0.3663 -0.8111
vn 0.3206 -0.2901 -0.9017
vn 0.3207 -0.2898 -0.9018
vn 0.3207 -0.2899 -0.9017
vn 0.4246 -0.0813 -0.9017
vn 0.4244 -0.0815 -0.9018
vn 0.4245 -0.0815 -0.9018
vn 0.2041 -0.1018 -0.9737
vn 0.2040 -0.1018 -0.9737
vn 0.4172 0.0982 -0.9035
vn 0.4171 0.0981 -0.9035
vn 0.4171 0.0982 -0.9035
vn 0.2691 0.3114 -0.9114
vn 0.2692 0.3114 -0.9114
vn 0.1816 0.0766 -0.9804
vn 0.1817 0.0766 -0.9804
vn 0.1815 0.0765 -0.9804
vn -0.4003 -0.4327 -0.8078
vn -0.4004 -0.4327 -0.8078
vn -0.4021 -0.4322 -0.8071
vn -0.3973 -0.4336 -0.8088
vn -0.5807 -0.2502 -0.7747
vn -0.5807 -0.2503 -0.7747
vn -0.5809 -0.2498 -0.7747
vn -0.5805 -0.2510 -0.7746
vn -0.6010 -0.4666 -0.6490
vn -0.6011 -0.4664 -0.6489
vn -0.6010 -0.4665 -0.6490
vn -0.6009 -0.4666 -0.6490
vn -0.7343 -0.3905 -0.5552
vn -0.7345 -0.3900 -0.5553
vn -0.7341 -0.3911 -0.5551
vn -0.7151 -0.1873 -0.6735
vn -0.7152 -0.1871 -0.6734
vn -0.7149 -0.1875 -0.6736
vn -0.8541 -0.1987 -0.4806
vn -0.8542 -0.1999 -0.4799
vn -0.8540 -0.1974 -0.4814
vn -0.7308 -0.0069 -0.6826
vn -0.7307 -0.0068 -0.6826
vn -0.7307 -0.0067 -0.6827
vn -0.7308 -0.0071 -0.6825
vn -0.7985 0.2156 -0.5620
vn -0.7985 0.2159 -0.5619
vn -0.7986 0.2152 -0.5621
vn -0.8784 -0.0213 -0.4774
vn -0.8784 -0.0214 -0.4775
vn -0.8780 -0.0225 -0.4781
vn -0.8788 -0.0202 -0.4768
vn -0.8640 -0.4766 0.1626
vn -0.8640 -0.4766 0.1627
vn -0.8640 -0.4763 0.1633
vn -0.8639 -0.4770 0.1615
vn -0.9012 -0.2782 0.3324
vn -0.9011 -0.2784 0.3323
vn -0.9013 -0.2779 0.3324
vn -0.7743 -0.4820 0.4101
vn -0.7742 -0.4823 0.4098
vn -0.7743 -0.4817 0.4103
vn -0.7340 -0.3872 0.5579
vn -0.7333 -0.3893 0.5575
vn -0.7358 -0.3825 0.5589
vn -0.8505 -0.1992 0.4867
vn -0.8507 -0.2009 0.4857
vn -0.8504 -0.1974 0.4877
vn -0.7177 -0.1897 0.6700
vn -0.7184 -0.1885 0.6695
vn -0.7170 -0.1909 0.6704
vn -0.8763 -0.0232 0.4811
vn -0.8765 -0.0228 0.4809
vn -0.8759 -0.0250 0.4819
vn -0.8769 -0.0211 0.4801
vn -0.7997 0.2119 0.5617
vn -0.7997 0.2121 0.5617
vn -0.7997 0.2124 0.5616
vn -0.7998 0.2113 0.5619
vn -0.7330 -0.0103 0.6801
vn -0.7333 -0.0108 0.6798
vn -0.7331 -0.0105 0.6801
vn -0.7329 -0.0099 0.6803
vn -0.0855 -0.4031 0.9112
vn -0.0853 -0.4032 0.9111
vn -0.0855 -0.4030 0.9112
vn -0.0857 -0.4028 0.9113
vn 0.0479 -0.1910 0.9804
vn 0.0479 -0.1912 0.9804
vn 0.0480 -0.1910 0.9804
vn 0.0478 -0.1912 0.9804
vn 0.1733 -0.3921 0.9034
vn 0.1735 -0.3919 0.9035
vn 0.1733 -0.3920 0.9035
vn 0.1735 -0.3921 0.9034
vn 0.3208 -0.2897 0.9018
vn 0.3208 -0.2890 0.9020
vn 0.3208 -0.2909 0.9014
vn 0.2024 -0.1013 0.9740
vn 0.2024 -0.1014 0.9740
vn 0.2025 -0.1011 0.9740
vn 0.4261 -0.0809 0.9010
vn 0.4259 -0.0811 0.9011
vn 0.4254 -0.0814 0.9013
vn 0.4268 -0.0804 0.9008
vn 0.1787 0.0779 0.9808
vn 0.1788 0.0780 0.9808
vn 0.1783 0.0777 0.9809
vn 0.1796 0.0785 0.9806
vn 0.2650 0.3139 0.9117
vn 0.2651 0.3139 0.9117
vn 0.2649 0.3139 0.9118
vn 0.2652 0.3139 0.9117
vn 0.4175 0.0993 0.9033
vn 0.4174 0.0991 0.9033
vn 0.4166 0.0968 0.9039
vn 0.4181 0.1015 0.9027
vn 0.8643 0.4752 -0.1651
vn 0.8643 0.4751 -0.1654
vn 0.8643 0.4752 -0.1649
vn 0.7764 0.4799 -0.4085
vn 0.7764 0.4803 -0.4081
vn 0.7764 0.4799 -0.4084
vn 0.7765 0.4796 -0.4087
vn 0.9007 0.2797 -0.3325
vn 0.9007 0.2796 -0.3325
vn 0.9006 0.2799 -0.3325
vn 0.8494 0.1977 -0.4893
vn 0.8495 0.1980 -0.4890
vn 0.8494 0.1974 -0.4894
vn 0.7333 0.3845 -0.5607
vn 0.7333 0.3846 -0.5607
vn 0.7337 0.3835 -0.5609
vn 0.7145 0.1859 -0.6745
vn 0.7147 0.1856 -0.6744
vn 0.7144 0.1861 -0.6745
vn 0.6007 0.4611 -0.6531
vn 0.6012 0.4607 -0.6530
vn 0.6008 0.4611 -0.6530
vn 0.6003 0.4615 -0.6532
vn 0.3987 0.4300 -0.8100
vn 0.3986 0.4300 -0.8101
vn 0.3988 0.4299 -0.8100
vn 0.5804 0.2486 -0.7755
vn 0.5804 0.2485 -0.7755
vn 0.5805 0.2484 -0.7755
vn 0.5804 0.2487 -0.7754
vn 0.0875 0.4018 -0.9115
vn 0.0876 0.4017 -0.9116
vn 0.0875 0.4020 -0.9115
vn -0.1729 0.3920 -0.9036
vn -0.1729 0.3919 -0.9036
vn -0.0485 0.1910 -0.9804
vn -0.0485 0.1911 -0.9804
vn -0.2057 0.1015 -0.9733
vn -0.3215 0.2895 -0.9015
vn -0.3215 0.2895 -0.9016
vn -0.3215 0.2892 -0.9017
vn -0.4259 0.0811 -0.9011
vn -0.4252 0.0816 -0.9014
vn -0.4259 0.0810 -0.9011
vn -0.4568 0.3657 -0.8109
vn -0.4569 0.3657 -0.8109
vn -0.4568 0.3658 -0.8109
vn -0.6696 0.3331 -0.6639
vn -0.6701 0.3320 -0.6639
vn -0.6696 0.3330 -0.6639
vn -0.6691 0.3341 -0.6638
vn -0.5678 0.1436 -0.8105
vn -0.5678 0.1437 -0.8105
vn -0.5678 0.1429 -0.8107
vn -0.5679 0.1451 -0.8102
vn -0.8605 0.3156 -0.3999
vn -0.8605 0.3157 -0.3999
vn -0.8605 0.3155 -0.3999
vn -0.9349 0.3219 -0.1492
vn -0.9349 0.3219 -0.1491
vn -0.9350 0.3216 -0.1497
vn -0.9349 0.3224 -0.1482
vn -0.9561 0.1045 -0.2736
vn -0.9562 0.1044 -0.2736
vn -0.9562 0.1041 -0.2736
vn -0.9561 0.1049 -0.2736
vn -0.9929 0.0271 -0.1158
vn -0.9927 0.0262 -0.1173
vn -0.9933 0.0293 -0.1121
vn -0.9737 0.2280 0.0007
vn -0.9737 0.2280 0.0019
vn -0.9737 0.2280 -0.0007
vn -0.9929 0.0283 0.1157
vn -0.9928 0.0280 0.1162
vn -0.9930 0.0292 0.1141
vn -0.9356 0.3203 0.1487
vn -0.9356 0.3203 0.1486
vn -0.9356 0.3205 0.1483
vn -0.9356 0.3200 0.1494
vn -0.8620 0.3134 0.3984
vn -0.8620 0.3135 0.3983
vn -0.8621 0.3131 0.3984
vn -0.8620 0.3138 0.3982
vn -0.9560 0.1059 0.2735
vn -0.9560 0.1058 0.2735
vn -0.9560 0.1064 0.2735
vn -0.9562 0.1046 0.2734
vn -0.6687 0.3330 0.6648
vn -0.6687 0.3329 0.6648
vn -0.4561 0.3659 0.8112
vn -0.5670 0.1433 0.8111
vn -0.5670 0.1432 0.8112
vn -0.5670 0.1434 0.8111
vn -0.4244 0.0816 0.9018
vn -0.4247 0.0814 0.9017
vn -0.3210 0.2896 0.9017
vn -0.3210 0.2893 0.9018
vn -0.3210 0.2895 0.9017
vn -0.2046 0.1016 0.9736
vn -0.2045 0.1017 0.9736
vn -0.2047 0.1015 0.9736
vn -0.1735 0.3920 0.9035
vn -0.1735 0.3919 0.9035
vn -0.1734 0.3921 0.9034
vn -0.1736 0.3917 0.9035
vn 0.0853 0.4028 0.9113
vn 0.0854 0.4026 0.9114
vn 0.0852 0.4030 0.9112
vn -0.0492 0.1911 0.9803
vn -0.0492 0.1912 0.9803
vn -0.0492 0.1910 0.9803
vn -0.0492 0.1913 0.9803
vn 0.3969 0.4340 0.8088
vn 0.4007 0.4328 0.8075
vn 0.3947 0.4346 0.8096
vn 0.6028 0.4657 0.6479
vn 0.6027 0.4658 0.6479
vn 0.6019 0.4665 0.6481
vn 0.6036 0.4649 0.6477
vn 0.5823 0.2500 0.7736
vn 0.5822 0.2503 0.7736
vn 0.5816 0.2522 0.7734
vn 0.5826 0.2491 0.7737
vn 0.7163 0.1865 0.6725
vn 0.7166 0.1859 0.6722
vn 0.7159 0.1870 0.6726
vn 0.7349 0.3895 0.5551
vn 0.7348 0.3898 0.5551
vn 0.7347 0.3902 0.5550
vn 0.7353 0.3885 0.5554
vn 0.8523 0.1990 0.4838
vn 0.8523 0.1997 0.4834
vn 0.8522 0.1982 0.4843
vn 0.7762 0.4833 0.4048
vn 0.7762 0.4836 0.4045
vn 0.7762 0.4832 0.4049
vn 0.7763 0.4828 0.4053
vn 0.8643 0.4765 0.1610
vn 0.8643 0.4762 0.1617
vn 0.8643 0.4769 0.1599
vn 0.9020 0.2806 0.3282
vn 0.9021 0.2799 0.3283
vn 0.9016 0.2818 0.3280
vn 0.7629 0.6383 -0.1025
vn 0.7629 0.6383 -0.1026
vn 0.5733 0.8090 -0.1295
vn 0.5734 0.8090 -0.1293
vn 0.5736 0.8089 -0.1290
vn 0.5731 0.8091 -0.1299
vn 0.6486 0.6864 -0.3289
vn 0.6486 0.6864 -0.3290
vn 0.6486 0.6863 -0.3293
vn 0.6487 0.6866 -0.3282
vn 0.5080 0.7545 -0.4156
vn 0.5084 0.7545 -0.4150
vn 0.5076 0.7544 -0.4162
vn 0.4375 0.8697 -0.2288
vn 0.4374 0.8696 -0.2293
vn 0.4374 0.8696 -0.2291
vn 0.4374 0.8696 -0.2289
vn 0.3003 0.8579 -0.4169
vn 0.3007 0.8578 -0.4168
vn 0.3014 0.8578 -0.4164
vn 0.2999 0.8579 -0.4171
vn 0.3036 0.9442 -0.1277
vn 0.3037 0.9442 -0.1277
vn 0.3040 0.9441 -0.1275
vn 0.3028 0.9444 -0.1282
vn 0.0491 0.9936 -0.1014
vn 0.0491 0.9936 -0.1015
vn 0.0492 0.9936 -0.1014
vn 0.1575 0.9311 -0.3290
vn 0.1575 0.9311 -0.3289
vn 0.1575 0.9312 -0.3288
vn 0.1574 0.9310 -0.3292
vn 0.1052 0.5762 -0.8105
vn 0.1053 0.5761 -0.8105
vn 0.1053 0.5762 -0.8105
vn 0.0083 0.7577 -0.6525
vn 0.0081 0.7577 -0.6525
vn 0.0072 0.7579 -0.6523
vn 0.0092 0.7576 -0.6527
vn -0.1510 0.6128 -0.7757
vn -0.1509 0.6128 -0.7757
vn -0.1508 0.6128 -0.7757
vn -0.1512 0.6127 -0.7757
vn -0.2819 0.6825 -0.6743
vn -0.2821 0.6825 -0.6742
vn -0.2818 0.6826 -0.6743
vn -0.1336 0.8189 -0.5581
vn -0.1348 0.8186 -0.5584
vn -0.1317 0.8195 -0.5578
vn -0.3546 0.7993 -0.4851
vn -0.3545 0.7993 -0.4852
vn -0.3543 0.7993 -0.4854
vn -0.0858 0.9088 -0.4084
vn -0.0857 0.9088 -0.4084
vn -0.1434 0.9759 -0.1642
vn -0.1433 0.9759 -0.1643
vn -0.1435 0.9759 -0.1642
vn -0.3211 0.8870 -0.3318
vn -0.3211 0.8871 -0.3318
vn -0.3212 0.8870 -0.3318
vn -0.7709 0.4963 -0.3993
vn -0.7708 0.4964 -0.3992
vn -0.7708 0.4963 -0.3994
vn -0.7709 0.4965 -0.3990
vn -0.6618 0.6979 -0.2737
vn -0.6618 0.6979 -0.2738
vn -0.6618 0.6980 -0.2737
vn -0.8207 0.5514 -0.1496
vn -0.8207 0.5514 -0.1495
vn -0.8207 0.5515 -0.1497
vn -0.7699 0.6382 -0.0000
vn -0.7699 0.6382 -0.0002
vn -0.6215 0.7747 0.1165
vn -0.6215 0.7747 0.1164
vn -0.6216 0.7747 0.1162
vn -0.4714 0.8731 -0.1242
vn -0.4714 0.8731 -0.1243
vn -0.2623 0.9650 0.0000
vn -0.2623 0.9650 0.0001
vn -0.4714 0.8731 0.1244
vn -0.4714 0.8731 0.1245
vn -0.6515 0.5081 0.5633
vn -0.5116 0.7116 0.4816
vn -0.5117 0.7115 0.4816
vn -0.5115 0.7116 0.4817
vn -0.4346 0.5873 0.6828
vn -0.2827 0.6829 0.6736
vn -0.2826 0.6829 0.6736
vn -0.3548 0.7991 0.4854
vn -0.3546 0.7991 0.4856
vn -0.3547 0.7991 0.4855
vn -0.1348 0.8193 0.5573
vn -0.1344 0.8194 0.5572
vn -0.1346 0.8193 0.5573
vn -0.3212 0.8869 0.3321
vn -0.1434 0.9759 0.1645
vn -0.1433 0.9759 0.1645
vn -0.1434 0.9759 0.1644
vn -0.0857 0.9085 0.4089
vn -0.0858 0.9086 0.4089
vn -0.0856 0.9085 0.4090
vn 0.2939 0.5969 0.7465
vn 0.2931 0.5973 0.7466
vn 0.2947 0.5965 0.7465
vn 0.2490 0.7823 0.5710
vn 0.2489 0.7822 0.5711
vn 0.2486 0.7821 0.5714
vn 0.2493 0.7825 0.5706
vn 0.4728 0.6728 0.5690
vn 0.4730 0.6728 0.5688
vn 0.4747 0.6724 0.5679
vn 0.4693 0.6736 0.5710
vn 0.5080 0.7554 0.4139
vn 0.5090 0.7555 0.4124
vn 0.5068 0.7553 0.4154
vn 0.2968 0.8598 0.4156
vn 0.2968 0.8597 0.4156
vn 0.2973 0.8597 0.4154
vn 0.4358 0.8712 0.2260
vn 0.4356 0.8708 0.2280
vn 0.4361 0.8719 0.2228
vn 0.1573 0.9310 0.3295
vn 0.1573 0.9310 0.3294
vn 0.0491 0.9936 0.1017
vn 0.0491 0.9936 0.1016
vn 0.3037 0.9441 0.1279
vn 0.3037 0.9442 0.1279
vn 0.3041 0.9440 0.1277
vn 0.3027 0.9444 0.1284
vn 0.6490 0.6874 0.3261
vn 0.6490 0.6874 0.3260
vn 0.6489 0.6872 0.3266
vn 0.6492 0.6877 0.3249
vn 0.5737 0.8092 0.1268
vn 0.5736 0.8092 0.1269
vn 0.5739 0.8091 0.1263
vn 0.5734 0.8093 0.1273
vn 0.7630 0.6387 0.0995
vn 0.7628 0.6389 0.0992
vn 0.7631 0.6385 0.0998
vn -0.1519 0.6135 0.7750
vn -0.1520 0.6134 0.7750
vn -0.1518 0.6135 0.7750
vn 0.0063 0.7595 0.6505
vn 0.0064 0.7594 0.6505
vn 0.0065 0.7594 0.6506
vn 0.0061 0.7595 0.6505
vn 0.1025 0.5782 0.8094
vn 0.1022 0.5784 0.8093
vn 0.1030 0.5778 0.8096
vn -0.8206 0.5517 0.1491
vn -0.8206 0.5517 0.1493
vn -0.8206 0.5517 0.1492
vn -0.6618 0.6978 0.2740
vn -0.6618 0.6978 0.2739
vn -0.6619 0.6978 0.2739
vn -0.7706 0.4971 0.3987
vn -0.7706 0.4972 0.3987
vn -0.7707 0.4970 0.3988
vn -0.4342 0.5874 -0.6829
vn -0.4342 0.5873 -0.6830
vn -0.4343 0.5873 -0.6830
vn -0.4344 0.5873 -0.6829
vn -0.5115 0.7118 -0.4813
vn -0.5113 0.7119 -0.4814
vn -0.5114 0.7118 -0.4814
vn -0.5113 0.7120 -0.4814
vn -0.6520 0.5077 -0.5631
vn -0.6522 0.5080 -0.5626
vn -0.6520 0.5078 -0.5631
vn -0.6519 0.5075 -0.5635
vn 0.4728 0.6674 -0.5753
vn 0.4727 0.6675 -0.5754
vn 0.4729 0.6675 -0.5752
vn 0.4725 0.6675 -0.5755
vn 0.2516 0.7786 -0.5748
vn 0.2517 0.7787 -0.5747
vn 0.2511 0.7784 -0.5754
vn 0.2522 0.7790 -0.5741
vn 0.2975 0.5932 -0.7480
vn 0.2976 0.5932 -0.7480
vn 0.2976 0.5932 -0.7481
vn 0.7316 0.0074 0.6817
vn 0.7316 0.0076 0.6816
vn 0.7315 0.0071 0.6818
vn 0.8767 0.0213 0.4806
vn 0.8765 0.0217 0.4808
vn 0.8768 0.0209 0.4804
vn 0.7986 -0.2132 0.5629
vn 0.7986 -0.2131 0.5629
vn -0.4177 -0.0984 0.9033
vn -0.4179 -0.0989 0.9031
vn -0.4177 -0.0985 0.9032
vn -0.4175 -0.0980 0.9034
vn -0.1815 -0.0765 0.9804
vn -0.1814 -0.0765 0.9804
vn -0.1816 -0.0766 0.9804
vn -0.2688 -0.3126 0.9111
vn -0.2681 -0.3125 0.9113
vn -0.2689 -0.3126 0.9110
vn -0.2696 -0.3127 0.9108
vn -0.9805 -0.1505 -0.1261
vn -0.9805 -0.1507 -0.1257
vn -0.9805 -0.1500 -0.1269
vn -0.9808 -0.1500 0.1243
vn -0.9808 -0.1500 0.1244
vn -0.9272 -0.3746 -0.0015
vn -0.1842 -0.0770 -0.9799
vn -0.1842 -0.0771 -0.9799
vn -0.1840 -0.0768 -0.9799
vn -0.1844 -0.0772 -0.9798
vn -0.4188 -0.0999 -0.9026
vn -0.4188 -0.0998 -0.9026
vn -0.4190 -0.1005 -0.9024
vn -0.4185 -0.0992 -0.9028
vn -0.2729 -0.3129 -0.9097
vn -0.2719 -0.3129 -0.9100
vn -0.2730 -0.3130 -0.9097
vn -0.2739 -0.3130 -0.9094
vn 0.8748 0.0195 -0.4841
vn 0.8747 0.0197 -0.4842
vn 0.8745 0.0204 -0.4845
vn 0.8750 0.0189 -0.4838
vn 0.7301 0.0072 -0.6833
vn 0.7301 0.0071 -0.6834
vn 0.7978 -0.2135 -0.5639
vn 0.7977 -0.2136 -0.5639
vn 0.7977 -0.2137 -0.5639
vn 0.4567 -0.3659 0.8109
vn 0.4567 -0.3658 0.8109
vn 0.4566 -0.3659 0.8109
vn 0.5681 -0.1434 0.8104
vn 0.5681 -0.1432 0.8104
vn 0.5681 -0.1437 0.8103
vn 0.6691 -0.3325 0.6646
vn 0.6691 -0.3326 0.6646
vn -0.6041 -0.4643 0.6476
vn -0.6039 -0.4645 0.6477
vn -0.6029 -0.4655 0.6479
vn -0.6051 -0.4634 0.6473
vn -0.5841 -0.2524 0.7715
vn -0.5842 -0.2521 0.7715
vn -0.5842 -0.2523 0.7714
vn -0.5840 -0.2524 0.7715
vn -0.4019 -0.4340 0.8063
vn -0.4020 -0.4340 0.8062
vn -0.4015 -0.4342 0.8064
vn -0.4028 -0.4337 0.8060
vn -0.7773 -0.4824 -0.4038
vn -0.7774 -0.4821 -0.4040
vn -0.7778 -0.4793 -0.4066
vn -0.7769 -0.4850 -0.4014
vn -0.9022 -0.2800 -0.3280
vn -0.9024 -0.2795 -0.3281
vn -0.9032 -0.2760 -0.3286
vn -0.9004 -0.2870 -0.3269
vn -0.8648 -0.4745 -0.1645
vn -0.8648 -0.4747 -0.1638
vn -0.8648 -0.4740 -0.1658
vn 0.1718 -0.3932 -0.9033
vn 0.1717 -0.3933 -0.9032
vn 0.1715 -0.3935 -0.9032
vn 0.1720 -0.3929 -0.9033
vn 0.0470 -0.1914 -0.9804
vn 0.0470 -0.1915 -0.9804
vn 0.0470 -0.1916 -0.9803
vn 0.0471 -0.1912 -0.9804
vn -0.0904 -0.4043 -0.9101
vn -0.0905 -0.4043 -0.9102
vn -0.0905 -0.4042 -0.9102
vn 0.9343 -0.3228 -0.1516
vn 0.9342 -0.3228 -0.1516
vn 0.9343 -0.3228 -0.1514
vn 0.9342 -0.3227 -0.1519
vn 0.9547 -0.1095 -0.2765
vn 0.9548 -0.1093 -0.2765
vn 0.9548 -0.1091 -0.2765
vn 0.9546 -0.1101 -0.2766
vn 0.8608 -0.3154 -0.3994
vn 0.8608 -0.3152 -0.3995
vn 0.8608 -0.3156 -0.3992
vn 0.0835 -0.9078 0.4111
vn 0.0834 -0.9077 0.4112
vn 0.0848 -0.9082 0.4099
vn 0.0806 -0.9068 0.4138
vn 0.3197 -0.8862 0.3352
vn 0.3200 -0.8861 0.3353
vn 0.3199 -0.8861 0.3353
vn 0.3199 -0.8862 0.3352
vn 0.1382 -0.9766 0.1648
vn 0.1383 -0.9766 0.1647
vn 0.1370 -0.9767 0.1652
vn 0.1395 -0.9765 0.1643
vn -0.3029 -0.9450 0.1236
vn -0.3028 -0.9450 0.1237
vn -0.3033 -0.9449 0.1235
vn -0.3020 -0.9452 0.1240
vn -0.1554 -0.9310 0.3304
vn -0.1554 -0.9309 0.3305
vn -0.1552 -0.9304 0.3320
vn -0.1558 -0.9319 0.3274
vn -0.0507 -0.9936 0.1006
vn -0.0525 -0.9938 0.0982
vn -0.0490 -0.9935 0.1030
vn -0.1623 -0.9305 -0.3283
vn -0.1623 -0.9306 -0.3281
vn -0.1623 -0.9303 -0.3289
vn -0.1625 -0.9310 -0.3269
vn -0.3030 -0.9437 -0.1328
vn -0.3029 -0.9437 -0.1328
vn -0.0538 -0.9931 -0.1039
vn -0.0538 -0.9931 -0.1040
vn -0.0551 -0.9932 -0.1021
vn -0.0525 -0.9930 -0.1057
vn 0.6617 -0.6980 -0.2738
vn 0.6617 -0.6980 -0.2736
vn 0.6617 -0.6980 -0.2737
vn 0.8203 -0.5520 -0.1498
vn 0.8202 -0.5520 -0.1499
vn 0.8203 -0.5520 -0.1499
vn 0.8203 -0.5520 -0.1497
vn 0.7705 -0.4971 -0.3989
vn 0.7705 -0.4972 -0.3989
vn 0.7705 -0.4972 -0.3988
vn 0.3169 -0.8882 -0.3327
vn 0.3167 -0.8883 -0.3326
vn 0.3177 -0.8878 -0.3328
vn 0.3153 -0.8889 -0.3324
vn 0.0798 -0.9096 -0.4078
vn 0.0797 -0.9095 -0.4079
vn 0.0796 -0.9095 -0.4081
vn 0.0801 -0.9097 -0.4075
vn 0.1367 -0.9768 -0.1651
vn 0.1368 -0.9768 -0.1651
vn 0.1375 -0.9767 -0.1648
vn 0.1360 -0.9768 -0.1654
vn 0.4346 -0.5873 0.6828
vn 0.4345 -0.5874 0.6827
vn 0.4346 -0.5874 0.6828
vn 0.6513 -0.5082 0.5634
vn 0.6514 -0.5083 0.5634
vn 0.6514 -0.5082 0.5634
vn 0.5117 -0.7115 0.4815
vn 0.5119 -0.7115 0.4814
vn 0.5116 -0.7116 0.4816
vn 0.2825 -0.6830 0.6736
vn 0.2826 -0.6830 0.6736
vn 0.3547 -0.7991 0.4853
vn 0.3546 -0.7991 0.4855
vn 0.3546 -0.7991 0.4854
vn 0.1344 -0.8194 0.5573
vn -0.1038 -0.5775 0.8097
vn 0.1515 -0.6134 0.7751
vn -0.0071 -0.7592 0.6508
vn -0.0070 -0.7592 0.6508
vn 0.4720 -0.8727 -0.1248
vn 0.4719 -0.8728 -0.1248
vn 0.4718 -0.8728 -0.1246
vn 0.4720 -0.8727 -0.1249
vn 0.2623 -0.9650 -0.0000
vn 0.4717 -0.8730 0.1243
vn 0.4716 -0.8730 0.1241
vn 0.4718 -0.8729 0.1246
vn 0.6221 -0.7741 -0.1168
vn 0.6223 -0.7740 -0.1165
vn 0.6221 -0.7742 -0.1169
vn 0.6221 -0.7743 0.1160
vn 0.7698 -0.6383 0.0000
vn 0.7698 -0.6383 0.0001
vn 0.7704 -0.4974 -0.3988
vn 0.7704 -0.4974 -0.3987
vn 0.7705 -0.4974 -0.3988
vn 0.6623 -0.6973 -0.2741
vn 0.6624 -0.6972 -0.2742
vn 0.6624 -0.6973 -0.2740
vn 0.8202 -0.5522 -0.1493
vn 0.8202 -0.5523 -0.1493
vn 0.8202 -0.5522 -0.1494
vn 0.8203 -0.5522 -0.1492
vn -0.4728 -0.6707 0.5714
vn -0.4729 -0.6707 0.5714
vn -0.2963 -0.5952 0.7469
vn -0.2964 -0.5952 0.7469
vn -0.2502 -0.7816 0.5714
vn -0.2502 -0.7815 0.5715
vn -0.5060 -0.7554 0.4163
vn -0.5059 -0.7554 0.4163
vn -0.5060 -0.7554 0.4162
vn -0.2978 -0.8591 0.4163
vn -0.4339 -0.8715 0.2285
vn -0.4340 -0.8716 0.2280
vn -0.4339 -0.8715 0.2284
vn -0.4339 -0.8716 0.2282
vn -0.7632 -0.6381 0.1016
vn -0.6478 -0.6868 0.3296
vn -0.5708 -0.8110 0.1284
vn -0.5708 -0.8110 0.1283
vn -0.5707 -0.8110 0.1284
vn -0.6478 -0.6868 -0.3296
vn -0.7632 -0.6381 -0.1016
vn -0.7632 -0.6381 -0.1017
vn -0.5708 -0.8110 -0.1284
vn -0.5707 -0.8110 -0.1284
vn -0.5060 -0.7554 -0.4163
vn -0.5059 -0.7554 -0.4163
vn -0.4339 -0.8716 -0.2282
vn -0.2977 -0.8591 -0.4164
vn -0.2979 -0.8591 -0.4163
vn -0.2963 -0.5952 -0.7469
vn -0.4728 -0.6707 -0.5714
vn -0.4729 -0.6707 -0.5714
vn -0.2502 -0.7815 -0.5715
vn -0.2502 -0.7816 -0.5714
vn 0.1519 -0.6132 -0.7752
vn 0.1518 -0.6132 -0.7752
vn 0.1515 -0.6134 -0.7751
vn 0.1521 -0.6131 -0.7752
vn -0.1038 -0.5775 -0.8097
vn -0.0070 -0.7592 -0.6508
vn 0.2836 -0.6828 -0.6733
vn 0.2840 -0.6828 -0.6731
vn 0.2832 -0.6829 -0.6734
vn 0.1348 -0.8192 -0.5574
vn 0.1361 -0.8188 -0.5577
vn 0.1345 -0.8193 -0.5573
vn 0.3556 -0.7985 -0.4858
vn 0.3558 -0.7985 -0.4855
vn 0.3556 -0.7985 -0.4857
vn 0.6517 -0.5080 -0.5633
vn 0.6517 -0.5080 -0.5632
vn 0.4362 -0.5865 -0.6825
vn 0.4361 -0.5867 -0.6824
vn 0.4362 -0.5864 -0.6826
vn 0.5129 -0.7106 -0.4817
vn 0.5127 -0.7107 -0.4818
vn 0.5130 -0.7105 -0.4817
vn 0.5125 -0.7108 -0.4818
vn 0.9559 -0.1054 -0.2742
vn 0.9559 -0.1051 -0.2742
vn 0.9558 -0.1060 -0.2743
vn 0.8611 -0.3151 -0.3990
vn 0.8611 -0.3147 -0.3992
vn 0.8611 -0.3155 -0.3988
vn 0.9348 -0.3224 -0.1491
vn 0.9348 -0.3225 -0.1489
vn 0.9927 -0.0248 -0.1177
vn 0.9732 -0.2298 0.0003
vn 0.9732 -0.2298 -0.0002
vn 0.9732 -0.2298 0.0009
vn 0.9927 -0.0251 0.1177
vn 0.9927 -0.0251 0.1178
vn 0.9928 -0.0255 0.1171
vn 0.9926 -0.0246 0.1187
vn 0.9275 0.3738 0.0002
vn 0.9275 0.3738 -0.0005
vn 0.9275 0.3738 0.0008
vn 0.9804 0.1532 -0.1240
vn 0.9804 0.1532 -0.1241
vn 0.9804 0.1531 -0.1242
vn 0.9804 0.1534 -0.1237
vn 0.9803 0.1530 0.1248
vn 0.9803 0.1528 0.1252
vn 0.9803 0.1536 0.1239
vn 0.5668 -0.1436 0.8112
vn 0.5668 -0.1437 0.8112
vn 0.6682 -0.3329 0.6653
vn 0.6682 -0.3330 0.6653
vn 0.6682 -0.3328 0.6654
vn 0.6683 -0.3326 0.6654
vn 0.4561 -0.3660 0.8112
vn 0.4242 -0.0817 0.9019
vn 0.4244 -0.0815 0.9018
vn 0.3208 -0.2895 0.9018
vn 0.3208 -0.2898 0.9017
vn 0.3208 -0.2896 0.9018
vn 0.2043 -0.1017 0.9736
vn 0.2043 -0.1018 0.9736
vn 0.2688 0.3122 0.9112
vn 0.2689 0.3122 0.9112
vn 0.2686 0.3122 0.9113
vn 0.4171 0.0977 0.9036
vn 0.4169 0.0972 0.9037
vn 0.4171 0.0978 0.9036
vn 0.4173 0.0983 0.9035
vn 0.1815 0.0760 0.9804
vn 0.1815 0.0760 0.9805
vn 0.1816 0.0761 0.9804
vn 0.1813 0.0759 0.9805
vn -0.5807 -0.2488 0.7751
vn -0.5807 -0.2489 0.7751
vn -0.3983 -0.4309 0.8097
vn -0.6016 -0.4632 0.6508
vn -0.7153 -0.1862 0.6736
vn -0.7347 -0.3868 0.5573
vn -0.7348 -0.3866 0.5573
vn -0.8514 -0.1987 0.4855
vn -0.8514 -0.1988 0.4854
vn -0.7982 0.2137 0.5633
vn -0.7306 -0.0073 0.6828
vn -0.7306 -0.0072 0.6828
vn -0.8762 -0.0207 0.4816
vn -0.8762 -0.0205 0.4815
vn -0.8762 -0.0206 0.4816
vn -0.9013 -0.2783 -0.3321
vn -0.8651 -0.4738 -0.1644
vn -0.8651 -0.4738 -0.1645
vn -0.7766 -0.4792 -0.4090
vn -0.7766 -0.4793 -0.4089
vn -0.7766 -0.4793 -0.4090
vn -0.8514 -0.1987 -0.4855
vn -0.7347 -0.3868 -0.5573
vn -0.7349 -0.3864 -0.5574
vn -0.7348 -0.3866 -0.5573
vn -0.7153 -0.1862 -0.6736
vn -0.7152 -0.1863 -0.6736
vn -0.7153 -0.1861 -0.6735
vn -0.7982 0.2137 -0.5633
vn -0.8762 -0.0206 -0.4816
vn -0.8762 -0.0207 -0.4816
vn -0.7306 -0.0073 -0.6828
vn -0.7306 -0.0073 -0.6827
vn -0.7306 -0.0072 -0.6828
vn 0.0483 -0.1910 -0.9804
vn 0.0483 -0.1911 -0.9804
vn -0.0868 -0.4023 -0.9114
vn 0.1733 -0.3922 -0.9034
vn 0.1733 -0.3921 -0.9035
vn 0.1734 -0.3920 -0.9035
vn 0.1732 -0.3923 -0.9034
vn 0.2043 -0.1017 -0.9736
vn 0.3211 -0.2899 -0.9016
vn 0.3211 -0.2896 -0.9017
vn 0.3211 -0.2900 -0.9015
vn 0.4242 -0.0815 -0.9019
vn 0.4245 -0.0813 -0.9018
vn 0.2687 0.3117 -0.9114
vn 0.1815 0.0766 -0.9804
vn 0.4170 0.0982 -0.9036
vn 0.4170 0.0983 -0.9036
vn 0.4170 0.0984 -0.9036
vn 0.7764 0.4797 0.4089
vn 0.7764 0.4797 0.4088
vn 0.8647 0.4746 0.1646
vn 0.8647 0.4747 0.1643
vn 0.8647 0.4744 0.1652
vn 0.9006 0.2803 0.3322
vn 0.9006 0.2802 0.3322
vn 0.9005 0.2807 0.3321
vn 0.9008 0.2794 0.3323
vn 0.7345 0.3873 0.5572
vn 0.7347 0.3870 0.5572
vn 0.8506 0.2004 0.4861
vn 0.8506 0.2001 0.4862
vn 0.8507 0.2007 0.4859
vn 0.7148 0.1870 0.6738
vn 0.7145 0.1876 0.6741
vn 0.7151 0.1866 0.6737
vn 0.3982 0.4314 0.8095
vn 0.3985 0.4314 0.8094
vn 0.3981 0.4315 0.8095
vn 0.6016 0.4635 0.6506
vn 0.6015 0.4636 0.6506
vn 0.5809 0.2491 0.7749
vn 0.5809 0.2492 0.7749
vn 0.5808 0.2494 0.7749
vn 0.5809 0.2490 0.7750
vn -0.1730 0.3924 0.9034
vn -0.1730 0.3923 0.9034
vn 0.0867 0.4028 0.9112
vn 0.0868 0.4027 0.9112
vn -0.0484 0.1909 0.9804
vn -0.0484 0.1906 0.9805
vn -0.0484 0.1913 0.9803
vn -0.3209 0.2896 0.9018
vn -0.2043 0.1016 0.9736
vn -0.2042 0.1017 0.9736
vn -0.6686 0.3329 0.6649
vn -0.4562 0.3660 0.8111
vn -0.4561 0.3661 0.8111
vn -0.5669 0.1434 0.8112
vn -0.5669 0.1433 0.8112
vn -0.9349 0.3220 0.1495
vn -0.8612 0.3152 0.3988
vn -0.9557 0.1076 0.2738
vn -0.9557 0.1077 0.2738
vn -0.9733 0.2297 0.0000
vn -0.9928 0.0292 0.1164
vn -0.9928 0.0293 0.1161
vn -0.9928 0.0293 0.1162
vn -0.9928 0.0293 -0.1161
vn -0.9928 0.0292 -0.1164
vn -0.9928 0.0292 -0.1163
vn -0.9928 0.0293 -0.1162
vn -0.8612 0.3152 -0.3988
vn -0.9349 0.3220 -0.1495
vn -0.9349 0.3220 -0.1494
vn -0.9557 0.1077 -0.2738
vn -0.9557 0.1076 -0.2738
vn -0.4561 0.3660 -0.8112
vn -0.6686 0.3329 -0.6649
vn -0.5670 0.1433 -0.8112
vn -0.5670 0.1434 -0.8112
vn -0.3208 0.2898 -0.9017
vn -0.3208 0.2895 -0.9018
vn -0.3208 0.2896 -0.9018
vn -0.4246 0.0814 -0.9017
vn -0.4245 0.0815 -0.9018
vn -0.2043 0.1017 -0.9736
vn -0.2043 0.1016 -0.9736
vn 0.0868 0.4023 -0.9114
vn 0.0867 0.4023 -0.9114
vn -0.1730 0.3921 -0.9035
vn -0.1730 0.3920 -0.9035
vn -0.0483 0.1910 -0.9804
vn -0.0483 0.1911 -0.9804
vn 0.6016 0.4632 -0.6508
vn 0.3983 0.4309 -0.8097
vn 0.3982 0.4309 -0.8098
vn 0.3982 0.4309 -0.8097
vn 0.5806 0.2491 -0.7751
vn 0.5806 0.2492 -0.7751
vn 0.5807 0.2488 -0.7751
vn 0.7343 0.3872 -0.5575
vn 0.7345 0.3867 -0.5576
vn 0.7342 0.3876 -0.5575
vn 0.7146 0.1873 -0.6740
vn 0.7143 0.1877 -0.6742
vn 0.7149 0.1868 -0.6738
vn 0.8504 0.2008 -0.4863
vn 0.8504 0.2009 -0.4862
vn 0.8646 0.4747 -0.1646
vn 0.8646 0.4745 -0.1652
vn 0.8646 0.4748 -0.1643
vn 0.7763 0.4798 -0.4088
vn 0.9005 0.2807 -0.3321
vn 0.9005 0.2808 -0.3321
vn 0.9003 0.2814 -0.3320
vn 0.9008 0.2794 -0.3323
vn 0.5708 0.8110 0.1283
vn 0.5707 0.8110 0.1285
vn 0.5708 0.8110 0.1284
vn 0.5707 0.8110 0.1284
vn 0.7631 0.6382 0.1017
vn 0.7631 0.6383 0.1016
vn 0.6478 0.6869 0.3296
vn 0.6478 0.6869 0.3295
vn 0.6478 0.6868 0.3296
vn 0.4339 0.8715 0.2285
vn 0.4339 0.8716 0.2280
vn 0.4339 0.8716 0.2281
vn 0.4339 0.8716 0.2282
vn 0.5059 0.7555 0.4163
vn 0.5059 0.7555 0.4164
vn 0.5060 0.7555 0.4162
vn 0.2977 0.8591 0.4164
vn 0.2979 0.8591 0.4163
vn 0.2978 0.8591 0.4163
vn 0.0492 0.9936 0.1016
vn 0.0492 0.9936 0.1017
vn 0.3032 0.9443 0.1284
vn 0.3032 0.9442 0.1284
vn 0.1576 0.9309 0.3296
vn 0.0069 0.7592 0.6508
vn 0.0070 0.7592 0.6508
vn 0.0069 0.7593 0.6508
vn 0.1038 0.5777 0.8096
vn 0.1037 0.5778 0.8096
vn 0.1037 0.5777 0.8096
vn -0.1515 0.6135 0.7751
vn -0.1515 0.6135 0.7750
vn -0.1514 0.6135 0.7750
vn -0.1342 0.8194 0.5573
vn -0.1347 0.8193 0.5574
vn -0.1346 0.8193 0.5574
vn -0.1344 0.8193 0.5573
vn -0.2825 0.6830 0.6735
vn -0.2825 0.6830 0.6736
vn -0.2826 0.6830 0.6735
vn -0.3547 0.7991 0.4853
vn -0.3545 0.7991 0.4855
vn -0.3546 0.7991 0.4855
vn -0.0856 0.9085 0.4089
vn -0.3211 0.8869 0.3321
vn -0.6619 0.6977 0.2739
vn -0.6619 0.6977 0.2738
vn -0.6619 0.6978 0.2738
vn -0.7706 0.4971 0.3989
vn -0.7706 0.4972 0.3988
vn -0.8204 0.5519 0.1495
vn -0.8204 0.5519 0.1494
vn -0.6216 0.7746 0.1164
vn -0.6217 0.7746 0.1162
vn -0.6217 0.7746 0.1163
vn -0.7699 0.6382 0.0001
vn -0.6216 0.7746 -0.1164
vn -0.6217 0.7746 -0.1162
vn -0.6217 0.7746 -0.1163
vn -0.4715 0.8731 0.1243
vn -0.4715 0.8731 0.1244
vn -0.4715 0.8731 -0.1244
vn -0.4715 0.8731 -0.1243
vn -0.5117 0.7115 -0.4815
vn -0.5116 0.7116 -0.4816
vn -0.6516 0.5081 -0.5633
vn -0.6516 0.5081 -0.5632
vn -0.4346 0.5874 -0.6828
vn -0.4345 0.5874 -0.6827
vn -0.3547 0.7991 -0.4853
vn -0.3545 0.7991 -0.4855
vn -0.3546 0.7991 -0.4854
vn -0.2825 0.6830 -0.6736
vn -0.2826 0.6830 -0.6735
vn -0.2824 0.6830 -0.6736
vn -0.1344 0.8194 -0.5573
vn -0.1433 0.9759 -0.1645
vn -0.1434 0.9759 -0.1645
vn -0.3211 0.8869 -0.3321
vn -0.3212 0.8869 -0.3321
vn -0.0856 0.9085 -0.4090
vn -0.0856 0.9085 -0.4089
vn 0.2502 0.7816 -0.5714
vn 0.2502 0.7816 -0.5715
vn 0.2963 0.5952 -0.7469
vn 0.2964 0.5952 -0.7469
vn 0.4729 0.6707 -0.5714
vn 0.4728 0.6707 -0.5714
vn 0.2977 0.8591 -0.4164
vn 0.2978 0.8591 -0.4163
vn 0.2983 0.8590 -0.4161
vn 0.5060 0.7554 -0.4163
vn 0.5059 0.7554 -0.4164
vn 0.5059 0.7554 -0.4163
vn 0.4339 0.8716 -0.2282
vn 0.0492 0.9936 -0.1016
vn 0.0492 0.9936 -0.1017
vn 0.1576 0.9309 -0.3296
vn 0.3032 0.9443 -0.1284
vn 0.3032 0.9442 -0.1284
vn 0.5708 0.8110 -0.1284
vn 0.5707 0.8110 -0.1284
vn 0.6478 0.6868 -0.3296
vn 0.7631 0.6382 -0.1017
vn 0.7631 0.6383 -0.1016
vn 0.0070 0.7592 -0.6508
vn -0.1515 0.6134 -0.7751
vn 0.1038 0.5775 -0.8097
vn -0.6619 0.6978 -0.2738
vn -0.6619 0.6977 -0.2739
vn -0.8204 0.5519 -0.1494
vn -0.8204 0.5519 -0.1495
vn -0.7706 0.4972 -0.3989
vn -0.7706 0.4972 -0.3988
vn -0.4346 0.5874 0.6827
vn -0.6516 0.5081 0.5633
vn 0.2502 0.7816 0.5714
vn 0.2502 0.7816 0.5715
vn 0.4728 0.6708 0.5714
vn 0.4728 0.6708 0.5713
vn 0.4729 0.6708 0.5713
vn 0.4727 0.6709 0.5714
vn 0.2963 0.5954 0.7468
vn 0.2964 0.5954 0.7467
vn 0.2963 0.5955 0.7468
vn 0.8757 0.0236 -0.4823
vn 0.8756 0.0239 -0.4824
vn 0.8756 0.0240 -0.4824
vn 0.7298 0.0093 -0.6836
vn 0.7299 0.0095 -0.6835
vn 0.7298 0.0091 -0.6836
vn 0.7300 0.0098 -0.6834
vn 0.7979 -0.2128 -0.5639
vn 0.7979 -0.2129 -0.5639
vn 0.7980 -0.2127 -0.5639
vn -0.1816 -0.0766 -0.9804
vn -0.1815 -0.0766 -0.9804
vn -0.4171 -0.0983 -0.9035
vn -0.4171 -0.0982 -0.9035
vn -0.2687 -0.3117 -0.9114
vn -0.2688 -0.3117 -0.9114
vn -0.9808 -0.1500 -0.1243
vn -0.9808 -0.1500 -0.1244
vn -0.9281 -0.3723 -0.0000
vn -0.4171 -0.0982 0.9036
vn -0.4171 -0.0982 0.9035
vn -0.2687 -0.3117 0.9114
vn 0.7299 0.0066 0.6835
vn 0.7300 0.0068 0.6835
vn 0.7302 0.0076 0.6832
vn 0.7297 0.0060 0.6837
vn 0.8755 0.0218 0.4827
vn 0.8752 0.0227 0.4832
vn 0.8757 0.0210 0.4823
vn 0.7971 -0.2139 0.5647
vn 0.7971 -0.2138 0.5647
vn 0.7970 -0.2140 0.5647
vn 0.7972 -0.2135 0.5648
vn 0.5664 -0.1428 -0.8117
vn 0.5664 -0.1427 -0.8117
vn 0.5664 -0.1430 -0.8116
vn 0.5664 -0.1422 -0.8118
vn 0.4569 -0.3662 -0.8107
vn 0.4567 -0.3663 -0.8107
vn 0.4567 -0.3662 -0.8108
vn 0.4571 -0.3661 -0.8106
vn 0.6685 -0.3328 -0.6651
vn 0.6685 -0.3327 -0.6651
vn -0.5807 -0.2488 -0.7751
vn -0.5807 -0.2489 -0.7751
vn -0.6016 -0.4632 -0.6508
vn -0.6015 -0.4633 -0.6508
vn -0.3983 -0.4309 -0.8097
vn -0.9013 -0.2783 0.3321
vn -0.7766 -0.4793 0.4090
vn -0.7766 -0.4792 0.4090
vn -0.8651 -0.4738 0.1645
vn -0.8651 -0.4738 0.1644
vn 0.0483 -0.1910 0.9804
vn 0.1730 -0.3920 0.9036
vn 0.1730 -0.3920 0.9035
vn 0.1730 -0.3921 0.9035
vn -0.0868 -0.4023 0.9114
vn 0.9553 -0.1051 0.2763
vn 0.9553 -0.1052 0.2763
vn 0.9553 -0.1053 0.2763
vn 0.9554 -0.1045 0.2763
vn 0.9346 -0.3227 0.1498
vn 0.9346 -0.3226 0.1499
vn 0.9346 -0.3225 0.1501
vn 0.9346 -0.3228 0.1496
vn 0.8601 -0.3153 0.4011
vn 0.8601 -0.3149 0.4014
vn 0.8600 -0.3154 0.4011
vn 0.8600 -0.3158 0.4008
vn 0.3220 -0.8865 -0.3322
vn 0.3219 -0.8866 -0.3322
vn 0.3224 -0.8864 -0.3323
vn 0.3212 -0.8869 -0.3321
vn 0.0856 -0.9085 -0.4090
vn 0.0856 -0.9085 -0.4089
vn 0.1433 -0.9759 -0.1645
vn 0.1434 -0.9759 -0.1645
vn -0.1576 -0.9309 -0.3296
vn -0.3032 -0.9443 -0.1284
vn -0.3032 -0.9442 -0.1284
vn -0.3031 -0.9443 -0.1284
vn -0.0492 -0.9936 -0.1016
vn -0.0492 -0.9936 -0.1017
vn -0.3032 -0.9443 0.1284
vn -0.3031 -0.9443 0.1284
vn -0.3032 -0.9442 0.1284
vn -0.1576 -0.9309 0.3296
vn -0.0492 -0.9936 0.1016
vn -0.0492 -0.9936 0.1017
vn 0.8199 -0.5526 0.1498
vn 0.8199 -0.5525 0.1496
vn 0.8200 -0.5525 0.1496
vn 0.8198 -0.5527 0.1498
vn 0.6621 -0.6977 0.2737
vn 0.6621 -0.6976 0.2738
vn 0.7699 -0.4977 0.3995
vn 0.7699 -0.4978 0.3994
vn 0.7699 -0.4975 0.3997
vn 0.7698 -0.4982 0.3989
vn 0.0856 -0.9085 0.4090
vn 0.0856 -0.9085 0.4089
vn 0.3212 -0.8869 0.3321
vn 0.3211 -0.8869 0.3321
vn 0.1433 -0.9759 0.1645
vn 0.1434 -0.9759 0.1645
usemtl Body
s off
f 72//1 73//1 74//1
f 75//2 76//2 77//2
f 78//3 79//3 80//3
f 85//4 86//4 87//4
f 88//5 89//5 90//5
f 111//6 112//6 113//6
f 118//7 119//7 120//7
f 153//8 154//8 155//8
f 156//9 157//9 158//9
f 159//10 160//10 161//10
f 197//11 198//11 199//11
f 197//12 200//12 198//12
f 201//13 202//13 203//13
f 201//14 204//14 202//14
f 229//15 230//15 231//15
f 229//16 231//16 232//16
f 233//17 234//17 235//17
f 233//18 236//18 234//18
f 245//19 246//19 247//19
f 246//20 245//20 248//20
f 253//21 254//21 255//21
f 254//22 253//22 256//22
f 277//23 278//23 279//23
f 278//24 277//24 280//24
f 285//25 286//25 287//25
f 286//26 285//26 288//26
f 389//27 390//27 391//27
f 390//28 389//28 392//28
f 393//29 394//29 395//29
f 394//30 393//30 396//30
f 406//31 405//31 408//31
f 413//32 414//32 415//32
f 416//33 417//33 418//33
f 451//34 452//34 453//34
f 452//35 451//35 454//35
f 455//36 456//36 457//36
f 462//37 463//37 464//37
f 465//38 466//38 467//38
f 466//39 465//39 468//39
f 473//40 474//40 475//40
f 474//41 473//41 476//41
f 561//42 562//42 563//42
f 568//43 569//43 570//43
f 571//44 572//44 573//44
f 574//45 575//45 576//45
f 581//46 582//46 583//46
f 584//47 585//47 586//47
f 607//48 608//48 609//48
f 614//49 615//49 616//49
f 652//50 653//50 654//50
f 655//51 656//51 657//51
f 658//52 659//52 660//52
f 693//53 694//53 695//53
f 694//54 693//54 696//54
f 697//55 698//55 699//55
f 698//56 697//56 700//56
f 725//57 726//57 727//57
f 726//57 725//57 728//57
f 729//58 730//58 731//58
f 730//59 729//59 732//59
f 741//60 742//60 743//60
f 741//61 743//61 744//61
f 749//62 750//62 751//62
f 749//63 751//63 752//63
f 773//64 774//64 775//64
f 773//65 775//65 776//65
f 781//66 782//66 783//66
f 781//67 783//67 784//67
f 886//68 885//68 888//68
f 889//69 890//69 891//69
f 901//70 902//70 903//70
f 909//71 910//71 911//71
f 912//72 913//72 914//72
f 947//73 948//73 949//73
f 948//74 947//74 950//74
f 951//75 952//75 953//75
f 958//76 959//76 960//76
f 961//77 962//77 963//77
f 962//78 961//78 964//78
f 969//79 970//79 971//79
f 970//80 969//80 972//80
s 1
f 1//81 2//82 3//83
f 4//84 1//81 3//83
f 5//85 6//86 7//87
f 7//87 8//88 5//85
f 9//89 10//90 11//91
f 10//90 9//89 12//92
f 13//93 14//94 15//95
f 14//94 13//93 16//96
f 17//97 18//98 19//99
f 18//98 17//97 20//100
f 21//101 22//102 23//103
f 22//102 21//101 24//104
f 25//105 26//106 27//107
f 26//106 25//105 28//108
f 29//109 30//110 31//111
f 30//110 29//109 32//112
f 33//113 34//114 35//115
f 34//114 33//113 36//116
f 37//117 38//118 39//119
f 38//118 37//117 40//120
f 41//121 42//122 43//123
f 43//123 42//122 44//124
f 45//125 46//126 47//127
f 46//126 45//125 48//128
f 49//129 50//130 51//131
f 50//130 49//129 52//132
f 53//133 54//134 55//135
f 56//136 53//133 55//135
f 57//137 58//138 59//139
f 58//138 57//137 60//140
f 61//141 62//142 63//143
f 62//142 61//141 64//144
f 65//145 66//145 67//145
f 68//146 69//147 70//148
f 69//147 68//146 71//149
f 81//150 82//151 83//152
f 84//153 83//152 82//151
f 91//154 92//155 93//156
f 94//157 91//154 93//156
f 95//158 96//159 97//160
f 97//160 98//161 95//158
f 99//162 100//163 101//164
f 100//163 99//162 102//165
f 103//166 104//167 105//168
f 104//167 103//166 106//169
f 107//170 108//170 109//171
f 108//170 107//170 110//170
f 114//172 115//173 116//174
f 115//173 114//172 117//172
f 121//175 122//176 123//177
f 123//177 124//178 121//175
f 125//179 126//180 127//181
f 126//180 125//179 128//182
f 129//183 130//184 131//185
f 130//184 129//183 132//186
f 133//187 134//188 135//189
f 136//190 133//187 135//189
f 137//191 138//192 139//193
f 138//192 137//191 140//194
f 141//195 142//196 143//197
f 142//196 141//195 144//198
f 145//199 146//200 147//201
f 147//201 148//202 145//199
f 149//203 150//204 151//205
f 150//204 149//203 152//206
f 162//207 163//207 164//207
f 165//208 166//209 167//210
f 166//209 165//208 168//211
f 169//212 170//213 171//214
f 170//213 169//212 172//215
f 173//216 174//217 175//218
f 174//217 173//216 176//219
f 177//220 178//221 179//222
f 180//223 177//220 179//222
f 181//224 182//225 183//226
f 182//225 181//224 184//227
f 185//228 186//229 187//230
f 186//229 185//228 188//231
f 189//232 190//233 191//234
f 190//233 189//232 192//235
f 193//236 194//237 195//238
f 196//239 195//238 194//237
f 205//240 206//241 207//242
f 206//241 205//240 208//243
f 209//244 210//245 211//246
f 210//245 209//244 212//247
f 213//248 214//249 215//250
f 214//249 213//248 216//251
f 217//252 218//253 219//254
f 220//255 218//253 217//252
f 221//256 222//257 223//258
f 222//257 221//256 224//259
f 225//260 226//261 227//262
f 228//263 227//262 226//261
f 237//264 238//265 239//266
f 238//265 237//264 240//267
f 241//268 242//269 243//270
f 242//269 241//268 244//271
f 249//272 250//273 251//274
f 250//273 249//272 252//275
f 257//276 258//277 259//278
f 258//277 257//276 260//279
f 261//280 262//281 263//282
f 262//281 261//280 264//283
f 265//284 266//285 267//286
f 266//285 265//284 268//287
f 269//288 270//289 271//290
f 270//289 269//288 272//291
f 273//292 274//293 275//294
f 273//292 276//295 274//293
f 281//296 282//297 283//298
f 282//297 281//296 284//299
f 289//300 290//301 291//302
f 290//301 289//300 292//303
f 293//304 294//305 295//306
f 294//305 293//304 296//307
f 297//308 298//309 299//308
f 298//309 297//308 300//310
f 301//311 302//312 303//313
f 303//313 304//314 301//311
f 305//315 306//316 307//317
f 305//315 307//317 308//318
f 309//319 310//319 311//320
f 312//321 310//319 309//319
f 313//322 314//323 315//324
f 316//325 314//323 313//322
f 317//326 318//327 319//328
f 320//329 318//327 317//326
f 321//330 322//331 323//332
f 324//333 322//331 321//330
f 325//334 326//335 327//336
f 328//337 325//334 327//336
f 329//338 330//339 331//340
f 332//341 329//338 331//340
f 333//342 334//343 335//344
f 336//345 333//342 335//344
f 337//346 338//347 339//346
f 340//348 337//346 339//346
f 341//349 342//350 343//351
f 343//351 344//352 341//349
f 345//353 346//354 347//355
f 345//353 348//356 346//354
f 349//357 350//358 351//359
f 349//357 351//359 352//360
f 353//361 354//362 355//361
f 353//361 355//361 356//363
f 357//364 358//364 359//365
f 358//364 357//364 360//366
f 361//367 362//368 363//369
f 362//368 361//367 364//370
f 365//371 366//372 367//373
f 366//372 365//371 368//374
f 369//375 370//375 371//376
f 370//375 369//375 372//377
f 373//378 374//379 375//380
f 376//381 375//380 374//379
f 377//382 378//383 379//384
f 378//383 377//382 380//385
f 381//386 382//387 383//388
f 382//387 381//386 384//388
f 385//389 386//390 387//391
f 386//390 385//389 388//392
f 397//393 398//394 399//395
f 398//394 397//393 400//396
f 401//397 402//398 403//399
f 402//398 401//397 404//400
f 405//401 406//401 407//401
f 409//402 410//403 411//404
f 410//403 409//402 412//405
f 419//406 420//407 421//408
f 421//408 422//409 419//406
f 423//410 424//411 425//412
f 424//411 423//410 426//413
f 427//414 428//415 429//416
f 429//416 430//417 427//414
f 431//418 432//419 433//420
f 433//420 434//421 431//418
f 435//422 436//422 437//423
f 436//422 435//422 438//424
f 439//425 440//425 441//426
f 440//425 439//425 442//427
f 443//428 444//429 445//428
f 444//429 443//428 446//429
f 447//430 448//431 449//432
f 448//431 447//430 450//433
f 458//434 459//435 460//435
f 459//435 458//434 461//434
f 469//436 470//437 471//438
f 470//437 469//436 472//439
f 477//440 478//441 479//442
f 478//441 477//440 480//443
f 481//444 482//444 483//444
f 482//444 481//444 484//444
f 485//445 486//446 487//447
f 486//446 485//445 488//445
f 489//448 490//449 491//450
f 491//450 492//448 489//448
f 493//451 494//452 495//452
f 495//452 496//453 493//451
f 497//454 498//455 499//456
f 498//455 497//454 500//457
f 501//458 502//459 503//459
f 502//459 501//458 504//460
f 505//461 506//462 507//463
f 506//462 505//461 508//464
f 509//465 510//466 511//467
f 510//466 509//465 512//468
f 513//469 514//470 515//471
f 514//470 513//469 516//472
f 517//473 518//474 519//475
f 520//476 517//473 519//475
f 521//477 522//478 523//479
f 523//479 524//480 521//477
f 525//481 526//482 527//483
f 526//482 525//481 528//484
f 529//485 530//486 531//487
f 530//486 529//485 532//488
f 533//489 534//490 535//491
f 534//490 533//489 536//492
f 537//493 538//494 539//495
f 539//495 540//496 537//493
f 541//497 542//498 543//499
f 543//499 544//500 541//497
f 545//501 546//502 547//503
f 546//502 545//501 548//504
f 549//505 550//506 551//507
f 550//506 549//505 552//508
f 553//509 554//510 555//511
f 554//510 553//509 556//512
f 557//513 558//514 559//515
f 558//514 557//513 560//516
f 564//517 565//518 566//519
f 565//518 564//517 567//520
f 577//521 578//522 579//523
f 577//521 579//523 580//524
f 587//525 588//526 589//527
f 589//527 590//528 587//525
f 591//529 592//530 593//531
f 594//532 592//530 591//529
f 595//533 596//534 597//535
f 598//536 595//533 597//535
f 599//537 600//538 601//539
f 600//538 599//537 602//540
f 603//541 604//542 605//543
f 604//542 603//541 606//544
f 610//545 611//545 612//546
f 611//545 610//545 613//545
f 617//547 618//548 619//549
f 620//550 618//548 617//547
f 621//551 622//552 623//553
f 622//552 621//551 624//554
f 625//555 626//556 627//557
f 626//556 625//555 628//558
f 629//559 630//560 631//561
f 631//561 632//562 629//559
f 633//563 634//564 635//565
f 634//564 633//563 636//566
f 637//567 638//568 639//569
f 638//568 637//567 640//570
f 641//571 642//572 643//573
f 644//574 642//572 641//571
f 645//575 646//576 647//577
f 646//576 645//575 648//578
f 649//579 650//579 651//579
f 661//580 662//581 663//582
f 662//581 661//580 664//583
f 665//584 666//585 667//586
f 666//585 665//584 668//587
f 669//588 670//589 671//590
f 672//591 670//589 669//588
f 673//592 674//593 675//594
f 676//595 674//593 673//592
f 677//596 678//597 679//598
f 678//597 677//596 680//599
f 681//600 682//601 683//602
f 682//601 681//600 684//603
f 685//604 686//605 687//606
f 686//605 685//604 688//607
f 689//608 690//609 691//610
f 689//608 691//610 692//611
f 701//612 702//613 703//614
f 702//613 701//612 704//615
f 705//616 706//617 707//618
f 706//617 705//616 708//619
f 709//620 710//621 711//622
f 710//621 709//620 712//623
f 713//624 714//625 715//626
f 715//626 716//627 713//624
f 717//628 718//629 719//630
f 718//629 717//628 720//631
f 721//632 722//633 723//634
f 721//632 723//634 724//635
f 733//636 734//637 735//638
f 734//637 733//636 736//639
f 737//640 738//641 739//642
f 738//641 737//640 740//643
f 745//644 746//645 747//646
f 746//645 745//644 748//647
f 753//648 754//649 755//650
f 754//649 753//648 756//651
f 757//652 758//653 759//654
f 758//653 757//652 760//655
f 761//656 762//657 763//658
f 762//657 761//656 764//659
f 765//660 766//661 767//662
f 766//661 765//660 768//663
f 769//664 770//665 771//666
f 772//667 771//666 770//665
f 777//668 778//669 779//670
f 778//669 777//668 780//671
f 785//672 786//673 787//674
f 786//673 785//672 788//675
f 789//676 790//677 791//678
f 790//677 789//676 792//679
f 793//680 794//681 795//682
f 794//681 793//680 796//681
f 797//683 798//684 799//685
f 800//686 799//685 798//684
f 801//687 802//688 803//689
f 804//690 803//689 802//688
f 805//691 806//691 807//692
f 806//691 805//691 808//693
f 809//694 810//695 811//696
f 810//695 809//694 812//697
f 813//698 814//699 815//700
f 814//699 813//698 816//701
f 817//702 818//703 819//704
f 818//703 817//702 820//705
f 821//706 822//707 823//708
f 823//708 824//709 821//706
f 825//710 826//710 827//711
f 825//710 828//712 826//710
f 829//713 830//714 831//715
f 829//713 831//715 832//716
f 833//717 834//718 835//717
f 833//717 835//717 836//719
f 837//720 838//721 839//722
f 840//723 837//720 839//722
f 841//724 842//725 843//726
f 844//727 841//724 843//726
f 845//728 846//729 847//730
f 848//731 845//728 847//730
f 849//732 850//733 851//732
f 852//734 849//732 851//732
f 853//735 854//735 855//736
f 856//737 854//735 853//735
f 857//738 858//739 859//740
f 860//741 858//739 857//738
f 861//742 862//743 863//744
f 864//745 862//743 861//742
f 865//746 866//746 867//747
f 868//748 866//746 865//746
f 869//749 870//750 871//751
f 869//749 871//751 872//752
f 873//753 874//754 875//755
f 875//755 876//756 873//753
f 877//757 878//758 879//759
f 878//758 877//757 880//760
f 881//761 882//762 883//763
f 883//763 884//764 881//761
f 885//765 886//765 887//765
f 890//766 889//766 892//766
f 893//767 894//768 895//769
f 894//768 893//767 896//770
f 897//771 898//772 899//773
f 898//772 897//771 900//774
f 902//775 901//775 904//775
f 905//776 906//777 907//777
f 906//777 905//776 908//778
f 915//779 916//779 917//779
f 918//779 915//779 917//779
f 919//780 920//781 921//782
f 920//781 919//780 922//783
f 923//784 924//785 925//786
f 924//785 923//784 926//787
f 927//788 928//789 929//790
f 928//789 927//788 930//791
f 931//792 932//793 933//794
f 932//793 931//792 934//792
f 935//795 936//795 937//795
f 937//795 938//796 935//795
f 939//797 940//798 941//799
f 940//798 939//797 942//800
f 943//801 944//802 945//803
f 945//803 946//804 943//801
f 954//805 955//806 956//807
f 955//806 954//805 957//808
f 965//809 966//810 967//811
f 966//810 965//809 968//812
f 973//813 974//814 975//815
f 974//814 973//813 976//816
f 977//817 978//818 979//818
f 978//818 977//817 980//817
f 981//819 982//820 983//821
f 982//820 981//819 984//821
f 985//822 986//823 987//824
f 986//823 985//822 988//824
f 989//825 990//825 991//825
f 990//825 989//825 992//826
usemtl Eyes
s off
f 1006//827 1005//828 1008//827
f 1189//829 1190//830 1191//830
f 1622//831 1621//831 1624//832
f 1973//833 1974//833 1975//833
f 2005//834 2006//834 2007//835
f 2041//836 2042//836 2043//836
f 2077//837 2078//837 2079//837
f 2145//838 2146//838 2147//838
f 2361//839 2362//840 2363//839
f 2369//841 2370//841 2371//841
f 2621//842 2622//842 2623//842
f 2657//843 2658//843 2659//843
s 1
f 993//844 994//845 995//846
f 996//845 994//845 993//844
f 997//847 998//848 999//847
f 997//847 999//847 1000//849
f 1001//850 1002//851 1003//852
f 1004//853 1002//851 1001//850
f 1005//854 1006//854 1007//854
f 1009//855 1010//855 1011//856
f 1009//855 1012//857 1010//855
f 1013//858 1014//858 1015//859
f 1014//858 1013//858 1016//860
f 1017//861 1018//862 1019//863
f 1018//862 1017//861 1020//864
f 1021//865 1022//865 1023//866
f 1022//865 1021//865 1024//867
f 1025//868 1026//869 1027//870
f 1028//871 1026//869 1025//868
f 1029//872 1030//873 1031//872
f 1032//874 1029//872 1031//872
f 1033//875 1034//875 1035//876
f 1034//875 1033//875 1036//877
f 1037//878 1038//879 1039//880
f 1038//879 1037//878 1040//881
f 1041//882 1042//883 1043//884
f 1042//883 1041//882 1044//885
f 1045//886 1046//886 1047//887
f 1046//886 1045//886 1048//888
f 1049//889 1050//889 1051//890
f 1049//889 1052//889 1050//889
f 1053//891 1054//892 1055//893
f 1053//891 1055//893 1056//894
f 1057//895 1058//895 1059//896
f 1058//895 1057//895 1060//897
f 1061//898 1062//898 1063//899
f 1062//898 1061//898 1064//900
f 1065//901 1066//902 1067//903
f 1068//904 1066//902 1065//901
f 1069//905 1070//906 1071//907
f 1070//906 1069//905 1072//908
f 1073//909 1074//910 1075//911
f 1073//909 1076//912 1074//910
f 1077//913 1078//914 1079//915
f 1078//914 1077//913 1080//916
f 1081//917 1082//917 1083//918
f 1084//919 1082//917 1081//917
f 1085//920 1086//921 1087//922
f 1086//921 1085//920 1088//923
f 1089//924 1090//925 1091//926
f 1090//925 1089//924 1092//927
f 1093//928 1094//928 1095//929
f 1093//928 1096//930 1094//928
f 1097//931 1098//932 1099//933
f 1097//931 1100//934 1098//932
f 1101//935 1102//935 1103//936
f 1104//937 1102//935 1101//935
f 1105//938 1106//939 1107//940
f 1106//939 1105//938 1108//941
f 1109//942 1110//943 1111//944
f 1109//942 1112//945 1110//943
f 1113//946 1114//947 1115//948
f 1114//947 1113//946 1116//949
f 1117//950 1118//951 1119//950
f 1117//950 1119//950 1120//952
f 1121//953 1122//954 1123//955
f 1122//954 1121//953 1124//956
f 1125//957 1126//957 1127//958
f 1126//957 1125//957 1128//959
f 1129//960 1130//961 1131//962
f 1131//962 1132//963 1129//960
f 1133//964 1134//965 1135//966
f 1133//964 1136//967 1134//965
f 1137//968 1138//968 1139//969
f 1138//968 1137//968 1140//970
f 1141//971 1142//972 1143//973
f 1142//972 1141//971 1144//974
f 1145//975 1146//976 1147//977
f 1145//975 1148//978 1146//976
f 1149//979 1150//979 1151//980
f 1150//979 1149//979 1152//981
f 1153//982 1154//983 1155//982
f 1156//984 1153//982 1155//982
f 1157//985 1158//986 1159//986
f 1158//986 1157//985 1160//987
f 1161//988 1162//989 1163//990
f 1161//988 1164//991 1162//989
f 1165//992 1166//993 1167//994
f 1168//995 1165//992 1167//994
f 1169//996 1170//997 1171//998
f 1172//999 1170//997 1169//996
f 1173//1000 1174//1001 1175//1000
f 1173//1000 1176//1001 1174//1001
f 1177//1002 1178//1003 1179//1004
f 1178//1003 1177//1002 1180//1005
f 1181//1006 1182//1007 1183//1008
f 1182//1007 1181//1006 1184//1006
f 1185//1009 1186//1009 1187//1010
f 1185//1009 1188//1011 1186//1009
f 1190//1012 1189//1012 1192//1012
f 1193//1013 1194//1013 1195//1014
f 1194//1013 1193//1013 1196//1015
f 1197//1016 1198//1017 1199//1018
f 1198//1017 1197//1016 1200//1019
f 1201//1020 1202//1020 1203//1021
f 1204//1022 1202//1020 1201//1020
f 1205//1023 1206//1023 1207//1024
f 1206//1023 1205//1023 1208//1025
f 1209//1026 1210//1026 1211//1026
f 1212//1026 1210//1026 1209//1026
f 1213//1027 1214//1027 1215//1027
f 1214//1027 1213//1027 1216//1027
f 1217//1028 1218//1029 1219//1028
f 1218//1029 1217//1028 1220//1030
f 1221//1031 1222//1032 1223//1033
f 1222//1032 1221//1031 1224//1033
f 1225//1034 1226//1034 1227//1035
f 1226//1034 1225//1034 1228//1036
f 1229//1037 1230//1037 1231//1037
f 1229//1037 1232//1038 1230//1037
f 1233//1039 1234//1040 1235//1041
f 1236//1039 1234//1040 1233//1039
f 1237//1042 1238//1043 1239//1042
f 1237//1042 1239//1042 1240//1042
f 1241//1044 1242//1044 1243//1045
f 1242//1044 1241//1044 1244//1046
f 1245//1047 1246//1048 1247//1049
f 1246//1048 1245//1047 1248//1050
f 1249//1051 1250//1052 1251//1053
f 1250//1052 1249//1051 1252//1054
f 1253//1055 1254//1056 1255//1057
f 1256//1058 1253//1055 1255//1057
f 1257//1059 1258//1059 1259//1060
f 1258//1059 1257//1059 1260//1061
f 1261//1062 1262//1062 1263//1063
f 1261//1062 1264//1064 1262//1062
f 1265//1065 1266//1066 1267//1065
f 1265//1065 1267//1065 1268//1067
f 1269//1068 1270//1069 1271//1070
f 1272//1071 1270//1069 1269//1068
f 1273//1072 1274//1072 1275//1073
f 1274//1072 1273//1072 1276//1074
f 1277//1075 1278//1076 1279//1077
f 1277//1075 1280//1078 1278//1076
f 1281//1079 1282//1080 1283//1081
f 1282//1080 1281//1079 1284//1082
f 1285//1083 1286//1083 1287//1084
f 1286//1083 1285//1083 1288//1085
f 1289//1086 1290//1087 1291//1086
f 1289//1086 1291//1086 1292//1088
f 1293//1089 1294//1089 1295//1090
f 1294//1089 1293//1089 1296//1091
f 1297//1092 1298//1092 1299//1093
f 1297//1092 1300//1094 1298//1092
f 1301//1095 1302//1096 1303//1095
f 1301//1095 1303//1095 1304//1097
f 1305//1098 1306//1099 1307//1100
f 1308//1101 1306//1099 1305//1098
f 1309//1102 1310//1103 1311//1104
f 1310//1103 1309//1102 1312//1105
f 1313//1106 1314//1107 1315//1108
f 1313//1106 1315//1108 1316//1109
f 1317//1110 1318//1111 1319//1112
f 1317//1110 1319//1112 1320//1113
f 1321//1114 1322//1115 1323//1116
f 1322//1115 1321//1114 1324//1117
f 1325//1118 1326//1119 1327//1120
f 1325//1118 1328//1121 1326//1119
f 1329//1122 1330//1122 1331//1123
f 1330//1122 1329//1122 1332//1124
f 1333//1125 1334//1125 1335//1126
f 1333//1125 1336//1127 1334//1125
f 1337//1128 1338//1129 1339//1130
f 1338//1129 1337//1128 1340//1131
f 1341//1132 1342//1133 1343//1134
f 1342//1133 1341//1132 1344//1135
f 1345//1136 1346//1137 1347//1138
f 1348//1139 1346//1137 1345//1136
f 1349//1140 1350//1141 1351//1142
f 1349//1140 1352//1143 1350//1141
f 1353//1144 1354//1144 1355//1145
f 1354//1144 1353//1144 1356//1146
f 1357//1147 1358//1148 1359//1149
f 1357//1147 1359//1149 1360//1150
f 1361//1151 1362//1151 1363//1152
f 1362//1151 1361//1151 1364//1153
f 1365//1154 1366//1154 1367//1155
f 1368//1156 1366//1154 1365//1154
f 1369//1157 1370//1157 1371//1158
f 1370//1157 1369//1157 1372//1159
f 1373//1160 1374//1161 1375//1160
f 1373//1160 1375//1160 1376//1162
f 1377//1163 1378//1164 1379//1165
f 1377//1163 1379//1165 1380//1166
f 1381//1167 1382//1168 1383//1168
f 1382//1168 1381//1167 1384//1169
f 1385//1170 1386//1171 1387//1172
f 1386//1171 1385//1170 1388//1173
f 1389//1174 1390//1174 1391//1175
f 1389//1174 1392//1176 1390//1174
f 1393//1177 1394//1178 1395//1178
f 1393//1177 1395//1178 1396//1177
f 1397//1179 1398//1179 1399//1180
f 1398//1179 1397//1179 1400//1179
f 1401//1181 1402//1181 1403//1181
f 1404//1181 1402//1181 1401//1181
f 1405//1182 1406//1182 1407//1183
f 1406//1182 1405//1182 1408//1184
f 1409//1185 1410//1185 1411//1186
f 1410//1185 1409//1185 1412//1187
f 1413//1188 1414//1189 1415//1190
f 1414//1189 1413//1188 1416//1188
f 1417//1191 1418//1192 1419//1193
f 1417//1191 1419//1193 1420//1194
f 1421//1195 1422//1196 1423//1197
f 1422//1196 1421//1195 1424//1198
f 1425//1199 1426//1200 1427//1199
f 1425//1199 1427//1199 1428//1201
f 1429//1202 1430//1203 1431//1204
f 1430//1203 1429//1202 1432//1205
f 1433//1206 1434//1207 1435//1208
f 1434//1207 1433//1206 1436//1209
f 1437//1210 1438//1210 1439//1211
f 1438//1210 1437//1210 1440//1212
f 1441//1213 1442//1213 1443//1214
f 1444//1215 1442//1213 1441//1213
f 1445//1216 1446//1216 1447//1217
f 1446//1216 1445//1216 1448//1218
f 1449//1219 1450//1220 1451//1221
f 1450//1220 1449//1219 1452//1222
f 1453//1223 1454//1224 1455//1225
f 1453//1223 1456//1226 1454//1224
f 1457//1227 1458//1228 1459//1229
f 1458//1228 1457//1227 1460//1230
f 1461//1231 1462//1232 1463//1232
f 1461//1231 1464//1231 1462//1232
f 1465//1233 1466//1233 1467//1233
f 1466//1233 1465//1233 1468//1233
f 1469//1234 1470//1234 1471//1235
f 1470//1234 1469//1234 1472//1236
f 1473//1237 1474//1238 1475//1238
f 1474//1238 1473//1237 1476//1237
f 1477//1239 1478//1240 1479//1241
f 1478//1240 1477//1239 1480//1240
f 1481//1242 1482//1242 1483//1243
f 1481//1242 1484//1244 1482//1242
f 1485//1245 1486//1246 1487//1247
f 1485//1245 1488//1248 1486//1246
f 1489//1249 1490//1250 1491//1249
f 1489//1249 1491//1249 1492//1251
f 1493//1252 1494//1253 1495//1254
f 1494//1253 1493//1252 1496//1255
f 1497//1256 1498//1256 1499//1257
f 1498//1256 1497//1256 1500//1258
f 1501//1259 1502//1260 1503//1261
f 1501//1259 1504//1262 1502//1260
f 1505//1263 1506//1264 1507//1265
f 1506//1264 1505//1263 1508//1266
f 1509//1267 1510//1267 1511//1268
f 1512//1269 1510//1267 1509//1267
f 1513//1270 1514//1271 1515//1272
f 1514//1271 1513//1270 1516//1273
f 1517//1274 1518//1274 1519//1275
f 1517//1274 1520//1276 1518//1274
f 1521//1277 1522//1278 1523//1279
f 1521//1277 1523//1279 1524//1280
f 1525//1281 1526//1281 1527//1282
f 1526//1281 1525//1281 1528//1283
f 1529//1284 1530//1284 1531//1285
f 1530//1284 1529//1284 1532//1286
f 1533//1287 1534//1287 1535//1288
f 1536//1287 1534//1287 1533//1287
f 1537//1289 1538//1290 1539//1291
f 1540//1292 1538//1290 1537//1289
f 1541//1293 1542//1294 1543//1295
f 1542//1294 1541//1293 1544//1296
f 1545//1297 1546//1297 1547//1298
f 1545//1297 1548//1299 1546//1297
f 1549//1300 1550//1301 1551//1302
f 1550//1301 1549//1300 1552//1303
f 1553//1304 1554//1305 1555//1306
f 1554//1305 1553//1304 1556//1307
f 1557//1308 1558//1309 1559//1310
f 1558//1309 1557//1308 1560//1311
f 1561//1312 1562//1312 1563//1313
f 1564//1314 1562//1312 1561//1312
f 1565//1315 1566//1316 1567//1317
f 1566//1316 1565//1315 1568//1318
f 1569//1319 1570//1320 1571//1319
f 1570//1320 1569//1319 1572//1321
f 1573//1322 1574//1323 1575//1324
f 1573//1322 1576//1325 1574//1323
f 1577//1326 1578//1327 1579//1328
f 1578//1327 1577//1326 1580//1329
f 1581//1330 1582//1330 1583//1331
f 1584//1332 1582//1330 1581//1330
f 1585//1333 1586//1333 1587//1334
f 1586//1333 1585//1333 1588//1335
f 1589//1336 1590//1336 1591//1337
f 1590//1336 1589//1336 1592//1338
f 1593//1339 1594//1340 1595//1339
f 1594//1340 1593//1339 1596//1340
f 1597//1341 1598//1342 1599//1341
f 1597//1341 1599//1341 1600//1343
f 1601//1344 1602//1344 1603//1345
f 1602//1344 1601//1344 1604//1346
f 1605//1347 1606//1348 1607//1349
f 1606//1348 1605//1347 1608//1350
f 1609//1351 1610//1352 1611//1352
f 1612//1353 1610//1352 1609//1351
f 1613//1354 1614//1354 1615//1355
f 1614//1354 1613//1354 1616//1356
f 1617//1357 1618//1357 1619//1357
f 1617//1357 1619//1357 1620//1358
f 1621//832 1622//832 1623//832
f 1625//1359 1626//1359 1627//1360
f 1626//1359 1625//1359 1628//1361
f 1629//1362 1630//1362 1631//1362
f 1630//1362 1629//1362 1632//1363
f 1633//1364 1634//1364 1635//1364
f 1636//1365 1634//1364 1633//1364
f 1637//1366 1638//1366 1639//1367
f 1638//1366 1637//1366 1640//1366
f 1641//1368 1642//1368 1643//1368
f 1644//1368 1642//1368 1641//1368
f 1645//1369 1646//1370 1647//1371
f 1648//1371 1645//1369 1647//1371
f 1649//1372 1650//1372 1651//1372
f 1652//1372 1650//1372 1649//1372
f 1653//1373 1654//1373 1655//1374
f 1656//1373 1654//1373 1653//1373
f 1657//1375 1658//1375 1659//1376
f 1658//1375 1657//1375 1660//1377
f 1661//1378 1662//1379 1663//1380
f 1662//1379 1661//1378 1664//1380
f 1665//1381 1666//1381 1667//1381
f 1666//1381 1665//1381 1668//1381
f 1669//1382 1670//1383 1671//1382
f 1669//1382 1671//1382 1672//1384
f 1673//1385 1674//1385 1675//1386
f 1674//1385 1673//1385 1676//1387
f 1677//1388 1678//1388 1679//1389
f 1680//1390 1678//1388 1677//1388
f 1681//1391 1682//1392 1683//1393
f 1682//1392 1681//1391 1684//1394
f 1685//1395 1686//1396 1687//1397
f 1686//1396 1685//1395 1688//1398
f 1689//1399 1690//1399 1691//1400
f 1689//1399 1692//1401 1690//1399
f 1693//1402 1694//1402 1695//1403
f 1694//1402 1693//1402 1696//1404
f 1697//1405 1698//1405 1699//1406
f 1698//1405 1697//1405 1700//1407
f 1701//1408 1702//1408 1703//1408
f 1702//1408 1701//1408 1704//1409
f 1705//1410 1706//1410 1707//1410
f 1705//1410 1707//1410 1708//1411
f 1709//1412 1710//1413 1711//1414
f 1710//1413 1709//1412 1712//1415
f 1713//1416 1714//1417 1715//1418
f 1714//1417 1713//1416 1716//1419
f 1717//1420 1718//1421 1719//1422
f 1717//1420 1720//1423 1718//1421
f 1721//1424 1722//1425 1723//1424
f 1724//1426 1721//1424 1723//1424
f 1725//1427 1726//1427 1727//1428
f 1726//1427 1725//1427 1728//1429
f 1729//1430 1730//1431 1731//1432
f 1729//1430 1732//1433 1730//1431
f 1733//1434 1734//1434 1735//1435
f 1734//1434 1733//1434 1736//1436
f 1737//1437 1738//1438 1739//1439
f 1738//1438 1737//1437 1740//1438
f 1741//1440 1742//1441 1743//1442
f 1742//1441 1741//1440 1744//1440
f 1745//1443 1746//1443 1747//1444
f 1746//1443 1745//1443 1748//1445
f 1749//1446 1750//1447 1751//1448
f 1749//1446 1751//1448 1752//1449
f 1753//1450 1754//1451 1755//1452
f 1753//1450 1756//1453 1754//1451
f 1757//1454 1758//1455 1759//1456
f 1759//1456 1760//1457 1757//1454
f 1761//1458 1762//1459 1763//1460
f 1762//1459 1761//1458 1764//1461
f 1765//1462 1766//1463 1767//1464
f 1768//1465 1766//1463 1765//1462
f 1769//1466 1770//1466 1771//1467
f 1771//1467 1772//1468 1769//1466
f 1773//1469 1774//1469 1775//1470
f 1773//1469 1776//1471 1774//1469
f 1777//1472 1778//1472 1779//1473
f 1777//1472 1780//1474 1778//1472
f 1781//1475 1782//1475 1783//1475
f 1782//1475 1781//1475 1784//1476
f 1785//1477 1786//1478 1787//1479
f 1785//1477 1787//1479 1788//1480
f 1789//1481 1790//1481 1791//1482
f 1790//1481 1789//1481 1792//1483
f 1793//1484 1794//1485 1795//1486
f 1793//1484 1795//1486 1796//1487
f 1797//1488 1798//1488 1799//1489
f 1798//1488 1797//1488 1800//1490
f 1801//1491 1802//1491 1803//1491
f 1802//1491 1801//1491 1804//1492
f 1805//1493 1806//1493 1807//1493
f 1805//1493 1808//1493 1806//1493
f 1809//1494 1810//1495 1811//1496
f 1810//1495 1809//1494 1812//1497
f 1813//1498 1814//1499 1815//1500
f 1813//1498 1816//1501 1814//1499
f 1817//1502 1818//1503 1819//1504
f 1817//1502 1819//1504 1820//1505
f 1821//1506 1822//1507 1823//1508
f 1821//1506 1824//1509 1822//1507
f 1825//1510 1826//1511 1827//1510
f 1825//1510 1827//1510 1828//1510
f 1829//1512 1830//1513 1831//1514
f 1830//1513 1829//1512 1832//1512
f 1833//1515 1834//1516 1835//1516
f 1834//1516 1833//1515 1836//1517
f 1837//1518 1838//1519 1839//1519
f 1838//1519 1837//1518 1840//1520
f 1841//1521 1842//1522 1843//1521
f 1841//1521 1843//1521 1844//1521
f 1845//1523 1846//1524 1847//1525
f 1848//1526 1846//1524 1845//1523
f 1849//1527 1850//1528 1851//1529
f 1850//1528 1849//1527 1852//1530
f 1853//1531 1854//1532 1855//1533
f 1854//1532 1853//1531 1856//1534
f 1857//1535 1858//1536 1859//1537
f 1860//1538 1858//1536 1857//1535
f 1861//1539 1862//1540 1863//1541
f 1862//1540 1861//1539 1864//1542
f 1865//1543 1866//1543 1867//1544
f 1866//1543 1865//1543 1868//1545
f 1869//1546 1870//1547 1871//1548
f 1872//1549 1870//1547 1869//1546
f 1873//1550 1874//1551 1875//1552
f 1874//1551 1873//1550 1876//1553
f 1877//1554 1878//1555 1879//1554
f 1880//1556 1878//1555 1877//1554
f 1881//1557 1882//1558 1883//1559
f 1882//1558 1881//1557 1884//1560
f 1885//1561 1886//1562 1887//1563
f 1886//1562 1885//1561 1888//1564
f 1889//1565 1890//1565 1891//1566
f 1892//1567 1890//1565 1889//1565
f 1893//1568 1894//1569 1895//1570
f 1894//1569 1893//1568 1896//1571
f 1897//1572 1898//1573 1899//1574
f 1898//1573 1897//1572 1900//1575
f 1901//1576 1902//1577 1903//1578
f 1902//1577 1901//1576 1904//1579
f 1905//1580 1906//1581 1907//1582
f 1906//1581 1905//1580 1908//1583
f 1909//1584 1910//1585 1911//1586
f 1910//1585 1909//1584 1912//1587
f 1913//1588 1914//1589 1915//1588
f 1913//1588 1915//1588 1916//1590
f 1917//1591 1918//1592 1919//1593
f 1918//1592 1917//1591 1920//1594
f 1921//1595 1922//1595 1923//1596
f 1922//1595 1921//1595 1924//1595
f 1925//1597 1926//1598 1927//1599
f 1925//1597 1928//1600 1926//1598
f 1929//1601 1930//1602 1931//1603
f 1932//1602 1930//1602 1929//1601
f 1933//1604 1934//1605 1935//1606
f 1934//1605 1933//1604 1936//1607
f 1937//1608 1938//1609 1939//1610
f 1938//1609 1937//1608 1940//1609
f 1941//1611 1942//1612 1943//1613
f 1942//1612 1941//1611 1944//1614
f 1945//1615 1946//1616 1947//1617
f 1946//1616 1945//1615 1948//1618
f 1949//1619 1950//1620 1951//1621
f 1952//1622 1950//1620 1949//1619
f 1953//1623 1954//1624 1955//1625
f 1953//1623 1956//1625 1954//1624
f 1957//1626 1958//1627 1959//1628
f 1960//1628 1957//1626 1959//1628
f 1961//1629 1962//1629 1963//1630
f 1964//1631 1962//1629 1961//1629
f 1965//1632 1966//1633 1967//1632
f 1968//1632 1965//1632 1967//1632
f 1969//1634 1970//1634 1971//1635
f 1970//1634 1969//1634 1972//1636
f 1974//1637 1973//1637 1976//1637
f 1977//1638 1978//1638 1979//1638
f 1978//1638 1977//1638 1980//1638
f 1981//1639 1982//1639 1983//1639
f 1982//1639 1981//1639 1984//1639
f 1985//1640 1986//1641 1987//1641
f 1985//1640 1988//1641 1986//1641
f 1989//1642 1990//1643 1991//1644
f 1990//1643 1989//1642 1992//1645
f 1993//1646 1994//1646 1995//1646
f 1995//1646 1996//1646 1993//1646
f 1997//1647 1998//1647 1999//1648
f 1998//1647 1997//1647 2000//1649
f 2001//1650 2002//1650 2003//1651
f 2002//1650 2001//1650 2004//1652
f 2006//1653 2005//1653 2008//1653
f 2009//1654 2010//1654 2011//1655
f 2012//1655 2010//1654 2009//1654
f 2013//1656 2014//1656 2015//1657
f 2014//1656 2013//1656 2016//1658
f 2017//1659 2018//1659 2019//1660
f 2020//1661 2018//1659 2017//1659
f 2021//1662 2022//1663 2023//1664
f 2022//1663 2021//1662 2024//1665
f 2025//1666 2026//1666 2027//1666
f 2026//1666 2025//1666 2028//1667
f 2029//1668 2030//1669 2031//1668
f 2031//1668 2032//1668 2029//1668
f 2033//1670 2034//1670 2035//1671
f 2033//1670 2035//1671 2036//1670
f 2037//1672 2038//1672 2039//1673
f 2037//1672 2040//1674 2038//1672
f 2042//1675 2041//1675 2044//1675
f 2045//1676 2046//1677 2047//1678
f 2046//1677 2045//1676 2048//1679
f 2049//1680 2050//1680 2051//1680
f 2052//1680 2050//1680 2049//1680
f 2053//1681 2054//1681 2055//1681
f 2054//1681 2053//1681 2056//1681
f 2057//1682 2058//1682 2059//1683
f 2057//1682 2059//1683 2060//1684
f 2061//1685 2062//1685 2063//1685
f 2062//1685 2061//1685 2064//1685
f 2065//1686 2066//1686 2067//1686
f 2065//1686 2067//1686 2068//1687
f 2069//1688 2070//1689 2071//1689
f 2069//1688 2072//1688 2070//1689
f 2073//1690 2074//1690 2075//1691
f 2076//1690 2074//1690 2073//1690
f 2078//1692 2077//1692 2080//1692
f 2081//1693 2082//1693 2083//1694
f 2082//1693 2081//1693 2084//1694
f 2085//1695 2086//1695 2087//1695
f 2088//1695 2086//1695 2085//1695
f 2089//1696 2090//1696 2091//1696
f 2090//1696 2089//1696 2092//1697
f 2093//1698 2094//1699 2095//1699
f 2093//1698 2095//1699 2096//1699
f 2097//1700 2098//1701 2099//1702
f 2098//1701 2097//1700 2100//1703
f 2101//1704 2102//1704 2103//1704
f 2102//1704 2101//1704 2104//1704
f 2105//1705 2106//1705 2107//1705
f 2108//1705 2106//1705 2105//1705
f 2109//1706 2110//1707 2111//1706
f 2109//1706 2111//1706 2112//1708
f 2113//1709 2114//1709 2115//1710
f 2114//1709 2113//1709 2116//1711
f 2117//1712 2118//1712 2119//1713
f 2118//1712 2117//1712 2120//1714
f 2121//1715 2122//1715 2123//1716
f 2124//1715 2122//1715 2121//1715
f 2125//1717 2126//1717 2127//1718
f 2125//1717 2128//1719 2126//1717
f 2129//1720 2130//1721 2131//1722
f 2132//1723 2130//1721 2129//1720
f 2133//1724 2134//1724 2135//1725
f 2134//1724 2133//1724 2136//1726
f 2137//1727 2138//1727 2139//1728
f 2140//1729 2138//1727 2137//1727
f 2141//1730 2142//1730 2143//1730
f 2142//1730 2141//1730 2144//1731
f 2146//1732 2145//1732 2148//1732
f 2149//1733 2150//1733 2151//1734
f 2149//1733 2152//1735 2150//1733
f 2153//1736 2154//1737 2155//1738
f 2154//1737 2153//1736 2156//1739
f 2157//1740 2158//1741 2159//1740
f 2157//1740 2159//1740 2160//1742
f 2161//1743 2162//1744 2163//1745
f 2162//1744 2161//1743 2164//1746
f 2165//1747 2166//1747 2167//1748
f 2166//1747 2165//1747 2168//1749
f 2169//1750 2170//1751 2171//1751
f 2170//1751 2169//1750 2172//1751
f 2173//1752 2174//1753 2175//1754
f 2173//1752 2175//1754 2176//1755
f 2177//1756 2178//1756 2179//1756
f 2178//1756 2177//1756 2180//1756
f 2181//1757 2182//1757 2183//1757
f 2182//1757 2181//1757 2184//1758
f 2185//1759 2186//1760 2187//1759
f 2186//1760 2185//1759 2188//1761
f 2189//1762 2190//1762 2191//1762
f 2189//1762 2192//1763 2190//1762
f 2193//1764 2194//1764 2195//1765
f 2196//1766 2194//1764 2193//1764
f 2197//1767 2198//1768 2199//1769
f 2197//1767 2199//1769 2200//1770
f 2201//1771 2202//1772 2203//1773
f 2202//1772 2201//1771 2204//1774
f 2205//1775 2206//1775 2207//1776
f 2206//1775 2205//1775 2208//1775
f 2209//1777 2210//1777 2211//1777
f 2210//1777 2209//1777 2212//1777
f 2213//1778 2214//1778 2215//1778
f 2216//1778 2214//1778 2213//1778
f 2217//1779 2218//1779 2219//1779
f 2217//1779 2220//1779 2218//1779
f 2221//1780 2222//1780 2223//1781
f 2222//1780 2221//1780 2224//1781
f 2225//1782 2226//1782 2227//1782
f 2225//1782 2228//1783 2226//1782
f 2229//1784 2230//1784 2231//1784
f 2230//1784 2229//1784 2232//1784
f 2233//1785 2234//1786 2235//1786
f 2233//1785 2235//1786 2236//1786
f 2237//1787 2238//1788 2239//1789
f 2240//1789 2238//1788 2237//1787
f 2241//1790 2242//1790 2243//1790
f 2242//1790 2241//1790 2244//1790
f 2245//1791 2246//1791 2247//1792
f 2246//1791 2245//1791 2248//1791
f 2249//1793 2250//1794 2251//1795
f 2252//1795 2250//1794 2249//1793
f 2253//1796 2254//1796 2255//1796
f 2253//1796 2256//1796 2254//1796
f 2257//1797 2258//1797 2259//1798
f 2258//1797 2257//1797 2260//1799
f 2261//1800 2262//1800 2263//1801
f 2261//1800 2264//1802 2262//1800
f 2265//1803 2266//1803 2267//1803
f 2266//1803 2265//1803 2268//1803
f 2269//1804 2270//1804 2271//1805
f 2269//1804 2271//1805 2272//1804
f 2273//1806 2274//1807 2275//1808
f 2276//1808 2274//1807 2273//1806
f 2277//1809 2278//1809 2279//1810
f 2278//1809 2277//1809 2280//1809
f 2281//1811 2282//1811 2283//1811
f 2284//1811 2282//1811 2281//1811
f 2285//1812 2286//1813 2287//1814
f 2288//1815 2286//1813 2285//1812
f 2289//1816 2290//1816 2291//1816
f 2289//1816 2292//1816 2290//1816
f 2293//1817 2294//1817 2295//1818
f 2294//1817 2293//1817 2296//1819
f 2297//1820 2298//1820 2299//1821
f 2298//1820 2297//1820 2300//1820
f 2301//1822 2302//1822 2303//1822
f 2301//1822 2303//1822 2304//1822
f 2305//1044 2306//1044 2307//1823
f 2306//1044 2305//1044 2308//1044
f 2309//1824 2310//1825 2311//1824
f 2312//1826 2310//1825 2309//1824
f 2313//1827 2314//1828 2315//1828
f 2313//1827 2316//1828 2314//1828
f 2317//1829 2318//1829 2319//1830
f 2318//1829 2317//1829 2320//1831
f 2321//1832 2322//1833 2323//1834
f 2322//1833 2321//1832 2324//1835
f 2325//1836 2326//1836 2327//1837
f 2326//1836 2325//1836 2328//1836
f 2329//1838 2330//1839 2331//1838
f 2329//1838 2331//1838 2332//1840
f 2333//1841 2334//1841 2335//1842
f 2336//1843 2334//1841 2333//1841
f 2337//1844 2338//1844 2339//1845
f 2338//1844 2337//1844 2340//1846
f 2341//1847 2342//1848 2343//1848
f 2341//1847 2344//1848 2342//1848
f 2345//1849 2346//1850 2347//1851
f 2346//1850 2345//1849 2348//1852
f 2349//1853 2350//1854 2351//1854
f 2349//1853 2352//1854 2350//1854
f 2353//1855 2354//1855 2355//1855
f 2353//1855 2356//1856 2354//1855
f 2357//1857 2358//1857 2359//1858
f 2358//1857 2357//1857 2360//1859
f 2362//1860 2361//839 2364//1860
f 2365//1861 2366//1861 2367//1861
f 2365//1861 2367//1861 2368//1862
f 2370//1237 2369//1237 2372//1237
f 2373//1863 2374//1863 2375//1863
f 2373//1863 2376//1863 2374//1863
f 2377//1864 2378//1864 2379//1865
f 2378//1864 2377//1864 2380//1864
f 2381//1866 2382//1866 2383//1866
f 2382//1866 2381//1866 2384//1867
f 2385//1868 2386//1868 2387//1868
f 2386//1868 2385//1868 2388//1868
f 2389//1869 2390//1869 2391//1869
f 2389//1869 2392//1869 2390//1869
f 2393//1870 2394//1871 2395//1870
f 2394//1871 2393//1870 2396//1870
f 2397//1872 2398//1872 2399//1872
f 2397//1872 2399//1872 2400//1872
f 2401//1873 2402//1874 2403//1873
f 2402//1874 2401//1873 2404//1875
f 2405//1876 2406//1877 2407//1878
f 2406//1877 2405//1876 2408//1879
f 2409//1880 2410//1880 2411//1880
f 2409//1880 2412//1880 2410//1880
f 2413//1881 2414//1881 2415//1882
f 2414//1881 2413//1881 2416//1881
f 2417//1883 2418//1883 2419//1884
f 2418//1883 2417//1883 2420//1884
f 2421//1885 2422//1885 2423//1885
f 2422//1885 2421//1885 2424//1885
f 2425//1886 2426//1886 2427//1886
f 2425//1886 2428//1886 2426//1886
f 2429//1887 2430//1888 2431//1888
f 2430//1888 2429//1887 2432//1888
f 2433//1889 2434//1890 2435//1890
f 2434//1890 2433//1889 2436//1891
f 2437//1892 2438//1892 2439//1893
f 2438//1892 2437//1892 2440//1893
f 2441//1894 2442//1894 2443//1894
f 2444//1895 2442//1894 2441//1894
f 2445//1896 2446//1896 2447//1897
f 2445//1896 2448//1897 2446//1896
f 2449//1898 2450//1899 2451//1899
f 2449//1898 2452//1899 2450//1899
f 2453//1900 2454//1900 2455//1901
f 2454//1900 2453//1900 2456//1900
f 2457//1902 2458//1902 2459//1902
f 2457//1902 2460//1902 2458//1902
f 2461//1903 2462//1904 2463//1903
f 2462//1904 2461//1903 2464//1905
f 2465//1906 2466//1906 2467//1907
f 2466//1906 2465//1906 2468//1908
f 2469//1909 2470//1909 2471//1910
f 2470//1909 2469//1909 2472//1911
f 2473//1912 2474//1913 2475//1912
f 2473//1912 2475//1912 2476//1914
f 2477//1915 2478//1915 2479//1915
f 2480//1916 2478//1915 2477//1915
f 2481//1917 2482//1917 2483//1918
f 2482//1917 2481//1917 2484//1919
f 2485//1920 2486//1920 2487//1920
f 2485//1920 2488//1920 2486//1920
f 2489//1921 2490//1922 2491//1923
f 2490//1922 2489//1921 2492//1924
f 2493//1925 2494//1926 2495//1927
f 2493//1925 2496//1928 2494//1926
f 2497//1929 2498//1929 2499//1929
f 2500//1930 2497//1929 2499//1929
f 2501//1931 2502//1932 2503//1933
f 2502//1932 2501//1931 2504//1932
f 2505//1934 2506//1935 2507//1936
f 2506//1935 2505//1934 2508//1937
f 2509//1938 2510//1939 2511//1938
f 2509//1938 2511//1938 2512//1940
f 2513//1941 2514//1941 2515//1942
f 2514//1941 2513//1941 2516//1943
f 2517//1944 2518//1944 2519//1945
f 2517//1944 2520//1944 2518//1944
f 2521//1946 2522//1946 2523//1947
f 2522//1946 2521//1946 2524//1947
f 2525//1948 2526//1948 2527//1948
f 2526//1948 2525//1948 2528//1948
f 2529//1949 2530//1950 2531//1951
f 2529//1949 2531//1951 2532//1950
f 2533//1952 2534//1953 2535//1952
f 2534//1953 2533//1952 2536//1954
f 2537//1955 2538//1956 2539//1955
f 2538//1956 2537//1955 2540//1957
f 2541//1958 2542//1959 2543//1960
f 2542//1959 2541//1958 2544//1961
f 2545//1962 2546//1962 2547//1963
f 2548//1964 2546//1962 2545//1962
f 2549//1965 2550//1965 2551//1966
f 2550//1965 2549//1965 2552//1967
f 2553//1383 2554//1383 2555//1383
f 2553//1383 2555//1383 2556//1383
f 2557//1387 2558//1387 2559//1968
f 2558//1387 2557//1387 2560//1387
f 2561//1969 2562//1969 2563//1381
f 2562//1969 2561//1969 2564//1969
f 2565//1970 2566//1971 2567//1972
f 2566//1971 2565//1970 2568//1972
f 2569//1973 2570//1974 2571//1974
f 2570//1974 2569//1973 2572//1974
f 2573//1975 2574//1975 2575//1976
f 2574//1975 2573//1975 2576//1976
f 2577//1977 2578//1977 2579//1978
f 2578//1977 2577//1977 2580//1979
f 2581//1357 2582//1357 2583//1980
f 2581//1357 2584//1980 2582//1357
f 2585//1981 2586//1981 2587//1982
f 2586//1981 2585//1981 2588//1983
f 2589//1364 2590//1364 2591//1364
f 2592//1364 2590//1364 2589//1364
f 2593//1984 2594//1984 2595//1985
f 2594//1984 2593//1984 2596//1985
f 2597//1986 2598//1987 2599//1363
f 2598//1987 2597//1986 2600//1986
f 2601//1988 2602//1989 2603//1989
f 2601//1988 2603//1989 2604//1989
f 2605//1990 2606//1991 2607//1990
f 2607//1990 2608//1990 2605//1990
f 2609//1992 2610//1992 2611//1993
f 2609//1992 2611//1993 2612//1992
f 2613//1994 2614//1994 2615//1995
f 2614//1994 2613//1994 2616//1996
f 2617//1997 2618//1997 2619//1998
f 2620//1999 2618//1997 2617//1997
f 2622//2000 2621//2000 2624//2000
f 2625//2001 2626//2002 2627//2001
f 2625//2001 2627//2001 2628//2001
f 2629//2003 2630//2003 2631//2003
f 2630//2003 2629//2003 2632//2004
f 2633//2005 2634//2005 2635//2005
f 2634//2005 2633//2005 2636//2006
f 2637//2007 2638//2008 2639//2007
f 2640//2007 2638//2008 2637//2007
f 2641//2009 2642//2009 2643//2009
f 2643//2009 2644//2010 2641//2009
f 2645//2011 2646//2012 2647//2011
f 2646//2012 2645//2011 2648//2011
f 2649//2013 2650//2013 2651//2014
f 2650//2013 2649//2013 2652//2015
f 2653//2016 2654//2016 2655//2017
f 2653//2016 2656//2018 2654//2016
f 2658//2019 2657//2019 2660//2019
f 2661//2020 2662//2020 2663//2021
f 2664//2021 2662//2020 2661//2020
f 2665//2022 2666//2022 2667//2022
f 2666//2022 2665//2022 2668//2022
f 2669//2023 2670//2023 2671//2024
f 2670//2023 2669//2023 2672//2024
f 2673//2025 2674//2025 2675//2025
f 2676//2026 2674//2025 2673//2025
f 2677//2027 2678//2027 2679//2027
f 2678//2027 2677//2027 2680//2027
f 2681//2028 2682//2028 2683//2028
f 2684//2029 2682//2028 2681//2028
f 2685//2030 2686//2030 2687//2030
f 2685//2030 2688//2030 2686//2030
f 2689//2031 2690//2031 2691//2031
f 2690//2031 2689//2031 2692//2031
f 2693//2032 2694//2032 2695//2032
f 2694//2032 2693//2032 2696//2032
f 2697//2033 2698//2034 2699//2033
f 2700//2033 2698//2034 2697//2033
f 2701//2035 2702//2035 2703//2036
f 2702//2035 2701//2035 2704//2035
f 2705//2037 2706//2038 2707//2038
f 2706//2038 2705//2037 2708//2038
f 2709//1369 2710//1369 2711//1369
f 2712//1369 2709//1369 2711//1369
f 2713//2039 2714//1372 2715//2039
f 2716//1372 2714//1372 2713//2039
f 2717//2040 2718//2040 2719//2040
f 2720//2040 2718//2040 2717//2040
f 2721//2041 2722//2042 2723//2041
f 2722//2042 2721//2041 2724//2041
f 2725//2043 2726//2044 2727//2045
f 2726//2044 2725//2043 2728//2046
f 2729//2047 2730//2047 2731//2048
f 2732//2049 2730//2047 2729//2047
f 2733//2050 2734//2051 2735//2052
f 2733//2050 2736//2050 2734//2051
f 2737//2053 2738//2054 2739//2055
f 2737//2053 2740//2056 2738//2054
f 2741//2057 2742//2057 2743//2058
f 2742//2057 2741//2057 2744//2059
f 2745//2060 2746//2060 2747//2060
f 2746//2060 2745//2060 2748//2061
f 2749//2062 2750//2063 2751//2063
f 2749//2062 2752//2063 2750//2063
f 2753//2064 2754//2064 2755//2065
f 2753//2064 2756//2064 2754//2064
f 2757//2066 2758//2066 2759//2067
f 2758//2066 2757//2066 2760//2067
f 2761//1491 2762//1491 2763//1491
f 2762//1491 2761//1491 2764//1492
f 2765//2068 2766//2068 2767//2068
f 2765//2068 2768//2068 2766//2068
f 2769//2069 2770//2069 2771//2070
f 2769//2069 2772//2070 2770//2069
f 2773//1483 2774//1483 2775//1483
f 2774//1483 2773//1483 2776//1483
f 2777//2071 2778//2071 2779//2071
f 2777//2071 2780//2071 2778//2071
f 2781//2072 2782//2073 2783//2074
f 2781//2072 2784//2075 2782//2073
f 2785//2076 2786//2076 2787//2077
f 2785//2076 2788//2078 2786//2076
f 2789//2079 2790//2080 2791//2081
f 2790//2080 2789//2079 2792//2082
f 2793//2083 2794//2084 2795//2085
f 2794//2084 2793//2083 2796//2086
f 2797//2087 2798//2088 2799//2089
f 2798//2088 2797//2087 2800//2090
f 2801//2091 2802//2092 2803//2091
f 2804//2092 2802//2092 2801//2091
f 2805//2093 2806//2093 2807//2094
f 2806//2093 2805//2093 2808//2093
f 2809//2095 2810//2095 2811//2096
f 2812//2095 2809//2095 2811//2096
f 2813//2097 2814//2097 2815//2097
f 2814//2097 2813//2097 2816//2097
f 2817//2098 2818//2098 2819//2098
f 2818//2098 2817//2098 2820//2098
f 2821//2099 2822//2099 2823//2100
f 2821//2099 2823//2100 2824//2099
f 2825//2101 2826//2102 2827//2101
f 2826//2102 2825//2101 2828//2102
f 2829//2103 2830//2103 2831//2103
f 2830//2103 2829//2103 2832//2103
f 2833//2104 2834//2105 2835//2106
f 2833//2104 2835//2106 2836//2105
f 2837//2107 2838//2107 2839//2107
f 2837//2107 2839//2107 2840//2107
f 2841//2108 2842//2109 2843//2110
f 2842//2109 2841//2108 2844//2111
f 2845//2112 2846//2113 2847//2114
f 2846//2113 2845//2112 2848//2115
f 2849//2116 2850//2117 2851//2118
f 2849//2116 2851//2118 2852//2119
f 2853//2120 2854//2121 2855//2122
f 2854//2121 2853//2120 2856//2123
f 2857//2124 2858//2124 2859//2125
f 2858//2124 2857//2124 2860//2124
f 2861//2126 2862//2126 2863//2127
f 2864//2126 2862//2126 2861//2126
f 2865//2128 2866//2128 2867//2128
f 2866//2128 2865//2128 2868//2128
f 2869//2129 2870//2130 2871//2131
f 2870//2130 2869//2129 2872//2130
f 2873//2132 2874//2133 2875//2132
f 2873//2132 2875//2132 2876//2132
f 2877//2134 2878//2134 2879//2135
f 2878//2134 2877//2134 2880//2136
f 2881//2137 2882//2137 2883//2137
f 2882//2137 2881//2137 2884//2137
f 2885//2138 2886//2138 2887//2139
f 2885//2138 2888//2139 2886//2138
f 2889//2140 2890//2141 2891//2142
f 2890//2141 2889//2140 2892//2143
f 2893//2144 2894//2144 2895//2144
f 2893//2144 2896//2145 2894//2144
f 2897//2146 2898//2147 2899//2148
f 2898//2147 2897//2146 2900//2149
f 2901//2150 2902//2151 2903//2151
f 2902//2151 2901//2150 2904//2150
f 2905//2152 2906//2153 2907//2153
f 2906//2153 2905//2152 2908//2152
f 2909//2154 2910//2154 2911//2154
f 2910//2154 2909//2154 2912//2155
